Gene	Consequencia	Significancia_Clinica	rs_key	UniProt_ID	rsID_dbSNP	Proteina_Mudanca	AlphaMissense_Score	AlphaMissense_Classificacao	ID_UniProt	Nome_Proteina	Organismo	Status	Link_AlphaFold
NDUFS1	missense_variant		1001918656						P28331	NADH-ubiquinone oxidoreductase 75 kDa subunit, mitochondrial	Homo sapiens	Encontrado	https://alphafold.ebi.ac.uk/entry/P28331
NDUFS1	missense_variant	uncertain significance	1008438383	P28331	rs1008438383	D37H	0.995		P28331	NADH-ubiquinone oxidoreductase 75 kDa subunit, mitochondrial	Homo sapiens	Encontrado	https://alphafold.ebi.ac.uk/entry/P28331
NDUFS1	missense_variant	uncertain significance	1008438383	P28331	rs1008438383	D37H	0.0		P28331	NADH-ubiquinone oxidoreductase 75 kDa subunit, mitochondrial	Homo sapiens	Encontrado	https://alphafold.ebi.ac.uk/entry/P28331
NDUFS1	missense_variant		1013685681						P28331	NADH-ubiquinone oxidoreductase 75 kDa subunit, mitochondrial	Homo sapiens	Encontrado	https://alphafold.ebi.ac.uk/entry/P28331
NDUFS1	missense_variant		1018898259						P28331	NADH-ubiquinone oxidoreductase 75 kDa subunit, mitochondrial	Homo sapiens	Encontrado	https://alphafold.ebi.ac.uk/entry/P28331
NDUFS1	missense_variant	uncertain significance	1021309675	P28331	rs1021309675	A594T	0.38		P28331	NADH-ubiquinone oxidoreductase 75 kDa subunit, mitochondrial	Homo sapiens	Encontrado	https://alphafold.ebi.ac.uk/entry/P28331
NDUFS1	missense_variant	uncertain significance	1021309675	P28331	rs1021309675	A594T	0.08		P28331	NADH-ubiquinone oxidoreductase 75 kDa subunit, mitochondrial	Homo sapiens	Encontrado	https://alphafold.ebi.ac.uk/entry/P28331
NDUFS1	missense_variant		1037245692						P28331	NADH-ubiquinone oxidoreductase 75 kDa subunit, mitochondrial	Homo sapiens	Encontrado	https://alphafold.ebi.ac.uk/entry/P28331
NDUFS1	missense_variant		1040792126						P28331	NADH-ubiquinone oxidoreductase 75 kDa subunit, mitochondrial	Homo sapiens	Encontrado	https://alphafold.ebi.ac.uk/entry/P28331
NDUFS1	missense_variant		1044049	P28331	rs1044049	V649F	0.84		P28331	NADH-ubiquinone oxidoreductase 75 kDa subunit, mitochondrial	Homo sapiens	Encontrado	https://alphafold.ebi.ac.uk/entry/P28331
NDUFS1	missense_variant		1044049	P28331	rs1044049	V649F	0.01		P28331	NADH-ubiquinone oxidoreductase 75 kDa subunit, mitochondrial	Homo sapiens	Encontrado	https://alphafold.ebi.ac.uk/entry/P28331
NDUFS1	missense_variant		1046033525						P28331	NADH-ubiquinone oxidoreductase 75 kDa subunit, mitochondrial	Homo sapiens	Encontrado	https://alphafold.ebi.ac.uk/entry/P28331
NDUFS1	missense_variant		1053632775						P28331	NADH-ubiquinone oxidoreductase 75 kDa subunit, mitochondrial	Homo sapiens	Encontrado	https://alphafold.ebi.ac.uk/entry/P28331
NDUFS1	missense_variant	uncertain significance	1127567	P28331	rs1127567	R417G	0.958		P28331	NADH-ubiquinone oxidoreductase 75 kDa subunit, mitochondrial	Homo sapiens	Encontrado	https://alphafold.ebi.ac.uk/entry/P28331
NDUFS1	missense_variant	uncertain significance	1127567	P28331	rs1127567	R417G	0.0		P28331	NADH-ubiquinone oxidoreductase 75 kDa subunit, mitochondrial	Homo sapiens	Encontrado	https://alphafold.ebi.ac.uk/entry/P28331
NDUFS1	missense_variant	uncertain significance	1127600	P28331	rs1127600	I691V	0.006		P28331	NADH-ubiquinone oxidoreductase 75 kDa subunit, mitochondrial	Homo sapiens	Encontrado	https://alphafold.ebi.ac.uk/entry/P28331
NDUFS1	missense_variant	uncertain significance	1127600	P28331	rs1127600	I691V	0.29		P28331	NADH-ubiquinone oxidoreductase 75 kDa subunit, mitochondrial	Homo sapiens	Encontrado	https://alphafold.ebi.ac.uk/entry/P28331
NDUFS1	missense_variant	likely pathogenic	1131692032	P28331	rs1131692032	N221Y	0.887		P28331	NADH-ubiquinone oxidoreductase 75 kDa subunit, mitochondrial	Homo sapiens	Encontrado	https://alphafold.ebi.ac.uk/entry/P28331
NDUFS1	missense_variant	likely pathogenic	1131692032	P28331	rs1131692032	N221Y	0.0		P28331	NADH-ubiquinone oxidoreductase 75 kDa subunit, mitochondrial	Homo sapiens	Encontrado	https://alphafold.ebi.ac.uk/entry/P28331
NDUFS1	missense_variant		1156784556						P28331	NADH-ubiquinone oxidoreductase 75 kDa subunit, mitochondrial	Homo sapiens	Encontrado	https://alphafold.ebi.ac.uk/entry/P28331
NDUFS1	missense_variant		1158410724						P28331	NADH-ubiquinone oxidoreductase 75 kDa subunit, mitochondrial	Homo sapiens	Encontrado	https://alphafold.ebi.ac.uk/entry/P28331
NDUFS1	missense_variant	uncertain significance	1159915783						P28331	NADH-ubiquinone oxidoreductase 75 kDa subunit, mitochondrial	Homo sapiens	Encontrado	https://alphafold.ebi.ac.uk/entry/P28331
NDUFS1	missense_variant		1160012172						P28331	NADH-ubiquinone oxidoreductase 75 kDa subunit, mitochondrial	Homo sapiens	Encontrado	https://alphafold.ebi.ac.uk/entry/P28331
NDUFS1	missense_variant		1168621428						P28331	NADH-ubiquinone oxidoreductase 75 kDa subunit, mitochondrial	Homo sapiens	Encontrado	https://alphafold.ebi.ac.uk/entry/P28331
NDUFS1	missense_variant		1171171977						P28331	NADH-ubiquinone oxidoreductase 75 kDa subunit, mitochondrial	Homo sapiens	Encontrado	https://alphafold.ebi.ac.uk/entry/P28331
NDUFS1	missense_variant		1173254099						P28331	NADH-ubiquinone oxidoreductase 75 kDa subunit, mitochondrial	Homo sapiens	Encontrado	https://alphafold.ebi.ac.uk/entry/P28331
NDUFS1	missense_variant		1174031669						P28331	NADH-ubiquinone oxidoreductase 75 kDa subunit, mitochondrial	Homo sapiens	Encontrado	https://alphafold.ebi.ac.uk/entry/P28331
NDUFS1	missense_variant		1174168343						P28331	NADH-ubiquinone oxidoreductase 75 kDa subunit, mitochondrial	Homo sapiens	Encontrado	https://alphafold.ebi.ac.uk/entry/P28331
NDUFS1	missense_variant	uncertain significance	1181556411	P28331	rs1181556411	R382C	1.0		P28331	NADH-ubiquinone oxidoreductase 75 kDa subunit, mitochondrial	Homo sapiens	Encontrado	https://alphafold.ebi.ac.uk/entry/P28331
NDUFS1	missense_variant	uncertain significance	1181556411	P28331	rs1181556411	R382C	0.0		P28331	NADH-ubiquinone oxidoreductase 75 kDa subunit, mitochondrial	Homo sapiens	Encontrado	https://alphafold.ebi.ac.uk/entry/P28331
NDUFS1	missense_variant	uncertain significance	1181556411	P28331	rs1181556411	R382C	1.0		P28331	NADH-ubiquinone oxidoreductase 75 kDa subunit, mitochondrial	Homo sapiens	Encontrado	https://alphafold.ebi.ac.uk/entry/P28331
NDUFS1	missense_variant	uncertain significance	1181556411	P28331	rs1181556411	R382C	0.0		P28331	NADH-ubiquinone oxidoreductase 75 kDa subunit, mitochondrial	Homo sapiens	Encontrado	https://alphafold.ebi.ac.uk/entry/P28331
NDUFS1	missense_variant	uncertain significance	1182377526	P28331	rs1182377526	G508S	0.003		P28331	NADH-ubiquinone oxidoreductase 75 kDa subunit, mitochondrial	Homo sapiens	Encontrado	https://alphafold.ebi.ac.uk/entry/P28331
NDUFS1	missense_variant	uncertain significance	1182377526	P28331	rs1182377526	G508S	0.57		P28331	NADH-ubiquinone oxidoreductase 75 kDa subunit, mitochondrial	Homo sapiens	Encontrado	https://alphafold.ebi.ac.uk/entry/P28331
NDUFS1	missense_variant		1187268506						P28331	NADH-ubiquinone oxidoreductase 75 kDa subunit, mitochondrial	Homo sapiens	Encontrado	https://alphafold.ebi.ac.uk/entry/P28331
NDUFS1	missense_variant		1188557435						P28331	NADH-ubiquinone oxidoreductase 75 kDa subunit, mitochondrial	Homo sapiens	Encontrado	https://alphafold.ebi.ac.uk/entry/P28331
NDUFS1	missense_variant		1189331631						P28331	NADH-ubiquinone oxidoreductase 75 kDa subunit, mitochondrial	Homo sapiens	Encontrado	https://alphafold.ebi.ac.uk/entry/P28331
NDUFS1	missense_variant		1192096015						P28331	NADH-ubiquinone oxidoreductase 75 kDa subunit, mitochondrial	Homo sapiens	Encontrado	https://alphafold.ebi.ac.uk/entry/P28331
NDUFS1	missense_variant		1192554517	P28331	rs1192554517	M204V	0.063		P28331	NADH-ubiquinone oxidoreductase 75 kDa subunit, mitochondrial	Homo sapiens	Encontrado	https://alphafold.ebi.ac.uk/entry/P28331
NDUFS1	missense_variant		1192554517	P28331	rs1192554517	M204V	0.12		P28331	NADH-ubiquinone oxidoreductase 75 kDa subunit, mitochondrial	Homo sapiens	Encontrado	https://alphafold.ebi.ac.uk/entry/P28331
NDUFS1	missense_variant		1192554517	P28331	rs1192554517	M204V	0.066		P28331	NADH-ubiquinone oxidoreductase 75 kDa subunit, mitochondrial	Homo sapiens	Encontrado	https://alphafold.ebi.ac.uk/entry/P28331
NDUFS1	missense_variant		1192554517	P28331	rs1192554517	M204V	0.03		P28331	NADH-ubiquinone oxidoreductase 75 kDa subunit, mitochondrial	Homo sapiens	Encontrado	https://alphafold.ebi.ac.uk/entry/P28331
NDUFS1	missense_variant		1192805843						P28331	NADH-ubiquinone oxidoreductase 75 kDa subunit, mitochondrial	Homo sapiens	Encontrado	https://alphafold.ebi.ac.uk/entry/P28331
NDUFS1	missense_variant		1194059527						P28331	NADH-ubiquinone oxidoreductase 75 kDa subunit, mitochondrial	Homo sapiens	Encontrado	https://alphafold.ebi.ac.uk/entry/P28331
NDUFS1	missense_variant		1194214650						P28331	NADH-ubiquinone oxidoreductase 75 kDa subunit, mitochondrial	Homo sapiens	Encontrado	https://alphafold.ebi.ac.uk/entry/P28331
NDUFS1	missense_variant		1196387396						P28331	NADH-ubiquinone oxidoreductase 75 kDa subunit, mitochondrial	Homo sapiens	Encontrado	https://alphafold.ebi.ac.uk/entry/P28331
NDUFS1	missense_variant		1199686917						P28331	NADH-ubiquinone oxidoreductase 75 kDa subunit, mitochondrial	Homo sapiens	Encontrado	https://alphafold.ebi.ac.uk/entry/P28331
NDUFS1	missense_variant		1199714811						P28331	NADH-ubiquinone oxidoreductase 75 kDa subunit, mitochondrial	Homo sapiens	Encontrado	https://alphafold.ebi.ac.uk/entry/P28331
NDUFS1	missense_variant		1200200997						P28331	NADH-ubiquinone oxidoreductase 75 kDa subunit, mitochondrial	Homo sapiens	Encontrado	https://alphafold.ebi.ac.uk/entry/P28331
NDUFS1	missense_variant		1204251229						P28331	NADH-ubiquinone oxidoreductase 75 kDa subunit, mitochondrial	Homo sapiens	Encontrado	https://alphafold.ebi.ac.uk/entry/P28331
NDUFS1	missense_variant		1209234412						P28331	NADH-ubiquinone oxidoreductase 75 kDa subunit, mitochondrial	Homo sapiens	Encontrado	https://alphafold.ebi.ac.uk/entry/P28331
NDUFS1	missense_variant		1211672450						P28331	NADH-ubiquinone oxidoreductase 75 kDa subunit, mitochondrial	Homo sapiens	Encontrado	https://alphafold.ebi.ac.uk/entry/P28331
NDUFS1	missense_variant		1212239511						P28331	NADH-ubiquinone oxidoreductase 75 kDa subunit, mitochondrial	Homo sapiens	Encontrado	https://alphafold.ebi.ac.uk/entry/P28331
NDUFS1	missense_variant		1215181595						P28331	NADH-ubiquinone oxidoreductase 75 kDa subunit, mitochondrial	Homo sapiens	Encontrado	https://alphafold.ebi.ac.uk/entry/P28331
NDUFS1	missense_variant		1217059091						P28331	NADH-ubiquinone oxidoreductase 75 kDa subunit, mitochondrial	Homo sapiens	Encontrado	https://alphafold.ebi.ac.uk/entry/P28331
NDUFS1	missense_variant	uncertain significance	1217696826						P28331	NADH-ubiquinone oxidoreductase 75 kDa subunit, mitochondrial	Homo sapiens	Encontrado	https://alphafold.ebi.ac.uk/entry/P28331
NDUFS1	missense_variant		1218632609						P28331	NADH-ubiquinone oxidoreductase 75 kDa subunit, mitochondrial	Homo sapiens	Encontrado	https://alphafold.ebi.ac.uk/entry/P28331
NDUFS1	missense_variant		1221412551						P28331	NADH-ubiquinone oxidoreductase 75 kDa subunit, mitochondrial	Homo sapiens	Encontrado	https://alphafold.ebi.ac.uk/entry/P28331
NDUFS1	missense_variant		1221732605						P28331	NADH-ubiquinone oxidoreductase 75 kDa subunit, mitochondrial	Homo sapiens	Encontrado	https://alphafold.ebi.ac.uk/entry/P28331
NDUFS1	missense_variant		1225120190						P28331	NADH-ubiquinone oxidoreductase 75 kDa subunit, mitochondrial	Homo sapiens	Encontrado	https://alphafold.ebi.ac.uk/entry/P28331
NDUFS1	missense_variant		1227315966						P28331	NADH-ubiquinone oxidoreductase 75 kDa subunit, mitochondrial	Homo sapiens	Encontrado	https://alphafold.ebi.ac.uk/entry/P28331
NDUFS1	missense_variant		1228496080						P28331	NADH-ubiquinone oxidoreductase 75 kDa subunit, mitochondrial	Homo sapiens	Encontrado	https://alphafold.ebi.ac.uk/entry/P28331
NDUFS1	missense_variant	uncertain significance	1231629528	P28331	rs1231629528	L381F	0.044		P28331	NADH-ubiquinone oxidoreductase 75 kDa subunit, mitochondrial	Homo sapiens	Encontrado	https://alphafold.ebi.ac.uk/entry/P28331
NDUFS1	missense_variant	uncertain significance	1231629528	P28331	rs1231629528	L381F	0.25		P28331	NADH-ubiquinone oxidoreductase 75 kDa subunit, mitochondrial	Homo sapiens	Encontrado	https://alphafold.ebi.ac.uk/entry/P28331
NDUFS1	missense_variant		1234341715						P28331	NADH-ubiquinone oxidoreductase 75 kDa subunit, mitochondrial	Homo sapiens	Encontrado	https://alphafold.ebi.ac.uk/entry/P28331
NDUFS1	missense_variant		1235228088						P28331	NADH-ubiquinone oxidoreductase 75 kDa subunit, mitochondrial	Homo sapiens	Encontrado	https://alphafold.ebi.ac.uk/entry/P28331
NDUFS1	missense_variant		1238762818						P28331	NADH-ubiquinone oxidoreductase 75 kDa subunit, mitochondrial	Homo sapiens	Encontrado	https://alphafold.ebi.ac.uk/entry/P28331
NDUFS1	missense_variant		1239466091						P28331	NADH-ubiquinone oxidoreductase 75 kDa subunit, mitochondrial	Homo sapiens	Encontrado	https://alphafold.ebi.ac.uk/entry/P28331
NDUFS1	missense_variant		1239575228						P28331	NADH-ubiquinone oxidoreductase 75 kDa subunit, mitochondrial	Homo sapiens	Encontrado	https://alphafold.ebi.ac.uk/entry/P28331
NDUFS1	missense_variant		1243942396						P28331	NADH-ubiquinone oxidoreductase 75 kDa subunit, mitochondrial	Homo sapiens	Encontrado	https://alphafold.ebi.ac.uk/entry/P28331
NDUFS1	missense_variant		1247319094						P28331	NADH-ubiquinone oxidoreductase 75 kDa subunit, mitochondrial	Homo sapiens	Encontrado	https://alphafold.ebi.ac.uk/entry/P28331
NDUFS1	missense_variant		1252522334						P28331	NADH-ubiquinone oxidoreductase 75 kDa subunit, mitochondrial	Homo sapiens	Encontrado	https://alphafold.ebi.ac.uk/entry/P28331
NDUFS1	missense_variant		1252813792						P28331	NADH-ubiquinone oxidoreductase 75 kDa subunit, mitochondrial	Homo sapiens	Encontrado	https://alphafold.ebi.ac.uk/entry/P28331
NDUFS1	missense_variant		1253774885						P28331	NADH-ubiquinone oxidoreductase 75 kDa subunit, mitochondrial	Homo sapiens	Encontrado	https://alphafold.ebi.ac.uk/entry/P28331
NDUFS1	missense_variant		1254004851	P28331	rs1254004851	M502I	0.0		P28331	NADH-ubiquinone oxidoreductase 75 kDa subunit, mitochondrial	Homo sapiens	Encontrado	https://alphafold.ebi.ac.uk/entry/P28331
NDUFS1	missense_variant		1254004851	P28331	rs1254004851	M502I	0.45		P28331	NADH-ubiquinone oxidoreductase 75 kDa subunit, mitochondrial	Homo sapiens	Encontrado	https://alphafold.ebi.ac.uk/entry/P28331
NDUFS1	missense_variant		1254004851	P28331	rs1254004851	M502I	0.0		P28331	NADH-ubiquinone oxidoreductase 75 kDa subunit, mitochondrial	Homo sapiens	Encontrado	https://alphafold.ebi.ac.uk/entry/P28331
NDUFS1	missense_variant		1254004851	P28331	rs1254004851	M502I	0.26		P28331	NADH-ubiquinone oxidoreductase 75 kDa subunit, mitochondrial	Homo sapiens	Encontrado	https://alphafold.ebi.ac.uk/entry/P28331
NDUFS1	missense_variant	uncertain significance	1254059933	P28331	rs1254059933	N359S	0.823		P28331	NADH-ubiquinone oxidoreductase 75 kDa subunit, mitochondrial	Homo sapiens	Encontrado	https://alphafold.ebi.ac.uk/entry/P28331
NDUFS1	missense_variant	uncertain significance	1254059933	P28331	rs1254059933	N359S	0.02		P28331	NADH-ubiquinone oxidoreductase 75 kDa subunit, mitochondrial	Homo sapiens	Encontrado	https://alphafold.ebi.ac.uk/entry/P28331
NDUFS1	missense_variant		1254091964						P28331	NADH-ubiquinone oxidoreductase 75 kDa subunit, mitochondrial	Homo sapiens	Encontrado	https://alphafold.ebi.ac.uk/entry/P28331
NDUFS1	missense_variant		1254196612						P28331	NADH-ubiquinone oxidoreductase 75 kDa subunit, mitochondrial	Homo sapiens	Encontrado	https://alphafold.ebi.ac.uk/entry/P28331
NDUFS1	missense_variant		1255400110						P28331	NADH-ubiquinone oxidoreductase 75 kDa subunit, mitochondrial	Homo sapiens	Encontrado	https://alphafold.ebi.ac.uk/entry/P28331
NDUFS1	missense_variant		1256637522						P28331	NADH-ubiquinone oxidoreductase 75 kDa subunit, mitochondrial	Homo sapiens	Encontrado	https://alphafold.ebi.ac.uk/entry/P28331
NDUFS1	missense_variant		1257440566						P28331	NADH-ubiquinone oxidoreductase 75 kDa subunit, mitochondrial	Homo sapiens	Encontrado	https://alphafold.ebi.ac.uk/entry/P28331
NDUFS1	missense_variant	uncertain significance	1265553810	P28331	rs1265553810	Q178R	0.089		P28331	NADH-ubiquinone oxidoreductase 75 kDa subunit, mitochondrial	Homo sapiens	Encontrado	https://alphafold.ebi.ac.uk/entry/P28331
NDUFS1	missense_variant	uncertain significance	1265553810	P28331	rs1265553810	Q178R	0.0		P28331	NADH-ubiquinone oxidoreductase 75 kDa subunit, mitochondrial	Homo sapiens	Encontrado	https://alphafold.ebi.ac.uk/entry/P28331
NDUFS1	missense_variant		1268767930						P28331	NADH-ubiquinone oxidoreductase 75 kDa subunit, mitochondrial	Homo sapiens	Encontrado	https://alphafold.ebi.ac.uk/entry/P28331
NDUFS1	missense_variant		1272937662						P28331	NADH-ubiquinone oxidoreductase 75 kDa subunit, mitochondrial	Homo sapiens	Encontrado	https://alphafold.ebi.ac.uk/entry/P28331
NDUFS1	missense_variant		1274394829						P28331	NADH-ubiquinone oxidoreductase 75 kDa subunit, mitochondrial	Homo sapiens	Encontrado	https://alphafold.ebi.ac.uk/entry/P28331
NDUFS1	missense_variant		1274595988						P28331	NADH-ubiquinone oxidoreductase 75 kDa subunit, mitochondrial	Homo sapiens	Encontrado	https://alphafold.ebi.ac.uk/entry/P28331
NDUFS1	missense_variant		1278828741						P28331	NADH-ubiquinone oxidoreductase 75 kDa subunit, mitochondrial	Homo sapiens	Encontrado	https://alphafold.ebi.ac.uk/entry/P28331
NDUFS1	missense_variant		1279919852						P28331	NADH-ubiquinone oxidoreductase 75 kDa subunit, mitochondrial	Homo sapiens	Encontrado	https://alphafold.ebi.ac.uk/entry/P28331
NDUFS1	missense_variant		1279962195						P28331	NADH-ubiquinone oxidoreductase 75 kDa subunit, mitochondrial	Homo sapiens	Encontrado	https://alphafold.ebi.ac.uk/entry/P28331
NDUFS1	missense_variant		1280433557						P28331	NADH-ubiquinone oxidoreductase 75 kDa subunit, mitochondrial	Homo sapiens	Encontrado	https://alphafold.ebi.ac.uk/entry/P28331
NDUFS1	missense_variant	uncertain significance	1283647002	P28331	rs1283647002	L481R	0.994		P28331	NADH-ubiquinone oxidoreductase 75 kDa subunit, mitochondrial	Homo sapiens	Encontrado	https://alphafold.ebi.ac.uk/entry/P28331
NDUFS1	missense_variant	uncertain significance	1283647002	P28331	rs1283647002	L481R	0.0		P28331	NADH-ubiquinone oxidoreductase 75 kDa subunit, mitochondrial	Homo sapiens	Encontrado	https://alphafold.ebi.ac.uk/entry/P28331
NDUFS1	missense_variant		1284097284						P28331	NADH-ubiquinone oxidoreductase 75 kDa subunit, mitochondrial	Homo sapiens	Encontrado	https://alphafold.ebi.ac.uk/entry/P28331
NDUFS1	missense_variant		1284818312						P28331	NADH-ubiquinone oxidoreductase 75 kDa subunit, mitochondrial	Homo sapiens	Encontrado	https://alphafold.ebi.ac.uk/entry/P28331
NDUFS1	missense_variant		1286653042						P28331	NADH-ubiquinone oxidoreductase 75 kDa subunit, mitochondrial	Homo sapiens	Encontrado	https://alphafold.ebi.ac.uk/entry/P28331
NDUFS1	missense_variant	uncertain significance	1287373652	P28331	rs1287373652	C727R	0.766		P28331	NADH-ubiquinone oxidoreductase 75 kDa subunit, mitochondrial	Homo sapiens	Encontrado	https://alphafold.ebi.ac.uk/entry/P28331
NDUFS1	missense_variant	uncertain significance	1287373652	P28331	rs1287373652	C727R	0.0		P28331	NADH-ubiquinone oxidoreductase 75 kDa subunit, mitochondrial	Homo sapiens	Encontrado	https://alphafold.ebi.ac.uk/entry/P28331
NDUFS1	missense_variant		1293603393						P28331	NADH-ubiquinone oxidoreductase 75 kDa subunit, mitochondrial	Homo sapiens	Encontrado	https://alphafold.ebi.ac.uk/entry/P28331
NDUFS1	missense_variant	uncertain significance	1295604143						P28331	NADH-ubiquinone oxidoreductase 75 kDa subunit, mitochondrial	Homo sapiens	Encontrado	https://alphafold.ebi.ac.uk/entry/P28331
NDUFS1	missense_variant		1299999957						P28331	NADH-ubiquinone oxidoreductase 75 kDa subunit, mitochondrial	Homo sapiens	Encontrado	https://alphafold.ebi.ac.uk/entry/P28331
NDUFS1	missense_variant		1300777671						P28331	NADH-ubiquinone oxidoreductase 75 kDa subunit, mitochondrial	Homo sapiens	Encontrado	https://alphafold.ebi.ac.uk/entry/P28331
NDUFS1	missense_variant		1301423447						P28331	NADH-ubiquinone oxidoreductase 75 kDa subunit, mitochondrial	Homo sapiens	Encontrado	https://alphafold.ebi.ac.uk/entry/P28331
NDUFS1	missense_variant		1303405699						P28331	NADH-ubiquinone oxidoreductase 75 kDa subunit, mitochondrial	Homo sapiens	Encontrado	https://alphafold.ebi.ac.uk/entry/P28331
NDUFS1	missense_variant		1303599721						P28331	NADH-ubiquinone oxidoreductase 75 kDa subunit, mitochondrial	Homo sapiens	Encontrado	https://alphafold.ebi.ac.uk/entry/P28331
NDUFS1	missense_variant		1304868675						P28331	NADH-ubiquinone oxidoreductase 75 kDa subunit, mitochondrial	Homo sapiens	Encontrado	https://alphafold.ebi.ac.uk/entry/P28331
NDUFS1	missense_variant		1305009482						P28331	NADH-ubiquinone oxidoreductase 75 kDa subunit, mitochondrial	Homo sapiens	Encontrado	https://alphafold.ebi.ac.uk/entry/P28331
NDUFS1	missense_variant		1305320411						P28331	NADH-ubiquinone oxidoreductase 75 kDa subunit, mitochondrial	Homo sapiens	Encontrado	https://alphafold.ebi.ac.uk/entry/P28331
NDUFS1	missense_variant	uncertain significance	1306848411	P28331	rs1306848411	G57S	1.0		P28331	NADH-ubiquinone oxidoreductase 75 kDa subunit, mitochondrial	Homo sapiens	Encontrado	https://alphafold.ebi.ac.uk/entry/P28331
NDUFS1	missense_variant	uncertain significance	1306848411	P28331	rs1306848411	G57S	0.0		P28331	NADH-ubiquinone oxidoreductase 75 kDa subunit, mitochondrial	Homo sapiens	Encontrado	https://alphafold.ebi.ac.uk/entry/P28331
NDUFS1	missense_variant		1307718293						P28331	NADH-ubiquinone oxidoreductase 75 kDa subunit, mitochondrial	Homo sapiens	Encontrado	https://alphafold.ebi.ac.uk/entry/P28331
NDUFS1	missense_variant	uncertain significance	1309978370	P28331	rs1309978370	T198P	0.993		P28331	NADH-ubiquinone oxidoreductase 75 kDa subunit, mitochondrial	Homo sapiens	Encontrado	https://alphafold.ebi.ac.uk/entry/P28331
NDUFS1	missense_variant	uncertain significance	1309978370	P28331	rs1309978370	T198P	0.01		P28331	NADH-ubiquinone oxidoreductase 75 kDa subunit, mitochondrial	Homo sapiens	Encontrado	https://alphafold.ebi.ac.uk/entry/P28331
NDUFS1	missense_variant		1311345884						P28331	NADH-ubiquinone oxidoreductase 75 kDa subunit, mitochondrial	Homo sapiens	Encontrado	https://alphafold.ebi.ac.uk/entry/P28331
NDUFS1	missense_variant		1314479242						P28331	NADH-ubiquinone oxidoreductase 75 kDa subunit, mitochondrial	Homo sapiens	Encontrado	https://alphafold.ebi.ac.uk/entry/P28331
NDUFS1	missense_variant		1315324403						P28331	NADH-ubiquinone oxidoreductase 75 kDa subunit, mitochondrial	Homo sapiens	Encontrado	https://alphafold.ebi.ac.uk/entry/P28331
NDUFS1	missense_variant		1317076909						P28331	NADH-ubiquinone oxidoreductase 75 kDa subunit, mitochondrial	Homo sapiens	Encontrado	https://alphafold.ebi.ac.uk/entry/P28331
NDUFS1	missense_variant		1320329305						P28331	NADH-ubiquinone oxidoreductase 75 kDa subunit, mitochondrial	Homo sapiens	Encontrado	https://alphafold.ebi.ac.uk/entry/P28331
NDUFS1	missense_variant	likely pathogenic	1321888585	P28331	rs1321888585	M707I	0.882		P28331	NADH-ubiquinone oxidoreductase 75 kDa subunit, mitochondrial	Homo sapiens	Encontrado	https://alphafold.ebi.ac.uk/entry/P28331
NDUFS1	missense_variant	likely pathogenic	1321888585	P28331	rs1321888585	M707I	0.0		P28331	NADH-ubiquinone oxidoreductase 75 kDa subunit, mitochondrial	Homo sapiens	Encontrado	https://alphafold.ebi.ac.uk/entry/P28331
NDUFS1	missense_variant		1323177119						P28331	NADH-ubiquinone oxidoreductase 75 kDa subunit, mitochondrial	Homo sapiens	Encontrado	https://alphafold.ebi.ac.uk/entry/P28331
NDUFS1	missense_variant		1325605363						P28331	NADH-ubiquinone oxidoreductase 75 kDa subunit, mitochondrial	Homo sapiens	Encontrado	https://alphafold.ebi.ac.uk/entry/P28331
NDUFS1	missense_variant		1325711749						P28331	NADH-ubiquinone oxidoreductase 75 kDa subunit, mitochondrial	Homo sapiens	Encontrado	https://alphafold.ebi.ac.uk/entry/P28331
NDUFS1	missense_variant		1325775713						P28331	NADH-ubiquinone oxidoreductase 75 kDa subunit, mitochondrial	Homo sapiens	Encontrado	https://alphafold.ebi.ac.uk/entry/P28331
NDUFS1	missense_variant		1326933048						P28331	NADH-ubiquinone oxidoreductase 75 kDa subunit, mitochondrial	Homo sapiens	Encontrado	https://alphafold.ebi.ac.uk/entry/P28331
NDUFS1	missense_variant		1328121697						P28331	NADH-ubiquinone oxidoreductase 75 kDa subunit, mitochondrial	Homo sapiens	Encontrado	https://alphafold.ebi.ac.uk/entry/P28331
NDUFS1	missense_variant		1328375213						P28331	NADH-ubiquinone oxidoreductase 75 kDa subunit, mitochondrial	Homo sapiens	Encontrado	https://alphafold.ebi.ac.uk/entry/P28331
NDUFS1	missense_variant		1328457041						P28331	NADH-ubiquinone oxidoreductase 75 kDa subunit, mitochondrial	Homo sapiens	Encontrado	https://alphafold.ebi.ac.uk/entry/P28331
NDUFS1	missense_variant	uncertain significance	1331605761	P28331	rs1331605761	E211G	0.115		P28331	NADH-ubiquinone oxidoreductase 75 kDa subunit, mitochondrial	Homo sapiens	Encontrado	https://alphafold.ebi.ac.uk/entry/P28331
NDUFS1	missense_variant	uncertain significance	1331605761	P28331	rs1331605761	E211G	0.02		P28331	NADH-ubiquinone oxidoreductase 75 kDa subunit, mitochondrial	Homo sapiens	Encontrado	https://alphafold.ebi.ac.uk/entry/P28331
NDUFS1	missense_variant		1333057671						P28331	NADH-ubiquinone oxidoreductase 75 kDa subunit, mitochondrial	Homo sapiens	Encontrado	https://alphafold.ebi.ac.uk/entry/P28331
NDUFS1	missense_variant		1335337069						P28331	NADH-ubiquinone oxidoreductase 75 kDa subunit, mitochondrial	Homo sapiens	Encontrado	https://alphafold.ebi.ac.uk/entry/P28331
NDUFS1	missense_variant		1338246616						P28331	NADH-ubiquinone oxidoreductase 75 kDa subunit, mitochondrial	Homo sapiens	Encontrado	https://alphafold.ebi.ac.uk/entry/P28331
NDUFS1	missense_variant		1340667509						P28331	NADH-ubiquinone oxidoreductase 75 kDa subunit, mitochondrial	Homo sapiens	Encontrado	https://alphafold.ebi.ac.uk/entry/P28331
NDUFS1	missense_variant		1340894413						P28331	NADH-ubiquinone oxidoreductase 75 kDa subunit, mitochondrial	Homo sapiens	Encontrado	https://alphafold.ebi.ac.uk/entry/P28331
NDUFS1	missense_variant		1341091667						P28331	NADH-ubiquinone oxidoreductase 75 kDa subunit, mitochondrial	Homo sapiens	Encontrado	https://alphafold.ebi.ac.uk/entry/P28331
NDUFS1	missense_variant	uncertain significance	1341635235	P28331	rs1341635235	L366F	0.078		P28331	NADH-ubiquinone oxidoreductase 75 kDa subunit, mitochondrial	Homo sapiens	Encontrado	https://alphafold.ebi.ac.uk/entry/P28331
NDUFS1	missense_variant	uncertain significance	1341635235	P28331	rs1341635235	L366F	0.03		P28331	NADH-ubiquinone oxidoreductase 75 kDa subunit, mitochondrial	Homo sapiens	Encontrado	https://alphafold.ebi.ac.uk/entry/P28331
NDUFS1	missense_variant		1342970029						P28331	NADH-ubiquinone oxidoreductase 75 kDa subunit, mitochondrial	Homo sapiens	Encontrado	https://alphafold.ebi.ac.uk/entry/P28331
NDUFS1	missense_variant		1344208964						P28331	NADH-ubiquinone oxidoreductase 75 kDa subunit, mitochondrial	Homo sapiens	Encontrado	https://alphafold.ebi.ac.uk/entry/P28331
NDUFS1	missense_variant		1345339144						P28331	NADH-ubiquinone oxidoreductase 75 kDa subunit, mitochondrial	Homo sapiens	Encontrado	https://alphafold.ebi.ac.uk/entry/P28331
NDUFS1	missense_variant		1350282711						P28331	NADH-ubiquinone oxidoreductase 75 kDa subunit, mitochondrial	Homo sapiens	Encontrado	https://alphafold.ebi.ac.uk/entry/P28331
NDUFS1	missense_variant		1350334967						P28331	NADH-ubiquinone oxidoreductase 75 kDa subunit, mitochondrial	Homo sapiens	Encontrado	https://alphafold.ebi.ac.uk/entry/P28331
NDUFS1	missense_variant		1356600814						P28331	NADH-ubiquinone oxidoreductase 75 kDa subunit, mitochondrial	Homo sapiens	Encontrado	https://alphafold.ebi.ac.uk/entry/P28331
NDUFS1	missense_variant	uncertain significance	1356892913	P28331	rs1356892913	E395K	0.992		P28331	NADH-ubiquinone oxidoreductase 75 kDa subunit, mitochondrial	Homo sapiens	Encontrado	https://alphafold.ebi.ac.uk/entry/P28331
NDUFS1	missense_variant	uncertain significance	1356892913	P28331	rs1356892913	E395K	0.0		P28331	NADH-ubiquinone oxidoreductase 75 kDa subunit, mitochondrial	Homo sapiens	Encontrado	https://alphafold.ebi.ac.uk/entry/P28331
NDUFS1	missense_variant		1360475232						P28331	NADH-ubiquinone oxidoreductase 75 kDa subunit, mitochondrial	Homo sapiens	Encontrado	https://alphafold.ebi.ac.uk/entry/P28331
NDUFS1	missense_variant		1360807288						P28331	NADH-ubiquinone oxidoreductase 75 kDa subunit, mitochondrial	Homo sapiens	Encontrado	https://alphafold.ebi.ac.uk/entry/P28331
NDUFS1	missense_variant		1363601217						P28331	NADH-ubiquinone oxidoreductase 75 kDa subunit, mitochondrial	Homo sapiens	Encontrado	https://alphafold.ebi.ac.uk/entry/P28331
NDUFS1	missense_variant	uncertain significance	1366778809						P28331	NADH-ubiquinone oxidoreductase 75 kDa subunit, mitochondrial	Homo sapiens	Encontrado	https://alphafold.ebi.ac.uk/entry/P28331
NDUFS1	missense_variant	uncertain significance	1367512688	P28331	rs1367512688	V11E	0.01		P28331	NADH-ubiquinone oxidoreductase 75 kDa subunit, mitochondrial	Homo sapiens	Encontrado	https://alphafold.ebi.ac.uk/entry/P28331
NDUFS1	missense_variant	uncertain significance	1367512688	P28331	rs1367512688	V11E	0.68		P28331	NADH-ubiquinone oxidoreductase 75 kDa subunit, mitochondrial	Homo sapiens	Encontrado	https://alphafold.ebi.ac.uk/entry/P28331
NDUFS1	missense_variant		1368274907						P28331	NADH-ubiquinone oxidoreductase 75 kDa subunit, mitochondrial	Homo sapiens	Encontrado	https://alphafold.ebi.ac.uk/entry/P28331
NDUFS1	missense_variant		1373870446						P28331	NADH-ubiquinone oxidoreductase 75 kDa subunit, mitochondrial	Homo sapiens	Encontrado	https://alphafold.ebi.ac.uk/entry/P28331
NDUFS1	missense_variant		1374809667						P28331	NADH-ubiquinone oxidoreductase 75 kDa subunit, mitochondrial	Homo sapiens	Encontrado	https://alphafold.ebi.ac.uk/entry/P28331
NDUFS1	missense_variant	uncertain significance	137889316	P28331	rs137889316	V506I	0.045		P28331	NADH-ubiquinone oxidoreductase 75 kDa subunit, mitochondrial	Homo sapiens	Encontrado	https://alphafold.ebi.ac.uk/entry/P28331
NDUFS1	missense_variant	uncertain significance	137889316	P28331	rs137889316	V506I	0.22		P28331	NADH-ubiquinone oxidoreductase 75 kDa subunit, mitochondrial	Homo sapiens	Encontrado	https://alphafold.ebi.ac.uk/entry/P28331
NDUFS1	missense_variant		137994727	P28331	rs137994727	R299H	0.576		P28331	NADH-ubiquinone oxidoreductase 75 kDa subunit, mitochondrial	Homo sapiens	Encontrado	https://alphafold.ebi.ac.uk/entry/P28331
NDUFS1	missense_variant		137994727	P28331	rs137994727	R299H	0.07		P28331	NADH-ubiquinone oxidoreductase 75 kDa subunit, mitochondrial	Homo sapiens	Encontrado	https://alphafold.ebi.ac.uk/entry/P28331
NDUFS1	missense_variant		137994727	P28331	rs137994727	R299H	0.571		P28331	NADH-ubiquinone oxidoreductase 75 kDa subunit, mitochondrial	Homo sapiens	Encontrado	https://alphafold.ebi.ac.uk/entry/P28331
NDUFS1	missense_variant		137994727	P28331	rs137994727	R299H	0.01		P28331	NADH-ubiquinone oxidoreductase 75 kDa subunit, mitochondrial	Homo sapiens	Encontrado	https://alphafold.ebi.ac.uk/entry/P28331
NDUFS1	missense_variant		138098713						P28331	NADH-ubiquinone oxidoreductase 75 kDa subunit, mitochondrial	Homo sapiens	Encontrado	https://alphafold.ebi.ac.uk/entry/P28331
NDUFS1	missense_variant		1381852367						P28331	NADH-ubiquinone oxidoreductase 75 kDa subunit, mitochondrial	Homo sapiens	Encontrado	https://alphafold.ebi.ac.uk/entry/P28331
NDUFS1	missense_variant		1383055365	P28331	rs1383055365	A52V	1.0		P28331	NADH-ubiquinone oxidoreductase 75 kDa subunit, mitochondrial	Homo sapiens	Encontrado	https://alphafold.ebi.ac.uk/entry/P28331
NDUFS1	missense_variant		1383055365	P28331	rs1383055365	A52V	0.03		P28331	NADH-ubiquinone oxidoreductase 75 kDa subunit, mitochondrial	Homo sapiens	Encontrado	https://alphafold.ebi.ac.uk/entry/P28331
NDUFS1	missense_variant		1383055365	P28331	rs1383055365	A52V	1.0		P28331	NADH-ubiquinone oxidoreductase 75 kDa subunit, mitochondrial	Homo sapiens	Encontrado	https://alphafold.ebi.ac.uk/entry/P28331
NDUFS1	missense_variant		1383055365	P28331	rs1383055365	A52V	0.01		P28331	NADH-ubiquinone oxidoreductase 75 kDa subunit, mitochondrial	Homo sapiens	Encontrado	https://alphafold.ebi.ac.uk/entry/P28331
NDUFS1	missense_variant		1384839622						P28331	NADH-ubiquinone oxidoreductase 75 kDa subunit, mitochondrial	Homo sapiens	Encontrado	https://alphafold.ebi.ac.uk/entry/P28331
NDUFS1	missense_variant	uncertain significance	138779481	P28331	rs138779481	R276H	0.925		P28331	NADH-ubiquinone oxidoreductase 75 kDa subunit, mitochondrial	Homo sapiens	Encontrado	https://alphafold.ebi.ac.uk/entry/P28331
NDUFS1	missense_variant	uncertain significance	138779481	P28331	rs138779481	R276H	0.0		P28331	NADH-ubiquinone oxidoreductase 75 kDa subunit, mitochondrial	Homo sapiens	Encontrado	https://alphafold.ebi.ac.uk/entry/P28331
NDUFS1	missense_variant		1388404510						P28331	NADH-ubiquinone oxidoreductase 75 kDa subunit, mitochondrial	Homo sapiens	Encontrado	https://alphafold.ebi.ac.uk/entry/P28331
NDUFS1	missense_variant	uncertain significance	138887128	P28331	rs138887128	R538W	0.769		P28331	NADH-ubiquinone oxidoreductase 75 kDa subunit, mitochondrial	Homo sapiens	Encontrado	https://alphafold.ebi.ac.uk/entry/P28331
NDUFS1	missense_variant	uncertain significance	138887128	P28331	rs138887128	R538W	0.0		P28331	NADH-ubiquinone oxidoreductase 75 kDa subunit, mitochondrial	Homo sapiens	Encontrado	https://alphafold.ebi.ac.uk/entry/P28331
NDUFS1	missense_variant		1390744313						P28331	NADH-ubiquinone oxidoreductase 75 kDa subunit, mitochondrial	Homo sapiens	Encontrado	https://alphafold.ebi.ac.uk/entry/P28331
NDUFS1	missense_variant	uncertain significance	139120428	P28331	rs139120428	V475F	0.663		P28331	NADH-ubiquinone oxidoreductase 75 kDa subunit, mitochondrial	Homo sapiens	Encontrado	https://alphafold.ebi.ac.uk/entry/P28331
NDUFS1	missense_variant	uncertain significance	139120428	P28331	rs139120428	V475F	0.02		P28331	NADH-ubiquinone oxidoreductase 75 kDa subunit, mitochondrial	Homo sapiens	Encontrado	https://alphafold.ebi.ac.uk/entry/P28331
NDUFS1	missense_variant		1391682280						P28331	NADH-ubiquinone oxidoreductase 75 kDa subunit, mitochondrial	Homo sapiens	Encontrado	https://alphafold.ebi.ac.uk/entry/P28331
NDUFS1	missense_variant		1393647236						P28331	NADH-ubiquinone oxidoreductase 75 kDa subunit, mitochondrial	Homo sapiens	Encontrado	https://alphafold.ebi.ac.uk/entry/P28331
NDUFS1	missense_variant		1395266176						P28331	NADH-ubiquinone oxidoreductase 75 kDa subunit, mitochondrial	Homo sapiens	Encontrado	https://alphafold.ebi.ac.uk/entry/P28331
NDUFS1	missense_variant	uncertain significance	139690694	P28331	rs139690694	L354H	0.969		P28331	NADH-ubiquinone oxidoreductase 75 kDa subunit, mitochondrial	Homo sapiens	Encontrado	https://alphafold.ebi.ac.uk/entry/P28331
NDUFS1	missense_variant	uncertain significance	139690694	P28331	rs139690694	L354H	0.01		P28331	NADH-ubiquinone oxidoreductase 75 kDa subunit, mitochondrial	Homo sapiens	Encontrado	https://alphafold.ebi.ac.uk/entry/P28331
NDUFS1	missense_variant		1396983176						P28331	NADH-ubiquinone oxidoreductase 75 kDa subunit, mitochondrial	Homo sapiens	Encontrado	https://alphafold.ebi.ac.uk/entry/P28331
NDUFS1	missense_variant	uncertain significance	1397542799	P28331	rs1397542799	S29N	0.04		P28331	NADH-ubiquinone oxidoreductase 75 kDa subunit, mitochondrial	Homo sapiens	Encontrado	https://alphafold.ebi.ac.uk/entry/P28331
NDUFS1	missense_variant	uncertain significance	1397542799	P28331	rs1397542799	S29N	0.14		P28331	NADH-ubiquinone oxidoreductase 75 kDa subunit, mitochondrial	Homo sapiens	Encontrado	https://alphafold.ebi.ac.uk/entry/P28331
NDUFS1	missense_variant		1397609199						P28331	NADH-ubiquinone oxidoreductase 75 kDa subunit, mitochondrial	Homo sapiens	Encontrado	https://alphafold.ebi.ac.uk/entry/P28331
NDUFS1	missense_variant		1398146157						P28331	NADH-ubiquinone oxidoreductase 75 kDa subunit, mitochondrial	Homo sapiens	Encontrado	https://alphafold.ebi.ac.uk/entry/P28331
NDUFS1	missense_variant		1398412430						P28331	NADH-ubiquinone oxidoreductase 75 kDa subunit, mitochondrial	Homo sapiens	Encontrado	https://alphafold.ebi.ac.uk/entry/P28331
NDUFS1	missense_variant	uncertain significance	139881824	P28331	rs139881824	M502R	0.0		P28331	NADH-ubiquinone oxidoreductase 75 kDa subunit, mitochondrial	Homo sapiens	Encontrado	https://alphafold.ebi.ac.uk/entry/P28331
NDUFS1	missense_variant	uncertain significance	139881824	P28331	rs139881824	M502R	0.28		P28331	NADH-ubiquinone oxidoreductase 75 kDa subunit, mitochondrial	Homo sapiens	Encontrado	https://alphafold.ebi.ac.uk/entry/P28331
NDUFS1	missense_variant		1400693048						P28331	NADH-ubiquinone oxidoreductase 75 kDa subunit, mitochondrial	Homo sapiens	Encontrado	https://alphafold.ebi.ac.uk/entry/P28331
NDUFS1	missense_variant	uncertain significance, not provided	140126185	P28331	rs140126185	I177V	0.996		P28331	NADH-ubiquinone oxidoreductase 75 kDa subunit, mitochondrial	Homo sapiens	Encontrado	https://alphafold.ebi.ac.uk/entry/P28331
NDUFS1	missense_variant	uncertain significance, not provided	140126185	P28331	rs140126185	I177V	0.01		P28331	NADH-ubiquinone oxidoreductase 75 kDa subunit, mitochondrial	Homo sapiens	Encontrado	https://alphafold.ebi.ac.uk/entry/P28331
NDUFS1	missense_variant	uncertain significance	140530293	P28331	rs140530293	L452I	0.26		P28331	NADH-ubiquinone oxidoreductase 75 kDa subunit, mitochondrial	Homo sapiens	Encontrado	https://alphafold.ebi.ac.uk/entry/P28331
NDUFS1	missense_variant	uncertain significance	140530293	P28331	rs140530293	L452I	0.32		P28331	NADH-ubiquinone oxidoreductase 75 kDa subunit, mitochondrial	Homo sapiens	Encontrado	https://alphafold.ebi.ac.uk/entry/P28331
NDUFS1	missense_variant		1407504350						P28331	NADH-ubiquinone oxidoreductase 75 kDa subunit, mitochondrial	Homo sapiens	Encontrado	https://alphafold.ebi.ac.uk/entry/P28331
NDUFS1	missense_variant		1410193242						P28331	NADH-ubiquinone oxidoreductase 75 kDa subunit, mitochondrial	Homo sapiens	Encontrado	https://alphafold.ebi.ac.uk/entry/P28331
NDUFS1	missense_variant		1411086469						P28331	NADH-ubiquinone oxidoreductase 75 kDa subunit, mitochondrial	Homo sapiens	Encontrado	https://alphafold.ebi.ac.uk/entry/P28331
NDUFS1	missense_variant		1411299502						P28331	NADH-ubiquinone oxidoreductase 75 kDa subunit, mitochondrial	Homo sapiens	Encontrado	https://alphafold.ebi.ac.uk/entry/P28331
NDUFS1	missense_variant	uncertain significance	141196622	P28331	rs141196622	R501Q	0.017		P28331	NADH-ubiquinone oxidoreductase 75 kDa subunit, mitochondrial	Homo sapiens	Encontrado	https://alphafold.ebi.ac.uk/entry/P28331
NDUFS1	missense_variant	uncertain significance	141196622	P28331	rs141196622	R501Q	0.19		P28331	NADH-ubiquinone oxidoreductase 75 kDa subunit, mitochondrial	Homo sapiens	Encontrado	https://alphafold.ebi.ac.uk/entry/P28331
NDUFS1	missense_variant		1413634832						P28331	NADH-ubiquinone oxidoreductase 75 kDa subunit, mitochondrial	Homo sapiens	Encontrado	https://alphafold.ebi.ac.uk/entry/P28331
NDUFS1	missense_variant		1414156876	P28331	rs1414156876	R624T	1.0		P28331	NADH-ubiquinone oxidoreductase 75 kDa subunit, mitochondrial	Homo sapiens	Encontrado	https://alphafold.ebi.ac.uk/entry/P28331
NDUFS1	missense_variant		1414156876	P28331	rs1414156876	R624T	0.0		P28331	NADH-ubiquinone oxidoreductase 75 kDa subunit, mitochondrial	Homo sapiens	Encontrado	https://alphafold.ebi.ac.uk/entry/P28331
NDUFS1	missense_variant		1414156876	P28331	rs1414156876	R624T	1.0		P28331	NADH-ubiquinone oxidoreductase 75 kDa subunit, mitochondrial	Homo sapiens	Encontrado	https://alphafold.ebi.ac.uk/entry/P28331
NDUFS1	missense_variant		1414156876	P28331	rs1414156876	R624T	0.0		P28331	NADH-ubiquinone oxidoreductase 75 kDa subunit, mitochondrial	Homo sapiens	Encontrado	https://alphafold.ebi.ac.uk/entry/P28331
NDUFS1	missense_variant		1414462413						P28331	NADH-ubiquinone oxidoreductase 75 kDa subunit, mitochondrial	Homo sapiens	Encontrado	https://alphafold.ebi.ac.uk/entry/P28331
NDUFS1	missense_variant		1414963869						P28331	NADH-ubiquinone oxidoreductase 75 kDa subunit, mitochondrial	Homo sapiens	Encontrado	https://alphafold.ebi.ac.uk/entry/P28331
NDUFS1	missense_variant		1416492758						P28331	NADH-ubiquinone oxidoreductase 75 kDa subunit, mitochondrial	Homo sapiens	Encontrado	https://alphafold.ebi.ac.uk/entry/P28331
NDUFS1	missense_variant	uncertain significance	141724890	P28331	rs141724890	E396K	0.063		P28331	NADH-ubiquinone oxidoreductase 75 kDa subunit, mitochondrial	Homo sapiens	Encontrado	https://alphafold.ebi.ac.uk/entry/P28331
NDUFS1	missense_variant	uncertain significance	141724890	P28331	rs141724890	E396K	0.04		P28331	NADH-ubiquinone oxidoreductase 75 kDa subunit, mitochondrial	Homo sapiens	Encontrado	https://alphafold.ebi.ac.uk/entry/P28331
NDUFS1	missense_variant	uncertain significance	1421421761	P28331	rs1421421761	I102V	0.457		P28331	NADH-ubiquinone oxidoreductase 75 kDa subunit, mitochondrial	Homo sapiens	Encontrado	https://alphafold.ebi.ac.uk/entry/P28331
NDUFS1	missense_variant	uncertain significance	1421421761	P28331	rs1421421761	I102V	0.56		P28331	NADH-ubiquinone oxidoreductase 75 kDa subunit, mitochondrial	Homo sapiens	Encontrado	https://alphafold.ebi.ac.uk/entry/P28331
NDUFS1	missense_variant		142684807						P28331	NADH-ubiquinone oxidoreductase 75 kDa subunit, mitochondrial	Homo sapiens	Encontrado	https://alphafold.ebi.ac.uk/entry/P28331
NDUFS1	missense_variant		1426986722						P28331	NADH-ubiquinone oxidoreductase 75 kDa subunit, mitochondrial	Homo sapiens	Encontrado	https://alphafold.ebi.ac.uk/entry/P28331
NDUFS1	missense_variant	uncertain significance	142716964	P28331	rs142716964	N669S	0.0		P28331	NADH-ubiquinone oxidoreductase 75 kDa subunit, mitochondrial	Homo sapiens	Encontrado	https://alphafold.ebi.ac.uk/entry/P28331
NDUFS1	missense_variant	uncertain significance	142716964	P28331	rs142716964	N669S	0.87		P28331	NADH-ubiquinone oxidoreductase 75 kDa subunit, mitochondrial	Homo sapiens	Encontrado	https://alphafold.ebi.ac.uk/entry/P28331
NDUFS1	missense_variant		1428711363						P28331	NADH-ubiquinone oxidoreductase 75 kDa subunit, mitochondrial	Homo sapiens	Encontrado	https://alphafold.ebi.ac.uk/entry/P28331
NDUFS1	missense_variant	uncertain significance	142941808	P28331	rs142941808	R276C	0.979		P28331	NADH-ubiquinone oxidoreductase 75 kDa subunit, mitochondrial	Homo sapiens	Encontrado	https://alphafold.ebi.ac.uk/entry/P28331
NDUFS1	missense_variant	uncertain significance	142941808	P28331	rs142941808	R276C	0.0		P28331	NADH-ubiquinone oxidoreductase 75 kDa subunit, mitochondrial	Homo sapiens	Encontrado	https://alphafold.ebi.ac.uk/entry/P28331
NDUFS1	missense_variant		1433341943						P28331	NADH-ubiquinone oxidoreductase 75 kDa subunit, mitochondrial	Homo sapiens	Encontrado	https://alphafold.ebi.ac.uk/entry/P28331
NDUFS1	missense_variant	uncertain significance	1434275816	P28331	rs1434275816	D509Y	0.715		P28331	NADH-ubiquinone oxidoreductase 75 kDa subunit, mitochondrial	Homo sapiens	Encontrado	https://alphafold.ebi.ac.uk/entry/P28331
NDUFS1	missense_variant	uncertain significance	1434275816	P28331	rs1434275816	D509Y	0.01		P28331	NADH-ubiquinone oxidoreductase 75 kDa subunit, mitochondrial	Homo sapiens	Encontrado	https://alphafold.ebi.ac.uk/entry/P28331
NDUFS1	missense_variant		143793538						P28331	NADH-ubiquinone oxidoreductase 75 kDa subunit, mitochondrial	Homo sapiens	Encontrado	https://alphafold.ebi.ac.uk/entry/P28331
NDUFS1	missense_variant		1439057567						P28331	NADH-ubiquinone oxidoreductase 75 kDa subunit, mitochondrial	Homo sapiens	Encontrado	https://alphafold.ebi.ac.uk/entry/P28331
NDUFS1	missense_variant		1440562589						P28331	NADH-ubiquinone oxidoreductase 75 kDa subunit, mitochondrial	Homo sapiens	Encontrado	https://alphafold.ebi.ac.uk/entry/P28331
NDUFS1	missense_variant		1443838528						P28331	NADH-ubiquinone oxidoreductase 75 kDa subunit, mitochondrial	Homo sapiens	Encontrado	https://alphafold.ebi.ac.uk/entry/P28331
NDUFS1	missense_variant		144422591						P28331	NADH-ubiquinone oxidoreductase 75 kDa subunit, mitochondrial	Homo sapiens	Encontrado	https://alphafold.ebi.ac.uk/entry/P28331
NDUFS1	missense_variant		1448122458						P28331	NADH-ubiquinone oxidoreductase 75 kDa subunit, mitochondrial	Homo sapiens	Encontrado	https://alphafold.ebi.ac.uk/entry/P28331
NDUFS1	missense_variant	uncertain significance	1448338752	P28331	rs1448338752	P472L	1.0		P28331	NADH-ubiquinone oxidoreductase 75 kDa subunit, mitochondrial	Homo sapiens	Encontrado	https://alphafold.ebi.ac.uk/entry/P28331
NDUFS1	missense_variant	uncertain significance	1448338752	P28331	rs1448338752	P472L	0.0		P28331	NADH-ubiquinone oxidoreductase 75 kDa subunit, mitochondrial	Homo sapiens	Encontrado	https://alphafold.ebi.ac.uk/entry/P28331
NDUFS1	missense_variant		1450543266						P28331	NADH-ubiquinone oxidoreductase 75 kDa subunit, mitochondrial	Homo sapiens	Encontrado	https://alphafold.ebi.ac.uk/entry/P28331
NDUFS1	missense_variant	uncertain significance	1452711330	P28331	rs1452711330	M277I	0.0		P28331	NADH-ubiquinone oxidoreductase 75 kDa subunit, mitochondrial	Homo sapiens	Encontrado	https://alphafold.ebi.ac.uk/entry/P28331
NDUFS1	missense_variant	uncertain significance	1452711330	P28331	rs1452711330	M277I	0.1		P28331	NADH-ubiquinone oxidoreductase 75 kDa subunit, mitochondrial	Homo sapiens	Encontrado	https://alphafold.ebi.ac.uk/entry/P28331
NDUFS1	missense_variant		1453075367						P28331	NADH-ubiquinone oxidoreductase 75 kDa subunit, mitochondrial	Homo sapiens	Encontrado	https://alphafold.ebi.ac.uk/entry/P28331
NDUFS1	missense_variant	uncertain significance	145401558	P28331	rs145401558	Q331H	0.005		P28331	NADH-ubiquinone oxidoreductase 75 kDa subunit, mitochondrial	Homo sapiens	Encontrado	https://alphafold.ebi.ac.uk/entry/P28331
NDUFS1	missense_variant	uncertain significance	145401558	P28331	rs145401558	Q331H	0.12		P28331	NADH-ubiquinone oxidoreductase 75 kDa subunit, mitochondrial	Homo sapiens	Encontrado	https://alphafold.ebi.ac.uk/entry/P28331
NDUFS1	missense_variant		1454376854						P28331	NADH-ubiquinone oxidoreductase 75 kDa subunit, mitochondrial	Homo sapiens	Encontrado	https://alphafold.ebi.ac.uk/entry/P28331
NDUFS1	missense_variant		1455373742						P28331	NADH-ubiquinone oxidoreductase 75 kDa subunit, mitochondrial	Homo sapiens	Encontrado	https://alphafold.ebi.ac.uk/entry/P28331
NDUFS1	missense_variant		1455783982						P28331	NADH-ubiquinone oxidoreductase 75 kDa subunit, mitochondrial	Homo sapiens	Encontrado	https://alphafold.ebi.ac.uk/entry/P28331
NDUFS1	missense_variant	uncertain significance	1456097616	P28331	rs1456097616	V654L	0.007		P28331	NADH-ubiquinone oxidoreductase 75 kDa subunit, mitochondrial	Homo sapiens	Encontrado	https://alphafold.ebi.ac.uk/entry/P28331
NDUFS1	missense_variant	uncertain significance	1456097616	P28331	rs1456097616	V654L	0.16		P28331	NADH-ubiquinone oxidoreductase 75 kDa subunit, mitochondrial	Homo sapiens	Encontrado	https://alphafold.ebi.ac.uk/entry/P28331
NDUFS1	missense_variant		1457992181						P28331	NADH-ubiquinone oxidoreductase 75 kDa subunit, mitochondrial	Homo sapiens	Encontrado	https://alphafold.ebi.ac.uk/entry/P28331
NDUFS1	missense_variant	uncertain significance	1458382625	P28331	rs1458382625	R184T	1.0		P28331	NADH-ubiquinone oxidoreductase 75 kDa subunit, mitochondrial	Homo sapiens	Encontrado	https://alphafold.ebi.ac.uk/entry/P28331
NDUFS1	missense_variant	uncertain significance	1458382625	P28331	rs1458382625	R184T	0.0		P28331	NADH-ubiquinone oxidoreductase 75 kDa subunit, mitochondrial	Homo sapiens	Encontrado	https://alphafold.ebi.ac.uk/entry/P28331
NDUFS1	missense_variant		1459177509						P28331	NADH-ubiquinone oxidoreductase 75 kDa subunit, mitochondrial	Homo sapiens	Encontrado	https://alphafold.ebi.ac.uk/entry/P28331
NDUFS1	missense_variant		1461653368						P28331	NADH-ubiquinone oxidoreductase 75 kDa subunit, mitochondrial	Homo sapiens	Encontrado	https://alphafold.ebi.ac.uk/entry/P28331
NDUFS1	missense_variant		1461984901						P28331	NADH-ubiquinone oxidoreductase 75 kDa subunit, mitochondrial	Homo sapiens	Encontrado	https://alphafold.ebi.ac.uk/entry/P28331
NDUFS1	missense_variant		1463348607						P28331	NADH-ubiquinone oxidoreductase 75 kDa subunit, mitochondrial	Homo sapiens	Encontrado	https://alphafold.ebi.ac.uk/entry/P28331
NDUFS1	missense_variant		1464863246						P28331	NADH-ubiquinone oxidoreductase 75 kDa subunit, mitochondrial	Homo sapiens	Encontrado	https://alphafold.ebi.ac.uk/entry/P28331
NDUFS1	missense_variant		1467318660						P28331	NADH-ubiquinone oxidoreductase 75 kDa subunit, mitochondrial	Homo sapiens	Encontrado	https://alphafold.ebi.ac.uk/entry/P28331
NDUFS1	missense_variant		1467741022						P28331	NADH-ubiquinone oxidoreductase 75 kDa subunit, mitochondrial	Homo sapiens	Encontrado	https://alphafold.ebi.ac.uk/entry/P28331
NDUFS1	missense_variant		1468825462						P28331	NADH-ubiquinone oxidoreductase 75 kDa subunit, mitochondrial	Homo sapiens	Encontrado	https://alphafold.ebi.ac.uk/entry/P28331
NDUFS1	missense_variant		147065902						P28331	NADH-ubiquinone oxidoreductase 75 kDa subunit, mitochondrial	Homo sapiens	Encontrado	https://alphafold.ebi.ac.uk/entry/P28331
NDUFS1	missense_variant	uncertain significance	147185691	P28331	rs147185691	N384I	0.862		P28331	NADH-ubiquinone oxidoreductase 75 kDa subunit, mitochondrial	Homo sapiens	Encontrado	https://alphafold.ebi.ac.uk/entry/P28331
NDUFS1	missense_variant	uncertain significance	147185691	P28331	rs147185691	N384I	0.0		P28331	NADH-ubiquinone oxidoreductase 75 kDa subunit, mitochondrial	Homo sapiens	Encontrado	https://alphafold.ebi.ac.uk/entry/P28331
NDUFS1	missense_variant	uncertain significance	147185691	P28331	rs147185691	N384S	0.027		P28331	NADH-ubiquinone oxidoreductase 75 kDa subunit, mitochondrial	Homo sapiens	Encontrado	https://alphafold.ebi.ac.uk/entry/P28331
NDUFS1	missense_variant	uncertain significance	147185691	P28331	rs147185691	N384S	0.2		P28331	NADH-ubiquinone oxidoreductase 75 kDa subunit, mitochondrial	Homo sapiens	Encontrado	https://alphafold.ebi.ac.uk/entry/P28331
NDUFS1	missense_variant		1473906679						P28331	NADH-ubiquinone oxidoreductase 75 kDa subunit, mitochondrial	Homo sapiens	Encontrado	https://alphafold.ebi.ac.uk/entry/P28331
NDUFS1	missense_variant	uncertain significance	1476070337						P28331	NADH-ubiquinone oxidoreductase 75 kDa subunit, mitochondrial	Homo sapiens	Encontrado	https://alphafold.ebi.ac.uk/entry/P28331
NDUFS1	missense_variant		1476202311						P28331	NADH-ubiquinone oxidoreductase 75 kDa subunit, mitochondrial	Homo sapiens	Encontrado	https://alphafold.ebi.ac.uk/entry/P28331
NDUFS1	missense_variant	uncertain significance, likely benign	147685849	P28331	rs147685849	I567V	0.003		P28331	NADH-ubiquinone oxidoreductase 75 kDa subunit, mitochondrial	Homo sapiens	Encontrado	https://alphafold.ebi.ac.uk/entry/P28331
NDUFS1	missense_variant	uncertain significance, likely benign	147685849	P28331	rs147685849	I567V	0.78		P28331	NADH-ubiquinone oxidoreductase 75 kDa subunit, mitochondrial	Homo sapiens	Encontrado	https://alphafold.ebi.ac.uk/entry/P28331
NDUFS1	missense_variant		1477125379						P28331	NADH-ubiquinone oxidoreductase 75 kDa subunit, mitochondrial	Homo sapiens	Encontrado	https://alphafold.ebi.ac.uk/entry/P28331
NDUFS1	missense_variant		1478073799						P28331	NADH-ubiquinone oxidoreductase 75 kDa subunit, mitochondrial	Homo sapiens	Encontrado	https://alphafold.ebi.ac.uk/entry/P28331
NDUFS1	missense_variant		1481964140						P28331	NADH-ubiquinone oxidoreductase 75 kDa subunit, mitochondrial	Homo sapiens	Encontrado	https://alphafold.ebi.ac.uk/entry/P28331
NDUFS1	missense_variant		1483058209						P28331	NADH-ubiquinone oxidoreductase 75 kDa subunit, mitochondrial	Homo sapiens	Encontrado	https://alphafold.ebi.ac.uk/entry/P28331
NDUFS1	missense_variant		148491633						P28331	NADH-ubiquinone oxidoreductase 75 kDa subunit, mitochondrial	Homo sapiens	Encontrado	https://alphafold.ebi.ac.uk/entry/P28331
NDUFS1	missense_variant	likely pathogenic	1485032272	P28331	rs1485032272	N282S	0.999		P28331	NADH-ubiquinone oxidoreductase 75 kDa subunit, mitochondrial	Homo sapiens	Encontrado	https://alphafold.ebi.ac.uk/entry/P28331
NDUFS1	missense_variant	likely pathogenic	1485032272	P28331	rs1485032272	N282S	0.0		P28331	NADH-ubiquinone oxidoreductase 75 kDa subunit, mitochondrial	Homo sapiens	Encontrado	https://alphafold.ebi.ac.uk/entry/P28331
NDUFS1	missense_variant	uncertain significance, benign, likely benign	148544177	P28331	rs148544177	M204T	0.155		P28331	NADH-ubiquinone oxidoreductase 75 kDa subunit, mitochondrial	Homo sapiens	Encontrado	https://alphafold.ebi.ac.uk/entry/P28331
NDUFS1	missense_variant	uncertain significance, benign, likely benign	148544177	P28331	rs148544177	M204T	0.01		P28331	NADH-ubiquinone oxidoreductase 75 kDa subunit, mitochondrial	Homo sapiens	Encontrado	https://alphafold.ebi.ac.uk/entry/P28331
NDUFS1	missense_variant		1486783302						P28331	NADH-ubiquinone oxidoreductase 75 kDa subunit, mitochondrial	Homo sapiens	Encontrado	https://alphafold.ebi.ac.uk/entry/P28331
NDUFS1	missense_variant		1488951844						P28331	NADH-ubiquinone oxidoreductase 75 kDa subunit, mitochondrial	Homo sapiens	Encontrado	https://alphafold.ebi.ac.uk/entry/P28331
NDUFS1	missense_variant		1489479048						P28331	NADH-ubiquinone oxidoreductase 75 kDa subunit, mitochondrial	Homo sapiens	Encontrado	https://alphafold.ebi.ac.uk/entry/P28331
NDUFS1	missense_variant		1490925037						P28331	NADH-ubiquinone oxidoreductase 75 kDa subunit, mitochondrial	Homo sapiens	Encontrado	https://alphafold.ebi.ac.uk/entry/P28331
NDUFS1	missense_variant	uncertain significance, likely pathogenic, pathogenic	149271416	P28331	rs149271416	R408C	1.0		P28331	NADH-ubiquinone oxidoreductase 75 kDa subunit, mitochondrial	Homo sapiens	Encontrado	https://alphafold.ebi.ac.uk/entry/P28331
NDUFS1	missense_variant	uncertain significance, likely pathogenic, pathogenic	149271416	P28331	rs149271416	R408C	0.0		P28331	NADH-ubiquinone oxidoreductase 75 kDa subunit, mitochondrial	Homo sapiens	Encontrado	https://alphafold.ebi.ac.uk/entry/P28331
NDUFS1	missense_variant	uncertain significance, likely pathogenic, pathogenic	149271416	P28331	rs149271416	R408C	1.0		P28331	NADH-ubiquinone oxidoreductase 75 kDa subunit, mitochondrial	Homo sapiens	Encontrado	https://alphafold.ebi.ac.uk/entry/P28331
NDUFS1	missense_variant	uncertain significance, likely pathogenic, pathogenic	149271416	P28331	rs149271416	R408C	0.0		P28331	NADH-ubiquinone oxidoreductase 75 kDa subunit, mitochondrial	Homo sapiens	Encontrado	https://alphafold.ebi.ac.uk/entry/P28331
NDUFS1	missense_variant		150920947						P28331	NADH-ubiquinone oxidoreductase 75 kDa subunit, mitochondrial	Homo sapiens	Encontrado	https://alphafold.ebi.ac.uk/entry/P28331
NDUFS1	missense_variant	likely pathogenic	151279101	P28331	rs151279101	R408H	1.0		P28331	NADH-ubiquinone oxidoreductase 75 kDa subunit, mitochondrial	Homo sapiens	Encontrado	https://alphafold.ebi.ac.uk/entry/P28331
NDUFS1	missense_variant	likely pathogenic	151279101	P28331	rs151279101	R408H	0.0		P28331	NADH-ubiquinone oxidoreductase 75 kDa subunit, mitochondrial	Homo sapiens	Encontrado	https://alphafold.ebi.ac.uk/entry/P28331
NDUFS1	missense_variant		1559039863						P28331	NADH-ubiquinone oxidoreductase 75 kDa subunit, mitochondrial	Homo sapiens	Encontrado	https://alphafold.ebi.ac.uk/entry/P28331
NDUFS1	missense_variant		1559042878						P28331	NADH-ubiquinone oxidoreductase 75 kDa subunit, mitochondrial	Homo sapiens	Encontrado	https://alphafold.ebi.ac.uk/entry/P28331
NDUFS1	missense_variant		1559043062						P28331	NADH-ubiquinone oxidoreductase 75 kDa subunit, mitochondrial	Homo sapiens	Encontrado	https://alphafold.ebi.ac.uk/entry/P28331
NDUFS1	missense_variant		1559047405						P28331	NADH-ubiquinone oxidoreductase 75 kDa subunit, mitochondrial	Homo sapiens	Encontrado	https://alphafold.ebi.ac.uk/entry/P28331
NDUFS1	missense_variant		1559047417						P28331	NADH-ubiquinone oxidoreductase 75 kDa subunit, mitochondrial	Homo sapiens	Encontrado	https://alphafold.ebi.ac.uk/entry/P28331
NDUFS1	missense_variant		1559051745						P28331	NADH-ubiquinone oxidoreductase 75 kDa subunit, mitochondrial	Homo sapiens	Encontrado	https://alphafold.ebi.ac.uk/entry/P28331
NDUFS1	missense_variant		1559051809						P28331	NADH-ubiquinone oxidoreductase 75 kDa subunit, mitochondrial	Homo sapiens	Encontrado	https://alphafold.ebi.ac.uk/entry/P28331
NDUFS1	missense_variant	uncertain significance	1559065188	P28331	rs1559065188	V34L	0.676		P28331	NADH-ubiquinone oxidoreductase 75 kDa subunit, mitochondrial	Homo sapiens	Encontrado	https://alphafold.ebi.ac.uk/entry/P28331
NDUFS1	missense_variant	uncertain significance	1559065188	P28331	rs1559065188	V34L	0.13		P28331	NADH-ubiquinone oxidoreductase 75 kDa subunit, mitochondrial	Homo sapiens	Encontrado	https://alphafold.ebi.ac.uk/entry/P28331
NDUFS1	missense_variant		1575946646						P28331	NADH-ubiquinone oxidoreductase 75 kDa subunit, mitochondrial	Homo sapiens	Encontrado	https://alphafold.ebi.ac.uk/entry/P28331
NDUFS1	missense_variant		1575951198						P28331	NADH-ubiquinone oxidoreductase 75 kDa subunit, mitochondrial	Homo sapiens	Encontrado	https://alphafold.ebi.ac.uk/entry/P28331
NDUFS1	missense_variant		1575956882						P28331	NADH-ubiquinone oxidoreductase 75 kDa subunit, mitochondrial	Homo sapiens	Encontrado	https://alphafold.ebi.ac.uk/entry/P28331
NDUFS1	missense_variant		1575967869						P28331	NADH-ubiquinone oxidoreductase 75 kDa subunit, mitochondrial	Homo sapiens	Encontrado	https://alphafold.ebi.ac.uk/entry/P28331
NDUFS1	missense_variant		1575976215						P28331	NADH-ubiquinone oxidoreductase 75 kDa subunit, mitochondrial	Homo sapiens	Encontrado	https://alphafold.ebi.ac.uk/entry/P28331
NDUFS1	missense_variant		1575976477						P28331	NADH-ubiquinone oxidoreductase 75 kDa subunit, mitochondrial	Homo sapiens	Encontrado	https://alphafold.ebi.ac.uk/entry/P28331
NDUFS1	missense_variant		1575979038						P28331	NADH-ubiquinone oxidoreductase 75 kDa subunit, mitochondrial	Homo sapiens	Encontrado	https://alphafold.ebi.ac.uk/entry/P28331
NDUFS1	missense_variant		1575979386						P28331	NADH-ubiquinone oxidoreductase 75 kDa subunit, mitochondrial	Homo sapiens	Encontrado	https://alphafold.ebi.ac.uk/entry/P28331
NDUFS1	missense_variant	uncertain significance	1575984450	P28331	rs1575984450	A230D	0.998		P28331	NADH-ubiquinone oxidoreductase 75 kDa subunit, mitochondrial	Homo sapiens	Encontrado	https://alphafold.ebi.ac.uk/entry/P28331
NDUFS1	missense_variant	uncertain significance	1575984450	P28331	rs1575984450	A230D	0.0		P28331	NADH-ubiquinone oxidoreductase 75 kDa subunit, mitochondrial	Homo sapiens	Encontrado	https://alphafold.ebi.ac.uk/entry/P28331
NDUFS1	missense_variant	uncertain significance	1575984450	P28331	rs1575984450	A230V	0.998		P28331	NADH-ubiquinone oxidoreductase 75 kDa subunit, mitochondrial	Homo sapiens	Encontrado	https://alphafold.ebi.ac.uk/entry/P28331
NDUFS1	missense_variant	uncertain significance	1575984450	P28331	rs1575984450	A230V	0.0		P28331	NADH-ubiquinone oxidoreductase 75 kDa subunit, mitochondrial	Homo sapiens	Encontrado	https://alphafold.ebi.ac.uk/entry/P28331
NDUFS1	missense_variant	uncertain significance	1575984450	P28331	rs1575984450	A230V	0.998		P28331	NADH-ubiquinone oxidoreductase 75 kDa subunit, mitochondrial	Homo sapiens	Encontrado	https://alphafold.ebi.ac.uk/entry/P28331
NDUFS1	missense_variant	uncertain significance	1575984450	P28331	rs1575984450	A230V	0.0		P28331	NADH-ubiquinone oxidoreductase 75 kDa subunit, mitochondrial	Homo sapiens	Encontrado	https://alphafold.ebi.ac.uk/entry/P28331
NDUFS1	missense_variant		1575984693						P28331	NADH-ubiquinone oxidoreductase 75 kDa subunit, mitochondrial	Homo sapiens	Encontrado	https://alphafold.ebi.ac.uk/entry/P28331
NDUFS1	missense_variant		1575989413						P28331	NADH-ubiquinone oxidoreductase 75 kDa subunit, mitochondrial	Homo sapiens	Encontrado	https://alphafold.ebi.ac.uk/entry/P28331
NDUFS1	missense_variant		1575991124						P28331	NADH-ubiquinone oxidoreductase 75 kDa subunit, mitochondrial	Homo sapiens	Encontrado	https://alphafold.ebi.ac.uk/entry/P28331
NDUFS1	missense_variant		1575996348						P28331	NADH-ubiquinone oxidoreductase 75 kDa subunit, mitochondrial	Homo sapiens	Encontrado	https://alphafold.ebi.ac.uk/entry/P28331
NDUFS1	missense_variant		1691192761						P28331	NADH-ubiquinone oxidoreductase 75 kDa subunit, mitochondrial	Homo sapiens	Encontrado	https://alphafold.ebi.ac.uk/entry/P28331
NDUFS1	missense_variant		1691193394						P28331	NADH-ubiquinone oxidoreductase 75 kDa subunit, mitochondrial	Homo sapiens	Encontrado	https://alphafold.ebi.ac.uk/entry/P28331
NDUFS1	missense_variant	uncertain significance	1691193766	P28331	rs1691193766	A718V	0.015		P28331	NADH-ubiquinone oxidoreductase 75 kDa subunit, mitochondrial	Homo sapiens	Encontrado	https://alphafold.ebi.ac.uk/entry/P28331
NDUFS1	missense_variant	uncertain significance	1691193766	P28331	rs1691193766	A718V	0.04		P28331	NADH-ubiquinone oxidoreductase 75 kDa subunit, mitochondrial	Homo sapiens	Encontrado	https://alphafold.ebi.ac.uk/entry/P28331
NDUFS1	missense_variant		1691195989						P28331	NADH-ubiquinone oxidoreductase 75 kDa subunit, mitochondrial	Homo sapiens	Encontrado	https://alphafold.ebi.ac.uk/entry/P28331
NDUFS1	missense_variant		1691302712						P28331	NADH-ubiquinone oxidoreductase 75 kDa subunit, mitochondrial	Homo sapiens	Encontrado	https://alphafold.ebi.ac.uk/entry/P28331
NDUFS1	missense_variant		1691308128						P28331	NADH-ubiquinone oxidoreductase 75 kDa subunit, mitochondrial	Homo sapiens	Encontrado	https://alphafold.ebi.ac.uk/entry/P28331
NDUFS1	missense_variant	uncertain significance	1691308226	P28331	rs1691308226	Y664D	0.021		P28331	NADH-ubiquinone oxidoreductase 75 kDa subunit, mitochondrial	Homo sapiens	Encontrado	https://alphafold.ebi.ac.uk/entry/P28331
NDUFS1	missense_variant	uncertain significance	1691308226	P28331	rs1691308226	Y664D	0.01		P28331	NADH-ubiquinone oxidoreductase 75 kDa subunit, mitochondrial	Homo sapiens	Encontrado	https://alphafold.ebi.ac.uk/entry/P28331
NDUFS1	missense_variant		1691308715						P28331	NADH-ubiquinone oxidoreductase 75 kDa subunit, mitochondrial	Homo sapiens	Encontrado	https://alphafold.ebi.ac.uk/entry/P28331
NDUFS1	missense_variant		1691310380						P28331	NADH-ubiquinone oxidoreductase 75 kDa subunit, mitochondrial	Homo sapiens	Encontrado	https://alphafold.ebi.ac.uk/entry/P28331
NDUFS1	missense_variant		1691311593						P28331	NADH-ubiquinone oxidoreductase 75 kDa subunit, mitochondrial	Homo sapiens	Encontrado	https://alphafold.ebi.ac.uk/entry/P28331
NDUFS1	missense_variant		1691311992						P28331	NADH-ubiquinone oxidoreductase 75 kDa subunit, mitochondrial	Homo sapiens	Encontrado	https://alphafold.ebi.ac.uk/entry/P28331
NDUFS1	missense_variant		1691312634						P28331	NADH-ubiquinone oxidoreductase 75 kDa subunit, mitochondrial	Homo sapiens	Encontrado	https://alphafold.ebi.ac.uk/entry/P28331
NDUFS1	missense_variant		1691312936						P28331	NADH-ubiquinone oxidoreductase 75 kDa subunit, mitochondrial	Homo sapiens	Encontrado	https://alphafold.ebi.ac.uk/entry/P28331
NDUFS1	missense_variant		1691350090						P28331	NADH-ubiquinone oxidoreductase 75 kDa subunit, mitochondrial	Homo sapiens	Encontrado	https://alphafold.ebi.ac.uk/entry/P28331
NDUFS1	missense_variant		1691350325						P28331	NADH-ubiquinone oxidoreductase 75 kDa subunit, mitochondrial	Homo sapiens	Encontrado	https://alphafold.ebi.ac.uk/entry/P28331
NDUFS1	missense_variant		1691350840						P28331	NADH-ubiquinone oxidoreductase 75 kDa subunit, mitochondrial	Homo sapiens	Encontrado	https://alphafold.ebi.ac.uk/entry/P28331
NDUFS1	missense_variant		1691351176						P28331	NADH-ubiquinone oxidoreductase 75 kDa subunit, mitochondrial	Homo sapiens	Encontrado	https://alphafold.ebi.ac.uk/entry/P28331
NDUFS1	missense_variant		1691352449						P28331	NADH-ubiquinone oxidoreductase 75 kDa subunit, mitochondrial	Homo sapiens	Encontrado	https://alphafold.ebi.ac.uk/entry/P28331
NDUFS1	missense_variant		1691353762						P28331	NADH-ubiquinone oxidoreductase 75 kDa subunit, mitochondrial	Homo sapiens	Encontrado	https://alphafold.ebi.ac.uk/entry/P28331
NDUFS1	missense_variant		1691355604						P28331	NADH-ubiquinone oxidoreductase 75 kDa subunit, mitochondrial	Homo sapiens	Encontrado	https://alphafold.ebi.ac.uk/entry/P28331
NDUFS1	missense_variant		1691356320						P28331	NADH-ubiquinone oxidoreductase 75 kDa subunit, mitochondrial	Homo sapiens	Encontrado	https://alphafold.ebi.ac.uk/entry/P28331
NDUFS1	missense_variant	likely benign	1691357045						P28331	NADH-ubiquinone oxidoreductase 75 kDa subunit, mitochondrial	Homo sapiens	Encontrado	https://alphafold.ebi.ac.uk/entry/P28331
NDUFS1	missense_variant		1691357390						P28331	NADH-ubiquinone oxidoreductase 75 kDa subunit, mitochondrial	Homo sapiens	Encontrado	https://alphafold.ebi.ac.uk/entry/P28331
NDUFS1	missense_variant	uncertain significance	1691357817	P28331	rs1691357817	A577D	0.998		P28331	NADH-ubiquinone oxidoreductase 75 kDa subunit, mitochondrial	Homo sapiens	Encontrado	https://alphafold.ebi.ac.uk/entry/P28331
NDUFS1	missense_variant	uncertain significance	1691357817	P28331	rs1691357817	A577D	0.0		P28331	NADH-ubiquinone oxidoreductase 75 kDa subunit, mitochondrial	Homo sapiens	Encontrado	https://alphafold.ebi.ac.uk/entry/P28331
NDUFS1	missense_variant	uncertain significance	1691358567	P28331	rs1691358567	G573S	1.0		P28331	NADH-ubiquinone oxidoreductase 75 kDa subunit, mitochondrial	Homo sapiens	Encontrado	https://alphafold.ebi.ac.uk/entry/P28331
NDUFS1	missense_variant	uncertain significance	1691358567	P28331	rs1691358567	G573S	0.0		P28331	NADH-ubiquinone oxidoreductase 75 kDa subunit, mitochondrial	Homo sapiens	Encontrado	https://alphafold.ebi.ac.uk/entry/P28331
NDUFS1	missense_variant		1691446232						P28331	NADH-ubiquinone oxidoreductase 75 kDa subunit, mitochondrial	Homo sapiens	Encontrado	https://alphafold.ebi.ac.uk/entry/P28331
NDUFS1	missense_variant		1691447312						P28331	NADH-ubiquinone oxidoreductase 75 kDa subunit, mitochondrial	Homo sapiens	Encontrado	https://alphafold.ebi.ac.uk/entry/P28331
NDUFS1	missense_variant		1691448209						P28331	NADH-ubiquinone oxidoreductase 75 kDa subunit, mitochondrial	Homo sapiens	Encontrado	https://alphafold.ebi.ac.uk/entry/P28331
NDUFS1	missense_variant		1691448921						P28331	NADH-ubiquinone oxidoreductase 75 kDa subunit, mitochondrial	Homo sapiens	Encontrado	https://alphafold.ebi.ac.uk/entry/P28331
NDUFS1	missense_variant		1691449769						P28331	NADH-ubiquinone oxidoreductase 75 kDa subunit, mitochondrial	Homo sapiens	Encontrado	https://alphafold.ebi.ac.uk/entry/P28331
NDUFS1	missense_variant		1691451269						P28331	NADH-ubiquinone oxidoreductase 75 kDa subunit, mitochondrial	Homo sapiens	Encontrado	https://alphafold.ebi.ac.uk/entry/P28331
NDUFS1	missense_variant		1691454828						P28331	NADH-ubiquinone oxidoreductase 75 kDa subunit, mitochondrial	Homo sapiens	Encontrado	https://alphafold.ebi.ac.uk/entry/P28331
NDUFS1	missense_variant		1691457673						P28331	NADH-ubiquinone oxidoreductase 75 kDa subunit, mitochondrial	Homo sapiens	Encontrado	https://alphafold.ebi.ac.uk/entry/P28331
NDUFS1	missense_variant		1691457813						P28331	NADH-ubiquinone oxidoreductase 75 kDa subunit, mitochondrial	Homo sapiens	Encontrado	https://alphafold.ebi.ac.uk/entry/P28331
NDUFS1	missense_variant		1691569489						P28331	NADH-ubiquinone oxidoreductase 75 kDa subunit, mitochondrial	Homo sapiens	Encontrado	https://alphafold.ebi.ac.uk/entry/P28331
NDUFS1	missense_variant		1691575908						P28331	NADH-ubiquinone oxidoreductase 75 kDa subunit, mitochondrial	Homo sapiens	Encontrado	https://alphafold.ebi.ac.uk/entry/P28331
NDUFS1	missense_variant		1691576027						P28331	NADH-ubiquinone oxidoreductase 75 kDa subunit, mitochondrial	Homo sapiens	Encontrado	https://alphafold.ebi.ac.uk/entry/P28331
NDUFS1	missense_variant		1691577087						P28331	NADH-ubiquinone oxidoreductase 75 kDa subunit, mitochondrial	Homo sapiens	Encontrado	https://alphafold.ebi.ac.uk/entry/P28331
NDUFS1	missense_variant		1691809445						P28331	NADH-ubiquinone oxidoreductase 75 kDa subunit, mitochondrial	Homo sapiens	Encontrado	https://alphafold.ebi.ac.uk/entry/P28331
NDUFS1	missense_variant	uncertain significance	1691809564	P28331	rs1691809564	I455T	0.616		P28331	NADH-ubiquinone oxidoreductase 75 kDa subunit, mitochondrial	Homo sapiens	Encontrado	https://alphafold.ebi.ac.uk/entry/P28331
NDUFS1	missense_variant	uncertain significance	1691809564	P28331	rs1691809564	I455T	0.0		P28331	NADH-ubiquinone oxidoreductase 75 kDa subunit, mitochondrial	Homo sapiens	Encontrado	https://alphafold.ebi.ac.uk/entry/P28331
NDUFS1	missense_variant		1691811088						P28331	NADH-ubiquinone oxidoreductase 75 kDa subunit, mitochondrial	Homo sapiens	Encontrado	https://alphafold.ebi.ac.uk/entry/P28331
NDUFS1	missense_variant		1691811684						P28331	NADH-ubiquinone oxidoreductase 75 kDa subunit, mitochondrial	Homo sapiens	Encontrado	https://alphafold.ebi.ac.uk/entry/P28331
NDUFS1	missense_variant		1691814148						P28331	NADH-ubiquinone oxidoreductase 75 kDa subunit, mitochondrial	Homo sapiens	Encontrado	https://alphafold.ebi.ac.uk/entry/P28331
NDUFS1	missense_variant		1691814516						P28331	NADH-ubiquinone oxidoreductase 75 kDa subunit, mitochondrial	Homo sapiens	Encontrado	https://alphafold.ebi.ac.uk/entry/P28331
NDUFS1	missense_variant		1691978105						P28331	NADH-ubiquinone oxidoreductase 75 kDa subunit, mitochondrial	Homo sapiens	Encontrado	https://alphafold.ebi.ac.uk/entry/P28331
NDUFS1	missense_variant		1691978206						P28331	NADH-ubiquinone oxidoreductase 75 kDa subunit, mitochondrial	Homo sapiens	Encontrado	https://alphafold.ebi.ac.uk/entry/P28331
NDUFS1	missense_variant		1691981064						P28331	NADH-ubiquinone oxidoreductase 75 kDa subunit, mitochondrial	Homo sapiens	Encontrado	https://alphafold.ebi.ac.uk/entry/P28331
NDUFS1	missense_variant		1691982086						P28331	NADH-ubiquinone oxidoreductase 75 kDa subunit, mitochondrial	Homo sapiens	Encontrado	https://alphafold.ebi.ac.uk/entry/P28331
NDUFS1	missense_variant		1691982313						P28331	NADH-ubiquinone oxidoreductase 75 kDa subunit, mitochondrial	Homo sapiens	Encontrado	https://alphafold.ebi.ac.uk/entry/P28331
NDUFS1	missense_variant		1691982488						P28331	NADH-ubiquinone oxidoreductase 75 kDa subunit, mitochondrial	Homo sapiens	Encontrado	https://alphafold.ebi.ac.uk/entry/P28331
NDUFS1	missense_variant		1691982905						P28331	NADH-ubiquinone oxidoreductase 75 kDa subunit, mitochondrial	Homo sapiens	Encontrado	https://alphafold.ebi.ac.uk/entry/P28331
NDUFS1	missense_variant		1692009981						P28331	NADH-ubiquinone oxidoreductase 75 kDa subunit, mitochondrial	Homo sapiens	Encontrado	https://alphafold.ebi.ac.uk/entry/P28331
NDUFS1	missense_variant		1692011532						P28331	NADH-ubiquinone oxidoreductase 75 kDa subunit, mitochondrial	Homo sapiens	Encontrado	https://alphafold.ebi.ac.uk/entry/P28331
NDUFS1	missense_variant		1692012878						P28331	NADH-ubiquinone oxidoreductase 75 kDa subunit, mitochondrial	Homo sapiens	Encontrado	https://alphafold.ebi.ac.uk/entry/P28331
NDUFS1	missense_variant		1692013325						P28331	NADH-ubiquinone oxidoreductase 75 kDa subunit, mitochondrial	Homo sapiens	Encontrado	https://alphafold.ebi.ac.uk/entry/P28331
NDUFS1	missense_variant		1692014788						P28331	NADH-ubiquinone oxidoreductase 75 kDa subunit, mitochondrial	Homo sapiens	Encontrado	https://alphafold.ebi.ac.uk/entry/P28331
NDUFS1	missense_variant		1692015334						P28331	NADH-ubiquinone oxidoreductase 75 kDa subunit, mitochondrial	Homo sapiens	Encontrado	https://alphafold.ebi.ac.uk/entry/P28331
NDUFS1	missense_variant		1692066586						P28331	NADH-ubiquinone oxidoreductase 75 kDa subunit, mitochondrial	Homo sapiens	Encontrado	https://alphafold.ebi.ac.uk/entry/P28331
NDUFS1	missense_variant		1692066703						P28331	NADH-ubiquinone oxidoreductase 75 kDa subunit, mitochondrial	Homo sapiens	Encontrado	https://alphafold.ebi.ac.uk/entry/P28331
NDUFS1	missense_variant		1692066843						P28331	NADH-ubiquinone oxidoreductase 75 kDa subunit, mitochondrial	Homo sapiens	Encontrado	https://alphafold.ebi.ac.uk/entry/P28331
NDUFS1	missense_variant		1692066982						P28331	NADH-ubiquinone oxidoreductase 75 kDa subunit, mitochondrial	Homo sapiens	Encontrado	https://alphafold.ebi.ac.uk/entry/P28331
NDUFS1	missense_variant		1692067104						P28331	NADH-ubiquinone oxidoreductase 75 kDa subunit, mitochondrial	Homo sapiens	Encontrado	https://alphafold.ebi.ac.uk/entry/P28331
NDUFS1	missense_variant		1692067666						P28331	NADH-ubiquinone oxidoreductase 75 kDa subunit, mitochondrial	Homo sapiens	Encontrado	https://alphafold.ebi.ac.uk/entry/P28331
NDUFS1	missense_variant		1692071784						P28331	NADH-ubiquinone oxidoreductase 75 kDa subunit, mitochondrial	Homo sapiens	Encontrado	https://alphafold.ebi.ac.uk/entry/P28331
NDUFS1	missense_variant		1692098044						P28331	NADH-ubiquinone oxidoreductase 75 kDa subunit, mitochondrial	Homo sapiens	Encontrado	https://alphafold.ebi.ac.uk/entry/P28331
NDUFS1	missense_variant	uncertain significance	1692098879	P28331	rs1692098879	I281V	0.015		P28331	NADH-ubiquinone oxidoreductase 75 kDa subunit, mitochondrial	Homo sapiens	Encontrado	https://alphafold.ebi.ac.uk/entry/P28331
NDUFS1	missense_variant	uncertain significance	1692098879	P28331	rs1692098879	I281V	0.67		P28331	NADH-ubiquinone oxidoreductase 75 kDa subunit, mitochondrial	Homo sapiens	Encontrado	https://alphafold.ebi.ac.uk/entry/P28331
NDUFS1	missense_variant		1692100617						P28331	NADH-ubiquinone oxidoreductase 75 kDa subunit, mitochondrial	Homo sapiens	Encontrado	https://alphafold.ebi.ac.uk/entry/P28331
NDUFS1	missense_variant		1692100890						P28331	NADH-ubiquinone oxidoreductase 75 kDa subunit, mitochondrial	Homo sapiens	Encontrado	https://alphafold.ebi.ac.uk/entry/P28331
NDUFS1	missense_variant		1692101362						P28331	NADH-ubiquinone oxidoreductase 75 kDa subunit, mitochondrial	Homo sapiens	Encontrado	https://alphafold.ebi.ac.uk/entry/P28331
NDUFS1	missense_variant		1692101621						P28331	NADH-ubiquinone oxidoreductase 75 kDa subunit, mitochondrial	Homo sapiens	Encontrado	https://alphafold.ebi.ac.uk/entry/P28331
NDUFS1	missense_variant		1692101775						P28331	NADH-ubiquinone oxidoreductase 75 kDa subunit, mitochondrial	Homo sapiens	Encontrado	https://alphafold.ebi.ac.uk/entry/P28331
NDUFS1	missense_variant		1692102744						P28331	NADH-ubiquinone oxidoreductase 75 kDa subunit, mitochondrial	Homo sapiens	Encontrado	https://alphafold.ebi.ac.uk/entry/P28331
NDUFS1	missense_variant	uncertain significance	1692104851						P28331	NADH-ubiquinone oxidoreductase 75 kDa subunit, mitochondrial	Homo sapiens	Encontrado	https://alphafold.ebi.ac.uk/entry/P28331
NDUFS1	missense_variant		1692171271						P28331	NADH-ubiquinone oxidoreductase 75 kDa subunit, mitochondrial	Homo sapiens	Encontrado	https://alphafold.ebi.ac.uk/entry/P28331
NDUFS1	missense_variant		1692171642						P28331	NADH-ubiquinone oxidoreductase 75 kDa subunit, mitochondrial	Homo sapiens	Encontrado	https://alphafold.ebi.ac.uk/entry/P28331
NDUFS1	missense_variant		1692171737						P28331	NADH-ubiquinone oxidoreductase 75 kDa subunit, mitochondrial	Homo sapiens	Encontrado	https://alphafold.ebi.ac.uk/entry/P28331
NDUFS1	missense_variant		1692172275						P28331	NADH-ubiquinone oxidoreductase 75 kDa subunit, mitochondrial	Homo sapiens	Encontrado	https://alphafold.ebi.ac.uk/entry/P28331
NDUFS1	missense_variant		1692172589						P28331	NADH-ubiquinone oxidoreductase 75 kDa subunit, mitochondrial	Homo sapiens	Encontrado	https://alphafold.ebi.ac.uk/entry/P28331
NDUFS1	missense_variant		1692173903						P28331	NADH-ubiquinone oxidoreductase 75 kDa subunit, mitochondrial	Homo sapiens	Encontrado	https://alphafold.ebi.ac.uk/entry/P28331
NDUFS1	missense_variant		1692176605						P28331	NADH-ubiquinone oxidoreductase 75 kDa subunit, mitochondrial	Homo sapiens	Encontrado	https://alphafold.ebi.ac.uk/entry/P28331
NDUFS1	missense_variant		1692181134						P28331	NADH-ubiquinone oxidoreductase 75 kDa subunit, mitochondrial	Homo sapiens	Encontrado	https://alphafold.ebi.ac.uk/entry/P28331
NDUFS1	missense_variant		1692181916						P28331	NADH-ubiquinone oxidoreductase 75 kDa subunit, mitochondrial	Homo sapiens	Encontrado	https://alphafold.ebi.ac.uk/entry/P28331
NDUFS1	missense_variant		1692182795						P28331	NADH-ubiquinone oxidoreductase 75 kDa subunit, mitochondrial	Homo sapiens	Encontrado	https://alphafold.ebi.ac.uk/entry/P28331
NDUFS1	missense_variant		1692201338						P28331	NADH-ubiquinone oxidoreductase 75 kDa subunit, mitochondrial	Homo sapiens	Encontrado	https://alphafold.ebi.ac.uk/entry/P28331
NDUFS1	missense_variant		1692204936						P28331	NADH-ubiquinone oxidoreductase 75 kDa subunit, mitochondrial	Homo sapiens	Encontrado	https://alphafold.ebi.ac.uk/entry/P28331
NDUFS1	missense_variant		1692208926						P28331	NADH-ubiquinone oxidoreductase 75 kDa subunit, mitochondrial	Homo sapiens	Encontrado	https://alphafold.ebi.ac.uk/entry/P28331
NDUFS1	missense_variant		1692210461						P28331	NADH-ubiquinone oxidoreductase 75 kDa subunit, mitochondrial	Homo sapiens	Encontrado	https://alphafold.ebi.ac.uk/entry/P28331
NDUFS1	missense_variant		1692215879						P28331	NADH-ubiquinone oxidoreductase 75 kDa subunit, mitochondrial	Homo sapiens	Encontrado	https://alphafold.ebi.ac.uk/entry/P28331
NDUFS1	missense_variant		1692216182						P28331	NADH-ubiquinone oxidoreductase 75 kDa subunit, mitochondrial	Homo sapiens	Encontrado	https://alphafold.ebi.ac.uk/entry/P28331
NDUFS1	missense_variant		1692216410						P28331	NADH-ubiquinone oxidoreductase 75 kDa subunit, mitochondrial	Homo sapiens	Encontrado	https://alphafold.ebi.ac.uk/entry/P28331
NDUFS1	missense_variant		1692216882						P28331	NADH-ubiquinone oxidoreductase 75 kDa subunit, mitochondrial	Homo sapiens	Encontrado	https://alphafold.ebi.ac.uk/entry/P28331
NDUFS1	missense_variant		1692217972						P28331	NADH-ubiquinone oxidoreductase 75 kDa subunit, mitochondrial	Homo sapiens	Encontrado	https://alphafold.ebi.ac.uk/entry/P28331
NDUFS1	missense_variant		1692218244						P28331	NADH-ubiquinone oxidoreductase 75 kDa subunit, mitochondrial	Homo sapiens	Encontrado	https://alphafold.ebi.ac.uk/entry/P28331
NDUFS1	missense_variant		1692218800						P28331	NADH-ubiquinone oxidoreductase 75 kDa subunit, mitochondrial	Homo sapiens	Encontrado	https://alphafold.ebi.ac.uk/entry/P28331
NDUFS1	missense_variant	uncertain significance	1692265722	P28331	rs1692265722	R113G	1.0		P28331	NADH-ubiquinone oxidoreductase 75 kDa subunit, mitochondrial	Homo sapiens	Encontrado	https://alphafold.ebi.ac.uk/entry/P28331
NDUFS1	missense_variant	uncertain significance	1692265722	P28331	rs1692265722	R113G	0.0		P28331	NADH-ubiquinone oxidoreductase 75 kDa subunit, mitochondrial	Homo sapiens	Encontrado	https://alphafold.ebi.ac.uk/entry/P28331
NDUFS1	missense_variant		1692267514						P28331	NADH-ubiquinone oxidoreductase 75 kDa subunit, mitochondrial	Homo sapiens	Encontrado	https://alphafold.ebi.ac.uk/entry/P28331
NDUFS1	missense_variant		1692268435						P28331	NADH-ubiquinone oxidoreductase 75 kDa subunit, mitochondrial	Homo sapiens	Encontrado	https://alphafold.ebi.ac.uk/entry/P28331
NDUFS1	missense_variant		1692268849						P28331	NADH-ubiquinone oxidoreductase 75 kDa subunit, mitochondrial	Homo sapiens	Encontrado	https://alphafold.ebi.ac.uk/entry/P28331
NDUFS1	missense_variant		1692269498						P28331	NADH-ubiquinone oxidoreductase 75 kDa subunit, mitochondrial	Homo sapiens	Encontrado	https://alphafold.ebi.ac.uk/entry/P28331
NDUFS1	missense_variant		1692269595						P28331	NADH-ubiquinone oxidoreductase 75 kDa subunit, mitochondrial	Homo sapiens	Encontrado	https://alphafold.ebi.ac.uk/entry/P28331
NDUFS1	missense_variant		1692270782						P28331	NADH-ubiquinone oxidoreductase 75 kDa subunit, mitochondrial	Homo sapiens	Encontrado	https://alphafold.ebi.ac.uk/entry/P28331
NDUFS1	missense_variant	uncertain significance	1692299553	P28331	rs1692299553	N74K	1.0		P28331	NADH-ubiquinone oxidoreductase 75 kDa subunit, mitochondrial	Homo sapiens	Encontrado	https://alphafold.ebi.ac.uk/entry/P28331
NDUFS1	missense_variant	uncertain significance	1692299553	P28331	rs1692299553	N74K	0.0		P28331	NADH-ubiquinone oxidoreductase 75 kDa subunit, mitochondrial	Homo sapiens	Encontrado	https://alphafold.ebi.ac.uk/entry/P28331
NDUFS1	missense_variant		1692299788						P28331	NADH-ubiquinone oxidoreductase 75 kDa subunit, mitochondrial	Homo sapiens	Encontrado	https://alphafold.ebi.ac.uk/entry/P28331
NDUFS1	missense_variant		1692300050						P28331	NADH-ubiquinone oxidoreductase 75 kDa subunit, mitochondrial	Homo sapiens	Encontrado	https://alphafold.ebi.ac.uk/entry/P28331
NDUFS1	missense_variant		1692300154						P28331	NADH-ubiquinone oxidoreductase 75 kDa subunit, mitochondrial	Homo sapiens	Encontrado	https://alphafold.ebi.ac.uk/entry/P28331
NDUFS1	missense_variant		1692300282						P28331	NADH-ubiquinone oxidoreductase 75 kDa subunit, mitochondrial	Homo sapiens	Encontrado	https://alphafold.ebi.ac.uk/entry/P28331
NDUFS1	missense_variant		1692300632						P28331	NADH-ubiquinone oxidoreductase 75 kDa subunit, mitochondrial	Homo sapiens	Encontrado	https://alphafold.ebi.ac.uk/entry/P28331
NDUFS1	missense_variant		1692300900						P28331	NADH-ubiquinone oxidoreductase 75 kDa subunit, mitochondrial	Homo sapiens	Encontrado	https://alphafold.ebi.ac.uk/entry/P28331
NDUFS1	missense_variant		1692301120						P28331	NADH-ubiquinone oxidoreductase 75 kDa subunit, mitochondrial	Homo sapiens	Encontrado	https://alphafold.ebi.ac.uk/entry/P28331
NDUFS1	missense_variant		1692301470						P28331	NADH-ubiquinone oxidoreductase 75 kDa subunit, mitochondrial	Homo sapiens	Encontrado	https://alphafold.ebi.ac.uk/entry/P28331
NDUFS1	missense_variant	uncertain significance	1692301568						P28331	NADH-ubiquinone oxidoreductase 75 kDa subunit, mitochondrial	Homo sapiens	Encontrado	https://alphafold.ebi.ac.uk/entry/P28331
NDUFS1	missense_variant	uncertain significance	1692301816	P28331	rs1692301816	Q59H	0.909		P28331	NADH-ubiquinone oxidoreductase 75 kDa subunit, mitochondrial	Homo sapiens	Encontrado	https://alphafold.ebi.ac.uk/entry/P28331
NDUFS1	missense_variant	uncertain significance	1692301816	P28331	rs1692301816	Q59H	0.02		P28331	NADH-ubiquinone oxidoreductase 75 kDa subunit, mitochondrial	Homo sapiens	Encontrado	https://alphafold.ebi.ac.uk/entry/P28331
NDUFS1	missense_variant	uncertain significance	1692405800	P28331	rs1692405800	T47A	0.518		P28331	NADH-ubiquinone oxidoreductase 75 kDa subunit, mitochondrial	Homo sapiens	Encontrado	https://alphafold.ebi.ac.uk/entry/P28331
NDUFS1	missense_variant	uncertain significance	1692405800	P28331	rs1692405800	T47A	0.05		P28331	NADH-ubiquinone oxidoreductase 75 kDa subunit, mitochondrial	Homo sapiens	Encontrado	https://alphafold.ebi.ac.uk/entry/P28331
NDUFS1	missense_variant		1692406654						P28331	NADH-ubiquinone oxidoreductase 75 kDa subunit, mitochondrial	Homo sapiens	Encontrado	https://alphafold.ebi.ac.uk/entry/P28331
NDUFS1	missense_variant		1692407057						P28331	NADH-ubiquinone oxidoreductase 75 kDa subunit, mitochondrial	Homo sapiens	Encontrado	https://alphafold.ebi.ac.uk/entry/P28331
NDUFS1	missense_variant		1692407779						P28331	NADH-ubiquinone oxidoreductase 75 kDa subunit, mitochondrial	Homo sapiens	Encontrado	https://alphafold.ebi.ac.uk/entry/P28331
NDUFS1	missense_variant	uncertain significance	1692408428						P28331	NADH-ubiquinone oxidoreductase 75 kDa subunit, mitochondrial	Homo sapiens	Encontrado	https://alphafold.ebi.ac.uk/entry/P28331
NDUFS1	missense_variant		1692459615						P28331	NADH-ubiquinone oxidoreductase 75 kDa subunit, mitochondrial	Homo sapiens	Encontrado	https://alphafold.ebi.ac.uk/entry/P28331
NDUFS1	missense_variant		1692461786						P28331	NADH-ubiquinone oxidoreductase 75 kDa subunit, mitochondrial	Homo sapiens	Encontrado	https://alphafold.ebi.ac.uk/entry/P28331
NDUFS1	missense_variant		1692461899						P28331	NADH-ubiquinone oxidoreductase 75 kDa subunit, mitochondrial	Homo sapiens	Encontrado	https://alphafold.ebi.ac.uk/entry/P28331
NDUFS1	missense_variant	uncertain significance	17856901	P28331	rs17856901	R241Q	0.99		P28331	NADH-ubiquinone oxidoreductase 75 kDa subunit, mitochondrial	Homo sapiens	Encontrado	https://alphafold.ebi.ac.uk/entry/P28331
NDUFS1	missense_variant	uncertain significance	17856901	P28331	rs17856901	R241Q	0.0		P28331	NADH-ubiquinone oxidoreductase 75 kDa subunit, mitochondrial	Homo sapiens	Encontrado	https://alphafold.ebi.ac.uk/entry/P28331
NDUFS1	missense_variant	benign	1801318						P28331	NADH-ubiquinone oxidoreductase 75 kDa subunit, mitochondrial	Homo sapiens	Encontrado	https://alphafold.ebi.ac.uk/entry/P28331
NDUFS1	missense_variant	pathogenic	199422224	P28331	rs199422224	D252G	1.0		P28331	NADH-ubiquinone oxidoreductase 75 kDa subunit, mitochondrial	Homo sapiens	Encontrado	https://alphafold.ebi.ac.uk/entry/P28331
NDUFS1	missense_variant	pathogenic	199422224	P28331	rs199422224	D252G	0.0		P28331	NADH-ubiquinone oxidoreductase 75 kDa subunit, mitochondrial	Homo sapiens	Encontrado	https://alphafold.ebi.ac.uk/entry/P28331
NDUFS1	missense_variant	uncertain significance	199422225	P28331	rs199422225	R241W	0.997		P28331	NADH-ubiquinone oxidoreductase 75 kDa subunit, mitochondrial	Homo sapiens	Encontrado	https://alphafold.ebi.ac.uk/entry/P28331
NDUFS1	missense_variant	uncertain significance	199422225	P28331	rs199422225	R241W	0.0		P28331	NADH-ubiquinone oxidoreductase 75 kDa subunit, mitochondrial	Homo sapiens	Encontrado	https://alphafold.ebi.ac.uk/entry/P28331
NDUFS1	missense_variant	uncertain significance, pathogenic	199422226	P28331	rs199422226	L231V	0.999		P28331	NADH-ubiquinone oxidoreductase 75 kDa subunit, mitochondrial	Homo sapiens	Encontrado	https://alphafold.ebi.ac.uk/entry/P28331
NDUFS1	missense_variant	uncertain significance, pathogenic	199422226	P28331	rs199422226	L231V	0.0		P28331	NADH-ubiquinone oxidoreductase 75 kDa subunit, mitochondrial	Homo sapiens	Encontrado	https://alphafold.ebi.ac.uk/entry/P28331
NDUFS1	missense_variant	uncertain significance	199799342	P28331	rs199799342	L357F	0.187		P28331	NADH-ubiquinone oxidoreductase 75 kDa subunit, mitochondrial	Homo sapiens	Encontrado	https://alphafold.ebi.ac.uk/entry/P28331
NDUFS1	missense_variant	uncertain significance	199799342	P28331	rs199799342	L357F	0.12		P28331	NADH-ubiquinone oxidoreductase 75 kDa subunit, mitochondrial	Homo sapiens	Encontrado	https://alphafold.ebi.ac.uk/entry/P28331
NDUFS1	missense_variant		200131601						P28331	NADH-ubiquinone oxidoreductase 75 kDa subunit, mitochondrial	Homo sapiens	Encontrado	https://alphafold.ebi.ac.uk/entry/P28331
NDUFS1	missense_variant	uncertain significance, likely pathogenic	200397416	P28331	rs200397416	V429M	0.996		P28331	NADH-ubiquinone oxidoreductase 75 kDa subunit, mitochondrial	Homo sapiens	Encontrado	https://alphafold.ebi.ac.uk/entry/P28331
NDUFS1	missense_variant	uncertain significance, likely pathogenic	200397416	P28331	rs200397416	V429M	0.0		P28331	NADH-ubiquinone oxidoreductase 75 kDa subunit, mitochondrial	Homo sapiens	Encontrado	https://alphafold.ebi.ac.uk/entry/P28331
NDUFS1	missense_variant		200782941						P28331	NADH-ubiquinone oxidoreductase 75 kDa subunit, mitochondrial	Homo sapiens	Encontrado	https://alphafold.ebi.ac.uk/entry/P28331
NDUFS1	missense_variant	uncertain significance	201034481	P28331	rs201034481	R62Q	1.0		P28331	NADH-ubiquinone oxidoreductase 75 kDa subunit, mitochondrial	Homo sapiens	Encontrado	https://alphafold.ebi.ac.uk/entry/P28331
NDUFS1	missense_variant	uncertain significance	201034481	P28331	rs201034481	R62Q	0.0		P28331	NADH-ubiquinone oxidoreductase 75 kDa subunit, mitochondrial	Homo sapiens	Encontrado	https://alphafold.ebi.ac.uk/entry/P28331
NDUFS1	missense_variant	uncertain significance	201246304	P28331	rs201246304	S457L	0.013		P28331	NADH-ubiquinone oxidoreductase 75 kDa subunit, mitochondrial	Homo sapiens	Encontrado	https://alphafold.ebi.ac.uk/entry/P28331
NDUFS1	missense_variant	uncertain significance	201246304	P28331	rs201246304	S457L	0.05		P28331	NADH-ubiquinone oxidoreductase 75 kDa subunit, mitochondrial	Homo sapiens	Encontrado	https://alphafold.ebi.ac.uk/entry/P28331
NDUFS1	missense_variant		201634181	P28331	rs201634181	I623R	0.893		P28331	NADH-ubiquinone oxidoreductase 75 kDa subunit, mitochondrial	Homo sapiens	Encontrado	https://alphafold.ebi.ac.uk/entry/P28331
NDUFS1	missense_variant		201634181	P28331	rs201634181	I623R	0.0		P28331	NADH-ubiquinone oxidoreductase 75 kDa subunit, mitochondrial	Homo sapiens	Encontrado	https://alphafold.ebi.ac.uk/entry/P28331
NDUFS1	missense_variant		201634181	P28331	rs201634181	I623R	0.897		P28331	NADH-ubiquinone oxidoreductase 75 kDa subunit, mitochondrial	Homo sapiens	Encontrado	https://alphafold.ebi.ac.uk/entry/P28331
NDUFS1	missense_variant		201634181	P28331	rs201634181	I623R	0.0		P28331	NADH-ubiquinone oxidoreductase 75 kDa subunit, mitochondrial	Homo sapiens	Encontrado	https://alphafold.ebi.ac.uk/entry/P28331
NDUFS1	missense_variant		201644320						P28331	NADH-ubiquinone oxidoreductase 75 kDa subunit, mitochondrial	Homo sapiens	Encontrado	https://alphafold.ebi.ac.uk/entry/P28331
NDUFS1	missense_variant	uncertain significance, likely benign	201806038	P28331	rs201806038	V534M	0.589		P28331	NADH-ubiquinone oxidoreductase 75 kDa subunit, mitochondrial	Homo sapiens	Encontrado	https://alphafold.ebi.ac.uk/entry/P28331
NDUFS1	missense_variant	uncertain significance, likely benign	201806038	P28331	rs201806038	V534M	0.01		P28331	NADH-ubiquinone oxidoreductase 75 kDa subunit, mitochondrial	Homo sapiens	Encontrado	https://alphafold.ebi.ac.uk/entry/P28331
NDUFS1	missense_variant		201997807						P28331	NADH-ubiquinone oxidoreductase 75 kDa subunit, mitochondrial	Homo sapiens	Encontrado	https://alphafold.ebi.ac.uk/entry/P28331
NDUFS1	missense_variant	uncertain significance	202214721	P28331	rs202214721	H460Q	0.991		P28331	NADH-ubiquinone oxidoreductase 75 kDa subunit, mitochondrial	Homo sapiens	Encontrado	https://alphafold.ebi.ac.uk/entry/P28331
NDUFS1	missense_variant	uncertain significance	202214721	P28331	rs202214721	H460Q	0.01		P28331	NADH-ubiquinone oxidoreductase 75 kDa subunit, mitochondrial	Homo sapiens	Encontrado	https://alphafold.ebi.ac.uk/entry/P28331
NDUFS1	missense_variant		2105943767						P28331	NADH-ubiquinone oxidoreductase 75 kDa subunit, mitochondrial	Homo sapiens	Encontrado	https://alphafold.ebi.ac.uk/entry/P28331
NDUFS1	missense_variant		2105943787						P28331	NADH-ubiquinone oxidoreductase 75 kDa subunit, mitochondrial	Homo sapiens	Encontrado	https://alphafold.ebi.ac.uk/entry/P28331
NDUFS1	missense_variant		2105943796						P28331	NADH-ubiquinone oxidoreductase 75 kDa subunit, mitochondrial	Homo sapiens	Encontrado	https://alphafold.ebi.ac.uk/entry/P28331
NDUFS1	missense_variant	uncertain significance	2105943960	P28331	rs2105943960	T633I	0.015		P28331	NADH-ubiquinone oxidoreductase 75 kDa subunit, mitochondrial	Homo sapiens	Encontrado	https://alphafold.ebi.ac.uk/entry/P28331
NDUFS1	missense_variant	uncertain significance	2105943960	P28331	rs2105943960	T633I	0.03		P28331	NADH-ubiquinone oxidoreductase 75 kDa subunit, mitochondrial	Homo sapiens	Encontrado	https://alphafold.ebi.ac.uk/entry/P28331
NDUFS1	missense_variant		2105948628						P28331	NADH-ubiquinone oxidoreductase 75 kDa subunit, mitochondrial	Homo sapiens	Encontrado	https://alphafold.ebi.ac.uk/entry/P28331
NDUFS1	missense_variant		2105952601						P28331	NADH-ubiquinone oxidoreductase 75 kDa subunit, mitochondrial	Homo sapiens	Encontrado	https://alphafold.ebi.ac.uk/entry/P28331
NDUFS1	missense_variant		2105966898						P28331	NADH-ubiquinone oxidoreductase 75 kDa subunit, mitochondrial	Homo sapiens	Encontrado	https://alphafold.ebi.ac.uk/entry/P28331
NDUFS1	missense_variant		2105966942						P28331	NADH-ubiquinone oxidoreductase 75 kDa subunit, mitochondrial	Homo sapiens	Encontrado	https://alphafold.ebi.ac.uk/entry/P28331
NDUFS1	missense_variant		2105967002						P28331	NADH-ubiquinone oxidoreductase 75 kDa subunit, mitochondrial	Homo sapiens	Encontrado	https://alphafold.ebi.ac.uk/entry/P28331
NDUFS1	missense_variant		2105968278						P28331	NADH-ubiquinone oxidoreductase 75 kDa subunit, mitochondrial	Homo sapiens	Encontrado	https://alphafold.ebi.ac.uk/entry/P28331
NDUFS1	missense_variant		2105971246						P28331	NADH-ubiquinone oxidoreductase 75 kDa subunit, mitochondrial	Homo sapiens	Encontrado	https://alphafold.ebi.ac.uk/entry/P28331
NDUFS1	missense_variant		2105974015						P28331	NADH-ubiquinone oxidoreductase 75 kDa subunit, mitochondrial	Homo sapiens	Encontrado	https://alphafold.ebi.ac.uk/entry/P28331
NDUFS1	missense_variant	uncertain significance	2105974048	P28331	rs2105974048	G196R	0.998		P28331	NADH-ubiquinone oxidoreductase 75 kDa subunit, mitochondrial	Homo sapiens	Encontrado	https://alphafold.ebi.ac.uk/entry/P28331
NDUFS1	missense_variant	uncertain significance	2105974048	P28331	rs2105974048	G196R	0.0		P28331	NADH-ubiquinone oxidoreductase 75 kDa subunit, mitochondrial	Homo sapiens	Encontrado	https://alphafold.ebi.ac.uk/entry/P28331
NDUFS1	missense_variant	uncertain significance	2105974048	P28331	rs2105974048	G196R	0.998		P28331	NADH-ubiquinone oxidoreductase 75 kDa subunit, mitochondrial	Homo sapiens	Encontrado	https://alphafold.ebi.ac.uk/entry/P28331
NDUFS1	missense_variant	uncertain significance	2105974048	P28331	rs2105974048	G196R	0.0		P28331	NADH-ubiquinone oxidoreductase 75 kDa subunit, mitochondrial	Homo sapiens	Encontrado	https://alphafold.ebi.ac.uk/entry/P28331
NDUFS1	missense_variant		2105974841						P28331	NADH-ubiquinone oxidoreductase 75 kDa subunit, mitochondrial	Homo sapiens	Encontrado	https://alphafold.ebi.ac.uk/entry/P28331
NDUFS1	missense_variant		2105975025						P28331	NADH-ubiquinone oxidoreductase 75 kDa subunit, mitochondrial	Homo sapiens	Encontrado	https://alphafold.ebi.ac.uk/entry/P28331
NDUFS1	missense_variant		2105975028						P28331	NADH-ubiquinone oxidoreductase 75 kDa subunit, mitochondrial	Homo sapiens	Encontrado	https://alphafold.ebi.ac.uk/entry/P28331
NDUFS1	missense_variant		2105976898						P28331	NADH-ubiquinone oxidoreductase 75 kDa subunit, mitochondrial	Homo sapiens	Encontrado	https://alphafold.ebi.ac.uk/entry/P28331
NDUFS1	missense_variant	uncertain significance	2105977000	P28331	rs2105977000	M97L	0.021		P28331	NADH-ubiquinone oxidoreductase 75 kDa subunit, mitochondrial	Homo sapiens	Encontrado	https://alphafold.ebi.ac.uk/entry/P28331
NDUFS1	missense_variant	uncertain significance	2105977000	P28331	rs2105977000	M97L	0.02		P28331	NADH-ubiquinone oxidoreductase 75 kDa subunit, mitochondrial	Homo sapiens	Encontrado	https://alphafold.ebi.ac.uk/entry/P28331
NDUFS1	missense_variant	uncertain significance, likely benign	2469997319						P28331	NADH-ubiquinone oxidoreductase 75 kDa subunit, mitochondrial	Homo sapiens	Encontrado	https://alphafold.ebi.ac.uk/entry/P28331
NDUFS1	missense_variant	uncertain significance	2470000836	P28331	rs2470000836	K592N	1.0		P28331	NADH-ubiquinone oxidoreductase 75 kDa subunit, mitochondrial	Homo sapiens	Encontrado	https://alphafold.ebi.ac.uk/entry/P28331
NDUFS1	missense_variant	uncertain significance	2470000836	P28331	rs2470000836	K592N	0.0		P28331	NADH-ubiquinone oxidoreductase 75 kDa subunit, mitochondrial	Homo sapiens	Encontrado	https://alphafold.ebi.ac.uk/entry/P28331
NDUFS1	missense_variant	uncertain significance	2470007395						P28331	NADH-ubiquinone oxidoreductase 75 kDa subunit, mitochondrial	Homo sapiens	Encontrado	https://alphafold.ebi.ac.uk/entry/P28331
NDUFS1	missense_variant	uncertain significance	2470007424						P28331	NADH-ubiquinone oxidoreductase 75 kDa subunit, mitochondrial	Homo sapiens	Encontrado	https://alphafold.ebi.ac.uk/entry/P28331
NDUFS1	missense_variant	uncertain significance	2470017035						P28331	NADH-ubiquinone oxidoreductase 75 kDa subunit, mitochondrial	Homo sapiens	Encontrado	https://alphafold.ebi.ac.uk/entry/P28331
NDUFS1	missense_variant	uncertain significance	2470017673						P28331	NADH-ubiquinone oxidoreductase 75 kDa subunit, mitochondrial	Homo sapiens	Encontrado	https://alphafold.ebi.ac.uk/entry/P28331
NDUFS1	missense_variant	uncertain significance	2470034227						P28331	NADH-ubiquinone oxidoreductase 75 kDa subunit, mitochondrial	Homo sapiens	Encontrado	https://alphafold.ebi.ac.uk/entry/P28331
NDUFS1	missense_variant	uncertain significance	2470034604						P28331	NADH-ubiquinone oxidoreductase 75 kDa subunit, mitochondrial	Homo sapiens	Encontrado	https://alphafold.ebi.ac.uk/entry/P28331
NDUFS1	missense_variant	uncertain significance	2470046948						P28331	NADH-ubiquinone oxidoreductase 75 kDa subunit, mitochondrial	Homo sapiens	Encontrado	https://alphafold.ebi.ac.uk/entry/P28331
NDUFS1	missense_variant	uncertain significance	2470064710						P28331	NADH-ubiquinone oxidoreductase 75 kDa subunit, mitochondrial	Homo sapiens	Encontrado	https://alphafold.ebi.ac.uk/entry/P28331
NDUFS1	missense_variant	uncertain significance	2470064801						P28331	NADH-ubiquinone oxidoreductase 75 kDa subunit, mitochondrial	Homo sapiens	Encontrado	https://alphafold.ebi.ac.uk/entry/P28331
NDUFS1	missense_variant	likely pathogenic	2470066855						P28331	NADH-ubiquinone oxidoreductase 75 kDa subunit, mitochondrial	Homo sapiens	Encontrado	https://alphafold.ebi.ac.uk/entry/P28331
NDUFS1	missense_variant	uncertain significance	2470067895						P28331	NADH-ubiquinone oxidoreductase 75 kDa subunit, mitochondrial	Homo sapiens	Encontrado	https://alphafold.ebi.ac.uk/entry/P28331
NDUFS1	missense_variant	uncertain significance	2470068041						P28331	NADH-ubiquinone oxidoreductase 75 kDa subunit, mitochondrial	Homo sapiens	Encontrado	https://alphafold.ebi.ac.uk/entry/P28331
NDUFS1	missense_variant	likely pathogenic	2470075102						P28331	NADH-ubiquinone oxidoreductase 75 kDa subunit, mitochondrial	Homo sapiens	Encontrado	https://alphafold.ebi.ac.uk/entry/P28331
NDUFS1	missense_variant	uncertain significance	2470075219						P28331	NADH-ubiquinone oxidoreductase 75 kDa subunit, mitochondrial	Homo sapiens	Encontrado	https://alphafold.ebi.ac.uk/entry/P28331
NDUFS1	missense_variant		367698885						P28331	NADH-ubiquinone oxidoreductase 75 kDa subunit, mitochondrial	Homo sapiens	Encontrado	https://alphafold.ebi.ac.uk/entry/P28331
NDUFS1	missense_variant		367720111						P28331	NADH-ubiquinone oxidoreductase 75 kDa subunit, mitochondrial	Homo sapiens	Encontrado	https://alphafold.ebi.ac.uk/entry/P28331
NDUFS1	missense_variant		367922877						P28331	NADH-ubiquinone oxidoreductase 75 kDa subunit, mitochondrial	Homo sapiens	Encontrado	https://alphafold.ebi.ac.uk/entry/P28331
NDUFS1	missense_variant		368827633						P28331	NADH-ubiquinone oxidoreductase 75 kDa subunit, mitochondrial	Homo sapiens	Encontrado	https://alphafold.ebi.ac.uk/entry/P28331
NDUFS1	missense_variant	uncertain significance	370252506						P28331	NADH-ubiquinone oxidoreductase 75 kDa subunit, mitochondrial	Homo sapiens	Encontrado	https://alphafold.ebi.ac.uk/entry/P28331
NDUFS1	missense_variant	likely pathogenic, pathogenic	370411488	P28331	rs370411488	V228A	0.999		P28331	NADH-ubiquinone oxidoreductase 75 kDa subunit, mitochondrial	Homo sapiens	Encontrado	https://alphafold.ebi.ac.uk/entry/P28331
NDUFS1	missense_variant	likely pathogenic, pathogenic	370411488	P28331	rs370411488	V228A	0.0		P28331	NADH-ubiquinone oxidoreductase 75 kDa subunit, mitochondrial	Homo sapiens	Encontrado	https://alphafold.ebi.ac.uk/entry/P28331
NDUFS1	missense_variant		372243930						P28331	NADH-ubiquinone oxidoreductase 75 kDa subunit, mitochondrial	Homo sapiens	Encontrado	https://alphafold.ebi.ac.uk/entry/P28331
NDUFS1	missense_variant		372460771	P28331	rs372460771	R158C	0.997		P28331	NADH-ubiquinone oxidoreductase 75 kDa subunit, mitochondrial	Homo sapiens	Encontrado	https://alphafold.ebi.ac.uk/entry/P28331
NDUFS1	missense_variant		372460771	P28331	rs372460771	R158C	0.0		P28331	NADH-ubiquinone oxidoreductase 75 kDa subunit, mitochondrial	Homo sapiens	Encontrado	https://alphafold.ebi.ac.uk/entry/P28331
NDUFS1	missense_variant		372460771	P28331	rs372460771	R158C	0.997		P28331	NADH-ubiquinone oxidoreductase 75 kDa subunit, mitochondrial	Homo sapiens	Encontrado	https://alphafold.ebi.ac.uk/entry/P28331
NDUFS1	missense_variant		372460771	P28331	rs372460771	R158C	0.0		P28331	NADH-ubiquinone oxidoreductase 75 kDa subunit, mitochondrial	Homo sapiens	Encontrado	https://alphafold.ebi.ac.uk/entry/P28331
NDUFS1	missense_variant	uncertain significance	373241113	P28331	rs373241113	V49I	0.051		P28331	NADH-ubiquinone oxidoreductase 75 kDa subunit, mitochondrial	Homo sapiens	Encontrado	https://alphafold.ebi.ac.uk/entry/P28331
NDUFS1	missense_variant	uncertain significance	373241113	P28331	rs373241113	V49I	0.23		P28331	NADH-ubiquinone oxidoreductase 75 kDa subunit, mitochondrial	Homo sapiens	Encontrado	https://alphafold.ebi.ac.uk/entry/P28331
NDUFS1	missense_variant	uncertain significance	373339826	P28331	rs373339826	H444Y	0.073		P28331	NADH-ubiquinone oxidoreductase 75 kDa subunit, mitochondrial	Homo sapiens	Encontrado	https://alphafold.ebi.ac.uk/entry/P28331
NDUFS1	missense_variant	uncertain significance	373339826	P28331	rs373339826	H444Y	0.24		P28331	NADH-ubiquinone oxidoreductase 75 kDa subunit, mitochondrial	Homo sapiens	Encontrado	https://alphafold.ebi.ac.uk/entry/P28331
NDUFS1	missense_variant	uncertain significance	373370557						P28331	NADH-ubiquinone oxidoreductase 75 kDa subunit, mitochondrial	Homo sapiens	Encontrado	https://alphafold.ebi.ac.uk/entry/P28331
NDUFS1	missense_variant	uncertain significance	373434545	P28331	rs373434545	A587P	0.995		P28331	NADH-ubiquinone oxidoreductase 75 kDa subunit, mitochondrial	Homo sapiens	Encontrado	https://alphafold.ebi.ac.uk/entry/P28331
NDUFS1	missense_variant	uncertain significance	373434545	P28331	rs373434545	A587P	0.0		P28331	NADH-ubiquinone oxidoreductase 75 kDa subunit, mitochondrial	Homo sapiens	Encontrado	https://alphafold.ebi.ac.uk/entry/P28331
NDUFS1	missense_variant		373604746						P28331	NADH-ubiquinone oxidoreductase 75 kDa subunit, mitochondrial	Homo sapiens	Encontrado	https://alphafold.ebi.ac.uk/entry/P28331
NDUFS1	missense_variant	uncertain significance	373855009						P28331	NADH-ubiquinone oxidoreductase 75 kDa subunit, mitochondrial	Homo sapiens	Encontrado	https://alphafold.ebi.ac.uk/entry/P28331
NDUFS1	missense_variant		373870579	P28331	rs373870579	R501W	0.773		P28331	NADH-ubiquinone oxidoreductase 75 kDa subunit, mitochondrial	Homo sapiens	Encontrado	https://alphafold.ebi.ac.uk/entry/P28331
NDUFS1	missense_variant		373870579	P28331	rs373870579	R501W	0.01		P28331	NADH-ubiquinone oxidoreductase 75 kDa subunit, mitochondrial	Homo sapiens	Encontrado	https://alphafold.ebi.ac.uk/entry/P28331
NDUFS1	missense_variant		373870579	P28331	rs373870579	R501W	0.769		P28331	NADH-ubiquinone oxidoreductase 75 kDa subunit, mitochondrial	Homo sapiens	Encontrado	https://alphafold.ebi.ac.uk/entry/P28331
NDUFS1	missense_variant		373870579	P28331	rs373870579	R501W	0.0		P28331	NADH-ubiquinone oxidoreductase 75 kDa subunit, mitochondrial	Homo sapiens	Encontrado	https://alphafold.ebi.ac.uk/entry/P28331
NDUFS1	missense_variant		374204441						P28331	NADH-ubiquinone oxidoreductase 75 kDa subunit, mitochondrial	Homo sapiens	Encontrado	https://alphafold.ebi.ac.uk/entry/P28331
NDUFS1	missense_variant		375475783						P28331	NADH-ubiquinone oxidoreductase 75 kDa subunit, mitochondrial	Homo sapiens	Encontrado	https://alphafold.ebi.ac.uk/entry/P28331
NDUFS1	missense_variant		376059212						P28331	NADH-ubiquinone oxidoreductase 75 kDa subunit, mitochondrial	Homo sapiens	Encontrado	https://alphafold.ebi.ac.uk/entry/P28331
NDUFS1	missense_variant		376206099						P28331	NADH-ubiquinone oxidoreductase 75 kDa subunit, mitochondrial	Homo sapiens	Encontrado	https://alphafold.ebi.ac.uk/entry/P28331
NDUFS1	missense_variant		377157717						P28331	NADH-ubiquinone oxidoreductase 75 kDa subunit, mitochondrial	Homo sapiens	Encontrado	https://alphafold.ebi.ac.uk/entry/P28331
NDUFS1	missense_variant	uncertain significance	377385575	P28331	rs377385575	T556P	0.682		P28331	NADH-ubiquinone oxidoreductase 75 kDa subunit, mitochondrial	Homo sapiens	Encontrado	https://alphafold.ebi.ac.uk/entry/P28331
NDUFS1	missense_variant	uncertain significance	377385575	P28331	rs377385575	T556P	0.02		P28331	NADH-ubiquinone oxidoreductase 75 kDa subunit, mitochondrial	Homo sapiens	Encontrado	https://alphafold.ebi.ac.uk/entry/P28331
NDUFS1	missense_variant	likely pathogenic, pathogenic	387907199	P28331	rs387907199	T595A	0.944		P28331	NADH-ubiquinone oxidoreductase 75 kDa subunit, mitochondrial	Homo sapiens	Encontrado	https://alphafold.ebi.ac.uk/entry/P28331
NDUFS1	missense_variant	likely pathogenic, pathogenic	387907199	P28331	rs387907199	T595A	0.0		P28331	NADH-ubiquinone oxidoreductase 75 kDa subunit, mitochondrial	Homo sapiens	Encontrado	https://alphafold.ebi.ac.uk/entry/P28331
NDUFS1	missense_variant	pathogenic	397515447	P28331	rs397515447	D619N	1.0		P28331	NADH-ubiquinone oxidoreductase 75 kDa subunit, mitochondrial	Homo sapiens	Encontrado	https://alphafold.ebi.ac.uk/entry/P28331
NDUFS1	missense_variant	pathogenic	397515447	P28331	rs397515447	D619N	0.0		P28331	NADH-ubiquinone oxidoreductase 75 kDa subunit, mitochondrial	Homo sapiens	Encontrado	https://alphafold.ebi.ac.uk/entry/P28331
NDUFS1	missense_variant	uncertain significance	535061302	P28331	rs535061302	S495G	0.035		P28331	NADH-ubiquinone oxidoreductase 75 kDa subunit, mitochondrial	Homo sapiens	Encontrado	https://alphafold.ebi.ac.uk/entry/P28331
NDUFS1	missense_variant	uncertain significance	535061302	P28331	rs535061302	S495G	0.17		P28331	NADH-ubiquinone oxidoreductase 75 kDa subunit, mitochondrial	Homo sapiens	Encontrado	https://alphafold.ebi.ac.uk/entry/P28331
NDUFS1	missense_variant		540872475						P28331	NADH-ubiquinone oxidoreductase 75 kDa subunit, mitochondrial	Homo sapiens	Encontrado	https://alphafold.ebi.ac.uk/entry/P28331
NDUFS1	missense_variant		541397730						P28331	NADH-ubiquinone oxidoreductase 75 kDa subunit, mitochondrial	Homo sapiens	Encontrado	https://alphafold.ebi.ac.uk/entry/P28331
NDUFS1	missense_variant		543614624						P28331	NADH-ubiquinone oxidoreductase 75 kDa subunit, mitochondrial	Homo sapiens	Encontrado	https://alphafold.ebi.ac.uk/entry/P28331
NDUFS1	missense_variant		544910020						P28331	NADH-ubiquinone oxidoreductase 75 kDa subunit, mitochondrial	Homo sapiens	Encontrado	https://alphafold.ebi.ac.uk/entry/P28331
NDUFS1	missense_variant		548678994						P28331	NADH-ubiquinone oxidoreductase 75 kDa subunit, mitochondrial	Homo sapiens	Encontrado	https://alphafold.ebi.ac.uk/entry/P28331
NDUFS1	missense_variant	uncertain significance	552022167						P28331	NADH-ubiquinone oxidoreductase 75 kDa subunit, mitochondrial	Homo sapiens	Encontrado	https://alphafold.ebi.ac.uk/entry/P28331
NDUFS1	missense_variant		555455143						P28331	NADH-ubiquinone oxidoreductase 75 kDa subunit, mitochondrial	Homo sapiens	Encontrado	https://alphafold.ebi.ac.uk/entry/P28331
NDUFS1	missense_variant	uncertain significance	559147044	P28331	rs559147044	R158H	0.992		P28331	NADH-ubiquinone oxidoreductase 75 kDa subunit, mitochondrial	Homo sapiens	Encontrado	https://alphafold.ebi.ac.uk/entry/P28331
NDUFS1	missense_variant	uncertain significance	559147044	P28331	rs559147044	R158H	0.0		P28331	NADH-ubiquinone oxidoreductase 75 kDa subunit, mitochondrial	Homo sapiens	Encontrado	https://alphafold.ebi.ac.uk/entry/P28331
NDUFS1	missense_variant		560239958						P28331	NADH-ubiquinone oxidoreductase 75 kDa subunit, mitochondrial	Homo sapiens	Encontrado	https://alphafold.ebi.ac.uk/entry/P28331
NDUFS1	missense_variant		564246283						P28331	NADH-ubiquinone oxidoreductase 75 kDa subunit, mitochondrial	Homo sapiens	Encontrado	https://alphafold.ebi.ac.uk/entry/P28331
NDUFS1	missense_variant		568148418						P28331	NADH-ubiquinone oxidoreductase 75 kDa subunit, mitochondrial	Homo sapiens	Encontrado	https://alphafold.ebi.ac.uk/entry/P28331
NDUFS1	missense_variant	likely benign	568816931						P28331	NADH-ubiquinone oxidoreductase 75 kDa subunit, mitochondrial	Homo sapiens	Encontrado	https://alphafold.ebi.ac.uk/entry/P28331
NDUFS1	missense_variant		572489872						P28331	NADH-ubiquinone oxidoreductase 75 kDa subunit, mitochondrial	Homo sapiens	Encontrado	https://alphafold.ebi.ac.uk/entry/P28331
NDUFS1	missense_variant	uncertain significance	572955128	P28331	rs572955128	R181G	1.0		P28331	NADH-ubiquinone oxidoreductase 75 kDa subunit, mitochondrial	Homo sapiens	Encontrado	https://alphafold.ebi.ac.uk/entry/P28331
NDUFS1	missense_variant	uncertain significance	572955128	P28331	rs572955128	R181G	0.0		P28331	NADH-ubiquinone oxidoreductase 75 kDa subunit, mitochondrial	Homo sapiens	Encontrado	https://alphafold.ebi.ac.uk/entry/P28331
NDUFS1	missense_variant		573632687						P28331	NADH-ubiquinone oxidoreductase 75 kDa subunit, mitochondrial	Homo sapiens	Encontrado	https://alphafold.ebi.ac.uk/entry/P28331
NDUFS1	missense_variant	uncertain significance	576454844	P28331	rs576454844	K712R	0.013		P28331	NADH-ubiquinone oxidoreductase 75 kDa subunit, mitochondrial	Homo sapiens	Encontrado	https://alphafold.ebi.ac.uk/entry/P28331
NDUFS1	missense_variant	uncertain significance	576454844	P28331	rs576454844	K712R	0.2		P28331	NADH-ubiquinone oxidoreductase 75 kDa subunit, mitochondrial	Homo sapiens	Encontrado	https://alphafold.ebi.ac.uk/entry/P28331
NDUFS1	missense_variant	uncertain significance	62195386	P28331	rs62195386	D194Y	0.967		P28331	NADH-ubiquinone oxidoreductase 75 kDa subunit, mitochondrial	Homo sapiens	Encontrado	https://alphafold.ebi.ac.uk/entry/P28331
NDUFS1	missense_variant	uncertain significance	62195386	P28331	rs62195386	D194Y	0.0		P28331	NADH-ubiquinone oxidoreductase 75 kDa subunit, mitochondrial	Homo sapiens	Encontrado	https://alphafold.ebi.ac.uk/entry/P28331
NDUFS1	missense_variant		745378310						P28331	NADH-ubiquinone oxidoreductase 75 kDa subunit, mitochondrial	Homo sapiens	Encontrado	https://alphafold.ebi.ac.uk/entry/P28331
NDUFS1	missense_variant		745539815						P28331	NADH-ubiquinone oxidoreductase 75 kDa subunit, mitochondrial	Homo sapiens	Encontrado	https://alphafold.ebi.ac.uk/entry/P28331
NDUFS1	missense_variant		745702497						P28331	NADH-ubiquinone oxidoreductase 75 kDa subunit, mitochondrial	Homo sapiens	Encontrado	https://alphafold.ebi.ac.uk/entry/P28331
NDUFS1	missense_variant		745762935						P28331	NADH-ubiquinone oxidoreductase 75 kDa subunit, mitochondrial	Homo sapiens	Encontrado	https://alphafold.ebi.ac.uk/entry/P28331
NDUFS1	missense_variant		745926990	P28331	rs745926990	P449S	0.41		P28331	NADH-ubiquinone oxidoreductase 75 kDa subunit, mitochondrial	Homo sapiens	Encontrado	https://alphafold.ebi.ac.uk/entry/P28331
NDUFS1	missense_variant		745926990	P28331	rs745926990	P449S	0.12		P28331	NADH-ubiquinone oxidoreductase 75 kDa subunit, mitochondrial	Homo sapiens	Encontrado	https://alphafold.ebi.ac.uk/entry/P28331
NDUFS1	missense_variant		745926990	P28331	rs745926990	P449S	0.421		P28331	NADH-ubiquinone oxidoreductase 75 kDa subunit, mitochondrial	Homo sapiens	Encontrado	https://alphafold.ebi.ac.uk/entry/P28331
NDUFS1	missense_variant		745926990	P28331	rs745926990	P449S	0.27		P28331	NADH-ubiquinone oxidoreductase 75 kDa subunit, mitochondrial	Homo sapiens	Encontrado	https://alphafold.ebi.ac.uk/entry/P28331
NDUFS1	missense_variant	uncertain significance	746089657	P28331	rs746089657	I341V	0.014		P28331	NADH-ubiquinone oxidoreductase 75 kDa subunit, mitochondrial	Homo sapiens	Encontrado	https://alphafold.ebi.ac.uk/entry/P28331
NDUFS1	missense_variant	uncertain significance	746089657	P28331	rs746089657	I341V	0.87		P28331	NADH-ubiquinone oxidoreductase 75 kDa subunit, mitochondrial	Homo sapiens	Encontrado	https://alphafold.ebi.ac.uk/entry/P28331
NDUFS1	missense_variant		746289681	P28331	rs746289681	V253I	0.589		P28331	NADH-ubiquinone oxidoreductase 75 kDa subunit, mitochondrial	Homo sapiens	Encontrado	https://alphafold.ebi.ac.uk/entry/P28331
NDUFS1	missense_variant		746289681	P28331	rs746289681	V253I	0.02		P28331	NADH-ubiquinone oxidoreductase 75 kDa subunit, mitochondrial	Homo sapiens	Encontrado	https://alphafold.ebi.ac.uk/entry/P28331
NDUFS1	missense_variant		746289681	P28331	rs746289681	V253I	0.599		P28331	NADH-ubiquinone oxidoreductase 75 kDa subunit, mitochondrial	Homo sapiens	Encontrado	https://alphafold.ebi.ac.uk/entry/P28331
NDUFS1	missense_variant		746289681	P28331	rs746289681	V253I	0.04		P28331	NADH-ubiquinone oxidoreductase 75 kDa subunit, mitochondrial	Homo sapiens	Encontrado	https://alphafold.ebi.ac.uk/entry/P28331
NDUFS1	missense_variant		746500004	P28331	rs746500004	P45A	0.248		P28331	NADH-ubiquinone oxidoreductase 75 kDa subunit, mitochondrial	Homo sapiens	Encontrado	https://alphafold.ebi.ac.uk/entry/P28331
NDUFS1	missense_variant		746500004	P28331	rs746500004	P45A	0.7		P28331	NADH-ubiquinone oxidoreductase 75 kDa subunit, mitochondrial	Homo sapiens	Encontrado	https://alphafold.ebi.ac.uk/entry/P28331
NDUFS1	missense_variant		746500004	P28331	rs746500004	P45A	0.255		P28331	NADH-ubiquinone oxidoreductase 75 kDa subunit, mitochondrial	Homo sapiens	Encontrado	https://alphafold.ebi.ac.uk/entry/P28331
NDUFS1	missense_variant		746500004	P28331	rs746500004	P45A	0.06		P28331	NADH-ubiquinone oxidoreductase 75 kDa subunit, mitochondrial	Homo sapiens	Encontrado	https://alphafold.ebi.ac.uk/entry/P28331
NDUFS1	missense_variant		746624908						P28331	NADH-ubiquinone oxidoreductase 75 kDa subunit, mitochondrial	Homo sapiens	Encontrado	https://alphafold.ebi.ac.uk/entry/P28331
NDUFS1	missense_variant		746665040						P28331	NADH-ubiquinone oxidoreductase 75 kDa subunit, mitochondrial	Homo sapiens	Encontrado	https://alphafold.ebi.ac.uk/entry/P28331
NDUFS1	missense_variant		746942722						P28331	NADH-ubiquinone oxidoreductase 75 kDa subunit, mitochondrial	Homo sapiens	Encontrado	https://alphafold.ebi.ac.uk/entry/P28331
NDUFS1	missense_variant		747108067						P28331	NADH-ubiquinone oxidoreductase 75 kDa subunit, mitochondrial	Homo sapiens	Encontrado	https://alphafold.ebi.ac.uk/entry/P28331
NDUFS1	missense_variant	likely pathogenic	747249702	P28331	rs747249702	M173R	0.999		P28331	NADH-ubiquinone oxidoreductase 75 kDa subunit, mitochondrial	Homo sapiens	Encontrado	https://alphafold.ebi.ac.uk/entry/P28331
NDUFS1	missense_variant	likely pathogenic	747249702	P28331	rs747249702	M173R	0.0		P28331	NADH-ubiquinone oxidoreductase 75 kDa subunit, mitochondrial	Homo sapiens	Encontrado	https://alphafold.ebi.ac.uk/entry/P28331
NDUFS1	missense_variant		747302489						P28331	NADH-ubiquinone oxidoreductase 75 kDa subunit, mitochondrial	Homo sapiens	Encontrado	https://alphafold.ebi.ac.uk/entry/P28331
NDUFS1	missense_variant	uncertain significance	747439898	P28331	rs747439898	Y596C	0.999		P28331	NADH-ubiquinone oxidoreductase 75 kDa subunit, mitochondrial	Homo sapiens	Encontrado	https://alphafold.ebi.ac.uk/entry/P28331
NDUFS1	missense_variant	uncertain significance	747439898	P28331	rs747439898	Y596C	0.0		P28331	NADH-ubiquinone oxidoreductase 75 kDa subunit, mitochondrial	Homo sapiens	Encontrado	https://alphafold.ebi.ac.uk/entry/P28331
NDUFS1	missense_variant		747821264						P28331	NADH-ubiquinone oxidoreductase 75 kDa subunit, mitochondrial	Homo sapiens	Encontrado	https://alphafold.ebi.ac.uk/entry/P28331
NDUFS1	missense_variant		747987044						P28331	NADH-ubiquinone oxidoreductase 75 kDa subunit, mitochondrial	Homo sapiens	Encontrado	https://alphafold.ebi.ac.uk/entry/P28331
NDUFS1	missense_variant		748215874						P28331	NADH-ubiquinone oxidoreductase 75 kDa subunit, mitochondrial	Homo sapiens	Encontrado	https://alphafold.ebi.ac.uk/entry/P28331
NDUFS1	missense_variant		748573954						P28331	NADH-ubiquinone oxidoreductase 75 kDa subunit, mitochondrial	Homo sapiens	Encontrado	https://alphafold.ebi.ac.uk/entry/P28331
NDUFS1	missense_variant		748698711						P28331	NADH-ubiquinone oxidoreductase 75 kDa subunit, mitochondrial	Homo sapiens	Encontrado	https://alphafold.ebi.ac.uk/entry/P28331
NDUFS1	missense_variant		748911049						P28331	NADH-ubiquinone oxidoreductase 75 kDa subunit, mitochondrial	Homo sapiens	Encontrado	https://alphafold.ebi.ac.uk/entry/P28331
NDUFS1	missense_variant		749299325						P28331	NADH-ubiquinone oxidoreductase 75 kDa subunit, mitochondrial	Homo sapiens	Encontrado	https://alphafold.ebi.ac.uk/entry/P28331
NDUFS1	missense_variant	uncertain significance	749532780	P28331	rs749532780	T315I	0.009		P28331	NADH-ubiquinone oxidoreductase 75 kDa subunit, mitochondrial	Homo sapiens	Encontrado	https://alphafold.ebi.ac.uk/entry/P28331
NDUFS1	missense_variant	uncertain significance	749532780	P28331	rs749532780	T315I	0.18		P28331	NADH-ubiquinone oxidoreductase 75 kDa subunit, mitochondrial	Homo sapiens	Encontrado	https://alphafold.ebi.ac.uk/entry/P28331
NDUFS1	missense_variant		749713636						P28331	NADH-ubiquinone oxidoreductase 75 kDa subunit, mitochondrial	Homo sapiens	Encontrado	https://alphafold.ebi.ac.uk/entry/P28331
NDUFS1	missense_variant		749822261						P28331	NADH-ubiquinone oxidoreductase 75 kDa subunit, mitochondrial	Homo sapiens	Encontrado	https://alphafold.ebi.ac.uk/entry/P28331
NDUFS1	missense_variant		749882367						P28331	NADH-ubiquinone oxidoreductase 75 kDa subunit, mitochondrial	Homo sapiens	Encontrado	https://alphafold.ebi.ac.uk/entry/P28331
NDUFS1	missense_variant	uncertain significance, likely pathogenic	750056825	P28331	rs750056825	S701N	0.958		P28331	NADH-ubiquinone oxidoreductase 75 kDa subunit, mitochondrial	Homo sapiens	Encontrado	https://alphafold.ebi.ac.uk/entry/P28331
NDUFS1	missense_variant	uncertain significance, likely pathogenic	750056825	P28331	rs750056825	S701N	0.0		P28331	NADH-ubiquinone oxidoreductase 75 kDa subunit, mitochondrial	Homo sapiens	Encontrado	https://alphafold.ebi.ac.uk/entry/P28331
NDUFS1	missense_variant		750157771						P28331	NADH-ubiquinone oxidoreductase 75 kDa subunit, mitochondrial	Homo sapiens	Encontrado	https://alphafold.ebi.ac.uk/entry/P28331
NDUFS1	missense_variant		750280698						P28331	NADH-ubiquinone oxidoreductase 75 kDa subunit, mitochondrial	Homo sapiens	Encontrado	https://alphafold.ebi.ac.uk/entry/P28331
NDUFS1	missense_variant		750635093						P28331	NADH-ubiquinone oxidoreductase 75 kDa subunit, mitochondrial	Homo sapiens	Encontrado	https://alphafold.ebi.ac.uk/entry/P28331
NDUFS1	missense_variant	uncertain significance	751150787	P28331	rs751150787	P412L	0.983		P28331	NADH-ubiquinone oxidoreductase 75 kDa subunit, mitochondrial	Homo sapiens	Encontrado	https://alphafold.ebi.ac.uk/entry/P28331
NDUFS1	missense_variant	uncertain significance	751150787	P28331	rs751150787	P412L	0.0		P28331	NADH-ubiquinone oxidoreductase 75 kDa subunit, mitochondrial	Homo sapiens	Encontrado	https://alphafold.ebi.ac.uk/entry/P28331
NDUFS1	missense_variant		751196227						P28331	NADH-ubiquinone oxidoreductase 75 kDa subunit, mitochondrial	Homo sapiens	Encontrado	https://alphafold.ebi.ac.uk/entry/P28331
NDUFS1	missense_variant		751226627						P28331	NADH-ubiquinone oxidoreductase 75 kDa subunit, mitochondrial	Homo sapiens	Encontrado	https://alphafold.ebi.ac.uk/entry/P28331
NDUFS1	missense_variant		751285350						P28331	NADH-ubiquinone oxidoreductase 75 kDa subunit, mitochondrial	Homo sapiens	Encontrado	https://alphafold.ebi.ac.uk/entry/P28331
NDUFS1	missense_variant		751448444						P28331	NADH-ubiquinone oxidoreductase 75 kDa subunit, mitochondrial	Homo sapiens	Encontrado	https://alphafold.ebi.ac.uk/entry/P28331
NDUFS1	missense_variant		751799318						P28331	NADH-ubiquinone oxidoreductase 75 kDa subunit, mitochondrial	Homo sapiens	Encontrado	https://alphafold.ebi.ac.uk/entry/P28331
NDUFS1	missense_variant		751913174						P28331	NADH-ubiquinone oxidoreductase 75 kDa subunit, mitochondrial	Homo sapiens	Encontrado	https://alphafold.ebi.ac.uk/entry/P28331
NDUFS1	missense_variant		752686161						P28331	NADH-ubiquinone oxidoreductase 75 kDa subunit, mitochondrial	Homo sapiens	Encontrado	https://alphafold.ebi.ac.uk/entry/P28331
NDUFS1	missense_variant		752768797						P28331	NADH-ubiquinone oxidoreductase 75 kDa subunit, mitochondrial	Homo sapiens	Encontrado	https://alphafold.ebi.ac.uk/entry/P28331
NDUFS1	missense_variant		752895529						P28331	NADH-ubiquinone oxidoreductase 75 kDa subunit, mitochondrial	Homo sapiens	Encontrado	https://alphafold.ebi.ac.uk/entry/P28331
NDUFS1	missense_variant		752946282						P28331	NADH-ubiquinone oxidoreductase 75 kDa subunit, mitochondrial	Homo sapiens	Encontrado	https://alphafold.ebi.ac.uk/entry/P28331
NDUFS1	missense_variant		752986507						P28331	NADH-ubiquinone oxidoreductase 75 kDa subunit, mitochondrial	Homo sapiens	Encontrado	https://alphafold.ebi.ac.uk/entry/P28331
NDUFS1	missense_variant		753400328						P28331	NADH-ubiquinone oxidoreductase 75 kDa subunit, mitochondrial	Homo sapiens	Encontrado	https://alphafold.ebi.ac.uk/entry/P28331
NDUFS1	missense_variant		753465234						P28331	NADH-ubiquinone oxidoreductase 75 kDa subunit, mitochondrial	Homo sapiens	Encontrado	https://alphafold.ebi.ac.uk/entry/P28331
NDUFS1	missense_variant		753523350						P28331	NADH-ubiquinone oxidoreductase 75 kDa subunit, mitochondrial	Homo sapiens	Encontrado	https://alphafold.ebi.ac.uk/entry/P28331
NDUFS1	missense_variant		753707975						P28331	NADH-ubiquinone oxidoreductase 75 kDa subunit, mitochondrial	Homo sapiens	Encontrado	https://alphafold.ebi.ac.uk/entry/P28331
NDUFS1	missense_variant	uncertain significance	753977755	P28331	rs753977755	E618G	0.607		P28331	NADH-ubiquinone oxidoreductase 75 kDa subunit, mitochondrial	Homo sapiens	Encontrado	https://alphafold.ebi.ac.uk/entry/P28331
NDUFS1	missense_variant	uncertain significance	753977755	P28331	rs753977755	E618G	0.0		P28331	NADH-ubiquinone oxidoreductase 75 kDa subunit, mitochondrial	Homo sapiens	Encontrado	https://alphafold.ebi.ac.uk/entry/P28331
NDUFS1	missense_variant		754006684						P28331	NADH-ubiquinone oxidoreductase 75 kDa subunit, mitochondrial	Homo sapiens	Encontrado	https://alphafold.ebi.ac.uk/entry/P28331
NDUFS1	missense_variant		754306243						P28331	NADH-ubiquinone oxidoreductase 75 kDa subunit, mitochondrial	Homo sapiens	Encontrado	https://alphafold.ebi.ac.uk/entry/P28331
NDUFS1	missense_variant		754560405						P28331	NADH-ubiquinone oxidoreductase 75 kDa subunit, mitochondrial	Homo sapiens	Encontrado	https://alphafold.ebi.ac.uk/entry/P28331
NDUFS1	missense_variant		754708381						P28331	NADH-ubiquinone oxidoreductase 75 kDa subunit, mitochondrial	Homo sapiens	Encontrado	https://alphafold.ebi.ac.uk/entry/P28331
NDUFS1	missense_variant		754913375	P28331	rs754913375	I726M	0.121		P28331	NADH-ubiquinone oxidoreductase 75 kDa subunit, mitochondrial	Homo sapiens	Encontrado	https://alphafold.ebi.ac.uk/entry/P28331
NDUFS1	missense_variant		754913375	P28331	rs754913375	I726M	0.01		P28331	NADH-ubiquinone oxidoreductase 75 kDa subunit, mitochondrial	Homo sapiens	Encontrado	https://alphafold.ebi.ac.uk/entry/P28331
NDUFS1	missense_variant		754913375	P28331	rs754913375	I726M	0.125		P28331	NADH-ubiquinone oxidoreductase 75 kDa subunit, mitochondrial	Homo sapiens	Encontrado	https://alphafold.ebi.ac.uk/entry/P28331
NDUFS1	missense_variant		754913375	P28331	rs754913375	I726M	0.02		P28331	NADH-ubiquinone oxidoreductase 75 kDa subunit, mitochondrial	Homo sapiens	Encontrado	https://alphafold.ebi.ac.uk/entry/P28331
NDUFS1	missense_variant		755086617						P28331	NADH-ubiquinone oxidoreductase 75 kDa subunit, mitochondrial	Homo sapiens	Encontrado	https://alphafold.ebi.ac.uk/entry/P28331
NDUFS1	missense_variant		755188414						P28331	NADH-ubiquinone oxidoreductase 75 kDa subunit, mitochondrial	Homo sapiens	Encontrado	https://alphafold.ebi.ac.uk/entry/P28331
NDUFS1	missense_variant		755418781						P28331	NADH-ubiquinone oxidoreductase 75 kDa subunit, mitochondrial	Homo sapiens	Encontrado	https://alphafold.ebi.ac.uk/entry/P28331
NDUFS1	missense_variant	uncertain significance	755478033	P28331	rs755478033	S187T	0.038		P28331	NADH-ubiquinone oxidoreductase 75 kDa subunit, mitochondrial	Homo sapiens	Encontrado	https://alphafold.ebi.ac.uk/entry/P28331
NDUFS1	missense_variant	uncertain significance	755478033	P28331	rs755478033	S187T	0.05		P28331	NADH-ubiquinone oxidoreductase 75 kDa subunit, mitochondrial	Homo sapiens	Encontrado	https://alphafold.ebi.ac.uk/entry/P28331
NDUFS1	missense_variant	uncertain significance	755681983	P28331	rs755681983	I700V	0.59		P28331	NADH-ubiquinone oxidoreductase 75 kDa subunit, mitochondrial	Homo sapiens	Encontrado	https://alphafold.ebi.ac.uk/entry/P28331
NDUFS1	missense_variant	uncertain significance	755681983	P28331	rs755681983	I700V	0.11		P28331	NADH-ubiquinone oxidoreductase 75 kDa subunit, mitochondrial	Homo sapiens	Encontrado	https://alphafold.ebi.ac.uk/entry/P28331
NDUFS1	missense_variant		756331701						P28331	NADH-ubiquinone oxidoreductase 75 kDa subunit, mitochondrial	Homo sapiens	Encontrado	https://alphafold.ebi.ac.uk/entry/P28331
NDUFS1	missense_variant	uncertain significance	75666426	P28331	rs75666426	T303S	0.066		P28331	NADH-ubiquinone oxidoreductase 75 kDa subunit, mitochondrial	Homo sapiens	Encontrado	https://alphafold.ebi.ac.uk/entry/P28331
NDUFS1	missense_variant	uncertain significance	75666426	P28331	rs75666426	T303S	0.08		P28331	NADH-ubiquinone oxidoreductase 75 kDa subunit, mitochondrial	Homo sapiens	Encontrado	https://alphafold.ebi.ac.uk/entry/P28331
NDUFS1	missense_variant		756798687						P28331	NADH-ubiquinone oxidoreductase 75 kDa subunit, mitochondrial	Homo sapiens	Encontrado	https://alphafold.ebi.ac.uk/entry/P28331
NDUFS1	missense_variant	uncertain significance	757139275	P28331	rs757139275	D132E	1.0		P28331	NADH-ubiquinone oxidoreductase 75 kDa subunit, mitochondrial	Homo sapiens	Encontrado	https://alphafold.ebi.ac.uk/entry/P28331
NDUFS1	missense_variant	uncertain significance	757139275	P28331	rs757139275	D132E	0.0		P28331	NADH-ubiquinone oxidoreductase 75 kDa subunit, mitochondrial	Homo sapiens	Encontrado	https://alphafold.ebi.ac.uk/entry/P28331
NDUFS1	missense_variant		757211486						P28331	NADH-ubiquinone oxidoreductase 75 kDa subunit, mitochondrial	Homo sapiens	Encontrado	https://alphafold.ebi.ac.uk/entry/P28331
NDUFS1	missense_variant	uncertain significance	757426469	P28331	rs757426469	K450R	0.009		P28331	NADH-ubiquinone oxidoreductase 75 kDa subunit, mitochondrial	Homo sapiens	Encontrado	https://alphafold.ebi.ac.uk/entry/P28331
NDUFS1	missense_variant	uncertain significance	757426469	P28331	rs757426469	K450R	0.16		P28331	NADH-ubiquinone oxidoreductase 75 kDa subunit, mitochondrial	Homo sapiens	Encontrado	https://alphafold.ebi.ac.uk/entry/P28331
NDUFS1	missense_variant		757845380						P28331	NADH-ubiquinone oxidoreductase 75 kDa subunit, mitochondrial	Homo sapiens	Encontrado	https://alphafold.ebi.ac.uk/entry/P28331
NDUFS1	missense_variant		757905667						P28331	NADH-ubiquinone oxidoreductase 75 kDa subunit, mitochondrial	Homo sapiens	Encontrado	https://alphafold.ebi.ac.uk/entry/P28331
NDUFS1	missense_variant		757997251	P28331	rs757997251	P532S	0.091		P28331	NADH-ubiquinone oxidoreductase 75 kDa subunit, mitochondrial	Homo sapiens	Encontrado	https://alphafold.ebi.ac.uk/entry/P28331
NDUFS1	missense_variant		757997251	P28331	rs757997251	P532S	0.09		P28331	NADH-ubiquinone oxidoreductase 75 kDa subunit, mitochondrial	Homo sapiens	Encontrado	https://alphafold.ebi.ac.uk/entry/P28331
NDUFS1	missense_variant		757997251	P28331	rs757997251	P532S	0.095		P28331	NADH-ubiquinone oxidoreductase 75 kDa subunit, mitochondrial	Homo sapiens	Encontrado	https://alphafold.ebi.ac.uk/entry/P28331
NDUFS1	missense_variant		757997251	P28331	rs757997251	P532S	0.18		P28331	NADH-ubiquinone oxidoreductase 75 kDa subunit, mitochondrial	Homo sapiens	Encontrado	https://alphafold.ebi.ac.uk/entry/P28331
NDUFS1	missense_variant	uncertain significance	758095913	P28331	rs758095913	I455V	0.02		P28331	NADH-ubiquinone oxidoreductase 75 kDa subunit, mitochondrial	Homo sapiens	Encontrado	https://alphafold.ebi.ac.uk/entry/P28331
NDUFS1	missense_variant	uncertain significance	758095913	P28331	rs758095913	I455V	0.13		P28331	NADH-ubiquinone oxidoreductase 75 kDa subunit, mitochondrial	Homo sapiens	Encontrado	https://alphafold.ebi.ac.uk/entry/P28331
NDUFS1	missense_variant		758335337						P28331	NADH-ubiquinone oxidoreductase 75 kDa subunit, mitochondrial	Homo sapiens	Encontrado	https://alphafold.ebi.ac.uk/entry/P28331
NDUFS1	missense_variant		758547274						P28331	NADH-ubiquinone oxidoreductase 75 kDa subunit, mitochondrial	Homo sapiens	Encontrado	https://alphafold.ebi.ac.uk/entry/P28331
NDUFS1	missense_variant		758812314						P28331	NADH-ubiquinone oxidoreductase 75 kDa subunit, mitochondrial	Homo sapiens	Encontrado	https://alphafold.ebi.ac.uk/entry/P28331
NDUFS1	missense_variant		758927053						P28331	NADH-ubiquinone oxidoreductase 75 kDa subunit, mitochondrial	Homo sapiens	Encontrado	https://alphafold.ebi.ac.uk/entry/P28331
NDUFS1	missense_variant		758964089						P28331	NADH-ubiquinone oxidoreductase 75 kDa subunit, mitochondrial	Homo sapiens	Encontrado	https://alphafold.ebi.ac.uk/entry/P28331
NDUFS1	missense_variant	uncertain significance	758981403	P28331	rs758981403	Q605L	0.021		P28331	NADH-ubiquinone oxidoreductase 75 kDa subunit, mitochondrial	Homo sapiens	Encontrado	https://alphafold.ebi.ac.uk/entry/P28331
NDUFS1	missense_variant	uncertain significance	758981403	P28331	rs758981403	Q605L	0.18		P28331	NADH-ubiquinone oxidoreductase 75 kDa subunit, mitochondrial	Homo sapiens	Encontrado	https://alphafold.ebi.ac.uk/entry/P28331
NDUFS1	missense_variant		759300944						P28331	NADH-ubiquinone oxidoreductase 75 kDa subunit, mitochondrial	Homo sapiens	Encontrado	https://alphafold.ebi.ac.uk/entry/P28331
NDUFS1	missense_variant		759780584						P28331	NADH-ubiquinone oxidoreductase 75 kDa subunit, mitochondrial	Homo sapiens	Encontrado	https://alphafold.ebi.ac.uk/entry/P28331
NDUFS1	missense_variant	uncertain significance	759823916	P28331	rs759823916	A52T	1.0		P28331	NADH-ubiquinone oxidoreductase 75 kDa subunit, mitochondrial	Homo sapiens	Encontrado	https://alphafold.ebi.ac.uk/entry/P28331
NDUFS1	missense_variant	uncertain significance	759823916	P28331	rs759823916	A52T	0.0		P28331	NADH-ubiquinone oxidoreductase 75 kDa subunit, mitochondrial	Homo sapiens	Encontrado	https://alphafold.ebi.ac.uk/entry/P28331
NDUFS1	missense_variant		760275777						P28331	NADH-ubiquinone oxidoreductase 75 kDa subunit, mitochondrial	Homo sapiens	Encontrado	https://alphafold.ebi.ac.uk/entry/P28331
NDUFS1	missense_variant		760386524						P28331	NADH-ubiquinone oxidoreductase 75 kDa subunit, mitochondrial	Homo sapiens	Encontrado	https://alphafold.ebi.ac.uk/entry/P28331
NDUFS1	missense_variant		760528911						P28331	NADH-ubiquinone oxidoreductase 75 kDa subunit, mitochondrial	Homo sapiens	Encontrado	https://alphafold.ebi.ac.uk/entry/P28331
NDUFS1	missense_variant		761185020						P28331	NADH-ubiquinone oxidoreductase 75 kDa subunit, mitochondrial	Homo sapiens	Encontrado	https://alphafold.ebi.ac.uk/entry/P28331
NDUFS1	missense_variant	uncertain significance	761372572	P28331	rs761372572	F292L	0.977		P28331	NADH-ubiquinone oxidoreductase 75 kDa subunit, mitochondrial	Homo sapiens	Encontrado	https://alphafold.ebi.ac.uk/entry/P28331
NDUFS1	missense_variant	uncertain significance	761372572	P28331	rs761372572	F292L	0.0		P28331	NADH-ubiquinone oxidoreductase 75 kDa subunit, mitochondrial	Homo sapiens	Encontrado	https://alphafold.ebi.ac.uk/entry/P28331
NDUFS1	missense_variant		761387021						P28331	NADH-ubiquinone oxidoreductase 75 kDa subunit, mitochondrial	Homo sapiens	Encontrado	https://alphafold.ebi.ac.uk/entry/P28331
NDUFS1	missense_variant		761520048						P28331	NADH-ubiquinone oxidoreductase 75 kDa subunit, mitochondrial	Homo sapiens	Encontrado	https://alphafold.ebi.ac.uk/entry/P28331
NDUFS1	missense_variant	uncertain significance	761692097	P28331	rs761692097	R382H	0.979		P28331	NADH-ubiquinone oxidoreductase 75 kDa subunit, mitochondrial	Homo sapiens	Encontrado	https://alphafold.ebi.ac.uk/entry/P28331
NDUFS1	missense_variant	uncertain significance	761692097	P28331	rs761692097	R382H	0.01		P28331	NADH-ubiquinone oxidoreductase 75 kDa subunit, mitochondrial	Homo sapiens	Encontrado	https://alphafold.ebi.ac.uk/entry/P28331
NDUFS1	missense_variant		761897749						P28331	NADH-ubiquinone oxidoreductase 75 kDa subunit, mitochondrial	Homo sapiens	Encontrado	https://alphafold.ebi.ac.uk/entry/P28331
NDUFS1	missense_variant		761929467						P28331	NADH-ubiquinone oxidoreductase 75 kDa subunit, mitochondrial	Homo sapiens	Encontrado	https://alphafold.ebi.ac.uk/entry/P28331
NDUFS1	missense_variant	uncertain significance	762228459	P28331	rs762228459	P542S	0.8		P28331	NADH-ubiquinone oxidoreductase 75 kDa subunit, mitochondrial	Homo sapiens	Encontrado	https://alphafold.ebi.ac.uk/entry/P28331
NDUFS1	missense_variant	uncertain significance	762228459	P28331	rs762228459	P542S	0.01		P28331	NADH-ubiquinone oxidoreductase 75 kDa subunit, mitochondrial	Homo sapiens	Encontrado	https://alphafold.ebi.ac.uk/entry/P28331
NDUFS1	missense_variant	uncertain significance	762397149	P28331	rs762397149	V326I	0.197		P28331	NADH-ubiquinone oxidoreductase 75 kDa subunit, mitochondrial	Homo sapiens	Encontrado	https://alphafold.ebi.ac.uk/entry/P28331
NDUFS1	missense_variant	uncertain significance	762397149	P28331	rs762397149	V326I	0.26		P28331	NADH-ubiquinone oxidoreductase 75 kDa subunit, mitochondrial	Homo sapiens	Encontrado	https://alphafold.ebi.ac.uk/entry/P28331
NDUFS1	missense_variant		762701423						P28331	NADH-ubiquinone oxidoreductase 75 kDa subunit, mitochondrial	Homo sapiens	Encontrado	https://alphafold.ebi.ac.uk/entry/P28331
NDUFS1	missense_variant		762879450						P28331	NADH-ubiquinone oxidoreductase 75 kDa subunit, mitochondrial	Homo sapiens	Encontrado	https://alphafold.ebi.ac.uk/entry/P28331
NDUFS1	missense_variant		762896441						P28331	NADH-ubiquinone oxidoreductase 75 kDa subunit, mitochondrial	Homo sapiens	Encontrado	https://alphafold.ebi.ac.uk/entry/P28331
NDUFS1	missense_variant		763142775						P28331	NADH-ubiquinone oxidoreductase 75 kDa subunit, mitochondrial	Homo sapiens	Encontrado	https://alphafold.ebi.ac.uk/entry/P28331
NDUFS1	missense_variant		763325213						P28331	NADH-ubiquinone oxidoreductase 75 kDa subunit, mitochondrial	Homo sapiens	Encontrado	https://alphafold.ebi.ac.uk/entry/P28331
NDUFS1	missense_variant		763637133						P28331	NADH-ubiquinone oxidoreductase 75 kDa subunit, mitochondrial	Homo sapiens	Encontrado	https://alphafold.ebi.ac.uk/entry/P28331
NDUFS1	missense_variant	uncertain significance	763697779	P28331	rs763697779	M94V	0.902		P28331	NADH-ubiquinone oxidoreductase 75 kDa subunit, mitochondrial	Homo sapiens	Encontrado	https://alphafold.ebi.ac.uk/entry/P28331
NDUFS1	missense_variant	uncertain significance	763697779	P28331	rs763697779	M94V	0.0		P28331	NADH-ubiquinone oxidoreductase 75 kDa subunit, mitochondrial	Homo sapiens	Encontrado	https://alphafold.ebi.ac.uk/entry/P28331
NDUFS1	missense_variant	uncertain significance	764286995	P28331	rs764286995	V544L	0.003		P28331	NADH-ubiquinone oxidoreductase 75 kDa subunit, mitochondrial	Homo sapiens	Encontrado	https://alphafold.ebi.ac.uk/entry/P28331
NDUFS1	missense_variant	uncertain significance	764286995	P28331	rs764286995	V544L	0.27		P28331	NADH-ubiquinone oxidoreductase 75 kDa subunit, mitochondrial	Homo sapiens	Encontrado	https://alphafold.ebi.ac.uk/entry/P28331
NDUFS1	missense_variant	uncertain significance	764371466	P28331	rs764371466	T24I	0.07		P28331	NADH-ubiquinone oxidoreductase 75 kDa subunit, mitochondrial	Homo sapiens	Encontrado	https://alphafold.ebi.ac.uk/entry/P28331
NDUFS1	missense_variant	uncertain significance	764371466	P28331	rs764371466	T24I	0.16		P28331	NADH-ubiquinone oxidoreductase 75 kDa subunit, mitochondrial	Homo sapiens	Encontrado	https://alphafold.ebi.ac.uk/entry/P28331
NDUFS1	missense_variant	uncertain significance	764520533	P28331	rs764520533	A159V	0.992		P28331	NADH-ubiquinone oxidoreductase 75 kDa subunit, mitochondrial	Homo sapiens	Encontrado	https://alphafold.ebi.ac.uk/entry/P28331
NDUFS1	missense_variant	uncertain significance	764520533	P28331	rs764520533	A159V	0.0		P28331	NADH-ubiquinone oxidoreductase 75 kDa subunit, mitochondrial	Homo sapiens	Encontrado	https://alphafold.ebi.ac.uk/entry/P28331
NDUFS1	missense_variant	uncertain significance	764561804	P28331	rs764561804	V338M	0.027		P28331	NADH-ubiquinone oxidoreductase 75 kDa subunit, mitochondrial	Homo sapiens	Encontrado	https://alphafold.ebi.ac.uk/entry/P28331
NDUFS1	missense_variant	uncertain significance	764561804	P28331	rs764561804	V338M	0.34		P28331	NADH-ubiquinone oxidoreductase 75 kDa subunit, mitochondrial	Homo sapiens	Encontrado	https://alphafold.ebi.ac.uk/entry/P28331
NDUFS1	missense_variant	uncertain significance	765436915	P28331	rs765436915	T374A	0.009		P28331	NADH-ubiquinone oxidoreductase 75 kDa subunit, mitochondrial	Homo sapiens	Encontrado	https://alphafold.ebi.ac.uk/entry/P28331
NDUFS1	missense_variant	uncertain significance	765436915	P28331	rs765436915	T374A	0.8		P28331	NADH-ubiquinone oxidoreductase 75 kDa subunit, mitochondrial	Homo sapiens	Encontrado	https://alphafold.ebi.ac.uk/entry/P28331
NDUFS1	missense_variant		765491409						P28331	NADH-ubiquinone oxidoreductase 75 kDa subunit, mitochondrial	Homo sapiens	Encontrado	https://alphafold.ebi.ac.uk/entry/P28331
NDUFS1	missense_variant	uncertain significance	765677840	P28331	rs765677840	C710Y	0.996		P28331	NADH-ubiquinone oxidoreductase 75 kDa subunit, mitochondrial	Homo sapiens	Encontrado	https://alphafold.ebi.ac.uk/entry/P28331
NDUFS1	missense_variant	uncertain significance	765677840	P28331	rs765677840	C710Y	0.0		P28331	NADH-ubiquinone oxidoreductase 75 kDa subunit, mitochondrial	Homo sapiens	Encontrado	https://alphafold.ebi.ac.uk/entry/P28331
NDUFS1	missense_variant		766376147						P28331	NADH-ubiquinone oxidoreductase 75 kDa subunit, mitochondrial	Homo sapiens	Encontrado	https://alphafold.ebi.ac.uk/entry/P28331
NDUFS1	missense_variant		767064001						P28331	NADH-ubiquinone oxidoreductase 75 kDa subunit, mitochondrial	Homo sapiens	Encontrado	https://alphafold.ebi.ac.uk/entry/P28331
NDUFS1	missense_variant	likely pathogenic	767122069	P28331	rs767122069	A703T	0.823		P28331	NADH-ubiquinone oxidoreductase 75 kDa subunit, mitochondrial	Homo sapiens	Encontrado	https://alphafold.ebi.ac.uk/entry/P28331
NDUFS1	missense_variant	likely pathogenic	767122069	P28331	rs767122069	A703T	0.0		P28331	NADH-ubiquinone oxidoreductase 75 kDa subunit, mitochondrial	Homo sapiens	Encontrado	https://alphafold.ebi.ac.uk/entry/P28331
NDUFS1	missense_variant		767143264						P28331	NADH-ubiquinone oxidoreductase 75 kDa subunit, mitochondrial	Homo sapiens	Encontrado	https://alphafold.ebi.ac.uk/entry/P28331
NDUFS1	missense_variant	uncertain significance	767457281	P28331	rs767457281	R22Q	0.007		P28331	NADH-ubiquinone oxidoreductase 75 kDa subunit, mitochondrial	Homo sapiens	Encontrado	https://alphafold.ebi.ac.uk/entry/P28331
NDUFS1	missense_variant	uncertain significance	767457281	P28331	rs767457281	R22Q	0.06		P28331	NADH-ubiquinone oxidoreductase 75 kDa subunit, mitochondrial	Homo sapiens	Encontrado	https://alphafold.ebi.ac.uk/entry/P28331
NDUFS1	missense_variant	uncertain significance	767457281	P28331	rs767457281	R22Q	0.007		P28331	NADH-ubiquinone oxidoreductase 75 kDa subunit, mitochondrial	Homo sapiens	Encontrado	https://alphafold.ebi.ac.uk/entry/P28331
NDUFS1	missense_variant	uncertain significance	767457281	P28331	rs767457281	R22Q	0.1		P28331	NADH-ubiquinone oxidoreductase 75 kDa subunit, mitochondrial	Homo sapiens	Encontrado	https://alphafold.ebi.ac.uk/entry/P28331
NDUFS1	missense_variant		767510289						P28331	NADH-ubiquinone oxidoreductase 75 kDa subunit, mitochondrial	Homo sapiens	Encontrado	https://alphafold.ebi.ac.uk/entry/P28331
NDUFS1	missense_variant	uncertain significance	768062085	P28331	rs768062085	R538Q	0.041		P28331	NADH-ubiquinone oxidoreductase 75 kDa subunit, mitochondrial	Homo sapiens	Encontrado	https://alphafold.ebi.ac.uk/entry/P28331
NDUFS1	missense_variant	uncertain significance	768062085	P28331	rs768062085	R538Q	0.09		P28331	NADH-ubiquinone oxidoreductase 75 kDa subunit, mitochondrial	Homo sapiens	Encontrado	https://alphafold.ebi.ac.uk/entry/P28331
NDUFS1	missense_variant		768294996						P28331	NADH-ubiquinone oxidoreductase 75 kDa subunit, mitochondrial	Homo sapiens	Encontrado	https://alphafold.ebi.ac.uk/entry/P28331
NDUFS1	missense_variant	uncertain significance	768409063						P28331	NADH-ubiquinone oxidoreductase 75 kDa subunit, mitochondrial	Homo sapiens	Encontrado	https://alphafold.ebi.ac.uk/entry/P28331
NDUFS1	missense_variant		768467921						P28331	NADH-ubiquinone oxidoreductase 75 kDa subunit, mitochondrial	Homo sapiens	Encontrado	https://alphafold.ebi.ac.uk/entry/P28331
NDUFS1	missense_variant		769054740						P28331	NADH-ubiquinone oxidoreductase 75 kDa subunit, mitochondrial	Homo sapiens	Encontrado	https://alphafold.ebi.ac.uk/entry/P28331
NDUFS1	missense_variant	uncertain significance	769167029	P28331	rs769167029	T441A	0.001		P28331	NADH-ubiquinone oxidoreductase 75 kDa subunit, mitochondrial	Homo sapiens	Encontrado	https://alphafold.ebi.ac.uk/entry/P28331
NDUFS1	missense_variant	uncertain significance	769167029	P28331	rs769167029	T441A	0.04		P28331	NADH-ubiquinone oxidoreductase 75 kDa subunit, mitochondrial	Homo sapiens	Encontrado	https://alphafold.ebi.ac.uk/entry/P28331
NDUFS1	missense_variant	uncertain significance, likely benign	769276632	P28331	rs769276632	D657N	0.101		P28331	NADH-ubiquinone oxidoreductase 75 kDa subunit, mitochondrial	Homo sapiens	Encontrado	https://alphafold.ebi.ac.uk/entry/P28331
NDUFS1	missense_variant	uncertain significance, likely benign	769276632	P28331	rs769276632	D657N	0.27		P28331	NADH-ubiquinone oxidoreductase 75 kDa subunit, mitochondrial	Homo sapiens	Encontrado	https://alphafold.ebi.ac.uk/entry/P28331
NDUFS1	missense_variant		769417472						P28331	NADH-ubiquinone oxidoreductase 75 kDa subunit, mitochondrial	Homo sapiens	Encontrado	https://alphafold.ebi.ac.uk/entry/P28331
NDUFS1	missense_variant		769577420						P28331	NADH-ubiquinone oxidoreductase 75 kDa subunit, mitochondrial	Homo sapiens	Encontrado	https://alphafold.ebi.ac.uk/entry/P28331
NDUFS1	missense_variant	uncertain significance	769616417	P28331	rs769616417	S109T	0.0		P28331	NADH-ubiquinone oxidoreductase 75 kDa subunit, mitochondrial	Homo sapiens	Encontrado	https://alphafold.ebi.ac.uk/entry/P28331
NDUFS1	missense_variant	uncertain significance	769616417	P28331	rs769616417	S109T	1.0		P28331	NADH-ubiquinone oxidoreductase 75 kDa subunit, mitochondrial	Homo sapiens	Encontrado	https://alphafold.ebi.ac.uk/entry/P28331
NDUFS1	missense_variant		769706001						P28331	NADH-ubiquinone oxidoreductase 75 kDa subunit, mitochondrial	Homo sapiens	Encontrado	https://alphafold.ebi.ac.uk/entry/P28331
NDUFS1	missense_variant		769847937						P28331	NADH-ubiquinone oxidoreductase 75 kDa subunit, mitochondrial	Homo sapiens	Encontrado	https://alphafold.ebi.ac.uk/entry/P28331
NDUFS1	missense_variant		770081113						P28331	NADH-ubiquinone oxidoreductase 75 kDa subunit, mitochondrial	Homo sapiens	Encontrado	https://alphafold.ebi.ac.uk/entry/P28331
NDUFS1	missense_variant		770090216						P28331	NADH-ubiquinone oxidoreductase 75 kDa subunit, mitochondrial	Homo sapiens	Encontrado	https://alphafold.ebi.ac.uk/entry/P28331
NDUFS1	missense_variant		770557045						P28331	NADH-ubiquinone oxidoreductase 75 kDa subunit, mitochondrial	Homo sapiens	Encontrado	https://alphafold.ebi.ac.uk/entry/P28331
NDUFS1	missense_variant	uncertain significance	770664540	P28331	rs770664540	I579V	0.003		P28331	NADH-ubiquinone oxidoreductase 75 kDa subunit, mitochondrial	Homo sapiens	Encontrado	https://alphafold.ebi.ac.uk/entry/P28331
NDUFS1	missense_variant	uncertain significance	770664540	P28331	rs770664540	I579V	0.02		P28331	NADH-ubiquinone oxidoreductase 75 kDa subunit, mitochondrial	Homo sapiens	Encontrado	https://alphafold.ebi.ac.uk/entry/P28331
NDUFS1	missense_variant	uncertain significance	770824352	P28331	rs770824352	V43M	0.997		P28331	NADH-ubiquinone oxidoreductase 75 kDa subunit, mitochondrial	Homo sapiens	Encontrado	https://alphafold.ebi.ac.uk/entry/P28331
NDUFS1	missense_variant	uncertain significance	770824352	P28331	rs770824352	V43M	0.0		P28331	NADH-ubiquinone oxidoreductase 75 kDa subunit, mitochondrial	Homo sapiens	Encontrado	https://alphafold.ebi.ac.uk/entry/P28331
NDUFS1	missense_variant		770845071						P28331	NADH-ubiquinone oxidoreductase 75 kDa subunit, mitochondrial	Homo sapiens	Encontrado	https://alphafold.ebi.ac.uk/entry/P28331
NDUFS1	missense_variant	uncertain significance	771012852	P28331	rs771012852	V714I	0.213		P28331	NADH-ubiquinone oxidoreductase 75 kDa subunit, mitochondrial	Homo sapiens	Encontrado	https://alphafold.ebi.ac.uk/entry/P28331
NDUFS1	missense_variant	uncertain significance	771012852	P28331	rs771012852	V714I	0.03		P28331	NADH-ubiquinone oxidoreductase 75 kDa subunit, mitochondrial	Homo sapiens	Encontrado	https://alphafold.ebi.ac.uk/entry/P28331
NDUFS1	missense_variant		771262717						P28331	NADH-ubiquinone oxidoreductase 75 kDa subunit, mitochondrial	Homo sapiens	Encontrado	https://alphafold.ebi.ac.uk/entry/P28331
NDUFS1	missense_variant	uncertain significance	771661052	P28331	rs771661052	C78Y	0.986		P28331	NADH-ubiquinone oxidoreductase 75 kDa subunit, mitochondrial	Homo sapiens	Encontrado	https://alphafold.ebi.ac.uk/entry/P28331
NDUFS1	missense_variant	uncertain significance	771661052	P28331	rs771661052	C78Y	0.0		P28331	NADH-ubiquinone oxidoreductase 75 kDa subunit, mitochondrial	Homo sapiens	Encontrado	https://alphafold.ebi.ac.uk/entry/P28331
NDUFS1	missense_variant		771746600						P28331	NADH-ubiquinone oxidoreductase 75 kDa subunit, mitochondrial	Homo sapiens	Encontrado	https://alphafold.ebi.ac.uk/entry/P28331
NDUFS1	missense_variant		771796900						P28331	NADH-ubiquinone oxidoreductase 75 kDa subunit, mitochondrial	Homo sapiens	Encontrado	https://alphafold.ebi.ac.uk/entry/P28331
NDUFS1	missense_variant	uncertain significance	772128142	P28331	rs772128142	K471R	0.009		P28331	NADH-ubiquinone oxidoreductase 75 kDa subunit, mitochondrial	Homo sapiens	Encontrado	https://alphafold.ebi.ac.uk/entry/P28331
NDUFS1	missense_variant	uncertain significance	772128142	P28331	rs772128142	K471R	0.85		P28331	NADH-ubiquinone oxidoreductase 75 kDa subunit, mitochondrial	Homo sapiens	Encontrado	https://alphafold.ebi.ac.uk/entry/P28331
NDUFS1	missense_variant		772534476						P28331	NADH-ubiquinone oxidoreductase 75 kDa subunit, mitochondrial	Homo sapiens	Encontrado	https://alphafold.ebi.ac.uk/entry/P28331
NDUFS1	missense_variant		772555921						P28331	NADH-ubiquinone oxidoreductase 75 kDa subunit, mitochondrial	Homo sapiens	Encontrado	https://alphafold.ebi.ac.uk/entry/P28331
NDUFS1	missense_variant		772794204						P28331	NADH-ubiquinone oxidoreductase 75 kDa subunit, mitochondrial	Homo sapiens	Encontrado	https://alphafold.ebi.ac.uk/entry/P28331
NDUFS1	missense_variant		772817832						P28331	NADH-ubiquinone oxidoreductase 75 kDa subunit, mitochondrial	Homo sapiens	Encontrado	https://alphafold.ebi.ac.uk/entry/P28331
NDUFS1	missense_variant		773054809	P28331	rs773054809	M77I	0.75		P28331	NADH-ubiquinone oxidoreductase 75 kDa subunit, mitochondrial	Homo sapiens	Encontrado	https://alphafold.ebi.ac.uk/entry/P28331
NDUFS1	missense_variant		773054809	P28331	rs773054809	M77I	0.0		P28331	NADH-ubiquinone oxidoreductase 75 kDa subunit, mitochondrial	Homo sapiens	Encontrado	https://alphafold.ebi.ac.uk/entry/P28331
NDUFS1	missense_variant		773054809	P28331	rs773054809	M77I	0.758		P28331	NADH-ubiquinone oxidoreductase 75 kDa subunit, mitochondrial	Homo sapiens	Encontrado	https://alphafold.ebi.ac.uk/entry/P28331
NDUFS1	missense_variant		773054809	P28331	rs773054809	M77I	0.0		P28331	NADH-ubiquinone oxidoreductase 75 kDa subunit, mitochondrial	Homo sapiens	Encontrado	https://alphafold.ebi.ac.uk/entry/P28331
NDUFS1	missense_variant	uncertain significance	773111037	P28331	rs773111037	I583T	0.869		P28331	NADH-ubiquinone oxidoreductase 75 kDa subunit, mitochondrial	Homo sapiens	Encontrado	https://alphafold.ebi.ac.uk/entry/P28331
NDUFS1	missense_variant	uncertain significance	773111037	P28331	rs773111037	I583T	0.0		P28331	NADH-ubiquinone oxidoreductase 75 kDa subunit, mitochondrial	Homo sapiens	Encontrado	https://alphafold.ebi.ac.uk/entry/P28331
NDUFS1	missense_variant		773117812						P28331	NADH-ubiquinone oxidoreductase 75 kDa subunit, mitochondrial	Homo sapiens	Encontrado	https://alphafold.ebi.ac.uk/entry/P28331
NDUFS1	missense_variant		773373927	P28331	rs773373927	A256V	0.995		P28331	NADH-ubiquinone oxidoreductase 75 kDa subunit, mitochondrial	Homo sapiens	Encontrado	https://alphafold.ebi.ac.uk/entry/P28331
NDUFS1	missense_variant		773373927	P28331	rs773373927	A256V	0.0		P28331	NADH-ubiquinone oxidoreductase 75 kDa subunit, mitochondrial	Homo sapiens	Encontrado	https://alphafold.ebi.ac.uk/entry/P28331
NDUFS1	missense_variant		773373927	P28331	rs773373927	A256V	0.995		P28331	NADH-ubiquinone oxidoreductase 75 kDa subunit, mitochondrial	Homo sapiens	Encontrado	https://alphafold.ebi.ac.uk/entry/P28331
NDUFS1	missense_variant		773373927	P28331	rs773373927	A256V	0.0		P28331	NADH-ubiquinone oxidoreductase 75 kDa subunit, mitochondrial	Homo sapiens	Encontrado	https://alphafold.ebi.ac.uk/entry/P28331
NDUFS1	missense_variant	uncertain significance	773465401	P28331	rs773465401	Y695C	0.992		P28331	NADH-ubiquinone oxidoreductase 75 kDa subunit, mitochondrial	Homo sapiens	Encontrado	https://alphafold.ebi.ac.uk/entry/P28331
NDUFS1	missense_variant	uncertain significance	773465401	P28331	rs773465401	Y695C	0.0		P28331	NADH-ubiquinone oxidoreductase 75 kDa subunit, mitochondrial	Homo sapiens	Encontrado	https://alphafold.ebi.ac.uk/entry/P28331
NDUFS1	missense_variant	uncertain significance	773632832	P28331	rs773632832	R325H	0.747		P28331	NADH-ubiquinone oxidoreductase 75 kDa subunit, mitochondrial	Homo sapiens	Encontrado	https://alphafold.ebi.ac.uk/entry/P28331
NDUFS1	missense_variant	uncertain significance	773632832	P28331	rs773632832	R325H	0.2		P28331	NADH-ubiquinone oxidoreductase 75 kDa subunit, mitochondrial	Homo sapiens	Encontrado	https://alphafold.ebi.ac.uk/entry/P28331
NDUFS1	missense_variant		773634794						P28331	NADH-ubiquinone oxidoreductase 75 kDa subunit, mitochondrial	Homo sapiens	Encontrado	https://alphafold.ebi.ac.uk/entry/P28331
NDUFS1	missense_variant		773937554						P28331	NADH-ubiquinone oxidoreductase 75 kDa subunit, mitochondrial	Homo sapiens	Encontrado	https://alphafold.ebi.ac.uk/entry/P28331
NDUFS1	missense_variant	uncertain significance, likely benign	774069983	P28331	rs774069983	A85T	0.043		P28331	NADH-ubiquinone oxidoreductase 75 kDa subunit, mitochondrial	Homo sapiens	Encontrado	https://alphafold.ebi.ac.uk/entry/P28331
NDUFS1	missense_variant	uncertain significance, likely benign	774069983	P28331	rs774069983	A85T	0.07		P28331	NADH-ubiquinone oxidoreductase 75 kDa subunit, mitochondrial	Homo sapiens	Encontrado	https://alphafold.ebi.ac.uk/entry/P28331
NDUFS1	missense_variant		774141878						P28331	NADH-ubiquinone oxidoreductase 75 kDa subunit, mitochondrial	Homo sapiens	Encontrado	https://alphafold.ebi.ac.uk/entry/P28331
NDUFS1	missense_variant	uncertain significance	774168387	P28331	rs774168387	N309S	0.015		P28331	NADH-ubiquinone oxidoreductase 75 kDa subunit, mitochondrial	Homo sapiens	Encontrado	https://alphafold.ebi.ac.uk/entry/P28331
NDUFS1	missense_variant	uncertain significance	774168387	P28331	rs774168387	N309S	0.26		P28331	NADH-ubiquinone oxidoreductase 75 kDa subunit, mitochondrial	Homo sapiens	Encontrado	https://alphafold.ebi.ac.uk/entry/P28331
NDUFS1	missense_variant	uncertain significance	774232299	P28331	rs774232299	M329T	0.0		P28331	NADH-ubiquinone oxidoreductase 75 kDa subunit, mitochondrial	Homo sapiens	Encontrado	https://alphafold.ebi.ac.uk/entry/P28331
NDUFS1	missense_variant	uncertain significance	774232299	P28331	rs774232299	M329T	0.22		P28331	NADH-ubiquinone oxidoreductase 75 kDa subunit, mitochondrial	Homo sapiens	Encontrado	https://alphafold.ebi.ac.uk/entry/P28331
NDUFS1	missense_variant	uncertain significance	774332882	P28331	rs774332882	T24A	0.0		P28331	NADH-ubiquinone oxidoreductase 75 kDa subunit, mitochondrial	Homo sapiens	Encontrado	https://alphafold.ebi.ac.uk/entry/P28331
NDUFS1	missense_variant	uncertain significance	774332882	P28331	rs774332882	T24A	0.39		P28331	NADH-ubiquinone oxidoreductase 75 kDa subunit, mitochondrial	Homo sapiens	Encontrado	https://alphafold.ebi.ac.uk/entry/P28331
NDUFS1	missense_variant		774608962						P28331	NADH-ubiquinone oxidoreductase 75 kDa subunit, mitochondrial	Homo sapiens	Encontrado	https://alphafold.ebi.ac.uk/entry/P28331
NDUFS1	missense_variant		774865924						P28331	NADH-ubiquinone oxidoreductase 75 kDa subunit, mitochondrial	Homo sapiens	Encontrado	https://alphafold.ebi.ac.uk/entry/P28331
NDUFS1	missense_variant		774948508						P28331	NADH-ubiquinone oxidoreductase 75 kDa subunit, mitochondrial	Homo sapiens	Encontrado	https://alphafold.ebi.ac.uk/entry/P28331
NDUFS1	missense_variant	uncertain significance	775073003						P28331	NADH-ubiquinone oxidoreductase 75 kDa subunit, mitochondrial	Homo sapiens	Encontrado	https://alphafold.ebi.ac.uk/entry/P28331
NDUFS1	missense_variant		775330446						P28331	NADH-ubiquinone oxidoreductase 75 kDa subunit, mitochondrial	Homo sapiens	Encontrado	https://alphafold.ebi.ac.uk/entry/P28331
NDUFS1	missense_variant		775372884						P28331	NADH-ubiquinone oxidoreductase 75 kDa subunit, mitochondrial	Homo sapiens	Encontrado	https://alphafold.ebi.ac.uk/entry/P28331
NDUFS1	missense_variant		775379728						P28331	NADH-ubiquinone oxidoreductase 75 kDa subunit, mitochondrial	Homo sapiens	Encontrado	https://alphafold.ebi.ac.uk/entry/P28331
NDUFS1	missense_variant		775642738						P28331	NADH-ubiquinone oxidoreductase 75 kDa subunit, mitochondrial	Homo sapiens	Encontrado	https://alphafold.ebi.ac.uk/entry/P28331
NDUFS1	missense_variant		775839833	P28331	rs775839833	M707V	0.617		P28331	NADH-ubiquinone oxidoreductase 75 kDa subunit, mitochondrial	Homo sapiens	Encontrado	https://alphafold.ebi.ac.uk/entry/P28331
NDUFS1	missense_variant		775839833	P28331	rs775839833	M707V	0.0		P28331	NADH-ubiquinone oxidoreductase 75 kDa subunit, mitochondrial	Homo sapiens	Encontrado	https://alphafold.ebi.ac.uk/entry/P28331
NDUFS1	missense_variant		775839833	P28331	rs775839833	M707V	0.627		P28331	NADH-ubiquinone oxidoreductase 75 kDa subunit, mitochondrial	Homo sapiens	Encontrado	https://alphafold.ebi.ac.uk/entry/P28331
NDUFS1	missense_variant		775839833	P28331	rs775839833	M707V	0.0		P28331	NADH-ubiquinone oxidoreductase 75 kDa subunit, mitochondrial	Homo sapiens	Encontrado	https://alphafold.ebi.ac.uk/entry/P28331
NDUFS1	missense_variant		776083146						P28331	NADH-ubiquinone oxidoreductase 75 kDa subunit, mitochondrial	Homo sapiens	Encontrado	https://alphafold.ebi.ac.uk/entry/P28331
NDUFS1	missense_variant	uncertain significance, likely pathogenic	776114731	P28331	rs776114731	R419Q	0.948		P28331	NADH-ubiquinone oxidoreductase 75 kDa subunit, mitochondrial	Homo sapiens	Encontrado	https://alphafold.ebi.ac.uk/entry/P28331
NDUFS1	missense_variant	uncertain significance, likely pathogenic	776114731	P28331	rs776114731	R419Q	0.0		P28331	NADH-ubiquinone oxidoreductase 75 kDa subunit, mitochondrial	Homo sapiens	Encontrado	https://alphafold.ebi.ac.uk/entry/P28331
NDUFS1	missense_variant		776296874						P28331	NADH-ubiquinone oxidoreductase 75 kDa subunit, mitochondrial	Homo sapiens	Encontrado	https://alphafold.ebi.ac.uk/entry/P28331
NDUFS1	missense_variant		776915855						P28331	NADH-ubiquinone oxidoreductase 75 kDa subunit, mitochondrial	Homo sapiens	Encontrado	https://alphafold.ebi.ac.uk/entry/P28331
NDUFS1	missense_variant		776970847						P28331	NADH-ubiquinone oxidoreductase 75 kDa subunit, mitochondrial	Homo sapiens	Encontrado	https://alphafold.ebi.ac.uk/entry/P28331
NDUFS1	missense_variant	uncertain significance	777102927	P28331	rs777102927	V465I	0.003		P28331	NADH-ubiquinone oxidoreductase 75 kDa subunit, mitochondrial	Homo sapiens	Encontrado	https://alphafold.ebi.ac.uk/entry/P28331
NDUFS1	missense_variant	uncertain significance	777102927	P28331	rs777102927	V465I	0.48		P28331	NADH-ubiquinone oxidoreductase 75 kDa subunit, mitochondrial	Homo sapiens	Encontrado	https://alphafold.ebi.ac.uk/entry/P28331
NDUFS1	missense_variant	uncertain significance	777219558	P28331	rs777219558	P45L	0.914		P28331	NADH-ubiquinone oxidoreductase 75 kDa subunit, mitochondrial	Homo sapiens	Encontrado	https://alphafold.ebi.ac.uk/entry/P28331
NDUFS1	missense_variant	uncertain significance	777219558	P28331	rs777219558	P45L	0.0		P28331	NADH-ubiquinone oxidoreductase 75 kDa subunit, mitochondrial	Homo sapiens	Encontrado	https://alphafold.ebi.ac.uk/entry/P28331
NDUFS1	missense_variant	uncertain significance	777280414	P28331	rs777280414	Y530C	0.951		P28331	NADH-ubiquinone oxidoreductase 75 kDa subunit, mitochondrial	Homo sapiens	Encontrado	https://alphafold.ebi.ac.uk/entry/P28331
NDUFS1	missense_variant	uncertain significance	777280414	P28331	rs777280414	Y530C	0.0		P28331	NADH-ubiquinone oxidoreductase 75 kDa subunit, mitochondrial	Homo sapiens	Encontrado	https://alphafold.ebi.ac.uk/entry/P28331
NDUFS1	missense_variant		777844044						P28331	NADH-ubiquinone oxidoreductase 75 kDa subunit, mitochondrial	Homo sapiens	Encontrado	https://alphafold.ebi.ac.uk/entry/P28331
NDUFS1	missense_variant	uncertain significance	778246658	P28331	rs778246658	F153L	0.443		P28331	NADH-ubiquinone oxidoreductase 75 kDa subunit, mitochondrial	Homo sapiens	Encontrado	https://alphafold.ebi.ac.uk/entry/P28331
NDUFS1	missense_variant	uncertain significance	778246658	P28331	rs778246658	F153L	0.1		P28331	NADH-ubiquinone oxidoreductase 75 kDa subunit, mitochondrial	Homo sapiens	Encontrado	https://alphafold.ebi.ac.uk/entry/P28331
NDUFS1	missense_variant	uncertain significance	778532339	P28331	rs778532339	M473V	0.001		P28331	NADH-ubiquinone oxidoreductase 75 kDa subunit, mitochondrial	Homo sapiens	Encontrado	https://alphafold.ebi.ac.uk/entry/P28331
NDUFS1	missense_variant	uncertain significance	778532339	P28331	rs778532339	M473V	0.49		P28331	NADH-ubiquinone oxidoreductase 75 kDa subunit, mitochondrial	Homo sapiens	Encontrado	https://alphafold.ebi.ac.uk/entry/P28331
NDUFS1	missense_variant		778862643						P28331	NADH-ubiquinone oxidoreductase 75 kDa subunit, mitochondrial	Homo sapiens	Encontrado	https://alphafold.ebi.ac.uk/entry/P28331
NDUFS1	missense_variant	uncertain significance	779381916	P28331	rs779381916	I225M	0.492		P28331	NADH-ubiquinone oxidoreductase 75 kDa subunit, mitochondrial	Homo sapiens	Encontrado	https://alphafold.ebi.ac.uk/entry/P28331
NDUFS1	missense_variant	uncertain significance	779381916	P28331	rs779381916	I225M	0.01		P28331	NADH-ubiquinone oxidoreductase 75 kDa subunit, mitochondrial	Homo sapiens	Encontrado	https://alphafold.ebi.ac.uk/entry/P28331
NDUFS1	missense_variant	uncertain significance	779439150	P28331	rs779439150	I391V	0.74		P28331	NADH-ubiquinone oxidoreductase 75 kDa subunit, mitochondrial	Homo sapiens	Encontrado	https://alphafold.ebi.ac.uk/entry/P28331
NDUFS1	missense_variant	uncertain significance	779439150	P28331	rs779439150	I391V	0.02		P28331	NADH-ubiquinone oxidoreductase 75 kDa subunit, mitochondrial	Homo sapiens	Encontrado	https://alphafold.ebi.ac.uk/entry/P28331
NDUFS1	missense_variant		779467412						P28331	NADH-ubiquinone oxidoreductase 75 kDa subunit, mitochondrial	Homo sapiens	Encontrado	https://alphafold.ebi.ac.uk/entry/P28331
NDUFS1	missense_variant	uncertain significance	779514372	P28331	rs779514372	Y636C	1.0		P28331	NADH-ubiquinone oxidoreductase 75 kDa subunit, mitochondrial	Homo sapiens	Encontrado	https://alphafold.ebi.ac.uk/entry/P28331
NDUFS1	missense_variant	uncertain significance	779514372	P28331	rs779514372	Y636C	0.0		P28331	NADH-ubiquinone oxidoreductase 75 kDa subunit, mitochondrial	Homo sapiens	Encontrado	https://alphafold.ebi.ac.uk/entry/P28331
NDUFS1	missense_variant		779943105						P28331	NADH-ubiquinone oxidoreductase 75 kDa subunit, mitochondrial	Homo sapiens	Encontrado	https://alphafold.ebi.ac.uk/entry/P28331
NDUFS1	missense_variant		779996498						P28331	NADH-ubiquinone oxidoreductase 75 kDa subunit, mitochondrial	Homo sapiens	Encontrado	https://alphafold.ebi.ac.uk/entry/P28331
NDUFS1	missense_variant	uncertain significance	780065599	P28331	rs780065599	I537T	0.148		P28331	NADH-ubiquinone oxidoreductase 75 kDa subunit, mitochondrial	Homo sapiens	Encontrado	https://alphafold.ebi.ac.uk/entry/P28331
NDUFS1	missense_variant	uncertain significance	780065599	P28331	rs780065599	I537T	0.06		P28331	NADH-ubiquinone oxidoreductase 75 kDa subunit, mitochondrial	Homo sapiens	Encontrado	https://alphafold.ebi.ac.uk/entry/P28331
NDUFS1	missense_variant		780119400						P28331	NADH-ubiquinone oxidoreductase 75 kDa subunit, mitochondrial	Homo sapiens	Encontrado	https://alphafold.ebi.ac.uk/entry/P28331
NDUFS1	missense_variant		780397984						P28331	NADH-ubiquinone oxidoreductase 75 kDa subunit, mitochondrial	Homo sapiens	Encontrado	https://alphafold.ebi.ac.uk/entry/P28331
NDUFS1	missense_variant	uncertain significance, benign, likely benign	78042826	P28331	rs78042826	L431F	0.626		P28331	NADH-ubiquinone oxidoreductase 75 kDa subunit, mitochondrial	Homo sapiens	Encontrado	https://alphafold.ebi.ac.uk/entry/P28331
NDUFS1	missense_variant	uncertain significance, benign, likely benign	78042826	P28331	rs78042826	L431F	0.03		P28331	NADH-ubiquinone oxidoreductase 75 kDa subunit, mitochondrial	Homo sapiens	Encontrado	https://alphafold.ebi.ac.uk/entry/P28331
NDUFS1	missense_variant	uncertain significance, benign, likely benign	78042826	P28331	rs78042826	L431V	0.009		P28331	NADH-ubiquinone oxidoreductase 75 kDa subunit, mitochondrial	Homo sapiens	Encontrado	https://alphafold.ebi.ac.uk/entry/P28331
NDUFS1	missense_variant	uncertain significance, benign, likely benign	78042826	P28331	rs78042826	L431V	0.54		P28331	NADH-ubiquinone oxidoreductase 75 kDa subunit, mitochondrial	Homo sapiens	Encontrado	https://alphafold.ebi.ac.uk/entry/P28331
NDUFS1	missense_variant		780500114						P28331	NADH-ubiquinone oxidoreductase 75 kDa subunit, mitochondrial	Homo sapiens	Encontrado	https://alphafold.ebi.ac.uk/entry/P28331
NDUFS1	missense_variant		780677497						P28331	NADH-ubiquinone oxidoreductase 75 kDa subunit, mitochondrial	Homo sapiens	Encontrado	https://alphafold.ebi.ac.uk/entry/P28331
NDUFS1	missense_variant		780734430						P28331	NADH-ubiquinone oxidoreductase 75 kDa subunit, mitochondrial	Homo sapiens	Encontrado	https://alphafold.ebi.ac.uk/entry/P28331
NDUFS1	missense_variant	uncertain significance	781249832	P28331	rs781249832	P449L	0.02		P28331	NADH-ubiquinone oxidoreductase 75 kDa subunit, mitochondrial	Homo sapiens	Encontrado	https://alphafold.ebi.ac.uk/entry/P28331
NDUFS1	missense_variant	uncertain significance	781249832	P28331	rs781249832	P449L	0.2		P28331	NADH-ubiquinone oxidoreductase 75 kDa subunit, mitochondrial	Homo sapiens	Encontrado	https://alphafold.ebi.ac.uk/entry/P28331
NDUFS1	missense_variant	uncertain significance	781249832	P28331	rs781249832	P449L	0.021		P28331	NADH-ubiquinone oxidoreductase 75 kDa subunit, mitochondrial	Homo sapiens	Encontrado	https://alphafold.ebi.ac.uk/entry/P28331
NDUFS1	missense_variant	uncertain significance	781249832	P28331	rs781249832	P449L	0.19		P28331	NADH-ubiquinone oxidoreductase 75 kDa subunit, mitochondrial	Homo sapiens	Encontrado	https://alphafold.ebi.ac.uk/entry/P28331
NDUFS1	missense_variant		781392058						P28331	NADH-ubiquinone oxidoreductase 75 kDa subunit, mitochondrial	Homo sapiens	Encontrado	https://alphafold.ebi.ac.uk/entry/P28331
NDUFS1	missense_variant		781515471						P28331	NADH-ubiquinone oxidoreductase 75 kDa subunit, mitochondrial	Homo sapiens	Encontrado	https://alphafold.ebi.ac.uk/entry/P28331
NDUFS1	missense_variant	likely pathogenic	786205666	P28331	rs786205666	V253G	0.979		P28331	NADH-ubiquinone oxidoreductase 75 kDa subunit, mitochondrial	Homo sapiens	Encontrado	https://alphafold.ebi.ac.uk/entry/P28331
NDUFS1	missense_variant	likely pathogenic	786205666	P28331	rs786205666	V253G	0.0		P28331	NADH-ubiquinone oxidoreductase 75 kDa subunit, mitochondrial	Homo sapiens	Encontrado	https://alphafold.ebi.ac.uk/entry/P28331
NDUFS1	missense_variant		863224096						P28331	NADH-ubiquinone oxidoreductase 75 kDa subunit, mitochondrial	Homo sapiens	Encontrado	https://alphafold.ebi.ac.uk/entry/P28331
NDUFS1	missense_variant	likely pathogenic	863224097	P28331	rs863224097	I566F	0.911		P28331	NADH-ubiquinone oxidoreductase 75 kDa subunit, mitochondrial	Homo sapiens	Encontrado	https://alphafold.ebi.ac.uk/entry/P28331
NDUFS1	missense_variant	likely pathogenic	863224097	P28331	rs863224097	I566F	0.02		P28331	NADH-ubiquinone oxidoreductase 75 kDa subunit, mitochondrial	Homo sapiens	Encontrado	https://alphafold.ebi.ac.uk/entry/P28331
NDUFS1	missense_variant	likely pathogenic	863224099	P28331	rs863224099	E600D	0.676		P28331	NADH-ubiquinone oxidoreductase 75 kDa subunit, mitochondrial	Homo sapiens	Encontrado	https://alphafold.ebi.ac.uk/entry/P28331
NDUFS1	missense_variant	likely pathogenic	863224099	P28331	rs863224099	E600D	0.01		P28331	NADH-ubiquinone oxidoreductase 75 kDa subunit, mitochondrial	Homo sapiens	Encontrado	https://alphafold.ebi.ac.uk/entry/P28331
NDUFS1	missense_variant	uncertain significance	863224102	P28331	rs863224102	R557Q	0.812		P28331	NADH-ubiquinone oxidoreductase 75 kDa subunit, mitochondrial	Homo sapiens	Encontrado	https://alphafold.ebi.ac.uk/entry/P28331
NDUFS1	missense_variant	uncertain significance	863224102	P28331	rs863224102	R557Q	0.03		P28331	NADH-ubiquinone oxidoreductase 75 kDa subunit, mitochondrial	Homo sapiens	Encontrado	https://alphafold.ebi.ac.uk/entry/P28331
NDUFS1	missense_variant	likely pathogenic	863224103	P28331	rs863224103	G576E	0.957		P28331	NADH-ubiquinone oxidoreductase 75 kDa subunit, mitochondrial	Homo sapiens	Encontrado	https://alphafold.ebi.ac.uk/entry/P28331
NDUFS1	missense_variant	likely pathogenic	863224103	P28331	rs863224103	G576E	0.0		P28331	NADH-ubiquinone oxidoreductase 75 kDa subunit, mitochondrial	Homo sapiens	Encontrado	https://alphafold.ebi.ac.uk/entry/P28331
NDUFS1	missense_variant		867760257						P28331	NADH-ubiquinone oxidoreductase 75 kDa subunit, mitochondrial	Homo sapiens	Encontrado	https://alphafold.ebi.ac.uk/entry/P28331
NDUFS1	missense_variant		868793978						P28331	NADH-ubiquinone oxidoreductase 75 kDa subunit, mitochondrial	Homo sapiens	Encontrado	https://alphafold.ebi.ac.uk/entry/P28331
NDUFS1	missense_variant		878936573						P28331	NADH-ubiquinone oxidoreductase 75 kDa subunit, mitochondrial	Homo sapiens	Encontrado	https://alphafold.ebi.ac.uk/entry/P28331
NDUFS1	missense_variant	uncertain significance	886055502	P28331	rs886055502	A122T	0.603		P28331	NADH-ubiquinone oxidoreductase 75 kDa subunit, mitochondrial	Homo sapiens	Encontrado	https://alphafold.ebi.ac.uk/entry/P28331
NDUFS1	missense_variant	uncertain significance	886055502	P28331	rs886055502	A122T	0.06		P28331	NADH-ubiquinone oxidoreductase 75 kDa subunit, mitochondrial	Homo sapiens	Encontrado	https://alphafold.ebi.ac.uk/entry/P28331
NDUFS1	missense_variant	likely benign	906676893						P28331	NADH-ubiquinone oxidoreductase 75 kDa subunit, mitochondrial	Homo sapiens	Encontrado	https://alphafold.ebi.ac.uk/entry/P28331
NDUFS1	missense_variant		908868752						P28331	NADH-ubiquinone oxidoreductase 75 kDa subunit, mitochondrial	Homo sapiens	Encontrado	https://alphafold.ebi.ac.uk/entry/P28331
NDUFS1	missense_variant		911115441						P28331	NADH-ubiquinone oxidoreductase 75 kDa subunit, mitochondrial	Homo sapiens	Encontrado	https://alphafold.ebi.ac.uk/entry/P28331
NDUFS1	missense_variant		928848012						P28331	NADH-ubiquinone oxidoreductase 75 kDa subunit, mitochondrial	Homo sapiens	Encontrado	https://alphafold.ebi.ac.uk/entry/P28331
NDUFS1	missense_variant		932186800						P28331	NADH-ubiquinone oxidoreductase 75 kDa subunit, mitochondrial	Homo sapiens	Encontrado	https://alphafold.ebi.ac.uk/entry/P28331
NDUFS1	missense_variant		941541418						P28331	NADH-ubiquinone oxidoreductase 75 kDa subunit, mitochondrial	Homo sapiens	Encontrado	https://alphafold.ebi.ac.uk/entry/P28331
NDUFS1	missense_variant	uncertain significance	947705460	P28331	rs947705460	G328E	0.001		P28331	NADH-ubiquinone oxidoreductase 75 kDa subunit, mitochondrial	Homo sapiens	Encontrado	https://alphafold.ebi.ac.uk/entry/P28331
NDUFS1	missense_variant	uncertain significance	947705460	P28331	rs947705460	G328E	0.79		P28331	NADH-ubiquinone oxidoreductase 75 kDa subunit, mitochondrial	Homo sapiens	Encontrado	https://alphafold.ebi.ac.uk/entry/P28331
NDUFS1	missense_variant		953640789						P28331	NADH-ubiquinone oxidoreductase 75 kDa subunit, mitochondrial	Homo sapiens	Encontrado	https://alphafold.ebi.ac.uk/entry/P28331
NDUFS1	missense_variant	uncertain significance	954779442	P28331	rs954779442	E591G	1.0		P28331	NADH-ubiquinone oxidoreductase 75 kDa subunit, mitochondrial	Homo sapiens	Encontrado	https://alphafold.ebi.ac.uk/entry/P28331
NDUFS1	missense_variant	uncertain significance	954779442	P28331	rs954779442	E591G	0.0		P28331	NADH-ubiquinone oxidoreductase 75 kDa subunit, mitochondrial	Homo sapiens	Encontrado	https://alphafold.ebi.ac.uk/entry/P28331
NDUFS1	missense_variant		958426888						P28331	NADH-ubiquinone oxidoreductase 75 kDa subunit, mitochondrial	Homo sapiens	Encontrado	https://alphafold.ebi.ac.uk/entry/P28331
NDUFS1	missense_variant		962337884						P28331	NADH-ubiquinone oxidoreductase 75 kDa subunit, mitochondrial	Homo sapiens	Encontrado	https://alphafold.ebi.ac.uk/entry/P28331
NDUFS1	missense_variant		969580950						P28331	NADH-ubiquinone oxidoreductase 75 kDa subunit, mitochondrial	Homo sapiens	Encontrado	https://alphafold.ebi.ac.uk/entry/P28331
NDUFS1	missense_variant		973936763						P28331	NADH-ubiquinone oxidoreductase 75 kDa subunit, mitochondrial	Homo sapiens	Encontrado	https://alphafold.ebi.ac.uk/entry/P28331
NDUFS1	missense_variant		984577237						P28331	NADH-ubiquinone oxidoreductase 75 kDa subunit, mitochondrial	Homo sapiens	Encontrado	https://alphafold.ebi.ac.uk/entry/P28331
NDUFS1	missense_variant	uncertain significance	989038562						P28331	NADH-ubiquinone oxidoreductase 75 kDa subunit, mitochondrial	Homo sapiens	Encontrado	https://alphafold.ebi.ac.uk/entry/P28331
NDUFS1	missense_variant		992008001	P28331	rs992008001	N282D	0.999		P28331	NADH-ubiquinone oxidoreductase 75 kDa subunit, mitochondrial	Homo sapiens	Encontrado	https://alphafold.ebi.ac.uk/entry/P28331
NDUFS1	missense_variant		992008001	P28331	rs992008001	N282D	0.0		P28331	NADH-ubiquinone oxidoreductase 75 kDa subunit, mitochondrial	Homo sapiens	Encontrado	https://alphafold.ebi.ac.uk/entry/P28331
NDUFS1	missense_variant		992008001	P28331	rs992008001	N282D	0.999		P28331	NADH-ubiquinone oxidoreductase 75 kDa subunit, mitochondrial	Homo sapiens	Encontrado	https://alphafold.ebi.ac.uk/entry/P28331
NDUFS1	missense_variant		992008001	P28331	rs992008001	N282D	0.0		P28331	NADH-ubiquinone oxidoreductase 75 kDa subunit, mitochondrial	Homo sapiens	Encontrado	https://alphafold.ebi.ac.uk/entry/P28331
NDUFS1	missense_variant		992433859						P28331	NADH-ubiquinone oxidoreductase 75 kDa subunit, mitochondrial	Homo sapiens	Encontrado	https://alphafold.ebi.ac.uk/entry/P28331
NDUFS1	missense_variant		993595917						P28331	NADH-ubiquinone oxidoreductase 75 kDa subunit, mitochondrial	Homo sapiens	Encontrado	https://alphafold.ebi.ac.uk/entry/P28331
NDUFS1	missense_variant	uncertain significance	995430660	P28331	rs995430660	I165V	0.012		P28331	NADH-ubiquinone oxidoreductase 75 kDa subunit, mitochondrial	Homo sapiens	Encontrado	https://alphafold.ebi.ac.uk/entry/P28331
NDUFS1	missense_variant	uncertain significance	995430660	P28331	rs995430660	I165V	0.14		P28331	NADH-ubiquinone oxidoreductase 75 kDa subunit, mitochondrial	Homo sapiens	Encontrado	https://alphafold.ebi.ac.uk/entry/P28331
