Gene	Consequencia	Significancia_Clinica	rs_key	UniProt_ID	rsID_dbSNP	Proteina_Mudanca	AlphaMissense_Score	AlphaMissense_Classificacao	ID_UniProt	Nome_Proteina	Organismo	Status	Link_AlphaFold
PLA2G4D	missense_variant		1002794301						Q86XP0	Cytosolic phospholipase A2 delta	Homo sapiens	Encontrado	https://alphafold.ebi.ac.uk/entry/Q86XP0
PLA2G4D	missense_variant		1011917793	Q86XP0	rs1011917793	A450V	0.524		Q86XP0	Cytosolic phospholipase A2 delta	Homo sapiens	Encontrado	https://alphafold.ebi.ac.uk/entry/Q86XP0
PLA2G4D	missense_variant		1011917793	Q86XP0	rs1011917793	A450V	0.11		Q86XP0	Cytosolic phospholipase A2 delta	Homo sapiens	Encontrado	https://alphafold.ebi.ac.uk/entry/Q86XP0
PLA2G4D	missense_variant		1011917793	Q86XP0	rs1011917793	A450V	0.535		Q86XP0	Cytosolic phospholipase A2 delta	Homo sapiens	Encontrado	https://alphafold.ebi.ac.uk/entry/Q86XP0
PLA2G4D	missense_variant		1011917793	Q86XP0	rs1011917793	A450V	0.22		Q86XP0	Cytosolic phospholipase A2 delta	Homo sapiens	Encontrado	https://alphafold.ebi.ac.uk/entry/Q86XP0
PLA2G4D	missense_variant	uncertain significance	1017342897						Q86XP0	Cytosolic phospholipase A2 delta	Homo sapiens	Encontrado	https://alphafold.ebi.ac.uk/entry/Q86XP0
PLA2G4D	missense_variant		1025001317						Q86XP0	Cytosolic phospholipase A2 delta	Homo sapiens	Encontrado	https://alphafold.ebi.ac.uk/entry/Q86XP0
PLA2G4D	missense_variant		1026306256						Q86XP0	Cytosolic phospholipase A2 delta	Homo sapiens	Encontrado	https://alphafold.ebi.ac.uk/entry/Q86XP0
PLA2G4D	missense_variant		1027545073						Q86XP0	Cytosolic phospholipase A2 delta	Homo sapiens	Encontrado	https://alphafold.ebi.ac.uk/entry/Q86XP0
PLA2G4D	missense_variant		1031762178						Q86XP0	Cytosolic phospholipase A2 delta	Homo sapiens	Encontrado	https://alphafold.ebi.ac.uk/entry/Q86XP0
PLA2G4D	missense_variant		1032295888						Q86XP0	Cytosolic phospholipase A2 delta	Homo sapiens	Encontrado	https://alphafold.ebi.ac.uk/entry/Q86XP0
PLA2G4D	missense_variant		1042160191						Q86XP0	Cytosolic phospholipase A2 delta	Homo sapiens	Encontrado	https://alphafold.ebi.ac.uk/entry/Q86XP0
PLA2G4D	missense_variant		1049200886						Q86XP0	Cytosolic phospholipase A2 delta	Homo sapiens	Encontrado	https://alphafold.ebi.ac.uk/entry/Q86XP0
PLA2G4D	missense_variant		1049356993						Q86XP0	Cytosolic phospholipase A2 delta	Homo sapiens	Encontrado	https://alphafold.ebi.ac.uk/entry/Q86XP0
PLA2G4D	missense_variant		1054149520						Q86XP0	Cytosolic phospholipase A2 delta	Homo sapiens	Encontrado	https://alphafold.ebi.ac.uk/entry/Q86XP0
PLA2G4D	missense_variant		111407404						Q86XP0	Cytosolic phospholipase A2 delta	Homo sapiens	Encontrado	https://alphafold.ebi.ac.uk/entry/Q86XP0
PLA2G4D	missense_variant		113573325						Q86XP0	Cytosolic phospholipase A2 delta	Homo sapiens	Encontrado	https://alphafold.ebi.ac.uk/entry/Q86XP0
PLA2G4D	missense_variant	uncertain significance	1157770455	Q86XP0	rs1157770455	T196I	0.031		Q86XP0	Cytosolic phospholipase A2 delta	Homo sapiens	Encontrado	https://alphafold.ebi.ac.uk/entry/Q86XP0
PLA2G4D	missense_variant	uncertain significance	1157770455	Q86XP0	rs1157770455	T196I	0.0		Q86XP0	Cytosolic phospholipase A2 delta	Homo sapiens	Encontrado	https://alphafold.ebi.ac.uk/entry/Q86XP0
PLA2G4D	missense_variant		1160077793						Q86XP0	Cytosolic phospholipase A2 delta	Homo sapiens	Encontrado	https://alphafold.ebi.ac.uk/entry/Q86XP0
PLA2G4D	missense_variant		1162958968						Q86XP0	Cytosolic phospholipase A2 delta	Homo sapiens	Encontrado	https://alphafold.ebi.ac.uk/entry/Q86XP0
PLA2G4D	missense_variant		1163001045						Q86XP0	Cytosolic phospholipase A2 delta	Homo sapiens	Encontrado	https://alphafold.ebi.ac.uk/entry/Q86XP0
PLA2G4D	missense_variant		11635685						Q86XP0	Cytosolic phospholipase A2 delta	Homo sapiens	Encontrado	https://alphafold.ebi.ac.uk/entry/Q86XP0
PLA2G4D	missense_variant		1163999158						Q86XP0	Cytosolic phospholipase A2 delta	Homo sapiens	Encontrado	https://alphafold.ebi.ac.uk/entry/Q86XP0
PLA2G4D	missense_variant		1164230549						Q86XP0	Cytosolic phospholipase A2 delta	Homo sapiens	Encontrado	https://alphafold.ebi.ac.uk/entry/Q86XP0
PLA2G4D	missense_variant		1165398731						Q86XP0	Cytosolic phospholipase A2 delta	Homo sapiens	Encontrado	https://alphafold.ebi.ac.uk/entry/Q86XP0
PLA2G4D	missense_variant		1167691245						Q86XP0	Cytosolic phospholipase A2 delta	Homo sapiens	Encontrado	https://alphafold.ebi.ac.uk/entry/Q86XP0
PLA2G4D	missense_variant		1169960193						Q86XP0	Cytosolic phospholipase A2 delta	Homo sapiens	Encontrado	https://alphafold.ebi.ac.uk/entry/Q86XP0
PLA2G4D	missense_variant		1170265758	Q86XP0	rs1170265758	R415W	0.996		Q86XP0	Cytosolic phospholipase A2 delta	Homo sapiens	Encontrado	https://alphafold.ebi.ac.uk/entry/Q86XP0
PLA2G4D	missense_variant		1170265758	Q86XP0	rs1170265758	R415W	0.0		Q86XP0	Cytosolic phospholipase A2 delta	Homo sapiens	Encontrado	https://alphafold.ebi.ac.uk/entry/Q86XP0
PLA2G4D	missense_variant		1170265758	Q86XP0	rs1170265758	R415W	0.996		Q86XP0	Cytosolic phospholipase A2 delta	Homo sapiens	Encontrado	https://alphafold.ebi.ac.uk/entry/Q86XP0
PLA2G4D	missense_variant		1170265758	Q86XP0	rs1170265758	R415W	0.0		Q86XP0	Cytosolic phospholipase A2 delta	Homo sapiens	Encontrado	https://alphafold.ebi.ac.uk/entry/Q86XP0
PLA2G4D	missense_variant		1170300955						Q86XP0	Cytosolic phospholipase A2 delta	Homo sapiens	Encontrado	https://alphafold.ebi.ac.uk/entry/Q86XP0
PLA2G4D	missense_variant		117476596						Q86XP0	Cytosolic phospholipase A2 delta	Homo sapiens	Encontrado	https://alphafold.ebi.ac.uk/entry/Q86XP0
PLA2G4D	missense_variant		1175362455	Q86XP0	rs1175362455	A368T	0.949		Q86XP0	Cytosolic phospholipase A2 delta	Homo sapiens	Encontrado	https://alphafold.ebi.ac.uk/entry/Q86XP0
PLA2G4D	missense_variant		1175362455	Q86XP0	rs1175362455	A368T	0.14		Q86XP0	Cytosolic phospholipase A2 delta	Homo sapiens	Encontrado	https://alphafold.ebi.ac.uk/entry/Q86XP0
PLA2G4D	missense_variant		1175362455	Q86XP0	rs1175362455	A368T	0.951		Q86XP0	Cytosolic phospholipase A2 delta	Homo sapiens	Encontrado	https://alphafold.ebi.ac.uk/entry/Q86XP0
PLA2G4D	missense_variant		1175362455	Q86XP0	rs1175362455	A368T	0.11		Q86XP0	Cytosolic phospholipase A2 delta	Homo sapiens	Encontrado	https://alphafold.ebi.ac.uk/entry/Q86XP0
PLA2G4D	missense_variant		1175760203						Q86XP0	Cytosolic phospholipase A2 delta	Homo sapiens	Encontrado	https://alphafold.ebi.ac.uk/entry/Q86XP0
PLA2G4D	missense_variant		1177601143	Q86XP0	rs1177601143	A625T	0.162		Q86XP0	Cytosolic phospholipase A2 delta	Homo sapiens	Encontrado	https://alphafold.ebi.ac.uk/entry/Q86XP0
PLA2G4D	missense_variant		1177601143	Q86XP0	rs1177601143	A625T	0.01		Q86XP0	Cytosolic phospholipase A2 delta	Homo sapiens	Encontrado	https://alphafold.ebi.ac.uk/entry/Q86XP0
PLA2G4D	missense_variant		1177601143	Q86XP0	rs1177601143	A625T	0.203		Q86XP0	Cytosolic phospholipase A2 delta	Homo sapiens	Encontrado	https://alphafold.ebi.ac.uk/entry/Q86XP0
PLA2G4D	missense_variant		1177601143	Q86XP0	rs1177601143	A625T	0.03		Q86XP0	Cytosolic phospholipase A2 delta	Homo sapiens	Encontrado	https://alphafold.ebi.ac.uk/entry/Q86XP0
PLA2G4D	missense_variant		1184200418						Q86XP0	Cytosolic phospholipase A2 delta	Homo sapiens	Encontrado	https://alphafold.ebi.ac.uk/entry/Q86XP0
PLA2G4D	missense_variant		1184323898						Q86XP0	Cytosolic phospholipase A2 delta	Homo sapiens	Encontrado	https://alphafold.ebi.ac.uk/entry/Q86XP0
PLA2G4D	missense_variant	uncertain significance	1185057156						Q86XP0	Cytosolic phospholipase A2 delta	Homo sapiens	Encontrado	https://alphafold.ebi.ac.uk/entry/Q86XP0
PLA2G4D	missense_variant		1186228463						Q86XP0	Cytosolic phospholipase A2 delta	Homo sapiens	Encontrado	https://alphafold.ebi.ac.uk/entry/Q86XP0
PLA2G4D	missense_variant		1187131463						Q86XP0	Cytosolic phospholipase A2 delta	Homo sapiens	Encontrado	https://alphafold.ebi.ac.uk/entry/Q86XP0
PLA2G4D	missense_variant		1187604334						Q86XP0	Cytosolic phospholipase A2 delta	Homo sapiens	Encontrado	https://alphafold.ebi.ac.uk/entry/Q86XP0
PLA2G4D	missense_variant		1191007658						Q86XP0	Cytosolic phospholipase A2 delta	Homo sapiens	Encontrado	https://alphafold.ebi.ac.uk/entry/Q86XP0
PLA2G4D	missense_variant		1194557293						Q86XP0	Cytosolic phospholipase A2 delta	Homo sapiens	Encontrado	https://alphafold.ebi.ac.uk/entry/Q86XP0
PLA2G4D	missense_variant		1194701730						Q86XP0	Cytosolic phospholipase A2 delta	Homo sapiens	Encontrado	https://alphafold.ebi.ac.uk/entry/Q86XP0
PLA2G4D	missense_variant		1197870033						Q86XP0	Cytosolic phospholipase A2 delta	Homo sapiens	Encontrado	https://alphafold.ebi.ac.uk/entry/Q86XP0
PLA2G4D	missense_variant		1198719089						Q86XP0	Cytosolic phospholipase A2 delta	Homo sapiens	Encontrado	https://alphafold.ebi.ac.uk/entry/Q86XP0
PLA2G4D	missense_variant	uncertain significance	1199935841						Q86XP0	Cytosolic phospholipase A2 delta	Homo sapiens	Encontrado	https://alphafold.ebi.ac.uk/entry/Q86XP0
PLA2G4D	missense_variant		1201712063						Q86XP0	Cytosolic phospholipase A2 delta	Homo sapiens	Encontrado	https://alphafold.ebi.ac.uk/entry/Q86XP0
PLA2G4D	missense_variant		1203315627						Q86XP0	Cytosolic phospholipase A2 delta	Homo sapiens	Encontrado	https://alphafold.ebi.ac.uk/entry/Q86XP0
PLA2G4D	missense_variant		1203494992						Q86XP0	Cytosolic phospholipase A2 delta	Homo sapiens	Encontrado	https://alphafold.ebi.ac.uk/entry/Q86XP0
PLA2G4D	missense_variant		1205119126						Q86XP0	Cytosolic phospholipase A2 delta	Homo sapiens	Encontrado	https://alphafold.ebi.ac.uk/entry/Q86XP0
PLA2G4D	missense_variant		1207455815						Q86XP0	Cytosolic phospholipase A2 delta	Homo sapiens	Encontrado	https://alphafold.ebi.ac.uk/entry/Q86XP0
PLA2G4D	missense_variant		1208965623						Q86XP0	Cytosolic phospholipase A2 delta	Homo sapiens	Encontrado	https://alphafold.ebi.ac.uk/entry/Q86XP0
PLA2G4D	missense_variant		1208998082						Q86XP0	Cytosolic phospholipase A2 delta	Homo sapiens	Encontrado	https://alphafold.ebi.ac.uk/entry/Q86XP0
PLA2G4D	missense_variant		1210530742						Q86XP0	Cytosolic phospholipase A2 delta	Homo sapiens	Encontrado	https://alphafold.ebi.ac.uk/entry/Q86XP0
PLA2G4D	missense_variant		1210646662						Q86XP0	Cytosolic phospholipase A2 delta	Homo sapiens	Encontrado	https://alphafold.ebi.ac.uk/entry/Q86XP0
PLA2G4D	missense_variant		1211557182						Q86XP0	Cytosolic phospholipase A2 delta	Homo sapiens	Encontrado	https://alphafold.ebi.ac.uk/entry/Q86XP0
PLA2G4D	missense_variant		1212667683						Q86XP0	Cytosolic phospholipase A2 delta	Homo sapiens	Encontrado	https://alphafold.ebi.ac.uk/entry/Q86XP0
PLA2G4D	missense_variant		1213205790						Q86XP0	Cytosolic phospholipase A2 delta	Homo sapiens	Encontrado	https://alphafold.ebi.ac.uk/entry/Q86XP0
PLA2G4D	missense_variant		1213797595						Q86XP0	Cytosolic phospholipase A2 delta	Homo sapiens	Encontrado	https://alphafold.ebi.ac.uk/entry/Q86XP0
PLA2G4D	missense_variant		1214195748						Q86XP0	Cytosolic phospholipase A2 delta	Homo sapiens	Encontrado	https://alphafold.ebi.ac.uk/entry/Q86XP0
PLA2G4D	missense_variant		1215756519						Q86XP0	Cytosolic phospholipase A2 delta	Homo sapiens	Encontrado	https://alphafold.ebi.ac.uk/entry/Q86XP0
PLA2G4D	missense_variant	uncertain significance	1218671833						Q86XP0	Cytosolic phospholipase A2 delta	Homo sapiens	Encontrado	https://alphafold.ebi.ac.uk/entry/Q86XP0
PLA2G4D	missense_variant		1220804611						Q86XP0	Cytosolic phospholipase A2 delta	Homo sapiens	Encontrado	https://alphafold.ebi.ac.uk/entry/Q86XP0
PLA2G4D	missense_variant		1230655455						Q86XP0	Cytosolic phospholipase A2 delta	Homo sapiens	Encontrado	https://alphafold.ebi.ac.uk/entry/Q86XP0
PLA2G4D	missense_variant		1231988297						Q86XP0	Cytosolic phospholipase A2 delta	Homo sapiens	Encontrado	https://alphafold.ebi.ac.uk/entry/Q86XP0
PLA2G4D	missense_variant	uncertain significance	1234100502						Q86XP0	Cytosolic phospholipase A2 delta	Homo sapiens	Encontrado	https://alphafold.ebi.ac.uk/entry/Q86XP0
PLA2G4D	missense_variant		1236139719						Q86XP0	Cytosolic phospholipase A2 delta	Homo sapiens	Encontrado	https://alphafold.ebi.ac.uk/entry/Q86XP0
PLA2G4D	missense_variant		1237958782						Q86XP0	Cytosolic phospholipase A2 delta	Homo sapiens	Encontrado	https://alphafold.ebi.ac.uk/entry/Q86XP0
PLA2G4D	missense_variant		1238352118						Q86XP0	Cytosolic phospholipase A2 delta	Homo sapiens	Encontrado	https://alphafold.ebi.ac.uk/entry/Q86XP0
PLA2G4D	missense_variant		1240557118	Q86XP0	rs1240557118	W624C	0.997		Q86XP0	Cytosolic phospholipase A2 delta	Homo sapiens	Encontrado	https://alphafold.ebi.ac.uk/entry/Q86XP0
PLA2G4D	missense_variant		1240557118	Q86XP0	rs1240557118	W624C	0.0		Q86XP0	Cytosolic phospholipase A2 delta	Homo sapiens	Encontrado	https://alphafold.ebi.ac.uk/entry/Q86XP0
PLA2G4D	missense_variant		1240557118	Q86XP0	rs1240557118	W624C	0.997		Q86XP0	Cytosolic phospholipase A2 delta	Homo sapiens	Encontrado	https://alphafold.ebi.ac.uk/entry/Q86XP0
PLA2G4D	missense_variant		1240557118	Q86XP0	rs1240557118	W624C	0.0		Q86XP0	Cytosolic phospholipase A2 delta	Homo sapiens	Encontrado	https://alphafold.ebi.ac.uk/entry/Q86XP0
PLA2G4D	missense_variant		1246965852						Q86XP0	Cytosolic phospholipase A2 delta	Homo sapiens	Encontrado	https://alphafold.ebi.ac.uk/entry/Q86XP0
PLA2G4D	missense_variant		1247437888						Q86XP0	Cytosolic phospholipase A2 delta	Homo sapiens	Encontrado	https://alphafold.ebi.ac.uk/entry/Q86XP0
PLA2G4D	missense_variant		1247665671						Q86XP0	Cytosolic phospholipase A2 delta	Homo sapiens	Encontrado	https://alphafold.ebi.ac.uk/entry/Q86XP0
PLA2G4D	missense_variant		1248917865						Q86XP0	Cytosolic phospholipase A2 delta	Homo sapiens	Encontrado	https://alphafold.ebi.ac.uk/entry/Q86XP0
PLA2G4D	missense_variant		1254327941						Q86XP0	Cytosolic phospholipase A2 delta	Homo sapiens	Encontrado	https://alphafold.ebi.ac.uk/entry/Q86XP0
PLA2G4D	missense_variant		1255979804						Q86XP0	Cytosolic phospholipase A2 delta	Homo sapiens	Encontrado	https://alphafold.ebi.ac.uk/entry/Q86XP0
PLA2G4D	missense_variant		1257347761						Q86XP0	Cytosolic phospholipase A2 delta	Homo sapiens	Encontrado	https://alphafold.ebi.ac.uk/entry/Q86XP0
PLA2G4D	missense_variant		1257977796						Q86XP0	Cytosolic phospholipase A2 delta	Homo sapiens	Encontrado	https://alphafold.ebi.ac.uk/entry/Q86XP0
PLA2G4D	missense_variant		1258464969						Q86XP0	Cytosolic phospholipase A2 delta	Homo sapiens	Encontrado	https://alphafold.ebi.ac.uk/entry/Q86XP0
PLA2G4D	missense_variant		1261118629						Q86XP0	Cytosolic phospholipase A2 delta	Homo sapiens	Encontrado	https://alphafold.ebi.ac.uk/entry/Q86XP0
PLA2G4D	missense_variant		1262224631						Q86XP0	Cytosolic phospholipase A2 delta	Homo sapiens	Encontrado	https://alphafold.ebi.ac.uk/entry/Q86XP0
PLA2G4D	missense_variant		1262251861						Q86XP0	Cytosolic phospholipase A2 delta	Homo sapiens	Encontrado	https://alphafold.ebi.ac.uk/entry/Q86XP0
PLA2G4D	missense_variant		1264927612						Q86XP0	Cytosolic phospholipase A2 delta	Homo sapiens	Encontrado	https://alphafold.ebi.ac.uk/entry/Q86XP0
PLA2G4D	missense_variant		1268237577						Q86XP0	Cytosolic phospholipase A2 delta	Homo sapiens	Encontrado	https://alphafold.ebi.ac.uk/entry/Q86XP0
PLA2G4D	missense_variant		1268302367						Q86XP0	Cytosolic phospholipase A2 delta	Homo sapiens	Encontrado	https://alphafold.ebi.ac.uk/entry/Q86XP0
PLA2G4D	missense_variant		1269003750						Q86XP0	Cytosolic phospholipase A2 delta	Homo sapiens	Encontrado	https://alphafold.ebi.ac.uk/entry/Q86XP0
PLA2G4D	missense_variant		1270461015						Q86XP0	Cytosolic phospholipase A2 delta	Homo sapiens	Encontrado	https://alphafold.ebi.ac.uk/entry/Q86XP0
PLA2G4D	missense_variant		1272008925						Q86XP0	Cytosolic phospholipase A2 delta	Homo sapiens	Encontrado	https://alphafold.ebi.ac.uk/entry/Q86XP0
PLA2G4D	missense_variant		1272104801						Q86XP0	Cytosolic phospholipase A2 delta	Homo sapiens	Encontrado	https://alphafold.ebi.ac.uk/entry/Q86XP0
PLA2G4D	missense_variant		1275896788						Q86XP0	Cytosolic phospholipase A2 delta	Homo sapiens	Encontrado	https://alphafold.ebi.ac.uk/entry/Q86XP0
PLA2G4D	missense_variant		1278718990						Q86XP0	Cytosolic phospholipase A2 delta	Homo sapiens	Encontrado	https://alphafold.ebi.ac.uk/entry/Q86XP0
PLA2G4D	missense_variant		1278829736						Q86XP0	Cytosolic phospholipase A2 delta	Homo sapiens	Encontrado	https://alphafold.ebi.ac.uk/entry/Q86XP0
PLA2G4D	missense_variant		1281631456						Q86XP0	Cytosolic phospholipase A2 delta	Homo sapiens	Encontrado	https://alphafold.ebi.ac.uk/entry/Q86XP0
PLA2G4D	missense_variant		1282363820						Q86XP0	Cytosolic phospholipase A2 delta	Homo sapiens	Encontrado	https://alphafold.ebi.ac.uk/entry/Q86XP0
PLA2G4D	missense_variant		1286309204						Q86XP0	Cytosolic phospholipase A2 delta	Homo sapiens	Encontrado	https://alphafold.ebi.ac.uk/entry/Q86XP0
PLA2G4D	missense_variant		1286691957						Q86XP0	Cytosolic phospholipase A2 delta	Homo sapiens	Encontrado	https://alphafold.ebi.ac.uk/entry/Q86XP0
PLA2G4D	missense_variant		1287732543						Q86XP0	Cytosolic phospholipase A2 delta	Homo sapiens	Encontrado	https://alphafold.ebi.ac.uk/entry/Q86XP0
PLA2G4D	missense_variant		1291616710						Q86XP0	Cytosolic phospholipase A2 delta	Homo sapiens	Encontrado	https://alphafold.ebi.ac.uk/entry/Q86XP0
PLA2G4D	missense_variant		1291728268						Q86XP0	Cytosolic phospholipase A2 delta	Homo sapiens	Encontrado	https://alphafold.ebi.ac.uk/entry/Q86XP0
PLA2G4D	missense_variant		1291863763						Q86XP0	Cytosolic phospholipase A2 delta	Homo sapiens	Encontrado	https://alphafold.ebi.ac.uk/entry/Q86XP0
PLA2G4D	missense_variant		1292662578						Q86XP0	Cytosolic phospholipase A2 delta	Homo sapiens	Encontrado	https://alphafold.ebi.ac.uk/entry/Q86XP0
PLA2G4D	missense_variant		1296950760						Q86XP0	Cytosolic phospholipase A2 delta	Homo sapiens	Encontrado	https://alphafold.ebi.ac.uk/entry/Q86XP0
PLA2G4D	missense_variant		1298784877	Q86XP0	rs1298784877	R404H	0.007		Q86XP0	Cytosolic phospholipase A2 delta	Homo sapiens	Encontrado	https://alphafold.ebi.ac.uk/entry/Q86XP0
PLA2G4D	missense_variant		1298784877	Q86XP0	rs1298784877	R404H	0.55		Q86XP0	Cytosolic phospholipase A2 delta	Homo sapiens	Encontrado	https://alphafold.ebi.ac.uk/entry/Q86XP0
PLA2G4D	missense_variant		1298784877	Q86XP0	rs1298784877	R404H	0.007		Q86XP0	Cytosolic phospholipase A2 delta	Homo sapiens	Encontrado	https://alphafold.ebi.ac.uk/entry/Q86XP0
PLA2G4D	missense_variant		1298784877	Q86XP0	rs1298784877	R404H	0.57		Q86XP0	Cytosolic phospholipase A2 delta	Homo sapiens	Encontrado	https://alphafold.ebi.ac.uk/entry/Q86XP0
PLA2G4D	missense_variant		1299673157						Q86XP0	Cytosolic phospholipase A2 delta	Homo sapiens	Encontrado	https://alphafold.ebi.ac.uk/entry/Q86XP0
PLA2G4D	missense_variant		1303166328						Q86XP0	Cytosolic phospholipase A2 delta	Homo sapiens	Encontrado	https://alphafold.ebi.ac.uk/entry/Q86XP0
PLA2G4D	missense_variant		1306408913						Q86XP0	Cytosolic phospholipase A2 delta	Homo sapiens	Encontrado	https://alphafold.ebi.ac.uk/entry/Q86XP0
PLA2G4D	missense_variant		1308059365						Q86XP0	Cytosolic phospholipase A2 delta	Homo sapiens	Encontrado	https://alphafold.ebi.ac.uk/entry/Q86XP0
PLA2G4D	missense_variant		1310237544						Q86XP0	Cytosolic phospholipase A2 delta	Homo sapiens	Encontrado	https://alphafold.ebi.ac.uk/entry/Q86XP0
PLA2G4D	missense_variant		1312636565						Q86XP0	Cytosolic phospholipase A2 delta	Homo sapiens	Encontrado	https://alphafold.ebi.ac.uk/entry/Q86XP0
PLA2G4D	missense_variant		1316396281						Q86XP0	Cytosolic phospholipase A2 delta	Homo sapiens	Encontrado	https://alphafold.ebi.ac.uk/entry/Q86XP0
PLA2G4D	missense_variant		1319098473						Q86XP0	Cytosolic phospholipase A2 delta	Homo sapiens	Encontrado	https://alphafold.ebi.ac.uk/entry/Q86XP0
PLA2G4D	missense_variant		1322696056						Q86XP0	Cytosolic phospholipase A2 delta	Homo sapiens	Encontrado	https://alphafold.ebi.ac.uk/entry/Q86XP0
PLA2G4D	missense_variant		1322859282	Q86XP0	rs1322859282	G330E	0.99		Q86XP0	Cytosolic phospholipase A2 delta	Homo sapiens	Encontrado	https://alphafold.ebi.ac.uk/entry/Q86XP0
PLA2G4D	missense_variant		1322859282	Q86XP0	rs1322859282	G330E	0.0		Q86XP0	Cytosolic phospholipase A2 delta	Homo sapiens	Encontrado	https://alphafold.ebi.ac.uk/entry/Q86XP0
PLA2G4D	missense_variant		1322859282	Q86XP0	rs1322859282	G330E	0.99		Q86XP0	Cytosolic phospholipase A2 delta	Homo sapiens	Encontrado	https://alphafold.ebi.ac.uk/entry/Q86XP0
PLA2G4D	missense_variant		1322859282	Q86XP0	rs1322859282	G330E	0.0		Q86XP0	Cytosolic phospholipase A2 delta	Homo sapiens	Encontrado	https://alphafold.ebi.ac.uk/entry/Q86XP0
PLA2G4D	missense_variant		1322904820						Q86XP0	Cytosolic phospholipase A2 delta	Homo sapiens	Encontrado	https://alphafold.ebi.ac.uk/entry/Q86XP0
PLA2G4D	missense_variant		1326779717						Q86XP0	Cytosolic phospholipase A2 delta	Homo sapiens	Encontrado	https://alphafold.ebi.ac.uk/entry/Q86XP0
PLA2G4D	missense_variant		1327142001						Q86XP0	Cytosolic phospholipase A2 delta	Homo sapiens	Encontrado	https://alphafold.ebi.ac.uk/entry/Q86XP0
PLA2G4D	missense_variant		1327727844						Q86XP0	Cytosolic phospholipase A2 delta	Homo sapiens	Encontrado	https://alphafold.ebi.ac.uk/entry/Q86XP0
PLA2G4D	missense_variant		1330652521						Q86XP0	Cytosolic phospholipase A2 delta	Homo sapiens	Encontrado	https://alphafold.ebi.ac.uk/entry/Q86XP0
PLA2G4D	missense_variant		1330844785						Q86XP0	Cytosolic phospholipase A2 delta	Homo sapiens	Encontrado	https://alphafold.ebi.ac.uk/entry/Q86XP0
PLA2G4D	missense_variant		1331986241						Q86XP0	Cytosolic phospholipase A2 delta	Homo sapiens	Encontrado	https://alphafold.ebi.ac.uk/entry/Q86XP0
PLA2G4D	missense_variant		1333911196						Q86XP0	Cytosolic phospholipase A2 delta	Homo sapiens	Encontrado	https://alphafold.ebi.ac.uk/entry/Q86XP0
PLA2G4D	missense_variant		1334790947						Q86XP0	Cytosolic phospholipase A2 delta	Homo sapiens	Encontrado	https://alphafold.ebi.ac.uk/entry/Q86XP0
PLA2G4D	missense_variant		1335494163						Q86XP0	Cytosolic phospholipase A2 delta	Homo sapiens	Encontrado	https://alphafold.ebi.ac.uk/entry/Q86XP0
PLA2G4D	missense_variant		1335732668						Q86XP0	Cytosolic phospholipase A2 delta	Homo sapiens	Encontrado	https://alphafold.ebi.ac.uk/entry/Q86XP0
PLA2G4D	missense_variant		1335834332						Q86XP0	Cytosolic phospholipase A2 delta	Homo sapiens	Encontrado	https://alphafold.ebi.ac.uk/entry/Q86XP0
PLA2G4D	missense_variant		1335964512						Q86XP0	Cytosolic phospholipase A2 delta	Homo sapiens	Encontrado	https://alphafold.ebi.ac.uk/entry/Q86XP0
PLA2G4D	missense_variant		1336187465						Q86XP0	Cytosolic phospholipase A2 delta	Homo sapiens	Encontrado	https://alphafold.ebi.ac.uk/entry/Q86XP0
PLA2G4D	missense_variant		1336650874						Q86XP0	Cytosolic phospholipase A2 delta	Homo sapiens	Encontrado	https://alphafold.ebi.ac.uk/entry/Q86XP0
PLA2G4D	missense_variant		1336901570	Q86XP0	rs1336901570	D673N	0.007		Q86XP0	Cytosolic phospholipase A2 delta	Homo sapiens	Encontrado	https://alphafold.ebi.ac.uk/entry/Q86XP0
PLA2G4D	missense_variant		1336901570	Q86XP0	rs1336901570	D673N	0.76		Q86XP0	Cytosolic phospholipase A2 delta	Homo sapiens	Encontrado	https://alphafold.ebi.ac.uk/entry/Q86XP0
PLA2G4D	missense_variant		1336901570	Q86XP0	rs1336901570	D673N	0.007		Q86XP0	Cytosolic phospholipase A2 delta	Homo sapiens	Encontrado	https://alphafold.ebi.ac.uk/entry/Q86XP0
PLA2G4D	missense_variant		1336901570	Q86XP0	rs1336901570	D673N	0.52		Q86XP0	Cytosolic phospholipase A2 delta	Homo sapiens	Encontrado	https://alphafold.ebi.ac.uk/entry/Q86XP0
PLA2G4D	missense_variant		1337167564						Q86XP0	Cytosolic phospholipase A2 delta	Homo sapiens	Encontrado	https://alphafold.ebi.ac.uk/entry/Q86XP0
PLA2G4D	missense_variant		1337955621						Q86XP0	Cytosolic phospholipase A2 delta	Homo sapiens	Encontrado	https://alphafold.ebi.ac.uk/entry/Q86XP0
PLA2G4D	missense_variant		1340121202						Q86XP0	Cytosolic phospholipase A2 delta	Homo sapiens	Encontrado	https://alphafold.ebi.ac.uk/entry/Q86XP0
PLA2G4D	missense_variant		1344367016						Q86XP0	Cytosolic phospholipase A2 delta	Homo sapiens	Encontrado	https://alphafold.ebi.ac.uk/entry/Q86XP0
PLA2G4D	missense_variant		1351917836						Q86XP0	Cytosolic phospholipase A2 delta	Homo sapiens	Encontrado	https://alphafold.ebi.ac.uk/entry/Q86XP0
PLA2G4D	missense_variant		1352776868						Q86XP0	Cytosolic phospholipase A2 delta	Homo sapiens	Encontrado	https://alphafold.ebi.ac.uk/entry/Q86XP0
PLA2G4D	missense_variant		1354002671						Q86XP0	Cytosolic phospholipase A2 delta	Homo sapiens	Encontrado	https://alphafold.ebi.ac.uk/entry/Q86XP0
PLA2G4D	missense_variant		1355417060						Q86XP0	Cytosolic phospholipase A2 delta	Homo sapiens	Encontrado	https://alphafold.ebi.ac.uk/entry/Q86XP0
PLA2G4D	missense_variant		1358352478						Q86XP0	Cytosolic phospholipase A2 delta	Homo sapiens	Encontrado	https://alphafold.ebi.ac.uk/entry/Q86XP0
PLA2G4D	missense_variant		1358720870						Q86XP0	Cytosolic phospholipase A2 delta	Homo sapiens	Encontrado	https://alphafold.ebi.ac.uk/entry/Q86XP0
PLA2G4D	missense_variant		1359815181						Q86XP0	Cytosolic phospholipase A2 delta	Homo sapiens	Encontrado	https://alphafold.ebi.ac.uk/entry/Q86XP0
PLA2G4D	missense_variant		1361214165						Q86XP0	Cytosolic phospholipase A2 delta	Homo sapiens	Encontrado	https://alphafold.ebi.ac.uk/entry/Q86XP0
PLA2G4D	missense_variant		1362132727						Q86XP0	Cytosolic phospholipase A2 delta	Homo sapiens	Encontrado	https://alphafold.ebi.ac.uk/entry/Q86XP0
PLA2G4D	missense_variant		1365178364	Q86XP0	rs1365178364	D44N	0.999		Q86XP0	Cytosolic phospholipase A2 delta	Homo sapiens	Encontrado	https://alphafold.ebi.ac.uk/entry/Q86XP0
PLA2G4D	missense_variant		1365178364	Q86XP0	rs1365178364	D44N	0.0		Q86XP0	Cytosolic phospholipase A2 delta	Homo sapiens	Encontrado	https://alphafold.ebi.ac.uk/entry/Q86XP0
PLA2G4D	missense_variant		1365178364	Q86XP0	rs1365178364	D44N	0.999		Q86XP0	Cytosolic phospholipase A2 delta	Homo sapiens	Encontrado	https://alphafold.ebi.ac.uk/entry/Q86XP0
PLA2G4D	missense_variant		1365178364	Q86XP0	rs1365178364	D44N	0.01		Q86XP0	Cytosolic phospholipase A2 delta	Homo sapiens	Encontrado	https://alphafold.ebi.ac.uk/entry/Q86XP0
PLA2G4D	missense_variant		1366225843						Q86XP0	Cytosolic phospholipase A2 delta	Homo sapiens	Encontrado	https://alphafold.ebi.ac.uk/entry/Q86XP0
PLA2G4D	missense_variant		1367317130						Q86XP0	Cytosolic phospholipase A2 delta	Homo sapiens	Encontrado	https://alphafold.ebi.ac.uk/entry/Q86XP0
PLA2G4D	missense_variant		1368538876						Q86XP0	Cytosolic phospholipase A2 delta	Homo sapiens	Encontrado	https://alphafold.ebi.ac.uk/entry/Q86XP0
PLA2G4D	missense_variant		1369092667						Q86XP0	Cytosolic phospholipase A2 delta	Homo sapiens	Encontrado	https://alphafold.ebi.ac.uk/entry/Q86XP0
PLA2G4D	missense_variant		1370362131						Q86XP0	Cytosolic phospholipase A2 delta	Homo sapiens	Encontrado	https://alphafold.ebi.ac.uk/entry/Q86XP0
PLA2G4D	missense_variant		1370561104						Q86XP0	Cytosolic phospholipase A2 delta	Homo sapiens	Encontrado	https://alphafold.ebi.ac.uk/entry/Q86XP0
PLA2G4D	missense_variant		1370617391						Q86XP0	Cytosolic phospholipase A2 delta	Homo sapiens	Encontrado	https://alphafold.ebi.ac.uk/entry/Q86XP0
PLA2G4D	missense_variant		1372856712						Q86XP0	Cytosolic phospholipase A2 delta	Homo sapiens	Encontrado	https://alphafold.ebi.ac.uk/entry/Q86XP0
PLA2G4D	missense_variant	uncertain significance	1373378653	Q86XP0	rs1373378653	R747H	0.993		Q86XP0	Cytosolic phospholipase A2 delta	Homo sapiens	Encontrado	https://alphafold.ebi.ac.uk/entry/Q86XP0
PLA2G4D	missense_variant	uncertain significance	1373378653	Q86XP0	rs1373378653	R747H	0.01		Q86XP0	Cytosolic phospholipase A2 delta	Homo sapiens	Encontrado	https://alphafold.ebi.ac.uk/entry/Q86XP0
PLA2G4D	missense_variant	uncertain significance	1373378653	Q86XP0	rs1373378653	R747H	0.993		Q86XP0	Cytosolic phospholipase A2 delta	Homo sapiens	Encontrado	https://alphafold.ebi.ac.uk/entry/Q86XP0
PLA2G4D	missense_variant	uncertain significance	1373378653	Q86XP0	rs1373378653	R747H	0.02		Q86XP0	Cytosolic phospholipase A2 delta	Homo sapiens	Encontrado	https://alphafold.ebi.ac.uk/entry/Q86XP0
PLA2G4D	missense_variant		1373575186						Q86XP0	Cytosolic phospholipase A2 delta	Homo sapiens	Encontrado	https://alphafold.ebi.ac.uk/entry/Q86XP0
PLA2G4D	missense_variant		1374763201						Q86XP0	Cytosolic phospholipase A2 delta	Homo sapiens	Encontrado	https://alphafold.ebi.ac.uk/entry/Q86XP0
PLA2G4D	missense_variant		1375456254						Q86XP0	Cytosolic phospholipase A2 delta	Homo sapiens	Encontrado	https://alphafold.ebi.ac.uk/entry/Q86XP0
PLA2G4D	missense_variant		1376055242						Q86XP0	Cytosolic phospholipase A2 delta	Homo sapiens	Encontrado	https://alphafold.ebi.ac.uk/entry/Q86XP0
PLA2G4D	missense_variant		1377040048						Q86XP0	Cytosolic phospholipase A2 delta	Homo sapiens	Encontrado	https://alphafold.ebi.ac.uk/entry/Q86XP0
PLA2G4D	missense_variant	uncertain significance	1378254805	Q86XP0	rs1378254805	P10H	0.003		Q86XP0	Cytosolic phospholipase A2 delta	Homo sapiens	Encontrado	https://alphafold.ebi.ac.uk/entry/Q86XP0
PLA2G4D	missense_variant	uncertain significance	1378254805	Q86XP0	rs1378254805	P10H	0.05		Q86XP0	Cytosolic phospholipase A2 delta	Homo sapiens	Encontrado	https://alphafold.ebi.ac.uk/entry/Q86XP0
PLA2G4D	missense_variant		137875756						Q86XP0	Cytosolic phospholipase A2 delta	Homo sapiens	Encontrado	https://alphafold.ebi.ac.uk/entry/Q86XP0
PLA2G4D	missense_variant		1381536719						Q86XP0	Cytosolic phospholipase A2 delta	Homo sapiens	Encontrado	https://alphafold.ebi.ac.uk/entry/Q86XP0
PLA2G4D	missense_variant		1386153580						Q86XP0	Cytosolic phospholipase A2 delta	Homo sapiens	Encontrado	https://alphafold.ebi.ac.uk/entry/Q86XP0
PLA2G4D	missense_variant	uncertain significance	138647693	Q86XP0	rs138647693	Q81H	0.186		Q86XP0	Cytosolic phospholipase A2 delta	Homo sapiens	Encontrado	https://alphafold.ebi.ac.uk/entry/Q86XP0
PLA2G4D	missense_variant	uncertain significance	138647693	Q86XP0	rs138647693	Q81H	0.3		Q86XP0	Cytosolic phospholipase A2 delta	Homo sapiens	Encontrado	https://alphafold.ebi.ac.uk/entry/Q86XP0
PLA2G4D	missense_variant		1390520866						Q86XP0	Cytosolic phospholipase A2 delta	Homo sapiens	Encontrado	https://alphafold.ebi.ac.uk/entry/Q86XP0
PLA2G4D	missense_variant		1390567448						Q86XP0	Cytosolic phospholipase A2 delta	Homo sapiens	Encontrado	https://alphafold.ebi.ac.uk/entry/Q86XP0
PLA2G4D	missense_variant		1392216179						Q86XP0	Cytosolic phospholipase A2 delta	Homo sapiens	Encontrado	https://alphafold.ebi.ac.uk/entry/Q86XP0
PLA2G4D	missense_variant		1392565961						Q86XP0	Cytosolic phospholipase A2 delta	Homo sapiens	Encontrado	https://alphafold.ebi.ac.uk/entry/Q86XP0
PLA2G4D	missense_variant		139278620						Q86XP0	Cytosolic phospholipase A2 delta	Homo sapiens	Encontrado	https://alphafold.ebi.ac.uk/entry/Q86XP0
PLA2G4D	missense_variant		1393463245						Q86XP0	Cytosolic phospholipase A2 delta	Homo sapiens	Encontrado	https://alphafold.ebi.ac.uk/entry/Q86XP0
PLA2G4D	missense_variant		1395196774						Q86XP0	Cytosolic phospholipase A2 delta	Homo sapiens	Encontrado	https://alphafold.ebi.ac.uk/entry/Q86XP0
PLA2G4D	missense_variant		1395212822						Q86XP0	Cytosolic phospholipase A2 delta	Homo sapiens	Encontrado	https://alphafold.ebi.ac.uk/entry/Q86XP0
PLA2G4D	missense_variant		1395639976						Q86XP0	Cytosolic phospholipase A2 delta	Homo sapiens	Encontrado	https://alphafold.ebi.ac.uk/entry/Q86XP0
PLA2G4D	missense_variant		1397382208						Q86XP0	Cytosolic phospholipase A2 delta	Homo sapiens	Encontrado	https://alphafold.ebi.ac.uk/entry/Q86XP0
PLA2G4D	missense_variant	likely benign	139838585	Q86XP0	rs139838585	R410Q	0.005		Q86XP0	Cytosolic phospholipase A2 delta	Homo sapiens	Encontrado	https://alphafold.ebi.ac.uk/entry/Q86XP0
PLA2G4D	missense_variant	likely benign	139838585	Q86XP0	rs139838585	R410Q	0.93		Q86XP0	Cytosolic phospholipase A2 delta	Homo sapiens	Encontrado	https://alphafold.ebi.ac.uk/entry/Q86XP0
PLA2G4D	missense_variant		1398401344						Q86XP0	Cytosolic phospholipase A2 delta	Homo sapiens	Encontrado	https://alphafold.ebi.ac.uk/entry/Q86XP0
PLA2G4D	missense_variant		1398805839						Q86XP0	Cytosolic phospholipase A2 delta	Homo sapiens	Encontrado	https://alphafold.ebi.ac.uk/entry/Q86XP0
PLA2G4D	missense_variant	uncertain significance	139975594						Q86XP0	Cytosolic phospholipase A2 delta	Homo sapiens	Encontrado	https://alphafold.ebi.ac.uk/entry/Q86XP0
PLA2G4D	missense_variant		1400131644						Q86XP0	Cytosolic phospholipase A2 delta	Homo sapiens	Encontrado	https://alphafold.ebi.ac.uk/entry/Q86XP0
PLA2G4D	missense_variant	uncertain significance	140046515	Q86XP0	rs140046515	L475V	0.348		Q86XP0	Cytosolic phospholipase A2 delta	Homo sapiens	Encontrado	https://alphafold.ebi.ac.uk/entry/Q86XP0
PLA2G4D	missense_variant	uncertain significance	140046515	Q86XP0	rs140046515	L475V	0.03		Q86XP0	Cytosolic phospholipase A2 delta	Homo sapiens	Encontrado	https://alphafold.ebi.ac.uk/entry/Q86XP0
PLA2G4D	missense_variant		1401824702						Q86XP0	Cytosolic phospholipase A2 delta	Homo sapiens	Encontrado	https://alphafold.ebi.ac.uk/entry/Q86XP0
PLA2G4D	missense_variant		1402158741						Q86XP0	Cytosolic phospholipase A2 delta	Homo sapiens	Encontrado	https://alphafold.ebi.ac.uk/entry/Q86XP0
PLA2G4D	missense_variant	uncertain significance	1403343484	Q86XP0	rs1403343484	A388D	0.753		Q86XP0	Cytosolic phospholipase A2 delta	Homo sapiens	Encontrado	https://alphafold.ebi.ac.uk/entry/Q86XP0
PLA2G4D	missense_variant	uncertain significance	1403343484	Q86XP0	rs1403343484	A388D	0.0		Q86XP0	Cytosolic phospholipase A2 delta	Homo sapiens	Encontrado	https://alphafold.ebi.ac.uk/entry/Q86XP0
PLA2G4D	missense_variant		140379004						Q86XP0	Cytosolic phospholipase A2 delta	Homo sapiens	Encontrado	https://alphafold.ebi.ac.uk/entry/Q86XP0
PLA2G4D	missense_variant		1406758999						Q86XP0	Cytosolic phospholipase A2 delta	Homo sapiens	Encontrado	https://alphafold.ebi.ac.uk/entry/Q86XP0
PLA2G4D	missense_variant		1406963743						Q86XP0	Cytosolic phospholipase A2 delta	Homo sapiens	Encontrado	https://alphafold.ebi.ac.uk/entry/Q86XP0
PLA2G4D	missense_variant		1408616183						Q86XP0	Cytosolic phospholipase A2 delta	Homo sapiens	Encontrado	https://alphafold.ebi.ac.uk/entry/Q86XP0
PLA2G4D	missense_variant		1408626551						Q86XP0	Cytosolic phospholipase A2 delta	Homo sapiens	Encontrado	https://alphafold.ebi.ac.uk/entry/Q86XP0
PLA2G4D	missense_variant	uncertain significance	140968583	Q86XP0	rs140968583	I249T	0.0		Q86XP0	Cytosolic phospholipase A2 delta	Homo sapiens	Encontrado	https://alphafold.ebi.ac.uk/entry/Q86XP0
PLA2G4D	missense_variant	uncertain significance	140968583	Q86XP0	rs140968583	I249T	0.42		Q86XP0	Cytosolic phospholipase A2 delta	Homo sapiens	Encontrado	https://alphafold.ebi.ac.uk/entry/Q86XP0
PLA2G4D	missense_variant		1409702402						Q86XP0	Cytosolic phospholipase A2 delta	Homo sapiens	Encontrado	https://alphafold.ebi.ac.uk/entry/Q86XP0
PLA2G4D	missense_variant	uncertain significance	141280268	Q86XP0	rs141280268	F490L	0.893		Q86XP0	Cytosolic phospholipase A2 delta	Homo sapiens	Encontrado	https://alphafold.ebi.ac.uk/entry/Q86XP0
PLA2G4D	missense_variant	uncertain significance	141280268	Q86XP0	rs141280268	F490L	0.32		Q86XP0	Cytosolic phospholipase A2 delta	Homo sapiens	Encontrado	https://alphafold.ebi.ac.uk/entry/Q86XP0
PLA2G4D	missense_variant		1419477934						Q86XP0	Cytosolic phospholipase A2 delta	Homo sapiens	Encontrado	https://alphafold.ebi.ac.uk/entry/Q86XP0
PLA2G4D	missense_variant		141982061						Q86XP0	Cytosolic phospholipase A2 delta	Homo sapiens	Encontrado	https://alphafold.ebi.ac.uk/entry/Q86XP0
PLA2G4D	missense_variant	uncertain significance	142001551	Q86XP0	rs142001551	G340S	1.0		Q86XP0	Cytosolic phospholipase A2 delta	Homo sapiens	Encontrado	https://alphafold.ebi.ac.uk/entry/Q86XP0
PLA2G4D	missense_variant	uncertain significance	142001551	Q86XP0	rs142001551	G340S	0.05		Q86XP0	Cytosolic phospholipase A2 delta	Homo sapiens	Encontrado	https://alphafold.ebi.ac.uk/entry/Q86XP0
PLA2G4D	missense_variant		1422098788						Q86XP0	Cytosolic phospholipase A2 delta	Homo sapiens	Encontrado	https://alphafold.ebi.ac.uk/entry/Q86XP0
PLA2G4D	missense_variant		1422443429						Q86XP0	Cytosolic phospholipase A2 delta	Homo sapiens	Encontrado	https://alphafold.ebi.ac.uk/entry/Q86XP0
PLA2G4D	missense_variant	uncertain significance	1422893825	Q86XP0	rs1422893825	K492N	0.993		Q86XP0	Cytosolic phospholipase A2 delta	Homo sapiens	Encontrado	https://alphafold.ebi.ac.uk/entry/Q86XP0
PLA2G4D	missense_variant	uncertain significance	1422893825	Q86XP0	rs1422893825	K492N	0.0		Q86XP0	Cytosolic phospholipase A2 delta	Homo sapiens	Encontrado	https://alphafold.ebi.ac.uk/entry/Q86XP0
PLA2G4D	missense_variant	uncertain significance	1424515288	Q86XP0	rs1424515288	P421L	0.166		Q86XP0	Cytosolic phospholipase A2 delta	Homo sapiens	Encontrado	https://alphafold.ebi.ac.uk/entry/Q86XP0
PLA2G4D	missense_variant	uncertain significance	1424515288	Q86XP0	rs1424515288	P421L	0.09		Q86XP0	Cytosolic phospholipase A2 delta	Homo sapiens	Encontrado	https://alphafold.ebi.ac.uk/entry/Q86XP0
PLA2G4D	missense_variant		1424883476						Q86XP0	Cytosolic phospholipase A2 delta	Homo sapiens	Encontrado	https://alphafold.ebi.ac.uk/entry/Q86XP0
PLA2G4D	missense_variant	uncertain significance	142515758	Q86XP0	rs142515758	R296S	0.119		Q86XP0	Cytosolic phospholipase A2 delta	Homo sapiens	Encontrado	https://alphafold.ebi.ac.uk/entry/Q86XP0
PLA2G4D	missense_variant	uncertain significance	142515758	Q86XP0	rs142515758	R296S	0.0		Q86XP0	Cytosolic phospholipase A2 delta	Homo sapiens	Encontrado	https://alphafold.ebi.ac.uk/entry/Q86XP0
PLA2G4D	missense_variant		1426196601	Q86XP0	rs1426196601	R699Q	0.079		Q86XP0	Cytosolic phospholipase A2 delta	Homo sapiens	Encontrado	https://alphafold.ebi.ac.uk/entry/Q86XP0
PLA2G4D	missense_variant		1426196601	Q86XP0	rs1426196601	R699Q	0.11		Q86XP0	Cytosolic phospholipase A2 delta	Homo sapiens	Encontrado	https://alphafold.ebi.ac.uk/entry/Q86XP0
PLA2G4D	missense_variant		1426196601	Q86XP0	rs1426196601	R699Q	0.078		Q86XP0	Cytosolic phospholipase A2 delta	Homo sapiens	Encontrado	https://alphafold.ebi.ac.uk/entry/Q86XP0
PLA2G4D	missense_variant		1426196601	Q86XP0	rs1426196601	R699Q	0.09		Q86XP0	Cytosolic phospholipase A2 delta	Homo sapiens	Encontrado	https://alphafold.ebi.ac.uk/entry/Q86XP0
PLA2G4D	missense_variant		1426673099						Q86XP0	Cytosolic phospholipase A2 delta	Homo sapiens	Encontrado	https://alphafold.ebi.ac.uk/entry/Q86XP0
PLA2G4D	missense_variant		142872485						Q86XP0	Cytosolic phospholipase A2 delta	Homo sapiens	Encontrado	https://alphafold.ebi.ac.uk/entry/Q86XP0
PLA2G4D	missense_variant	uncertain significance	143243064	Q86XP0	rs143243064	R32Q	0.161		Q86XP0	Cytosolic phospholipase A2 delta	Homo sapiens	Encontrado	https://alphafold.ebi.ac.uk/entry/Q86XP0
PLA2G4D	missense_variant	uncertain significance	143243064	Q86XP0	rs143243064	R32Q	0.0		Q86XP0	Cytosolic phospholipase A2 delta	Homo sapiens	Encontrado	https://alphafold.ebi.ac.uk/entry/Q86XP0
PLA2G4D	missense_variant	uncertain significance	143243064	Q86XP0	rs143243064	R32Q	0.158		Q86XP0	Cytosolic phospholipase A2 delta	Homo sapiens	Encontrado	https://alphafold.ebi.ac.uk/entry/Q86XP0
PLA2G4D	missense_variant	uncertain significance	143243064	Q86XP0	rs143243064	R32Q	0.03		Q86XP0	Cytosolic phospholipase A2 delta	Homo sapiens	Encontrado	https://alphafold.ebi.ac.uk/entry/Q86XP0
PLA2G4D	missense_variant		1434639034						Q86XP0	Cytosolic phospholipase A2 delta	Homo sapiens	Encontrado	https://alphafold.ebi.ac.uk/entry/Q86XP0
PLA2G4D	missense_variant		1434785017						Q86XP0	Cytosolic phospholipase A2 delta	Homo sapiens	Encontrado	https://alphafold.ebi.ac.uk/entry/Q86XP0
PLA2G4D	missense_variant		143657689						Q86XP0	Cytosolic phospholipase A2 delta	Homo sapiens	Encontrado	https://alphafold.ebi.ac.uk/entry/Q86XP0
PLA2G4D	missense_variant	uncertain significance	143687725	Q86XP0	rs143687725	G56E	0.072		Q86XP0	Cytosolic phospholipase A2 delta	Homo sapiens	Encontrado	https://alphafold.ebi.ac.uk/entry/Q86XP0
PLA2G4D	missense_variant	uncertain significance	143687725	Q86XP0	rs143687725	G56E	0.13		Q86XP0	Cytosolic phospholipase A2 delta	Homo sapiens	Encontrado	https://alphafold.ebi.ac.uk/entry/Q86XP0
PLA2G4D	missense_variant	uncertain significance	143745815	Q86XP0	rs143745815	R661Q	0.019		Q86XP0	Cytosolic phospholipase A2 delta	Homo sapiens	Encontrado	https://alphafold.ebi.ac.uk/entry/Q86XP0
PLA2G4D	missense_variant	uncertain significance	143745815	Q86XP0	rs143745815	R661Q	0.21		Q86XP0	Cytosolic phospholipase A2 delta	Homo sapiens	Encontrado	https://alphafold.ebi.ac.uk/entry/Q86XP0
PLA2G4D	missense_variant		143875418						Q86XP0	Cytosolic phospholipase A2 delta	Homo sapiens	Encontrado	https://alphafold.ebi.ac.uk/entry/Q86XP0
PLA2G4D	missense_variant		143912785						Q86XP0	Cytosolic phospholipase A2 delta	Homo sapiens	Encontrado	https://alphafold.ebi.ac.uk/entry/Q86XP0
PLA2G4D	missense_variant		1440225517						Q86XP0	Cytosolic phospholipase A2 delta	Homo sapiens	Encontrado	https://alphafold.ebi.ac.uk/entry/Q86XP0
PLA2G4D	missense_variant		1440555713						Q86XP0	Cytosolic phospholipase A2 delta	Homo sapiens	Encontrado	https://alphafold.ebi.ac.uk/entry/Q86XP0
PLA2G4D	missense_variant		1441127481						Q86XP0	Cytosolic phospholipase A2 delta	Homo sapiens	Encontrado	https://alphafold.ebi.ac.uk/entry/Q86XP0
PLA2G4D	missense_variant		144279282						Q86XP0	Cytosolic phospholipase A2 delta	Homo sapiens	Encontrado	https://alphafold.ebi.ac.uk/entry/Q86XP0
PLA2G4D	missense_variant		144365325						Q86XP0	Cytosolic phospholipase A2 delta	Homo sapiens	Encontrado	https://alphafold.ebi.ac.uk/entry/Q86XP0
PLA2G4D	missense_variant		1444379588						Q86XP0	Cytosolic phospholipase A2 delta	Homo sapiens	Encontrado	https://alphafold.ebi.ac.uk/entry/Q86XP0
PLA2G4D	missense_variant		144471740						Q86XP0	Cytosolic phospholipase A2 delta	Homo sapiens	Encontrado	https://alphafold.ebi.ac.uk/entry/Q86XP0
PLA2G4D	missense_variant		1447131609						Q86XP0	Cytosolic phospholipase A2 delta	Homo sapiens	Encontrado	https://alphafold.ebi.ac.uk/entry/Q86XP0
PLA2G4D	missense_variant		1447897877	Q86XP0	rs1447897877	G509E	1.0		Q86XP0	Cytosolic phospholipase A2 delta	Homo sapiens	Encontrado	https://alphafold.ebi.ac.uk/entry/Q86XP0
PLA2G4D	missense_variant		1447897877	Q86XP0	rs1447897877	G509E	0.0		Q86XP0	Cytosolic phospholipase A2 delta	Homo sapiens	Encontrado	https://alphafold.ebi.ac.uk/entry/Q86XP0
PLA2G4D	missense_variant		1447897877	Q86XP0	rs1447897877	G509E	1.0		Q86XP0	Cytosolic phospholipase A2 delta	Homo sapiens	Encontrado	https://alphafold.ebi.ac.uk/entry/Q86XP0
PLA2G4D	missense_variant		1447897877	Q86XP0	rs1447897877	G509E	0.0		Q86XP0	Cytosolic phospholipase A2 delta	Homo sapiens	Encontrado	https://alphafold.ebi.ac.uk/entry/Q86XP0
PLA2G4D	missense_variant		1448397660						Q86XP0	Cytosolic phospholipase A2 delta	Homo sapiens	Encontrado	https://alphafold.ebi.ac.uk/entry/Q86XP0
PLA2G4D	missense_variant		1449025540						Q86XP0	Cytosolic phospholipase A2 delta	Homo sapiens	Encontrado	https://alphafold.ebi.ac.uk/entry/Q86XP0
PLA2G4D	missense_variant		1450271025						Q86XP0	Cytosolic phospholipase A2 delta	Homo sapiens	Encontrado	https://alphafold.ebi.ac.uk/entry/Q86XP0
PLA2G4D	missense_variant		145074941						Q86XP0	Cytosolic phospholipase A2 delta	Homo sapiens	Encontrado	https://alphafold.ebi.ac.uk/entry/Q86XP0
PLA2G4D	missense_variant		145079487						Q86XP0	Cytosolic phospholipase A2 delta	Homo sapiens	Encontrado	https://alphafold.ebi.ac.uk/entry/Q86XP0
PLA2G4D	missense_variant		1451649111						Q86XP0	Cytosolic phospholipase A2 delta	Homo sapiens	Encontrado	https://alphafold.ebi.ac.uk/entry/Q86XP0
PLA2G4D	missense_variant		145526723						Q86XP0	Cytosolic phospholipase A2 delta	Homo sapiens	Encontrado	https://alphafold.ebi.ac.uk/entry/Q86XP0
PLA2G4D	missense_variant		1460591071						Q86XP0	Cytosolic phospholipase A2 delta	Homo sapiens	Encontrado	https://alphafold.ebi.ac.uk/entry/Q86XP0
PLA2G4D	missense_variant		146080339						Q86XP0	Cytosolic phospholipase A2 delta	Homo sapiens	Encontrado	https://alphafold.ebi.ac.uk/entry/Q86XP0
PLA2G4D	missense_variant		1460992954						Q86XP0	Cytosolic phospholipase A2 delta	Homo sapiens	Encontrado	https://alphafold.ebi.ac.uk/entry/Q86XP0
PLA2G4D	missense_variant		1462072700						Q86XP0	Cytosolic phospholipase A2 delta	Homo sapiens	Encontrado	https://alphafold.ebi.ac.uk/entry/Q86XP0
PLA2G4D	missense_variant		146646386						Q86XP0	Cytosolic phospholipase A2 delta	Homo sapiens	Encontrado	https://alphafold.ebi.ac.uk/entry/Q86XP0
PLA2G4D	missense_variant		1466794070	Q86XP0	rs1466794070	H210Y	0.63		Q86XP0	Cytosolic phospholipase A2 delta	Homo sapiens	Encontrado	https://alphafold.ebi.ac.uk/entry/Q86XP0
PLA2G4D	missense_variant		1466794070	Q86XP0	rs1466794070	H210Y	0.01		Q86XP0	Cytosolic phospholipase A2 delta	Homo sapiens	Encontrado	https://alphafold.ebi.ac.uk/entry/Q86XP0
PLA2G4D	missense_variant		1466794070	Q86XP0	rs1466794070	H210Y	0.64		Q86XP0	Cytosolic phospholipase A2 delta	Homo sapiens	Encontrado	https://alphafold.ebi.ac.uk/entry/Q86XP0
PLA2G4D	missense_variant		1466794070	Q86XP0	rs1466794070	H210Y	0.0		Q86XP0	Cytosolic phospholipase A2 delta	Homo sapiens	Encontrado	https://alphafold.ebi.ac.uk/entry/Q86XP0
PLA2G4D	missense_variant	uncertain significance	146739833	Q86XP0	rs146739833	E500G	0.969		Q86XP0	Cytosolic phospholipase A2 delta	Homo sapiens	Encontrado	https://alphafold.ebi.ac.uk/entry/Q86XP0
PLA2G4D	missense_variant	uncertain significance	146739833	Q86XP0	rs146739833	E500G	0.0		Q86XP0	Cytosolic phospholipase A2 delta	Homo sapiens	Encontrado	https://alphafold.ebi.ac.uk/entry/Q86XP0
PLA2G4D	missense_variant	uncertain significance	146853362	Q86XP0	rs146853362	P725L	0.985		Q86XP0	Cytosolic phospholipase A2 delta	Homo sapiens	Encontrado	https://alphafold.ebi.ac.uk/entry/Q86XP0
PLA2G4D	missense_variant	uncertain significance	146853362	Q86XP0	rs146853362	P725L	0.0		Q86XP0	Cytosolic phospholipase A2 delta	Homo sapiens	Encontrado	https://alphafold.ebi.ac.uk/entry/Q86XP0
PLA2G4D	missense_variant		146924938	Q86XP0	rs146924938	S675F	0.522		Q86XP0	Cytosolic phospholipase A2 delta	Homo sapiens	Encontrado	https://alphafold.ebi.ac.uk/entry/Q86XP0
PLA2G4D	missense_variant		146924938	Q86XP0	rs146924938	S675F	0.0		Q86XP0	Cytosolic phospholipase A2 delta	Homo sapiens	Encontrado	https://alphafold.ebi.ac.uk/entry/Q86XP0
PLA2G4D	missense_variant		146924938	Q86XP0	rs146924938	S675F	0.533		Q86XP0	Cytosolic phospholipase A2 delta	Homo sapiens	Encontrado	https://alphafold.ebi.ac.uk/entry/Q86XP0
PLA2G4D	missense_variant		146924938	Q86XP0	rs146924938	S675F	0.0		Q86XP0	Cytosolic phospholipase A2 delta	Homo sapiens	Encontrado	https://alphafold.ebi.ac.uk/entry/Q86XP0
PLA2G4D	missense_variant		146947997						Q86XP0	Cytosolic phospholipase A2 delta	Homo sapiens	Encontrado	https://alphafold.ebi.ac.uk/entry/Q86XP0
PLA2G4D	missense_variant		147198080						Q86XP0	Cytosolic phospholipase A2 delta	Homo sapiens	Encontrado	https://alphafold.ebi.ac.uk/entry/Q86XP0
PLA2G4D	missense_variant	uncertain significance	147208206	Q86XP0	rs147208206	M659V	0.0		Q86XP0	Cytosolic phospholipase A2 delta	Homo sapiens	Encontrado	https://alphafold.ebi.ac.uk/entry/Q86XP0
PLA2G4D	missense_variant	uncertain significance	147208206	Q86XP0	rs147208206	M659V	0.0		Q86XP0	Cytosolic phospholipase A2 delta	Homo sapiens	Encontrado	https://alphafold.ebi.ac.uk/entry/Q86XP0
PLA2G4D	missense_variant		147259318						Q86XP0	Cytosolic phospholipase A2 delta	Homo sapiens	Encontrado	https://alphafold.ebi.ac.uk/entry/Q86XP0
PLA2G4D	missense_variant		1474568793						Q86XP0	Cytosolic phospholipase A2 delta	Homo sapiens	Encontrado	https://alphafold.ebi.ac.uk/entry/Q86XP0
PLA2G4D	missense_variant		1475547920	Q86XP0	rs1475547920	I530T	0.119		Q86XP0	Cytosolic phospholipase A2 delta	Homo sapiens	Encontrado	https://alphafold.ebi.ac.uk/entry/Q86XP0
PLA2G4D	missense_variant		1475547920	Q86XP0	rs1475547920	I530T	0.0		Q86XP0	Cytosolic phospholipase A2 delta	Homo sapiens	Encontrado	https://alphafold.ebi.ac.uk/entry/Q86XP0
PLA2G4D	missense_variant		1475547920	Q86XP0	rs1475547920	I530T	0.124		Q86XP0	Cytosolic phospholipase A2 delta	Homo sapiens	Encontrado	https://alphafold.ebi.ac.uk/entry/Q86XP0
PLA2G4D	missense_variant		1475547920	Q86XP0	rs1475547920	I530T	0.0		Q86XP0	Cytosolic phospholipase A2 delta	Homo sapiens	Encontrado	https://alphafold.ebi.ac.uk/entry/Q86XP0
PLA2G4D	missense_variant	uncertain significance	147588006						Q86XP0	Cytosolic phospholipase A2 delta	Homo sapiens	Encontrado	https://alphafold.ebi.ac.uk/entry/Q86XP0
PLA2G4D	missense_variant		1476036240						Q86XP0	Cytosolic phospholipase A2 delta	Homo sapiens	Encontrado	https://alphafold.ebi.ac.uk/entry/Q86XP0
PLA2G4D	missense_variant		1479510002						Q86XP0	Cytosolic phospholipase A2 delta	Homo sapiens	Encontrado	https://alphafold.ebi.ac.uk/entry/Q86XP0
PLA2G4D	missense_variant		1480327221	Q86XP0	rs1480327221	A288T	0.023		Q86XP0	Cytosolic phospholipase A2 delta	Homo sapiens	Encontrado	https://alphafold.ebi.ac.uk/entry/Q86XP0
PLA2G4D	missense_variant		1480327221	Q86XP0	rs1480327221	A288T	0.31		Q86XP0	Cytosolic phospholipase A2 delta	Homo sapiens	Encontrado	https://alphafold.ebi.ac.uk/entry/Q86XP0
PLA2G4D	missense_variant		1480327221	Q86XP0	rs1480327221	A288T	0.024		Q86XP0	Cytosolic phospholipase A2 delta	Homo sapiens	Encontrado	https://alphafold.ebi.ac.uk/entry/Q86XP0
PLA2G4D	missense_variant		1480327221	Q86XP0	rs1480327221	A288T	0.25		Q86XP0	Cytosolic phospholipase A2 delta	Homo sapiens	Encontrado	https://alphafold.ebi.ac.uk/entry/Q86XP0
PLA2G4D	missense_variant		1480605599						Q86XP0	Cytosolic phospholipase A2 delta	Homo sapiens	Encontrado	https://alphafold.ebi.ac.uk/entry/Q86XP0
PLA2G4D	missense_variant		148217224						Q86XP0	Cytosolic phospholipase A2 delta	Homo sapiens	Encontrado	https://alphafold.ebi.ac.uk/entry/Q86XP0
PLA2G4D	missense_variant		1482973617						Q86XP0	Cytosolic phospholipase A2 delta	Homo sapiens	Encontrado	https://alphafold.ebi.ac.uk/entry/Q86XP0
PLA2G4D	missense_variant	uncertain significance	148416017	Q86XP0	rs148416017	E2D	0.78		Q86XP0	Cytosolic phospholipase A2 delta	Homo sapiens	Encontrado	https://alphafold.ebi.ac.uk/entry/Q86XP0
PLA2G4D	missense_variant	uncertain significance	148416017	Q86XP0	rs148416017	E2D	0.11		Q86XP0	Cytosolic phospholipase A2 delta	Homo sapiens	Encontrado	https://alphafold.ebi.ac.uk/entry/Q86XP0
PLA2G4D	missense_variant		1485203567						Q86XP0	Cytosolic phospholipase A2 delta	Homo sapiens	Encontrado	https://alphafold.ebi.ac.uk/entry/Q86XP0
PLA2G4D	missense_variant		148579768	Q86XP0	rs148579768	A451T	0.471		Q86XP0	Cytosolic phospholipase A2 delta	Homo sapiens	Encontrado	https://alphafold.ebi.ac.uk/entry/Q86XP0
PLA2G4D	missense_variant		148579768	Q86XP0	rs148579768	A451T	0.01		Q86XP0	Cytosolic phospholipase A2 delta	Homo sapiens	Encontrado	https://alphafold.ebi.ac.uk/entry/Q86XP0
PLA2G4D	missense_variant		148579768	Q86XP0	rs148579768	A451T	0.466		Q86XP0	Cytosolic phospholipase A2 delta	Homo sapiens	Encontrado	https://alphafold.ebi.ac.uk/entry/Q86XP0
PLA2G4D	missense_variant		148579768	Q86XP0	rs148579768	A451T	0.0		Q86XP0	Cytosolic phospholipase A2 delta	Homo sapiens	Encontrado	https://alphafold.ebi.ac.uk/entry/Q86XP0
PLA2G4D	missense_variant	uncertain significance	1487505718	Q86XP0	rs1487505718	N153K	0.994		Q86XP0	Cytosolic phospholipase A2 delta	Homo sapiens	Encontrado	https://alphafold.ebi.ac.uk/entry/Q86XP0
PLA2G4D	missense_variant	uncertain significance	1487505718	Q86XP0	rs1487505718	N153K	0.0		Q86XP0	Cytosolic phospholipase A2 delta	Homo sapiens	Encontrado	https://alphafold.ebi.ac.uk/entry/Q86XP0
PLA2G4D	missense_variant		1487679619						Q86XP0	Cytosolic phospholipase A2 delta	Homo sapiens	Encontrado	https://alphafold.ebi.ac.uk/entry/Q86XP0
PLA2G4D	missense_variant		148855827						Q86XP0	Cytosolic phospholipase A2 delta	Homo sapiens	Encontrado	https://alphafold.ebi.ac.uk/entry/Q86XP0
PLA2G4D	missense_variant		1488647818						Q86XP0	Cytosolic phospholipase A2 delta	Homo sapiens	Encontrado	https://alphafold.ebi.ac.uk/entry/Q86XP0
PLA2G4D	missense_variant		1489392291						Q86XP0	Cytosolic phospholipase A2 delta	Homo sapiens	Encontrado	https://alphafold.ebi.ac.uk/entry/Q86XP0
PLA2G4D	missense_variant	uncertain significance	149642630						Q86XP0	Cytosolic phospholipase A2 delta	Homo sapiens	Encontrado	https://alphafold.ebi.ac.uk/entry/Q86XP0
PLA2G4D	missense_variant		149981226						Q86XP0	Cytosolic phospholipase A2 delta	Homo sapiens	Encontrado	https://alphafold.ebi.ac.uk/entry/Q86XP0
PLA2G4D	missense_variant		150830051	Q86XP0	rs150830051	G264R	0.03		Q86XP0	Cytosolic phospholipase A2 delta	Homo sapiens	Encontrado	https://alphafold.ebi.ac.uk/entry/Q86XP0
PLA2G4D	missense_variant		150830051	Q86XP0	rs150830051	G264R	0.52		Q86XP0	Cytosolic phospholipase A2 delta	Homo sapiens	Encontrado	https://alphafold.ebi.ac.uk/entry/Q86XP0
PLA2G4D	missense_variant		150830051	Q86XP0	rs150830051	G264R	0.031		Q86XP0	Cytosolic phospholipase A2 delta	Homo sapiens	Encontrado	https://alphafold.ebi.ac.uk/entry/Q86XP0
PLA2G4D	missense_variant		150830051	Q86XP0	rs150830051	G264R	0.49		Q86XP0	Cytosolic phospholipase A2 delta	Homo sapiens	Encontrado	https://alphafold.ebi.ac.uk/entry/Q86XP0
PLA2G4D	missense_variant		151147795						Q86XP0	Cytosolic phospholipase A2 delta	Homo sapiens	Encontrado	https://alphafold.ebi.ac.uk/entry/Q86XP0
PLA2G4D	missense_variant		1555390942						Q86XP0	Cytosolic phospholipase A2 delta	Homo sapiens	Encontrado	https://alphafold.ebi.ac.uk/entry/Q86XP0
PLA2G4D	missense_variant		1555391829						Q86XP0	Cytosolic phospholipase A2 delta	Homo sapiens	Encontrado	https://alphafold.ebi.ac.uk/entry/Q86XP0
PLA2G4D	missense_variant		1566859380						Q86XP0	Cytosolic phospholipase A2 delta	Homo sapiens	Encontrado	https://alphafold.ebi.ac.uk/entry/Q86XP0
PLA2G4D	missense_variant		1566859755						Q86XP0	Cytosolic phospholipase A2 delta	Homo sapiens	Encontrado	https://alphafold.ebi.ac.uk/entry/Q86XP0
PLA2G4D	missense_variant		1566859778						Q86XP0	Cytosolic phospholipase A2 delta	Homo sapiens	Encontrado	https://alphafold.ebi.ac.uk/entry/Q86XP0
PLA2G4D	missense_variant		1566863419						Q86XP0	Cytosolic phospholipase A2 delta	Homo sapiens	Encontrado	https://alphafold.ebi.ac.uk/entry/Q86XP0
PLA2G4D	missense_variant		1566863689						Q86XP0	Cytosolic phospholipase A2 delta	Homo sapiens	Encontrado	https://alphafold.ebi.ac.uk/entry/Q86XP0
PLA2G4D	missense_variant		1566863713						Q86XP0	Cytosolic phospholipase A2 delta	Homo sapiens	Encontrado	https://alphafold.ebi.ac.uk/entry/Q86XP0
PLA2G4D	missense_variant		1566865282						Q86XP0	Cytosolic phospholipase A2 delta	Homo sapiens	Encontrado	https://alphafold.ebi.ac.uk/entry/Q86XP0
PLA2G4D	missense_variant		1566865740						Q86XP0	Cytosolic phospholipase A2 delta	Homo sapiens	Encontrado	https://alphafold.ebi.ac.uk/entry/Q86XP0
PLA2G4D	missense_variant		1566867721	Q86XP0	rs1566867721	P6L	0.026		Q86XP0	Cytosolic phospholipase A2 delta	Homo sapiens	Encontrado	https://alphafold.ebi.ac.uk/entry/Q86XP0
PLA2G4D	missense_variant		1566867721	Q86XP0	rs1566867721	P6L	0.03		Q86XP0	Cytosolic phospholipase A2 delta	Homo sapiens	Encontrado	https://alphafold.ebi.ac.uk/entry/Q86XP0
PLA2G4D	missense_variant		1566867721	Q86XP0	rs1566867721	P6L	0.027		Q86XP0	Cytosolic phospholipase A2 delta	Homo sapiens	Encontrado	https://alphafold.ebi.ac.uk/entry/Q86XP0
PLA2G4D	missense_variant		1566867721	Q86XP0	rs1566867721	P6L	0.04		Q86XP0	Cytosolic phospholipase A2 delta	Homo sapiens	Encontrado	https://alphafold.ebi.ac.uk/entry/Q86XP0
PLA2G4D	missense_variant		1595588996						Q86XP0	Cytosolic phospholipase A2 delta	Homo sapiens	Encontrado	https://alphafold.ebi.ac.uk/entry/Q86XP0
PLA2G4D	missense_variant		1595589051						Q86XP0	Cytosolic phospholipase A2 delta	Homo sapiens	Encontrado	https://alphafold.ebi.ac.uk/entry/Q86XP0
PLA2G4D	missense_variant		1595589168						Q86XP0	Cytosolic phospholipase A2 delta	Homo sapiens	Encontrado	https://alphafold.ebi.ac.uk/entry/Q86XP0
PLA2G4D	missense_variant		1595589608						Q86XP0	Cytosolic phospholipase A2 delta	Homo sapiens	Encontrado	https://alphafold.ebi.ac.uk/entry/Q86XP0
PLA2G4D	missense_variant		1595589908						Q86XP0	Cytosolic phospholipase A2 delta	Homo sapiens	Encontrado	https://alphafold.ebi.ac.uk/entry/Q86XP0
PLA2G4D	missense_variant		1595590070						Q86XP0	Cytosolic phospholipase A2 delta	Homo sapiens	Encontrado	https://alphafold.ebi.ac.uk/entry/Q86XP0
PLA2G4D	missense_variant		1595590767						Q86XP0	Cytosolic phospholipase A2 delta	Homo sapiens	Encontrado	https://alphafold.ebi.ac.uk/entry/Q86XP0
PLA2G4D	missense_variant		1595590783						Q86XP0	Cytosolic phospholipase A2 delta	Homo sapiens	Encontrado	https://alphafold.ebi.ac.uk/entry/Q86XP0
PLA2G4D	missense_variant		1595590833						Q86XP0	Cytosolic phospholipase A2 delta	Homo sapiens	Encontrado	https://alphafold.ebi.ac.uk/entry/Q86XP0
PLA2G4D	missense_variant		1595594024						Q86XP0	Cytosolic phospholipase A2 delta	Homo sapiens	Encontrado	https://alphafold.ebi.ac.uk/entry/Q86XP0
PLA2G4D	missense_variant		1595594047						Q86XP0	Cytosolic phospholipase A2 delta	Homo sapiens	Encontrado	https://alphafold.ebi.ac.uk/entry/Q86XP0
PLA2G4D	missense_variant		1595594067						Q86XP0	Cytosolic phospholipase A2 delta	Homo sapiens	Encontrado	https://alphafold.ebi.ac.uk/entry/Q86XP0
PLA2G4D	missense_variant		1595595690						Q86XP0	Cytosolic phospholipase A2 delta	Homo sapiens	Encontrado	https://alphafold.ebi.ac.uk/entry/Q86XP0
PLA2G4D	missense_variant		1595596245						Q86XP0	Cytosolic phospholipase A2 delta	Homo sapiens	Encontrado	https://alphafold.ebi.ac.uk/entry/Q86XP0
PLA2G4D	missense_variant	uncertain significance	1647616786						Q86XP0	Cytosolic phospholipase A2 delta	Homo sapiens	Encontrado	https://alphafold.ebi.ac.uk/entry/Q86XP0
PLA2G4D	missense_variant		1766466049						Q86XP0	Cytosolic phospholipase A2 delta	Homo sapiens	Encontrado	https://alphafold.ebi.ac.uk/entry/Q86XP0
PLA2G4D	missense_variant		17690899						Q86XP0	Cytosolic phospholipase A2 delta	Homo sapiens	Encontrado	https://alphafold.ebi.ac.uk/entry/Q86XP0
PLA2G4D	missense_variant		17747505						Q86XP0	Cytosolic phospholipase A2 delta	Homo sapiens	Encontrado	https://alphafold.ebi.ac.uk/entry/Q86XP0
PLA2G4D	missense_variant		1785342573						Q86XP0	Cytosolic phospholipase A2 delta	Homo sapiens	Encontrado	https://alphafold.ebi.ac.uk/entry/Q86XP0
PLA2G4D	missense_variant		182717725						Q86XP0	Cytosolic phospholipase A2 delta	Homo sapiens	Encontrado	https://alphafold.ebi.ac.uk/entry/Q86XP0
PLA2G4D	missense_variant		1836984644						Q86XP0	Cytosolic phospholipase A2 delta	Homo sapiens	Encontrado	https://alphafold.ebi.ac.uk/entry/Q86XP0
PLA2G4D	missense_variant		184980702						Q86XP0	Cytosolic phospholipase A2 delta	Homo sapiens	Encontrado	https://alphafold.ebi.ac.uk/entry/Q86XP0
PLA2G4D	missense_variant	uncertain significance	186072813	Q86XP0	rs186072813	I111S	0.07		Q86XP0	Cytosolic phospholipase A2 delta	Homo sapiens	Encontrado	https://alphafold.ebi.ac.uk/entry/Q86XP0
PLA2G4D	missense_variant	uncertain significance	186072813	Q86XP0	rs186072813	I111S	0.0		Q86XP0	Cytosolic phospholipase A2 delta	Homo sapiens	Encontrado	https://alphafold.ebi.ac.uk/entry/Q86XP0
PLA2G4D	missense_variant		188118635						Q86XP0	Cytosolic phospholipase A2 delta	Homo sapiens	Encontrado	https://alphafold.ebi.ac.uk/entry/Q86XP0
PLA2G4D	missense_variant		1889734876						Q86XP0	Cytosolic phospholipase A2 delta	Homo sapiens	Encontrado	https://alphafold.ebi.ac.uk/entry/Q86XP0
PLA2G4D	missense_variant		1889735490						Q86XP0	Cytosolic phospholipase A2 delta	Homo sapiens	Encontrado	https://alphafold.ebi.ac.uk/entry/Q86XP0
PLA2G4D	missense_variant		1889735562						Q86XP0	Cytosolic phospholipase A2 delta	Homo sapiens	Encontrado	https://alphafold.ebi.ac.uk/entry/Q86XP0
PLA2G4D	missense_variant		1889737128						Q86XP0	Cytosolic phospholipase A2 delta	Homo sapiens	Encontrado	https://alphafold.ebi.ac.uk/entry/Q86XP0
PLA2G4D	missense_variant		1889737636						Q86XP0	Cytosolic phospholipase A2 delta	Homo sapiens	Encontrado	https://alphafold.ebi.ac.uk/entry/Q86XP0
PLA2G4D	missense_variant		1889738067						Q86XP0	Cytosolic phospholipase A2 delta	Homo sapiens	Encontrado	https://alphafold.ebi.ac.uk/entry/Q86XP0
PLA2G4D	missense_variant		1889738226						Q86XP0	Cytosolic phospholipase A2 delta	Homo sapiens	Encontrado	https://alphafold.ebi.ac.uk/entry/Q86XP0
PLA2G4D	missense_variant		1889739376						Q86XP0	Cytosolic phospholipase A2 delta	Homo sapiens	Encontrado	https://alphafold.ebi.ac.uk/entry/Q86XP0
PLA2G4D	missense_variant		1889740904						Q86XP0	Cytosolic phospholipase A2 delta	Homo sapiens	Encontrado	https://alphafold.ebi.ac.uk/entry/Q86XP0
PLA2G4D	missense_variant		1889741307						Q86XP0	Cytosolic phospholipase A2 delta	Homo sapiens	Encontrado	https://alphafold.ebi.ac.uk/entry/Q86XP0
PLA2G4D	missense_variant		1889741573						Q86XP0	Cytosolic phospholipase A2 delta	Homo sapiens	Encontrado	https://alphafold.ebi.ac.uk/entry/Q86XP0
PLA2G4D	missense_variant		1889741753						Q86XP0	Cytosolic phospholipase A2 delta	Homo sapiens	Encontrado	https://alphafold.ebi.ac.uk/entry/Q86XP0
PLA2G4D	missense_variant		1889741818						Q86XP0	Cytosolic phospholipase A2 delta	Homo sapiens	Encontrado	https://alphafold.ebi.ac.uk/entry/Q86XP0
PLA2G4D	missense_variant		1889742067						Q86XP0	Cytosolic phospholipase A2 delta	Homo sapiens	Encontrado	https://alphafold.ebi.ac.uk/entry/Q86XP0
PLA2G4D	missense_variant		1889742120						Q86XP0	Cytosolic phospholipase A2 delta	Homo sapiens	Encontrado	https://alphafold.ebi.ac.uk/entry/Q86XP0
PLA2G4D	missense_variant		1889742372						Q86XP0	Cytosolic phospholipase A2 delta	Homo sapiens	Encontrado	https://alphafold.ebi.ac.uk/entry/Q86XP0
PLA2G4D	missense_variant		1889743524						Q86XP0	Cytosolic phospholipase A2 delta	Homo sapiens	Encontrado	https://alphafold.ebi.ac.uk/entry/Q86XP0
PLA2G4D	missense_variant		1889743925						Q86XP0	Cytosolic phospholipase A2 delta	Homo sapiens	Encontrado	https://alphafold.ebi.ac.uk/entry/Q86XP0
PLA2G4D	missense_variant		1889768019						Q86XP0	Cytosolic phospholipase A2 delta	Homo sapiens	Encontrado	https://alphafold.ebi.ac.uk/entry/Q86XP0
PLA2G4D	missense_variant		1889768082						Q86XP0	Cytosolic phospholipase A2 delta	Homo sapiens	Encontrado	https://alphafold.ebi.ac.uk/entry/Q86XP0
PLA2G4D	missense_variant		1889768144						Q86XP0	Cytosolic phospholipase A2 delta	Homo sapiens	Encontrado	https://alphafold.ebi.ac.uk/entry/Q86XP0
PLA2G4D	missense_variant		1889768905						Q86XP0	Cytosolic phospholipase A2 delta	Homo sapiens	Encontrado	https://alphafold.ebi.ac.uk/entry/Q86XP0
PLA2G4D	missense_variant		1889769151						Q86XP0	Cytosolic phospholipase A2 delta	Homo sapiens	Encontrado	https://alphafold.ebi.ac.uk/entry/Q86XP0
PLA2G4D	missense_variant	uncertain significance	1889769673	Q86XP0	rs1889769673	P722S	0.08		Q86XP0	Cytosolic phospholipase A2 delta	Homo sapiens	Encontrado	https://alphafold.ebi.ac.uk/entry/Q86XP0
PLA2G4D	missense_variant	uncertain significance	1889769673	Q86XP0	rs1889769673	P722S	0.04		Q86XP0	Cytosolic phospholipase A2 delta	Homo sapiens	Encontrado	https://alphafold.ebi.ac.uk/entry/Q86XP0
PLA2G4D	missense_variant		1889769946						Q86XP0	Cytosolic phospholipase A2 delta	Homo sapiens	Encontrado	https://alphafold.ebi.ac.uk/entry/Q86XP0
PLA2G4D	missense_variant		1889773003						Q86XP0	Cytosolic phospholipase A2 delta	Homo sapiens	Encontrado	https://alphafold.ebi.ac.uk/entry/Q86XP0
PLA2G4D	missense_variant		1889789888						Q86XP0	Cytosolic phospholipase A2 delta	Homo sapiens	Encontrado	https://alphafold.ebi.ac.uk/entry/Q86XP0
PLA2G4D	missense_variant		1889790617						Q86XP0	Cytosolic phospholipase A2 delta	Homo sapiens	Encontrado	https://alphafold.ebi.ac.uk/entry/Q86XP0
PLA2G4D	missense_variant		1889790826						Q86XP0	Cytosolic phospholipase A2 delta	Homo sapiens	Encontrado	https://alphafold.ebi.ac.uk/entry/Q86XP0
PLA2G4D	missense_variant	uncertain significance	1889791020	Q86XP0	rs1889791020	D667H	0.983		Q86XP0	Cytosolic phospholipase A2 delta	Homo sapiens	Encontrado	https://alphafold.ebi.ac.uk/entry/Q86XP0
PLA2G4D	missense_variant	uncertain significance	1889791020	Q86XP0	rs1889791020	D667H	0.0		Q86XP0	Cytosolic phospholipase A2 delta	Homo sapiens	Encontrado	https://alphafold.ebi.ac.uk/entry/Q86XP0
PLA2G4D	missense_variant		1889791217						Q86XP0	Cytosolic phospholipase A2 delta	Homo sapiens	Encontrado	https://alphafold.ebi.ac.uk/entry/Q86XP0
PLA2G4D	missense_variant		1889794726						Q86XP0	Cytosolic phospholipase A2 delta	Homo sapiens	Encontrado	https://alphafold.ebi.ac.uk/entry/Q86XP0
PLA2G4D	missense_variant		1889796399						Q86XP0	Cytosolic phospholipase A2 delta	Homo sapiens	Encontrado	https://alphafold.ebi.ac.uk/entry/Q86XP0
PLA2G4D	missense_variant		1889797881						Q86XP0	Cytosolic phospholipase A2 delta	Homo sapiens	Encontrado	https://alphafold.ebi.ac.uk/entry/Q86XP0
PLA2G4D	missense_variant		1889804314						Q86XP0	Cytosolic phospholipase A2 delta	Homo sapiens	Encontrado	https://alphafold.ebi.ac.uk/entry/Q86XP0
PLA2G4D	missense_variant		1889804374						Q86XP0	Cytosolic phospholipase A2 delta	Homo sapiens	Encontrado	https://alphafold.ebi.ac.uk/entry/Q86XP0
PLA2G4D	missense_variant		1889804808						Q86XP0	Cytosolic phospholipase A2 delta	Homo sapiens	Encontrado	https://alphafold.ebi.ac.uk/entry/Q86XP0
PLA2G4D	missense_variant		1889806122						Q86XP0	Cytosolic phospholipase A2 delta	Homo sapiens	Encontrado	https://alphafold.ebi.ac.uk/entry/Q86XP0
PLA2G4D	missense_variant		1889808457						Q86XP0	Cytosolic phospholipase A2 delta	Homo sapiens	Encontrado	https://alphafold.ebi.ac.uk/entry/Q86XP0
PLA2G4D	missense_variant		1889811201						Q86XP0	Cytosolic phospholipase A2 delta	Homo sapiens	Encontrado	https://alphafold.ebi.ac.uk/entry/Q86XP0
PLA2G4D	missense_variant		1889816959						Q86XP0	Cytosolic phospholipase A2 delta	Homo sapiens	Encontrado	https://alphafold.ebi.ac.uk/entry/Q86XP0
PLA2G4D	missense_variant		1889818238						Q86XP0	Cytosolic phospholipase A2 delta	Homo sapiens	Encontrado	https://alphafold.ebi.ac.uk/entry/Q86XP0
PLA2G4D	missense_variant		1889818329						Q86XP0	Cytosolic phospholipase A2 delta	Homo sapiens	Encontrado	https://alphafold.ebi.ac.uk/entry/Q86XP0
PLA2G4D	missense_variant		1889824675						Q86XP0	Cytosolic phospholipase A2 delta	Homo sapiens	Encontrado	https://alphafold.ebi.ac.uk/entry/Q86XP0
PLA2G4D	missense_variant		1889825901						Q86XP0	Cytosolic phospholipase A2 delta	Homo sapiens	Encontrado	https://alphafold.ebi.ac.uk/entry/Q86XP0
PLA2G4D	missense_variant		1889826325						Q86XP0	Cytosolic phospholipase A2 delta	Homo sapiens	Encontrado	https://alphafold.ebi.ac.uk/entry/Q86XP0
PLA2G4D	missense_variant		1889827174						Q86XP0	Cytosolic phospholipase A2 delta	Homo sapiens	Encontrado	https://alphafold.ebi.ac.uk/entry/Q86XP0
PLA2G4D	missense_variant		1889842527						Q86XP0	Cytosolic phospholipase A2 delta	Homo sapiens	Encontrado	https://alphafold.ebi.ac.uk/entry/Q86XP0
PLA2G4D	missense_variant		1889993624						Q86XP0	Cytosolic phospholipase A2 delta	Homo sapiens	Encontrado	https://alphafold.ebi.ac.uk/entry/Q86XP0
PLA2G4D	missense_variant		1889996120						Q86XP0	Cytosolic phospholipase A2 delta	Homo sapiens	Encontrado	https://alphafold.ebi.ac.uk/entry/Q86XP0
PLA2G4D	missense_variant		1889996834						Q86XP0	Cytosolic phospholipase A2 delta	Homo sapiens	Encontrado	https://alphafold.ebi.ac.uk/entry/Q86XP0
PLA2G4D	missense_variant		1889998500						Q86XP0	Cytosolic phospholipase A2 delta	Homo sapiens	Encontrado	https://alphafold.ebi.ac.uk/entry/Q86XP0
PLA2G4D	missense_variant		1889999352						Q86XP0	Cytosolic phospholipase A2 delta	Homo sapiens	Encontrado	https://alphafold.ebi.ac.uk/entry/Q86XP0
PLA2G4D	missense_variant		1890000683						Q86XP0	Cytosolic phospholipase A2 delta	Homo sapiens	Encontrado	https://alphafold.ebi.ac.uk/entry/Q86XP0
PLA2G4D	missense_variant		1890024873						Q86XP0	Cytosolic phospholipase A2 delta	Homo sapiens	Encontrado	https://alphafold.ebi.ac.uk/entry/Q86XP0
PLA2G4D	missense_variant		1890025624						Q86XP0	Cytosolic phospholipase A2 delta	Homo sapiens	Encontrado	https://alphafold.ebi.ac.uk/entry/Q86XP0
PLA2G4D	missense_variant		1890027128						Q86XP0	Cytosolic phospholipase A2 delta	Homo sapiens	Encontrado	https://alphafold.ebi.ac.uk/entry/Q86XP0
PLA2G4D	missense_variant		1890027427						Q86XP0	Cytosolic phospholipase A2 delta	Homo sapiens	Encontrado	https://alphafold.ebi.ac.uk/entry/Q86XP0
PLA2G4D	missense_variant	uncertain significance	1890027701						Q86XP0	Cytosolic phospholipase A2 delta	Homo sapiens	Encontrado	https://alphafold.ebi.ac.uk/entry/Q86XP0
PLA2G4D	missense_variant		1890037787						Q86XP0	Cytosolic phospholipase A2 delta	Homo sapiens	Encontrado	https://alphafold.ebi.ac.uk/entry/Q86XP0
PLA2G4D	missense_variant		1890037840						Q86XP0	Cytosolic phospholipase A2 delta	Homo sapiens	Encontrado	https://alphafold.ebi.ac.uk/entry/Q86XP0
PLA2G4D	missense_variant		1890038584						Q86XP0	Cytosolic phospholipase A2 delta	Homo sapiens	Encontrado	https://alphafold.ebi.ac.uk/entry/Q86XP0
PLA2G4D	missense_variant		1890038796						Q86XP0	Cytosolic phospholipase A2 delta	Homo sapiens	Encontrado	https://alphafold.ebi.ac.uk/entry/Q86XP0
PLA2G4D	missense_variant		1890039119						Q86XP0	Cytosolic phospholipase A2 delta	Homo sapiens	Encontrado	https://alphafold.ebi.ac.uk/entry/Q86XP0
PLA2G4D	missense_variant		1890040436						Q86XP0	Cytosolic phospholipase A2 delta	Homo sapiens	Encontrado	https://alphafold.ebi.ac.uk/entry/Q86XP0
PLA2G4D	missense_variant		1890074710						Q86XP0	Cytosolic phospholipase A2 delta	Homo sapiens	Encontrado	https://alphafold.ebi.ac.uk/entry/Q86XP0
PLA2G4D	missense_variant	uncertain significance	1890076974						Q86XP0	Cytosolic phospholipase A2 delta	Homo sapiens	Encontrado	https://alphafold.ebi.ac.uk/entry/Q86XP0
PLA2G4D	missense_variant		1890077713						Q86XP0	Cytosolic phospholipase A2 delta	Homo sapiens	Encontrado	https://alphafold.ebi.ac.uk/entry/Q86XP0
PLA2G4D	missense_variant		1890087593						Q86XP0	Cytosolic phospholipase A2 delta	Homo sapiens	Encontrado	https://alphafold.ebi.ac.uk/entry/Q86XP0
PLA2G4D	missense_variant		1890088724						Q86XP0	Cytosolic phospholipase A2 delta	Homo sapiens	Encontrado	https://alphafold.ebi.ac.uk/entry/Q86XP0
PLA2G4D	missense_variant		1890089049						Q86XP0	Cytosolic phospholipase A2 delta	Homo sapiens	Encontrado	https://alphafold.ebi.ac.uk/entry/Q86XP0
PLA2G4D	missense_variant		1890089260						Q86XP0	Cytosolic phospholipase A2 delta	Homo sapiens	Encontrado	https://alphafold.ebi.ac.uk/entry/Q86XP0
PLA2G4D	missense_variant		1890124248						Q86XP0	Cytosolic phospholipase A2 delta	Homo sapiens	Encontrado	https://alphafold.ebi.ac.uk/entry/Q86XP0
PLA2G4D	missense_variant		1890124997						Q86XP0	Cytosolic phospholipase A2 delta	Homo sapiens	Encontrado	https://alphafold.ebi.ac.uk/entry/Q86XP0
PLA2G4D	missense_variant		1890125090						Q86XP0	Cytosolic phospholipase A2 delta	Homo sapiens	Encontrado	https://alphafold.ebi.ac.uk/entry/Q86XP0
PLA2G4D	missense_variant		1890146709						Q86XP0	Cytosolic phospholipase A2 delta	Homo sapiens	Encontrado	https://alphafold.ebi.ac.uk/entry/Q86XP0
PLA2G4D	missense_variant		1890146947						Q86XP0	Cytosolic phospholipase A2 delta	Homo sapiens	Encontrado	https://alphafold.ebi.ac.uk/entry/Q86XP0
PLA2G4D	missense_variant		1890147934						Q86XP0	Cytosolic phospholipase A2 delta	Homo sapiens	Encontrado	https://alphafold.ebi.ac.uk/entry/Q86XP0
PLA2G4D	missense_variant		1890170314						Q86XP0	Cytosolic phospholipase A2 delta	Homo sapiens	Encontrado	https://alphafold.ebi.ac.uk/entry/Q86XP0
PLA2G4D	missense_variant		1890171769						Q86XP0	Cytosolic phospholipase A2 delta	Homo sapiens	Encontrado	https://alphafold.ebi.ac.uk/entry/Q86XP0
PLA2G4D	missense_variant		1890176365						Q86XP0	Cytosolic phospholipase A2 delta	Homo sapiens	Encontrado	https://alphafold.ebi.ac.uk/entry/Q86XP0
PLA2G4D	missense_variant		1890176475						Q86XP0	Cytosolic phospholipase A2 delta	Homo sapiens	Encontrado	https://alphafold.ebi.ac.uk/entry/Q86XP0
PLA2G4D	missense_variant		1890176794						Q86XP0	Cytosolic phospholipase A2 delta	Homo sapiens	Encontrado	https://alphafold.ebi.ac.uk/entry/Q86XP0
PLA2G4D	missense_variant		1890178248						Q86XP0	Cytosolic phospholipase A2 delta	Homo sapiens	Encontrado	https://alphafold.ebi.ac.uk/entry/Q86XP0
PLA2G4D	missense_variant	uncertain significance	1890178555						Q86XP0	Cytosolic phospholipase A2 delta	Homo sapiens	Encontrado	https://alphafold.ebi.ac.uk/entry/Q86XP0
PLA2G4D	missense_variant		1890301479						Q86XP0	Cytosolic phospholipase A2 delta	Homo sapiens	Encontrado	https://alphafold.ebi.ac.uk/entry/Q86XP0
PLA2G4D	missense_variant		189676159						Q86XP0	Cytosolic phospholipase A2 delta	Homo sapiens	Encontrado	https://alphafold.ebi.ac.uk/entry/Q86XP0
PLA2G4D	missense_variant		189743179						Q86XP0	Cytosolic phospholipase A2 delta	Homo sapiens	Encontrado	https://alphafold.ebi.ac.uk/entry/Q86XP0
PLA2G4D	missense_variant	uncertain significance	191357380	Q86XP0	rs191357380	G503S	1.0		Q86XP0	Cytosolic phospholipase A2 delta	Homo sapiens	Encontrado	https://alphafold.ebi.ac.uk/entry/Q86XP0
PLA2G4D	missense_variant	uncertain significance	191357380	Q86XP0	rs191357380	G503S	0.0		Q86XP0	Cytosolic phospholipase A2 delta	Homo sapiens	Encontrado	https://alphafold.ebi.ac.uk/entry/Q86XP0
PLA2G4D	missense_variant	uncertain significance	199591008	Q86XP0	rs199591008	Q307K	0.0		Q86XP0	Cytosolic phospholipase A2 delta	Homo sapiens	Encontrado	https://alphafold.ebi.ac.uk/entry/Q86XP0
PLA2G4D	missense_variant	uncertain significance	199591008	Q86XP0	rs199591008	Q307K	0.92		Q86XP0	Cytosolic phospholipase A2 delta	Homo sapiens	Encontrado	https://alphafold.ebi.ac.uk/entry/Q86XP0
PLA2G4D	missense_variant		199624325						Q86XP0	Cytosolic phospholipase A2 delta	Homo sapiens	Encontrado	https://alphafold.ebi.ac.uk/entry/Q86XP0
PLA2G4D	missense_variant		199834138						Q86XP0	Cytosolic phospholipase A2 delta	Homo sapiens	Encontrado	https://alphafold.ebi.ac.uk/entry/Q86XP0
PLA2G4D	missense_variant	uncertain significance	199835123	Q86XP0	rs199835123	A393S	0.012		Q86XP0	Cytosolic phospholipase A2 delta	Homo sapiens	Encontrado	https://alphafold.ebi.ac.uk/entry/Q86XP0
PLA2G4D	missense_variant	uncertain significance	199835123	Q86XP0	rs199835123	A393S	0.01		Q86XP0	Cytosolic phospholipase A2 delta	Homo sapiens	Encontrado	https://alphafold.ebi.ac.uk/entry/Q86XP0
PLA2G4D	missense_variant	uncertain significance	199959919	Q86XP0	rs199959919	P485R	1.0		Q86XP0	Cytosolic phospholipase A2 delta	Homo sapiens	Encontrado	https://alphafold.ebi.ac.uk/entry/Q86XP0
PLA2G4D	missense_variant	uncertain significance	199959919	Q86XP0	rs199959919	P485R	0.0		Q86XP0	Cytosolic phospholipase A2 delta	Homo sapiens	Encontrado	https://alphafold.ebi.ac.uk/entry/Q86XP0
PLA2G4D	missense_variant	likely benign	200157738	Q86XP0	rs200157738	S568L	0.0		Q86XP0	Cytosolic phospholipase A2 delta	Homo sapiens	Encontrado	https://alphafold.ebi.ac.uk/entry/Q86XP0
PLA2G4D	missense_variant	likely benign	200157738	Q86XP0	rs200157738	S568L	0.63		Q86XP0	Cytosolic phospholipase A2 delta	Homo sapiens	Encontrado	https://alphafold.ebi.ac.uk/entry/Q86XP0
PLA2G4D	missense_variant	likely benign	200157738	Q86XP0	rs200157738	S568L	0.0		Q86XP0	Cytosolic phospholipase A2 delta	Homo sapiens	Encontrado	https://alphafold.ebi.ac.uk/entry/Q86XP0
PLA2G4D	missense_variant	likely benign	200157738	Q86XP0	rs200157738	S568L	0.39		Q86XP0	Cytosolic phospholipase A2 delta	Homo sapiens	Encontrado	https://alphafold.ebi.ac.uk/entry/Q86XP0
PLA2G4D	missense_variant	uncertain significance	200338383	Q86XP0	rs200338383	R664C	0.98		Q86XP0	Cytosolic phospholipase A2 delta	Homo sapiens	Encontrado	https://alphafold.ebi.ac.uk/entry/Q86XP0
PLA2G4D	missense_variant	uncertain significance	200338383	Q86XP0	rs200338383	R664C	0.0		Q86XP0	Cytosolic phospholipase A2 delta	Homo sapiens	Encontrado	https://alphafold.ebi.ac.uk/entry/Q86XP0
PLA2G4D	missense_variant		200568447						Q86XP0	Cytosolic phospholipase A2 delta	Homo sapiens	Encontrado	https://alphafold.ebi.ac.uk/entry/Q86XP0
PLA2G4D	missense_variant		200964230						Q86XP0	Cytosolic phospholipase A2 delta	Homo sapiens	Encontrado	https://alphafold.ebi.ac.uk/entry/Q86XP0
PLA2G4D	missense_variant		201031755						Q86XP0	Cytosolic phospholipase A2 delta	Homo sapiens	Encontrado	https://alphafold.ebi.ac.uk/entry/Q86XP0
PLA2G4D	missense_variant	uncertain significance	201139245						Q86XP0	Cytosolic phospholipase A2 delta	Homo sapiens	Encontrado	https://alphafold.ebi.ac.uk/entry/Q86XP0
PLA2G4D	missense_variant		201203477						Q86XP0	Cytosolic phospholipase A2 delta	Homo sapiens	Encontrado	https://alphafold.ebi.ac.uk/entry/Q86XP0
PLA2G4D	missense_variant		201215679						Q86XP0	Cytosolic phospholipase A2 delta	Homo sapiens	Encontrado	https://alphafold.ebi.ac.uk/entry/Q86XP0
PLA2G4D	missense_variant		201528979						Q86XP0	Cytosolic phospholipase A2 delta	Homo sapiens	Encontrado	https://alphafold.ebi.ac.uk/entry/Q86XP0
PLA2G4D	missense_variant		201743053						Q86XP0	Cytosolic phospholipase A2 delta	Homo sapiens	Encontrado	https://alphafold.ebi.ac.uk/entry/Q86XP0
PLA2G4D	missense_variant		201939272						Q86XP0	Cytosolic phospholipase A2 delta	Homo sapiens	Encontrado	https://alphafold.ebi.ac.uk/entry/Q86XP0
PLA2G4D	missense_variant	uncertain significance	201990564						Q86XP0	Cytosolic phospholipase A2 delta	Homo sapiens	Encontrado	https://alphafold.ebi.ac.uk/entry/Q86XP0
PLA2G4D	missense_variant	uncertain significance	202036676	Q86XP0	rs202036676	A406E	0.003		Q86XP0	Cytosolic phospholipase A2 delta	Homo sapiens	Encontrado	https://alphafold.ebi.ac.uk/entry/Q86XP0
PLA2G4D	missense_variant	uncertain significance	202036676	Q86XP0	rs202036676	A406E	0.2		Q86XP0	Cytosolic phospholipase A2 delta	Homo sapiens	Encontrado	https://alphafold.ebi.ac.uk/entry/Q86XP0
PLA2G4D	missense_variant		2044049009						Q86XP0	Cytosolic phospholipase A2 delta	Homo sapiens	Encontrado	https://alphafold.ebi.ac.uk/entry/Q86XP0
PLA2G4D	missense_variant		2141091400						Q86XP0	Cytosolic phospholipase A2 delta	Homo sapiens	Encontrado	https://alphafold.ebi.ac.uk/entry/Q86XP0
PLA2G4D	missense_variant		2141091584						Q86XP0	Cytosolic phospholipase A2 delta	Homo sapiens	Encontrado	https://alphafold.ebi.ac.uk/entry/Q86XP0
PLA2G4D	missense_variant		2141092513						Q86XP0	Cytosolic phospholipase A2 delta	Homo sapiens	Encontrado	https://alphafold.ebi.ac.uk/entry/Q86XP0
PLA2G4D	missense_variant		2141092591						Q86XP0	Cytosolic phospholipase A2 delta	Homo sapiens	Encontrado	https://alphafold.ebi.ac.uk/entry/Q86XP0
PLA2G4D	missense_variant		2141092702						Q86XP0	Cytosolic phospholipase A2 delta	Homo sapiens	Encontrado	https://alphafold.ebi.ac.uk/entry/Q86XP0
PLA2G4D	missense_variant		2141098792						Q86XP0	Cytosolic phospholipase A2 delta	Homo sapiens	Encontrado	https://alphafold.ebi.ac.uk/entry/Q86XP0
PLA2G4D	missense_variant		2141099372						Q86XP0	Cytosolic phospholipase A2 delta	Homo sapiens	Encontrado	https://alphafold.ebi.ac.uk/entry/Q86XP0
PLA2G4D	missense_variant		2141099873						Q86XP0	Cytosolic phospholipase A2 delta	Homo sapiens	Encontrado	https://alphafold.ebi.ac.uk/entry/Q86XP0
PLA2G4D	missense_variant		2141101183						Q86XP0	Cytosolic phospholipase A2 delta	Homo sapiens	Encontrado	https://alphafold.ebi.ac.uk/entry/Q86XP0
PLA2G4D	missense_variant		2141101502						Q86XP0	Cytosolic phospholipase A2 delta	Homo sapiens	Encontrado	https://alphafold.ebi.ac.uk/entry/Q86XP0
PLA2G4D	missense_variant		2141102858						Q86XP0	Cytosolic phospholipase A2 delta	Homo sapiens	Encontrado	https://alphafold.ebi.ac.uk/entry/Q86XP0
PLA2G4D	missense_variant		2141103118						Q86XP0	Cytosolic phospholipase A2 delta	Homo sapiens	Encontrado	https://alphafold.ebi.ac.uk/entry/Q86XP0
PLA2G4D	missense_variant	uncertain significance	2548038565						Q86XP0	Cytosolic phospholipase A2 delta	Homo sapiens	Encontrado	https://alphafold.ebi.ac.uk/entry/Q86XP0
PLA2G4D	missense_variant	uncertain significance	2548040020						Q86XP0	Cytosolic phospholipase A2 delta	Homo sapiens	Encontrado	https://alphafold.ebi.ac.uk/entry/Q86XP0
PLA2G4D	missense_variant	uncertain significance	2548043736						Q86XP0	Cytosolic phospholipase A2 delta	Homo sapiens	Encontrado	https://alphafold.ebi.ac.uk/entry/Q86XP0
PLA2G4D	missense_variant	likely benign	2548043938						Q86XP0	Cytosolic phospholipase A2 delta	Homo sapiens	Encontrado	https://alphafold.ebi.ac.uk/entry/Q86XP0
PLA2G4D	missense_variant	uncertain significance	2548044667						Q86XP0	Cytosolic phospholipase A2 delta	Homo sapiens	Encontrado	https://alphafold.ebi.ac.uk/entry/Q86XP0
PLA2G4D	missense_variant	uncertain significance	2548045663						Q86XP0	Cytosolic phospholipase A2 delta	Homo sapiens	Encontrado	https://alphafold.ebi.ac.uk/entry/Q86XP0
PLA2G4D	missense_variant	uncertain significance	367740611	Q86XP0	rs367740611	A678V	0.006		Q86XP0	Cytosolic phospholipase A2 delta	Homo sapiens	Encontrado	https://alphafold.ebi.ac.uk/entry/Q86XP0
PLA2G4D	missense_variant	uncertain significance	367740611	Q86XP0	rs367740611	A678V	0.01		Q86XP0	Cytosolic phospholipase A2 delta	Homo sapiens	Encontrado	https://alphafold.ebi.ac.uk/entry/Q86XP0
PLA2G4D	missense_variant		368159021						Q86XP0	Cytosolic phospholipase A2 delta	Homo sapiens	Encontrado	https://alphafold.ebi.ac.uk/entry/Q86XP0
PLA2G4D	missense_variant	uncertain significance	368349245						Q86XP0	Cytosolic phospholipase A2 delta	Homo sapiens	Encontrado	https://alphafold.ebi.ac.uk/entry/Q86XP0
PLA2G4D	missense_variant		369257424						Q86XP0	Cytosolic phospholipase A2 delta	Homo sapiens	Encontrado	https://alphafold.ebi.ac.uk/entry/Q86XP0
PLA2G4D	missense_variant		369408360						Q86XP0	Cytosolic phospholipase A2 delta	Homo sapiens	Encontrado	https://alphafold.ebi.ac.uk/entry/Q86XP0
PLA2G4D	missense_variant		370019567						Q86XP0	Cytosolic phospholipase A2 delta	Homo sapiens	Encontrado	https://alphafold.ebi.ac.uk/entry/Q86XP0
PLA2G4D	missense_variant		370314190	Q86XP0	rs370314190	A811V	0.012		Q86XP0	Cytosolic phospholipase A2 delta	Homo sapiens	Encontrado	https://alphafold.ebi.ac.uk/entry/Q86XP0
PLA2G4D	missense_variant		370314190	Q86XP0	rs370314190	A811V	0.09		Q86XP0	Cytosolic phospholipase A2 delta	Homo sapiens	Encontrado	https://alphafold.ebi.ac.uk/entry/Q86XP0
PLA2G4D	missense_variant		370314190	Q86XP0	rs370314190	A811V	0.028		Q86XP0	Cytosolic phospholipase A2 delta	Homo sapiens	Encontrado	https://alphafold.ebi.ac.uk/entry/Q86XP0
PLA2G4D	missense_variant		370314190	Q86XP0	rs370314190	A811V	0.09		Q86XP0	Cytosolic phospholipase A2 delta	Homo sapiens	Encontrado	https://alphafold.ebi.ac.uk/entry/Q86XP0
PLA2G4D	missense_variant	uncertain significance	370748980						Q86XP0	Cytosolic phospholipase A2 delta	Homo sapiens	Encontrado	https://alphafold.ebi.ac.uk/entry/Q86XP0
PLA2G4D	missense_variant	uncertain significance	370880508						Q86XP0	Cytosolic phospholipase A2 delta	Homo sapiens	Encontrado	https://alphafold.ebi.ac.uk/entry/Q86XP0
PLA2G4D	missense_variant		371176959						Q86XP0	Cytosolic phospholipase A2 delta	Homo sapiens	Encontrado	https://alphafold.ebi.ac.uk/entry/Q86XP0
PLA2G4D	missense_variant		371234748						Q86XP0	Cytosolic phospholipase A2 delta	Homo sapiens	Encontrado	https://alphafold.ebi.ac.uk/entry/Q86XP0
PLA2G4D	missense_variant		371243310						Q86XP0	Cytosolic phospholipase A2 delta	Homo sapiens	Encontrado	https://alphafold.ebi.ac.uk/entry/Q86XP0
PLA2G4D	missense_variant	uncertain significance	371423362	Q86XP0	rs371423362	T364M	0.976		Q86XP0	Cytosolic phospholipase A2 delta	Homo sapiens	Encontrado	https://alphafold.ebi.ac.uk/entry/Q86XP0
PLA2G4D	missense_variant	uncertain significance	371423362	Q86XP0	rs371423362	T364M	0.0		Q86XP0	Cytosolic phospholipase A2 delta	Homo sapiens	Encontrado	https://alphafold.ebi.ac.uk/entry/Q86XP0
PLA2G4D	missense_variant	uncertain significance	371423362	Q86XP0	rs371423362	T364M	0.975		Q86XP0	Cytosolic phospholipase A2 delta	Homo sapiens	Encontrado	https://alphafold.ebi.ac.uk/entry/Q86XP0
PLA2G4D	missense_variant	uncertain significance	371423362	Q86XP0	rs371423362	T364M	0.0		Q86XP0	Cytosolic phospholipase A2 delta	Homo sapiens	Encontrado	https://alphafold.ebi.ac.uk/entry/Q86XP0
PLA2G4D	missense_variant		371878017						Q86XP0	Cytosolic phospholipase A2 delta	Homo sapiens	Encontrado	https://alphafold.ebi.ac.uk/entry/Q86XP0
PLA2G4D	missense_variant		372294896						Q86XP0	Cytosolic phospholipase A2 delta	Homo sapiens	Encontrado	https://alphafold.ebi.ac.uk/entry/Q86XP0
PLA2G4D	missense_variant		372910107						Q86XP0	Cytosolic phospholipase A2 delta	Homo sapiens	Encontrado	https://alphafold.ebi.ac.uk/entry/Q86XP0
PLA2G4D	missense_variant		373289672						Q86XP0	Cytosolic phospholipase A2 delta	Homo sapiens	Encontrado	https://alphafold.ebi.ac.uk/entry/Q86XP0
PLA2G4D	missense_variant	uncertain significance	373566512						Q86XP0	Cytosolic phospholipase A2 delta	Homo sapiens	Encontrado	https://alphafold.ebi.ac.uk/entry/Q86XP0
PLA2G4D	missense_variant		373870696						Q86XP0	Cytosolic phospholipase A2 delta	Homo sapiens	Encontrado	https://alphafold.ebi.ac.uk/entry/Q86XP0
PLA2G4D	missense_variant	uncertain significance	374366687	Q86XP0	rs374366687	P696L	0.127		Q86XP0	Cytosolic phospholipase A2 delta	Homo sapiens	Encontrado	https://alphafold.ebi.ac.uk/entry/Q86XP0
PLA2G4D	missense_variant	uncertain significance	374366687	Q86XP0	rs374366687	P696L	0.13		Q86XP0	Cytosolic phospholipase A2 delta	Homo sapiens	Encontrado	https://alphafold.ebi.ac.uk/entry/Q86XP0
PLA2G4D	missense_variant	uncertain significance	374601499	Q86XP0	rs374601499	A648T	0.012		Q86XP0	Cytosolic phospholipase A2 delta	Homo sapiens	Encontrado	https://alphafold.ebi.ac.uk/entry/Q86XP0
PLA2G4D	missense_variant	uncertain significance	374601499	Q86XP0	rs374601499	A648T	0.82		Q86XP0	Cytosolic phospholipase A2 delta	Homo sapiens	Encontrado	https://alphafold.ebi.ac.uk/entry/Q86XP0
PLA2G4D	missense_variant	uncertain significance	375166725						Q86XP0	Cytosolic phospholipase A2 delta	Homo sapiens	Encontrado	https://alphafold.ebi.ac.uk/entry/Q86XP0
PLA2G4D	missense_variant	uncertain significance	375189436	Q86XP0	rs375189436	R389Q	0.972		Q86XP0	Cytosolic phospholipase A2 delta	Homo sapiens	Encontrado	https://alphafold.ebi.ac.uk/entry/Q86XP0
PLA2G4D	missense_variant	uncertain significance	375189436	Q86XP0	rs375189436	R389Q	0.13		Q86XP0	Cytosolic phospholipase A2 delta	Homo sapiens	Encontrado	https://alphafold.ebi.ac.uk/entry/Q86XP0
PLA2G4D	missense_variant		375309510						Q86XP0	Cytosolic phospholipase A2 delta	Homo sapiens	Encontrado	https://alphafold.ebi.ac.uk/entry/Q86XP0
PLA2G4D	missense_variant	uncertain significance	375867370	Q86XP0	rs375867370	V789M	0.801		Q86XP0	Cytosolic phospholipase A2 delta	Homo sapiens	Encontrado	https://alphafold.ebi.ac.uk/entry/Q86XP0
PLA2G4D	missense_variant	uncertain significance	375867370	Q86XP0	rs375867370	V789M	0.02		Q86XP0	Cytosolic phospholipase A2 delta	Homo sapiens	Encontrado	https://alphafold.ebi.ac.uk/entry/Q86XP0
PLA2G4D	missense_variant	uncertain significance	376077511						Q86XP0	Cytosolic phospholipase A2 delta	Homo sapiens	Encontrado	https://alphafold.ebi.ac.uk/entry/Q86XP0
PLA2G4D	missense_variant		376232407						Q86XP0	Cytosolic phospholipase A2 delta	Homo sapiens	Encontrado	https://alphafold.ebi.ac.uk/entry/Q86XP0
PLA2G4D	missense_variant		376735670						Q86XP0	Cytosolic phospholipase A2 delta	Homo sapiens	Encontrado	https://alphafold.ebi.ac.uk/entry/Q86XP0
PLA2G4D	missense_variant		376971879						Q86XP0	Cytosolic phospholipase A2 delta	Homo sapiens	Encontrado	https://alphafold.ebi.ac.uk/entry/Q86XP0
PLA2G4D	missense_variant		377556063						Q86XP0	Cytosolic phospholipase A2 delta	Homo sapiens	Encontrado	https://alphafold.ebi.ac.uk/entry/Q86XP0
PLA2G4D	missense_variant		4924618						Q86XP0	Cytosolic phospholipase A2 delta	Homo sapiens	Encontrado	https://alphafold.ebi.ac.uk/entry/Q86XP0
PLA2G4D	missense_variant		527618735						Q86XP0	Cytosolic phospholipase A2 delta	Homo sapiens	Encontrado	https://alphafold.ebi.ac.uk/entry/Q86XP0
PLA2G4D	missense_variant		528090274	Q86XP0	rs528090274	A720T	0.0		Q86XP0	Cytosolic phospholipase A2 delta	Homo sapiens	Encontrado	https://alphafold.ebi.ac.uk/entry/Q86XP0
PLA2G4D	missense_variant		528090274	Q86XP0	rs528090274	A720T	0.46		Q86XP0	Cytosolic phospholipase A2 delta	Homo sapiens	Encontrado	https://alphafold.ebi.ac.uk/entry/Q86XP0
PLA2G4D	missense_variant		528090274	Q86XP0	rs528090274	A720T	0.0		Q86XP0	Cytosolic phospholipase A2 delta	Homo sapiens	Encontrado	https://alphafold.ebi.ac.uk/entry/Q86XP0
PLA2G4D	missense_variant		528090274	Q86XP0	rs528090274	A720T	0.47		Q86XP0	Cytosolic phospholipase A2 delta	Homo sapiens	Encontrado	https://alphafold.ebi.ac.uk/entry/Q86XP0
PLA2G4D	missense_variant	uncertain significance	528906489						Q86XP0	Cytosolic phospholipase A2 delta	Homo sapiens	Encontrado	https://alphafold.ebi.ac.uk/entry/Q86XP0
PLA2G4D	missense_variant		530970409						Q86XP0	Cytosolic phospholipase A2 delta	Homo sapiens	Encontrado	https://alphafold.ebi.ac.uk/entry/Q86XP0
PLA2G4D	missense_variant	uncertain significance	531139675	Q86XP0	rs531139675	E701Q	0.007		Q86XP0	Cytosolic phospholipase A2 delta	Homo sapiens	Encontrado	https://alphafold.ebi.ac.uk/entry/Q86XP0
PLA2G4D	missense_variant	uncertain significance	531139675	Q86XP0	rs531139675	E701Q	0.1		Q86XP0	Cytosolic phospholipase A2 delta	Homo sapiens	Encontrado	https://alphafold.ebi.ac.uk/entry/Q86XP0
PLA2G4D	missense_variant		535920392						Q86XP0	Cytosolic phospholipase A2 delta	Homo sapiens	Encontrado	https://alphafold.ebi.ac.uk/entry/Q86XP0
PLA2G4D	missense_variant		536421602						Q86XP0	Cytosolic phospholipase A2 delta	Homo sapiens	Encontrado	https://alphafold.ebi.ac.uk/entry/Q86XP0
PLA2G4D	missense_variant	uncertain significance	537584178	Q86XP0	rs537584178	P518H	0.493		Q86XP0	Cytosolic phospholipase A2 delta	Homo sapiens	Encontrado	https://alphafold.ebi.ac.uk/entry/Q86XP0
PLA2G4D	missense_variant	uncertain significance	537584178	Q86XP0	rs537584178	P518H	0.0		Q86XP0	Cytosolic phospholipase A2 delta	Homo sapiens	Encontrado	https://alphafold.ebi.ac.uk/entry/Q86XP0
PLA2G4D	missense_variant		539535622						Q86XP0	Cytosolic phospholipase A2 delta	Homo sapiens	Encontrado	https://alphafold.ebi.ac.uk/entry/Q86XP0
PLA2G4D	missense_variant		542084472	Q86XP0	rs542084472	S407N	0.636		Q86XP0	Cytosolic phospholipase A2 delta	Homo sapiens	Encontrado	https://alphafold.ebi.ac.uk/entry/Q86XP0
PLA2G4D	missense_variant		542084472	Q86XP0	rs542084472	S407N	0.17		Q86XP0	Cytosolic phospholipase A2 delta	Homo sapiens	Encontrado	https://alphafold.ebi.ac.uk/entry/Q86XP0
PLA2G4D	missense_variant		542084472	Q86XP0	rs542084472	S407N	0.646		Q86XP0	Cytosolic phospholipase A2 delta	Homo sapiens	Encontrado	https://alphafold.ebi.ac.uk/entry/Q86XP0
PLA2G4D	missense_variant		542084472	Q86XP0	rs542084472	S407N	0.23		Q86XP0	Cytosolic phospholipase A2 delta	Homo sapiens	Encontrado	https://alphafold.ebi.ac.uk/entry/Q86XP0
PLA2G4D	missense_variant		545262998						Q86XP0	Cytosolic phospholipase A2 delta	Homo sapiens	Encontrado	https://alphafold.ebi.ac.uk/entry/Q86XP0
PLA2G4D	missense_variant	uncertain significance	548158271	Q86XP0	rs548158271	R222H	0.072		Q86XP0	Cytosolic phospholipase A2 delta	Homo sapiens	Encontrado	https://alphafold.ebi.ac.uk/entry/Q86XP0
PLA2G4D	missense_variant	uncertain significance	548158271	Q86XP0	rs548158271	R222H	0.99		Q86XP0	Cytosolic phospholipase A2 delta	Homo sapiens	Encontrado	https://alphafold.ebi.ac.uk/entry/Q86XP0
PLA2G4D	missense_variant		548640184						Q86XP0	Cytosolic phospholipase A2 delta	Homo sapiens	Encontrado	https://alphafold.ebi.ac.uk/entry/Q86XP0
PLA2G4D	missense_variant		549304409						Q86XP0	Cytosolic phospholipase A2 delta	Homo sapiens	Encontrado	https://alphafold.ebi.ac.uk/entry/Q86XP0
PLA2G4D	missense_variant		551467657						Q86XP0	Cytosolic phospholipase A2 delta	Homo sapiens	Encontrado	https://alphafold.ebi.ac.uk/entry/Q86XP0
PLA2G4D	missense_variant		551671167						Q86XP0	Cytosolic phospholipase A2 delta	Homo sapiens	Encontrado	https://alphafold.ebi.ac.uk/entry/Q86XP0
PLA2G4D	missense_variant		556925463						Q86XP0	Cytosolic phospholipase A2 delta	Homo sapiens	Encontrado	https://alphafold.ebi.ac.uk/entry/Q86XP0
PLA2G4D	missense_variant		557149489						Q86XP0	Cytosolic phospholipase A2 delta	Homo sapiens	Encontrado	https://alphafold.ebi.ac.uk/entry/Q86XP0
PLA2G4D	missense_variant		559460560						Q86XP0	Cytosolic phospholipase A2 delta	Homo sapiens	Encontrado	https://alphafold.ebi.ac.uk/entry/Q86XP0
PLA2G4D	missense_variant	uncertain significance	564862434	Q86XP0	rs564862434	R691Q	0.298		Q86XP0	Cytosolic phospholipase A2 delta	Homo sapiens	Encontrado	https://alphafold.ebi.ac.uk/entry/Q86XP0
PLA2G4D	missense_variant	uncertain significance	564862434	Q86XP0	rs564862434	R691Q	0.71		Q86XP0	Cytosolic phospholipase A2 delta	Homo sapiens	Encontrado	https://alphafold.ebi.ac.uk/entry/Q86XP0
PLA2G4D	missense_variant		565077748						Q86XP0	Cytosolic phospholipase A2 delta	Homo sapiens	Encontrado	https://alphafold.ebi.ac.uk/entry/Q86XP0
PLA2G4D	missense_variant	uncertain significance	566141126						Q86XP0	Cytosolic phospholipase A2 delta	Homo sapiens	Encontrado	https://alphafold.ebi.ac.uk/entry/Q86XP0
PLA2G4D	missense_variant		567537082						Q86XP0	Cytosolic phospholipase A2 delta	Homo sapiens	Encontrado	https://alphafold.ebi.ac.uk/entry/Q86XP0
PLA2G4D	missense_variant		568703242						Q86XP0	Cytosolic phospholipase A2 delta	Homo sapiens	Encontrado	https://alphafold.ebi.ac.uk/entry/Q86XP0
PLA2G4D	missense_variant	benign	56985825	Q86XP0	rs56985825	R333W	1.0		Q86XP0	Cytosolic phospholipase A2 delta	Homo sapiens	Encontrado	https://alphafold.ebi.ac.uk/entry/Q86XP0
PLA2G4D	missense_variant	benign	56985825	Q86XP0	rs56985825	R333W	0.02		Q86XP0	Cytosolic phospholipase A2 delta	Homo sapiens	Encontrado	https://alphafold.ebi.ac.uk/entry/Q86XP0
PLA2G4D	missense_variant		574116485						Q86XP0	Cytosolic phospholipase A2 delta	Homo sapiens	Encontrado	https://alphafold.ebi.ac.uk/entry/Q86XP0
PLA2G4D	missense_variant		575339272						Q86XP0	Cytosolic phospholipase A2 delta	Homo sapiens	Encontrado	https://alphafold.ebi.ac.uk/entry/Q86XP0
PLA2G4D	missense_variant		72489212						Q86XP0	Cytosolic phospholipase A2 delta	Homo sapiens	Encontrado	https://alphafold.ebi.ac.uk/entry/Q86XP0
PLA2G4D	missense_variant		745758646						Q86XP0	Cytosolic phospholipase A2 delta	Homo sapiens	Encontrado	https://alphafold.ebi.ac.uk/entry/Q86XP0
PLA2G4D	missense_variant		745831428						Q86XP0	Cytosolic phospholipase A2 delta	Homo sapiens	Encontrado	https://alphafold.ebi.ac.uk/entry/Q86XP0
PLA2G4D	missense_variant	uncertain significance	746000051	Q86XP0	rs746000051	A429V	0.813		Q86XP0	Cytosolic phospholipase A2 delta	Homo sapiens	Encontrado	https://alphafold.ebi.ac.uk/entry/Q86XP0
PLA2G4D	missense_variant	uncertain significance	746000051	Q86XP0	rs746000051	A429V	0.0		Q86XP0	Cytosolic phospholipase A2 delta	Homo sapiens	Encontrado	https://alphafold.ebi.ac.uk/entry/Q86XP0
PLA2G4D	missense_variant		746000920						Q86XP0	Cytosolic phospholipase A2 delta	Homo sapiens	Encontrado	https://alphafold.ebi.ac.uk/entry/Q86XP0
PLA2G4D	missense_variant		746216549						Q86XP0	Cytosolic phospholipase A2 delta	Homo sapiens	Encontrado	https://alphafold.ebi.ac.uk/entry/Q86XP0
PLA2G4D	missense_variant		746340363						Q86XP0	Cytosolic phospholipase A2 delta	Homo sapiens	Encontrado	https://alphafold.ebi.ac.uk/entry/Q86XP0
PLA2G4D	missense_variant		746403466						Q86XP0	Cytosolic phospholipase A2 delta	Homo sapiens	Encontrado	https://alphafold.ebi.ac.uk/entry/Q86XP0
PLA2G4D	missense_variant	likely benign	746619074						Q86XP0	Cytosolic phospholipase A2 delta	Homo sapiens	Encontrado	https://alphafold.ebi.ac.uk/entry/Q86XP0
PLA2G4D	missense_variant		74678783						Q86XP0	Cytosolic phospholipase A2 delta	Homo sapiens	Encontrado	https://alphafold.ebi.ac.uk/entry/Q86XP0
PLA2G4D	missense_variant		746853990						Q86XP0	Cytosolic phospholipase A2 delta	Homo sapiens	Encontrado	https://alphafold.ebi.ac.uk/entry/Q86XP0
PLA2G4D	missense_variant		746895776						Q86XP0	Cytosolic phospholipase A2 delta	Homo sapiens	Encontrado	https://alphafold.ebi.ac.uk/entry/Q86XP0
PLA2G4D	missense_variant		747181263						Q86XP0	Cytosolic phospholipase A2 delta	Homo sapiens	Encontrado	https://alphafold.ebi.ac.uk/entry/Q86XP0
PLA2G4D	missense_variant		747486512						Q86XP0	Cytosolic phospholipase A2 delta	Homo sapiens	Encontrado	https://alphafold.ebi.ac.uk/entry/Q86XP0
PLA2G4D	missense_variant		747865056						Q86XP0	Cytosolic phospholipase A2 delta	Homo sapiens	Encontrado	https://alphafold.ebi.ac.uk/entry/Q86XP0
PLA2G4D	missense_variant	uncertain significance	747988372	Q86XP0	rs747988372	P116S	0.262		Q86XP0	Cytosolic phospholipase A2 delta	Homo sapiens	Encontrado	https://alphafold.ebi.ac.uk/entry/Q86XP0
PLA2G4D	missense_variant	uncertain significance	747988372	Q86XP0	rs747988372	P116S	0.06		Q86XP0	Cytosolic phospholipase A2 delta	Homo sapiens	Encontrado	https://alphafold.ebi.ac.uk/entry/Q86XP0
PLA2G4D	missense_variant		748051102						Q86XP0	Cytosolic phospholipase A2 delta	Homo sapiens	Encontrado	https://alphafold.ebi.ac.uk/entry/Q86XP0
PLA2G4D	missense_variant		748052934						Q86XP0	Cytosolic phospholipase A2 delta	Homo sapiens	Encontrado	https://alphafold.ebi.ac.uk/entry/Q86XP0
PLA2G4D	missense_variant		748485744						Q86XP0	Cytosolic phospholipase A2 delta	Homo sapiens	Encontrado	https://alphafold.ebi.ac.uk/entry/Q86XP0
PLA2G4D	missense_variant		748956119						Q86XP0	Cytosolic phospholipase A2 delta	Homo sapiens	Encontrado	https://alphafold.ebi.ac.uk/entry/Q86XP0
PLA2G4D	missense_variant		749123937						Q86XP0	Cytosolic phospholipase A2 delta	Homo sapiens	Encontrado	https://alphafold.ebi.ac.uk/entry/Q86XP0
PLA2G4D	missense_variant		749267506						Q86XP0	Cytosolic phospholipase A2 delta	Homo sapiens	Encontrado	https://alphafold.ebi.ac.uk/entry/Q86XP0
PLA2G4D	missense_variant	uncertain significance	749538293	Q86XP0	rs749538293	S703N	0.005		Q86XP0	Cytosolic phospholipase A2 delta	Homo sapiens	Encontrado	https://alphafold.ebi.ac.uk/entry/Q86XP0
PLA2G4D	missense_variant	uncertain significance	749538293	Q86XP0	rs749538293	S703N	0.05		Q86XP0	Cytosolic phospholipase A2 delta	Homo sapiens	Encontrado	https://alphafold.ebi.ac.uk/entry/Q86XP0
PLA2G4D	missense_variant		749540264						Q86XP0	Cytosolic phospholipase A2 delta	Homo sapiens	Encontrado	https://alphafold.ebi.ac.uk/entry/Q86XP0
PLA2G4D	missense_variant		74977904						Q86XP0	Cytosolic phospholipase A2 delta	Homo sapiens	Encontrado	https://alphafold.ebi.ac.uk/entry/Q86XP0
PLA2G4D	missense_variant		749803823						Q86XP0	Cytosolic phospholipase A2 delta	Homo sapiens	Encontrado	https://alphafold.ebi.ac.uk/entry/Q86XP0
PLA2G4D	missense_variant		750051						Q86XP0	Cytosolic phospholipase A2 delta	Homo sapiens	Encontrado	https://alphafold.ebi.ac.uk/entry/Q86XP0
PLA2G4D	missense_variant		750052						Q86XP0	Cytosolic phospholipase A2 delta	Homo sapiens	Encontrado	https://alphafold.ebi.ac.uk/entry/Q86XP0
PLA2G4D	missense_variant		750070514						Q86XP0	Cytosolic phospholipase A2 delta	Homo sapiens	Encontrado	https://alphafold.ebi.ac.uk/entry/Q86XP0
PLA2G4D	missense_variant	uncertain significance	750129637	Q86XP0	rs750129637	E723K	0.263		Q86XP0	Cytosolic phospholipase A2 delta	Homo sapiens	Encontrado	https://alphafold.ebi.ac.uk/entry/Q86XP0
PLA2G4D	missense_variant	uncertain significance	750129637	Q86XP0	rs750129637	E723K	0.21		Q86XP0	Cytosolic phospholipase A2 delta	Homo sapiens	Encontrado	https://alphafold.ebi.ac.uk/entry/Q86XP0
PLA2G4D	missense_variant		750543528						Q86XP0	Cytosolic phospholipase A2 delta	Homo sapiens	Encontrado	https://alphafold.ebi.ac.uk/entry/Q86XP0
PLA2G4D	missense_variant		750846621						Q86XP0	Cytosolic phospholipase A2 delta	Homo sapiens	Encontrado	https://alphafold.ebi.ac.uk/entry/Q86XP0
PLA2G4D	missense_variant		750891398						Q86XP0	Cytosolic phospholipase A2 delta	Homo sapiens	Encontrado	https://alphafold.ebi.ac.uk/entry/Q86XP0
PLA2G4D	missense_variant		750901921						Q86XP0	Cytosolic phospholipase A2 delta	Homo sapiens	Encontrado	https://alphafold.ebi.ac.uk/entry/Q86XP0
PLA2G4D	missense_variant		751078239						Q86XP0	Cytosolic phospholipase A2 delta	Homo sapiens	Encontrado	https://alphafold.ebi.ac.uk/entry/Q86XP0
PLA2G4D	missense_variant		751180210						Q86XP0	Cytosolic phospholipase A2 delta	Homo sapiens	Encontrado	https://alphafold.ebi.ac.uk/entry/Q86XP0
PLA2G4D	missense_variant		751376810						Q86XP0	Cytosolic phospholipase A2 delta	Homo sapiens	Encontrado	https://alphafold.ebi.ac.uk/entry/Q86XP0
PLA2G4D	missense_variant		751707199						Q86XP0	Cytosolic phospholipase A2 delta	Homo sapiens	Encontrado	https://alphafold.ebi.ac.uk/entry/Q86XP0
PLA2G4D	missense_variant		751743855						Q86XP0	Cytosolic phospholipase A2 delta	Homo sapiens	Encontrado	https://alphafold.ebi.ac.uk/entry/Q86XP0
PLA2G4D	missense_variant	uncertain significance	751893544	Q86XP0	rs751893544	R519W	0.877		Q86XP0	Cytosolic phospholipase A2 delta	Homo sapiens	Encontrado	https://alphafold.ebi.ac.uk/entry/Q86XP0
PLA2G4D	missense_variant	uncertain significance	751893544	Q86XP0	rs751893544	R519W	0.0		Q86XP0	Cytosolic phospholipase A2 delta	Homo sapiens	Encontrado	https://alphafold.ebi.ac.uk/entry/Q86XP0
PLA2G4D	missense_variant	uncertain significance	751893544	Q86XP0	rs751893544	R519W	0.874		Q86XP0	Cytosolic phospholipase A2 delta	Homo sapiens	Encontrado	https://alphafold.ebi.ac.uk/entry/Q86XP0
PLA2G4D	missense_variant	uncertain significance	751893544	Q86XP0	rs751893544	R519W	0.0		Q86XP0	Cytosolic phospholipase A2 delta	Homo sapiens	Encontrado	https://alphafold.ebi.ac.uk/entry/Q86XP0
PLA2G4D	missense_variant		752088767						Q86XP0	Cytosolic phospholipase A2 delta	Homo sapiens	Encontrado	https://alphafold.ebi.ac.uk/entry/Q86XP0
PLA2G4D	missense_variant		752089943						Q86XP0	Cytosolic phospholipase A2 delta	Homo sapiens	Encontrado	https://alphafold.ebi.ac.uk/entry/Q86XP0
PLA2G4D	missense_variant	uncertain significance	752322041						Q86XP0	Cytosolic phospholipase A2 delta	Homo sapiens	Encontrado	https://alphafold.ebi.ac.uk/entry/Q86XP0
PLA2G4D	missense_variant		752619395						Q86XP0	Cytosolic phospholipase A2 delta	Homo sapiens	Encontrado	https://alphafold.ebi.ac.uk/entry/Q86XP0
PLA2G4D	missense_variant		752831939						Q86XP0	Cytosolic phospholipase A2 delta	Homo sapiens	Encontrado	https://alphafold.ebi.ac.uk/entry/Q86XP0
PLA2G4D	missense_variant		753012259						Q86XP0	Cytosolic phospholipase A2 delta	Homo sapiens	Encontrado	https://alphafold.ebi.ac.uk/entry/Q86XP0
PLA2G4D	missense_variant		753177642						Q86XP0	Cytosolic phospholipase A2 delta	Homo sapiens	Encontrado	https://alphafold.ebi.ac.uk/entry/Q86XP0
PLA2G4D	missense_variant		753220405						Q86XP0	Cytosolic phospholipase A2 delta	Homo sapiens	Encontrado	https://alphafold.ebi.ac.uk/entry/Q86XP0
PLA2G4D	missense_variant		753508253						Q86XP0	Cytosolic phospholipase A2 delta	Homo sapiens	Encontrado	https://alphafold.ebi.ac.uk/entry/Q86XP0
PLA2G4D	missense_variant		754010711						Q86XP0	Cytosolic phospholipase A2 delta	Homo sapiens	Encontrado	https://alphafold.ebi.ac.uk/entry/Q86XP0
PLA2G4D	missense_variant		754248396						Q86XP0	Cytosolic phospholipase A2 delta	Homo sapiens	Encontrado	https://alphafold.ebi.ac.uk/entry/Q86XP0
PLA2G4D	missense_variant		754311946						Q86XP0	Cytosolic phospholipase A2 delta	Homo sapiens	Encontrado	https://alphafold.ebi.ac.uk/entry/Q86XP0
PLA2G4D	missense_variant		754368020						Q86XP0	Cytosolic phospholipase A2 delta	Homo sapiens	Encontrado	https://alphafold.ebi.ac.uk/entry/Q86XP0
PLA2G4D	missense_variant		754482228						Q86XP0	Cytosolic phospholipase A2 delta	Homo sapiens	Encontrado	https://alphafold.ebi.ac.uk/entry/Q86XP0
PLA2G4D	missense_variant		754509238						Q86XP0	Cytosolic phospholipase A2 delta	Homo sapiens	Encontrado	https://alphafold.ebi.ac.uk/entry/Q86XP0
PLA2G4D	missense_variant		755021428						Q86XP0	Cytosolic phospholipase A2 delta	Homo sapiens	Encontrado	https://alphafold.ebi.ac.uk/entry/Q86XP0
PLA2G4D	missense_variant		755607084	Q86XP0	rs755607084	R159Q	0.511		Q86XP0	Cytosolic phospholipase A2 delta	Homo sapiens	Encontrado	https://alphafold.ebi.ac.uk/entry/Q86XP0
PLA2G4D	missense_variant		755607084	Q86XP0	rs755607084	R159Q	0.01		Q86XP0	Cytosolic phospholipase A2 delta	Homo sapiens	Encontrado	https://alphafold.ebi.ac.uk/entry/Q86XP0
PLA2G4D	missense_variant		755607084	Q86XP0	rs755607084	R159Q	0.506		Q86XP0	Cytosolic phospholipase A2 delta	Homo sapiens	Encontrado	https://alphafold.ebi.ac.uk/entry/Q86XP0
PLA2G4D	missense_variant		755607084	Q86XP0	rs755607084	R159Q	0.02		Q86XP0	Cytosolic phospholipase A2 delta	Homo sapiens	Encontrado	https://alphafold.ebi.ac.uk/entry/Q86XP0
PLA2G4D	missense_variant		755634539						Q86XP0	Cytosolic phospholipase A2 delta	Homo sapiens	Encontrado	https://alphafold.ebi.ac.uk/entry/Q86XP0
PLA2G4D	missense_variant		755724653						Q86XP0	Cytosolic phospholipase A2 delta	Homo sapiens	Encontrado	https://alphafold.ebi.ac.uk/entry/Q86XP0
PLA2G4D	missense_variant	uncertain significance	756139181						Q86XP0	Cytosolic phospholipase A2 delta	Homo sapiens	Encontrado	https://alphafold.ebi.ac.uk/entry/Q86XP0
PLA2G4D	missense_variant		757072356						Q86XP0	Cytosolic phospholipase A2 delta	Homo sapiens	Encontrado	https://alphafold.ebi.ac.uk/entry/Q86XP0
PLA2G4D	missense_variant		75734921						Q86XP0	Cytosolic phospholipase A2 delta	Homo sapiens	Encontrado	https://alphafold.ebi.ac.uk/entry/Q86XP0
PLA2G4D	missense_variant		757365797						Q86XP0	Cytosolic phospholipase A2 delta	Homo sapiens	Encontrado	https://alphafold.ebi.ac.uk/entry/Q86XP0
PLA2G4D	missense_variant		757388815						Q86XP0	Cytosolic phospholipase A2 delta	Homo sapiens	Encontrado	https://alphafold.ebi.ac.uk/entry/Q86XP0
PLA2G4D	missense_variant		757446171						Q86XP0	Cytosolic phospholipase A2 delta	Homo sapiens	Encontrado	https://alphafold.ebi.ac.uk/entry/Q86XP0
PLA2G4D	missense_variant		757568976						Q86XP0	Cytosolic phospholipase A2 delta	Homo sapiens	Encontrado	https://alphafold.ebi.ac.uk/entry/Q86XP0
PLA2G4D	missense_variant		757876193						Q86XP0	Cytosolic phospholipase A2 delta	Homo sapiens	Encontrado	https://alphafold.ebi.ac.uk/entry/Q86XP0
PLA2G4D	missense_variant		757985311	Q86XP0	rs757985311	R77H	0.0		Q86XP0	Cytosolic phospholipase A2 delta	Homo sapiens	Encontrado	https://alphafold.ebi.ac.uk/entry/Q86XP0
PLA2G4D	missense_variant		757985311	Q86XP0	rs757985311	R77H	0.63		Q86XP0	Cytosolic phospholipase A2 delta	Homo sapiens	Encontrado	https://alphafold.ebi.ac.uk/entry/Q86XP0
PLA2G4D	missense_variant		757985311	Q86XP0	rs757985311	R77H	0.0		Q86XP0	Cytosolic phospholipase A2 delta	Homo sapiens	Encontrado	https://alphafold.ebi.ac.uk/entry/Q86XP0
PLA2G4D	missense_variant		757985311	Q86XP0	rs757985311	R77H	1.0		Q86XP0	Cytosolic phospholipase A2 delta	Homo sapiens	Encontrado	https://alphafold.ebi.ac.uk/entry/Q86XP0
PLA2G4D	missense_variant		758107189						Q86XP0	Cytosolic phospholipase A2 delta	Homo sapiens	Encontrado	https://alphafold.ebi.ac.uk/entry/Q86XP0
PLA2G4D	missense_variant		758388698	Q86XP0	rs758388698	E252D	0.03		Q86XP0	Cytosolic phospholipase A2 delta	Homo sapiens	Encontrado	https://alphafold.ebi.ac.uk/entry/Q86XP0
PLA2G4D	missense_variant		758388698	Q86XP0	rs758388698	E252D	0.19		Q86XP0	Cytosolic phospholipase A2 delta	Homo sapiens	Encontrado	https://alphafold.ebi.ac.uk/entry/Q86XP0
PLA2G4D	missense_variant		758388698	Q86XP0	rs758388698	E252D	0.031		Q86XP0	Cytosolic phospholipase A2 delta	Homo sapiens	Encontrado	https://alphafold.ebi.ac.uk/entry/Q86XP0
PLA2G4D	missense_variant		758388698	Q86XP0	rs758388698	E252D	0.27		Q86XP0	Cytosolic phospholipase A2 delta	Homo sapiens	Encontrado	https://alphafold.ebi.ac.uk/entry/Q86XP0
PLA2G4D	missense_variant		758466010						Q86XP0	Cytosolic phospholipase A2 delta	Homo sapiens	Encontrado	https://alphafold.ebi.ac.uk/entry/Q86XP0
PLA2G4D	missense_variant	uncertain significance	758695188						Q86XP0	Cytosolic phospholipase A2 delta	Homo sapiens	Encontrado	https://alphafold.ebi.ac.uk/entry/Q86XP0
PLA2G4D	missense_variant		758886570						Q86XP0	Cytosolic phospholipase A2 delta	Homo sapiens	Encontrado	https://alphafold.ebi.ac.uk/entry/Q86XP0
PLA2G4D	missense_variant		759346619						Q86XP0	Cytosolic phospholipase A2 delta	Homo sapiens	Encontrado	https://alphafold.ebi.ac.uk/entry/Q86XP0
PLA2G4D	missense_variant		759427519						Q86XP0	Cytosolic phospholipase A2 delta	Homo sapiens	Encontrado	https://alphafold.ebi.ac.uk/entry/Q86XP0
PLA2G4D	missense_variant		759573272						Q86XP0	Cytosolic phospholipase A2 delta	Homo sapiens	Encontrado	https://alphafold.ebi.ac.uk/entry/Q86XP0
PLA2G4D	missense_variant		759753605						Q86XP0	Cytosolic phospholipase A2 delta	Homo sapiens	Encontrado	https://alphafold.ebi.ac.uk/entry/Q86XP0
PLA2G4D	missense_variant		759876972	Q86XP0	rs759876972	R333Q	1.0		Q86XP0	Cytosolic phospholipase A2 delta	Homo sapiens	Encontrado	https://alphafold.ebi.ac.uk/entry/Q86XP0
PLA2G4D	missense_variant		759876972	Q86XP0	rs759876972	R333Q	0.0		Q86XP0	Cytosolic phospholipase A2 delta	Homo sapiens	Encontrado	https://alphafold.ebi.ac.uk/entry/Q86XP0
PLA2G4D	missense_variant		759876972	Q86XP0	rs759876972	R333Q	1.0		Q86XP0	Cytosolic phospholipase A2 delta	Homo sapiens	Encontrado	https://alphafold.ebi.ac.uk/entry/Q86XP0
PLA2G4D	missense_variant		759876972	Q86XP0	rs759876972	R333Q	0.0		Q86XP0	Cytosolic phospholipase A2 delta	Homo sapiens	Encontrado	https://alphafold.ebi.ac.uk/entry/Q86XP0
PLA2G4D	missense_variant		759933682						Q86XP0	Cytosolic phospholipase A2 delta	Homo sapiens	Encontrado	https://alphafold.ebi.ac.uk/entry/Q86XP0
PLA2G4D	missense_variant	uncertain significance	759968770						Q86XP0	Cytosolic phospholipase A2 delta	Homo sapiens	Encontrado	https://alphafold.ebi.ac.uk/entry/Q86XP0
PLA2G4D	missense_variant		760087005						Q86XP0	Cytosolic phospholipase A2 delta	Homo sapiens	Encontrado	https://alphafold.ebi.ac.uk/entry/Q86XP0
PLA2G4D	missense_variant		760337700						Q86XP0	Cytosolic phospholipase A2 delta	Homo sapiens	Encontrado	https://alphafold.ebi.ac.uk/entry/Q86XP0
PLA2G4D	missense_variant		760511047						Q86XP0	Cytosolic phospholipase A2 delta	Homo sapiens	Encontrado	https://alphafold.ebi.ac.uk/entry/Q86XP0
PLA2G4D	missense_variant	uncertain significance	760609057						Q86XP0	Cytosolic phospholipase A2 delta	Homo sapiens	Encontrado	https://alphafold.ebi.ac.uk/entry/Q86XP0
PLA2G4D	missense_variant		760678834						Q86XP0	Cytosolic phospholipase A2 delta	Homo sapiens	Encontrado	https://alphafold.ebi.ac.uk/entry/Q86XP0
PLA2G4D	missense_variant		760772564						Q86XP0	Cytosolic phospholipase A2 delta	Homo sapiens	Encontrado	https://alphafold.ebi.ac.uk/entry/Q86XP0
PLA2G4D	missense_variant		760857380						Q86XP0	Cytosolic phospholipase A2 delta	Homo sapiens	Encontrado	https://alphafold.ebi.ac.uk/entry/Q86XP0
PLA2G4D	missense_variant		760891913						Q86XP0	Cytosolic phospholipase A2 delta	Homo sapiens	Encontrado	https://alphafold.ebi.ac.uk/entry/Q86XP0
PLA2G4D	missense_variant		761072660						Q86XP0	Cytosolic phospholipase A2 delta	Homo sapiens	Encontrado	https://alphafold.ebi.ac.uk/entry/Q86XP0
PLA2G4D	missense_variant		761128032						Q86XP0	Cytosolic phospholipase A2 delta	Homo sapiens	Encontrado	https://alphafold.ebi.ac.uk/entry/Q86XP0
PLA2G4D	missense_variant		761581153						Q86XP0	Cytosolic phospholipase A2 delta	Homo sapiens	Encontrado	https://alphafold.ebi.ac.uk/entry/Q86XP0
PLA2G4D	missense_variant		761730190						Q86XP0	Cytosolic phospholipase A2 delta	Homo sapiens	Encontrado	https://alphafold.ebi.ac.uk/entry/Q86XP0
PLA2G4D	missense_variant		761852330						Q86XP0	Cytosolic phospholipase A2 delta	Homo sapiens	Encontrado	https://alphafold.ebi.ac.uk/entry/Q86XP0
PLA2G4D	missense_variant		762323928						Q86XP0	Cytosolic phospholipase A2 delta	Homo sapiens	Encontrado	https://alphafold.ebi.ac.uk/entry/Q86XP0
PLA2G4D	missense_variant	uncertain significance	762471614						Q86XP0	Cytosolic phospholipase A2 delta	Homo sapiens	Encontrado	https://alphafold.ebi.ac.uk/entry/Q86XP0
PLA2G4D	missense_variant		762698225						Q86XP0	Cytosolic phospholipase A2 delta	Homo sapiens	Encontrado	https://alphafold.ebi.ac.uk/entry/Q86XP0
PLA2G4D	missense_variant		763305792						Q86XP0	Cytosolic phospholipase A2 delta	Homo sapiens	Encontrado	https://alphafold.ebi.ac.uk/entry/Q86XP0
PLA2G4D	missense_variant		763395966						Q86XP0	Cytosolic phospholipase A2 delta	Homo sapiens	Encontrado	https://alphafold.ebi.ac.uk/entry/Q86XP0
PLA2G4D	missense_variant		763762509						Q86XP0	Cytosolic phospholipase A2 delta	Homo sapiens	Encontrado	https://alphafold.ebi.ac.uk/entry/Q86XP0
PLA2G4D	missense_variant		763949364						Q86XP0	Cytosolic phospholipase A2 delta	Homo sapiens	Encontrado	https://alphafold.ebi.ac.uk/entry/Q86XP0
PLA2G4D	missense_variant	uncertain significance	763974652						Q86XP0	Cytosolic phospholipase A2 delta	Homo sapiens	Encontrado	https://alphafold.ebi.ac.uk/entry/Q86XP0
PLA2G4D	missense_variant		764001105						Q86XP0	Cytosolic phospholipase A2 delta	Homo sapiens	Encontrado	https://alphafold.ebi.ac.uk/entry/Q86XP0
PLA2G4D	missense_variant		764029856						Q86XP0	Cytosolic phospholipase A2 delta	Homo sapiens	Encontrado	https://alphafold.ebi.ac.uk/entry/Q86XP0
PLA2G4D	missense_variant		764244132						Q86XP0	Cytosolic phospholipase A2 delta	Homo sapiens	Encontrado	https://alphafold.ebi.ac.uk/entry/Q86XP0
PLA2G4D	missense_variant		764475029						Q86XP0	Cytosolic phospholipase A2 delta	Homo sapiens	Encontrado	https://alphafold.ebi.ac.uk/entry/Q86XP0
PLA2G4D	missense_variant		764564949						Q86XP0	Cytosolic phospholipase A2 delta	Homo sapiens	Encontrado	https://alphafold.ebi.ac.uk/entry/Q86XP0
PLA2G4D	missense_variant		764709418						Q86XP0	Cytosolic phospholipase A2 delta	Homo sapiens	Encontrado	https://alphafold.ebi.ac.uk/entry/Q86XP0
PLA2G4D	missense_variant		764838499						Q86XP0	Cytosolic phospholipase A2 delta	Homo sapiens	Encontrado	https://alphafold.ebi.ac.uk/entry/Q86XP0
PLA2G4D	missense_variant	uncertain significance	764918142	Q86XP0	rs764918142	N149D	0.059		Q86XP0	Cytosolic phospholipase A2 delta	Homo sapiens	Encontrado	https://alphafold.ebi.ac.uk/entry/Q86XP0
PLA2G4D	missense_variant	uncertain significance	764918142	Q86XP0	rs764918142	N149D	0.05		Q86XP0	Cytosolic phospholipase A2 delta	Homo sapiens	Encontrado	https://alphafold.ebi.ac.uk/entry/Q86XP0
PLA2G4D	missense_variant	uncertain significance	765053168	Q86XP0	rs765053168	T543A	0.026		Q86XP0	Cytosolic phospholipase A2 delta	Homo sapiens	Encontrado	https://alphafold.ebi.ac.uk/entry/Q86XP0
PLA2G4D	missense_variant	uncertain significance	765053168	Q86XP0	rs765053168	T543A	0.16		Q86XP0	Cytosolic phospholipase A2 delta	Homo sapiens	Encontrado	https://alphafold.ebi.ac.uk/entry/Q86XP0
PLA2G4D	missense_variant		765087738	Q86XP0	rs765087738	L598F	0.018		Q86XP0	Cytosolic phospholipase A2 delta	Homo sapiens	Encontrado	https://alphafold.ebi.ac.uk/entry/Q86XP0
PLA2G4D	missense_variant		765087738	Q86XP0	rs765087738	L598F	0.07		Q86XP0	Cytosolic phospholipase A2 delta	Homo sapiens	Encontrado	https://alphafold.ebi.ac.uk/entry/Q86XP0
PLA2G4D	missense_variant		765087738	Q86XP0	rs765087738	L598F	0.018		Q86XP0	Cytosolic phospholipase A2 delta	Homo sapiens	Encontrado	https://alphafold.ebi.ac.uk/entry/Q86XP0
PLA2G4D	missense_variant		765087738	Q86XP0	rs765087738	L598F	0.08		Q86XP0	Cytosolic phospholipase A2 delta	Homo sapiens	Encontrado	https://alphafold.ebi.ac.uk/entry/Q86XP0
PLA2G4D	missense_variant		765238528						Q86XP0	Cytosolic phospholipase A2 delta	Homo sapiens	Encontrado	https://alphafold.ebi.ac.uk/entry/Q86XP0
PLA2G4D	missense_variant	likely benign	765518884	Q86XP0	rs765518884	V497I	0.011		Q86XP0	Cytosolic phospholipase A2 delta	Homo sapiens	Encontrado	https://alphafold.ebi.ac.uk/entry/Q86XP0
PLA2G4D	missense_variant	likely benign	765518884	Q86XP0	rs765518884	V497I	1.0		Q86XP0	Cytosolic phospholipase A2 delta	Homo sapiens	Encontrado	https://alphafold.ebi.ac.uk/entry/Q86XP0
PLA2G4D	missense_variant	likely benign	765518884	Q86XP0	rs765518884	V497I	0.011		Q86XP0	Cytosolic phospholipase A2 delta	Homo sapiens	Encontrado	https://alphafold.ebi.ac.uk/entry/Q86XP0
PLA2G4D	missense_variant	likely benign	765518884	Q86XP0	rs765518884	V497I	1.0		Q86XP0	Cytosolic phospholipase A2 delta	Homo sapiens	Encontrado	https://alphafold.ebi.ac.uk/entry/Q86XP0
PLA2G4D	missense_variant		765660120						Q86XP0	Cytosolic phospholipase A2 delta	Homo sapiens	Encontrado	https://alphafold.ebi.ac.uk/entry/Q86XP0
PLA2G4D	missense_variant	uncertain significance	765770804	Q86XP0	rs765770804	I92M	0.323		Q86XP0	Cytosolic phospholipase A2 delta	Homo sapiens	Encontrado	https://alphafold.ebi.ac.uk/entry/Q86XP0
PLA2G4D	missense_variant	uncertain significance	765770804	Q86XP0	rs765770804	I92M	0.04		Q86XP0	Cytosolic phospholipase A2 delta	Homo sapiens	Encontrado	https://alphafold.ebi.ac.uk/entry/Q86XP0
PLA2G4D	missense_variant		765824104						Q86XP0	Cytosolic phospholipase A2 delta	Homo sapiens	Encontrado	https://alphafold.ebi.ac.uk/entry/Q86XP0
PLA2G4D	missense_variant		765876912						Q86XP0	Cytosolic phospholipase A2 delta	Homo sapiens	Encontrado	https://alphafold.ebi.ac.uk/entry/Q86XP0
PLA2G4D	missense_variant		766201188						Q86XP0	Cytosolic phospholipase A2 delta	Homo sapiens	Encontrado	https://alphafold.ebi.ac.uk/entry/Q86XP0
PLA2G4D	missense_variant	uncertain significance	766219776						Q86XP0	Cytosolic phospholipase A2 delta	Homo sapiens	Encontrado	https://alphafold.ebi.ac.uk/entry/Q86XP0
PLA2G4D	missense_variant		766371830						Q86XP0	Cytosolic phospholipase A2 delta	Homo sapiens	Encontrado	https://alphafold.ebi.ac.uk/entry/Q86XP0
PLA2G4D	missense_variant		766613377						Q86XP0	Cytosolic phospholipase A2 delta	Homo sapiens	Encontrado	https://alphafold.ebi.ac.uk/entry/Q86XP0
PLA2G4D	missense_variant		766658911						Q86XP0	Cytosolic phospholipase A2 delta	Homo sapiens	Encontrado	https://alphafold.ebi.ac.uk/entry/Q86XP0
PLA2G4D	missense_variant	uncertain significance	766862758	Q86XP0	rs766862758	R224G	0.086		Q86XP0	Cytosolic phospholipase A2 delta	Homo sapiens	Encontrado	https://alphafold.ebi.ac.uk/entry/Q86XP0
PLA2G4D	missense_variant	uncertain significance	766862758	Q86XP0	rs766862758	R224G	0.03		Q86XP0	Cytosolic phospholipase A2 delta	Homo sapiens	Encontrado	https://alphafold.ebi.ac.uk/entry/Q86XP0
PLA2G4D	missense_variant		766914146						Q86XP0	Cytosolic phospholipase A2 delta	Homo sapiens	Encontrado	https://alphafold.ebi.ac.uk/entry/Q86XP0
PLA2G4D	missense_variant		766940241						Q86XP0	Cytosolic phospholipase A2 delta	Homo sapiens	Encontrado	https://alphafold.ebi.ac.uk/entry/Q86XP0
PLA2G4D	missense_variant		767060712						Q86XP0	Cytosolic phospholipase A2 delta	Homo sapiens	Encontrado	https://alphafold.ebi.ac.uk/entry/Q86XP0
PLA2G4D	missense_variant		767412001						Q86XP0	Cytosolic phospholipase A2 delta	Homo sapiens	Encontrado	https://alphafold.ebi.ac.uk/entry/Q86XP0
PLA2G4D	missense_variant		767451147						Q86XP0	Cytosolic phospholipase A2 delta	Homo sapiens	Encontrado	https://alphafold.ebi.ac.uk/entry/Q86XP0
PLA2G4D	missense_variant		767678076	Q86XP0	rs767678076	K58N	0.666		Q86XP0	Cytosolic phospholipase A2 delta	Homo sapiens	Encontrado	https://alphafold.ebi.ac.uk/entry/Q86XP0
PLA2G4D	missense_variant		767678076	Q86XP0	rs767678076	K58N	0.01		Q86XP0	Cytosolic phospholipase A2 delta	Homo sapiens	Encontrado	https://alphafold.ebi.ac.uk/entry/Q86XP0
PLA2G4D	missense_variant		767678076	Q86XP0	rs767678076	K58N	0.675		Q86XP0	Cytosolic phospholipase A2 delta	Homo sapiens	Encontrado	https://alphafold.ebi.ac.uk/entry/Q86XP0
PLA2G4D	missense_variant		767678076	Q86XP0	rs767678076	K58N	0.01		Q86XP0	Cytosolic phospholipase A2 delta	Homo sapiens	Encontrado	https://alphafold.ebi.ac.uk/entry/Q86XP0
PLA2G4D	missense_variant		767740297						Q86XP0	Cytosolic phospholipase A2 delta	Homo sapiens	Encontrado	https://alphafold.ebi.ac.uk/entry/Q86XP0
PLA2G4D	missense_variant		767943934						Q86XP0	Cytosolic phospholipase A2 delta	Homo sapiens	Encontrado	https://alphafold.ebi.ac.uk/entry/Q86XP0
PLA2G4D	missense_variant		768077510						Q86XP0	Cytosolic phospholipase A2 delta	Homo sapiens	Encontrado	https://alphafold.ebi.ac.uk/entry/Q86XP0
PLA2G4D	missense_variant		768233595						Q86XP0	Cytosolic phospholipase A2 delta	Homo sapiens	Encontrado	https://alphafold.ebi.ac.uk/entry/Q86XP0
PLA2G4D	missense_variant		768234275						Q86XP0	Cytosolic phospholipase A2 delta	Homo sapiens	Encontrado	https://alphafold.ebi.ac.uk/entry/Q86XP0
PLA2G4D	missense_variant		768570430						Q86XP0	Cytosolic phospholipase A2 delta	Homo sapiens	Encontrado	https://alphafold.ebi.ac.uk/entry/Q86XP0
PLA2G4D	missense_variant		768924485						Q86XP0	Cytosolic phospholipase A2 delta	Homo sapiens	Encontrado	https://alphafold.ebi.ac.uk/entry/Q86XP0
PLA2G4D	missense_variant		769042898						Q86XP0	Cytosolic phospholipase A2 delta	Homo sapiens	Encontrado	https://alphafold.ebi.ac.uk/entry/Q86XP0
PLA2G4D	missense_variant		769043261						Q86XP0	Cytosolic phospholipase A2 delta	Homo sapiens	Encontrado	https://alphafold.ebi.ac.uk/entry/Q86XP0
PLA2G4D	missense_variant		769291984						Q86XP0	Cytosolic phospholipase A2 delta	Homo sapiens	Encontrado	https://alphafold.ebi.ac.uk/entry/Q86XP0
PLA2G4D	missense_variant	uncertain significance	769707299						Q86XP0	Cytosolic phospholipase A2 delta	Homo sapiens	Encontrado	https://alphafold.ebi.ac.uk/entry/Q86XP0
PLA2G4D	missense_variant	uncertain significance	769798028	Q86XP0	rs769798028	G494R	1.0		Q86XP0	Cytosolic phospholipase A2 delta	Homo sapiens	Encontrado	https://alphafold.ebi.ac.uk/entry/Q86XP0
PLA2G4D	missense_variant	uncertain significance	769798028	Q86XP0	rs769798028	G494R	0.0		Q86XP0	Cytosolic phospholipase A2 delta	Homo sapiens	Encontrado	https://alphafold.ebi.ac.uk/entry/Q86XP0
PLA2G4D	missense_variant		769807145						Q86XP0	Cytosolic phospholipase A2 delta	Homo sapiens	Encontrado	https://alphafold.ebi.ac.uk/entry/Q86XP0
PLA2G4D	missense_variant		770091021						Q86XP0	Cytosolic phospholipase A2 delta	Homo sapiens	Encontrado	https://alphafold.ebi.ac.uk/entry/Q86XP0
PLA2G4D	missense_variant		770106225						Q86XP0	Cytosolic phospholipase A2 delta	Homo sapiens	Encontrado	https://alphafold.ebi.ac.uk/entry/Q86XP0
PLA2G4D	missense_variant		770154981						Q86XP0	Cytosolic phospholipase A2 delta	Homo sapiens	Encontrado	https://alphafold.ebi.ac.uk/entry/Q86XP0
PLA2G4D	missense_variant		770217399						Q86XP0	Cytosolic phospholipase A2 delta	Homo sapiens	Encontrado	https://alphafold.ebi.ac.uk/entry/Q86XP0
PLA2G4D	missense_variant		770315347						Q86XP0	Cytosolic phospholipase A2 delta	Homo sapiens	Encontrado	https://alphafold.ebi.ac.uk/entry/Q86XP0
PLA2G4D	missense_variant		770491684						Q86XP0	Cytosolic phospholipase A2 delta	Homo sapiens	Encontrado	https://alphafold.ebi.ac.uk/entry/Q86XP0
PLA2G4D	missense_variant		770585872	Q86XP0	rs770585872	R661W	0.001		Q86XP0	Cytosolic phospholipase A2 delta	Homo sapiens	Encontrado	https://alphafold.ebi.ac.uk/entry/Q86XP0
PLA2G4D	missense_variant		770585872	Q86XP0	rs770585872	R661W	0.02		Q86XP0	Cytosolic phospholipase A2 delta	Homo sapiens	Encontrado	https://alphafold.ebi.ac.uk/entry/Q86XP0
PLA2G4D	missense_variant		770585872	Q86XP0	rs770585872	R661W	0.001		Q86XP0	Cytosolic phospholipase A2 delta	Homo sapiens	Encontrado	https://alphafold.ebi.ac.uk/entry/Q86XP0
PLA2G4D	missense_variant		770585872	Q86XP0	rs770585872	R661W	0.01		Q86XP0	Cytosolic phospholipase A2 delta	Homo sapiens	Encontrado	https://alphafold.ebi.ac.uk/entry/Q86XP0
PLA2G4D	missense_variant		770688776						Q86XP0	Cytosolic phospholipase A2 delta	Homo sapiens	Encontrado	https://alphafold.ebi.ac.uk/entry/Q86XP0
PLA2G4D	missense_variant		770743738						Q86XP0	Cytosolic phospholipase A2 delta	Homo sapiens	Encontrado	https://alphafold.ebi.ac.uk/entry/Q86XP0
PLA2G4D	missense_variant		771189883						Q86XP0	Cytosolic phospholipase A2 delta	Homo sapiens	Encontrado	https://alphafold.ebi.ac.uk/entry/Q86XP0
PLA2G4D	missense_variant		771247934						Q86XP0	Cytosolic phospholipase A2 delta	Homo sapiens	Encontrado	https://alphafold.ebi.ac.uk/entry/Q86XP0
PLA2G4D	missense_variant		771287523						Q86XP0	Cytosolic phospholipase A2 delta	Homo sapiens	Encontrado	https://alphafold.ebi.ac.uk/entry/Q86XP0
PLA2G4D	missense_variant	uncertain significance	771342321						Q86XP0	Cytosolic phospholipase A2 delta	Homo sapiens	Encontrado	https://alphafold.ebi.ac.uk/entry/Q86XP0
PLA2G4D	missense_variant		771415719						Q86XP0	Cytosolic phospholipase A2 delta	Homo sapiens	Encontrado	https://alphafold.ebi.ac.uk/entry/Q86XP0
PLA2G4D	missense_variant	uncertain significance	771474176						Q86XP0	Cytosolic phospholipase A2 delta	Homo sapiens	Encontrado	https://alphafold.ebi.ac.uk/entry/Q86XP0
PLA2G4D	missense_variant		771503723						Q86XP0	Cytosolic phospholipase A2 delta	Homo sapiens	Encontrado	https://alphafold.ebi.ac.uk/entry/Q86XP0
PLA2G4D	missense_variant		77186114						Q86XP0	Cytosolic phospholipase A2 delta	Homo sapiens	Encontrado	https://alphafold.ebi.ac.uk/entry/Q86XP0
PLA2G4D	missense_variant		771888079						Q86XP0	Cytosolic phospholipase A2 delta	Homo sapiens	Encontrado	https://alphafold.ebi.ac.uk/entry/Q86XP0
PLA2G4D	missense_variant		772313158						Q86XP0	Cytosolic phospholipase A2 delta	Homo sapiens	Encontrado	https://alphafold.ebi.ac.uk/entry/Q86XP0
PLA2G4D	missense_variant		772519597						Q86XP0	Cytosolic phospholipase A2 delta	Homo sapiens	Encontrado	https://alphafold.ebi.ac.uk/entry/Q86XP0
PLA2G4D	missense_variant	likely benign	772781938	Q86XP0	rs772781938	E505K	0.01		Q86XP0	Cytosolic phospholipase A2 delta	Homo sapiens	Encontrado	https://alphafold.ebi.ac.uk/entry/Q86XP0
PLA2G4D	missense_variant	likely benign	772781938	Q86XP0	rs772781938	E505K	0.04		Q86XP0	Cytosolic phospholipase A2 delta	Homo sapiens	Encontrado	https://alphafold.ebi.ac.uk/entry/Q86XP0
PLA2G4D	missense_variant	likely benign	772781938	Q86XP0	rs772781938	E505K	0.01		Q86XP0	Cytosolic phospholipase A2 delta	Homo sapiens	Encontrado	https://alphafold.ebi.ac.uk/entry/Q86XP0
PLA2G4D	missense_variant	likely benign	772781938	Q86XP0	rs772781938	E505K	0.07		Q86XP0	Cytosolic phospholipase A2 delta	Homo sapiens	Encontrado	https://alphafold.ebi.ac.uk/entry/Q86XP0
PLA2G4D	missense_variant		772942723						Q86XP0	Cytosolic phospholipase A2 delta	Homo sapiens	Encontrado	https://alphafold.ebi.ac.uk/entry/Q86XP0
PLA2G4D	missense_variant	uncertain significance	773365308	Q86XP0	rs773365308	L282P	0.996		Q86XP0	Cytosolic phospholipase A2 delta	Homo sapiens	Encontrado	https://alphafold.ebi.ac.uk/entry/Q86XP0
PLA2G4D	missense_variant	uncertain significance	773365308	Q86XP0	rs773365308	L282P	0.0		Q86XP0	Cytosolic phospholipase A2 delta	Homo sapiens	Encontrado	https://alphafold.ebi.ac.uk/entry/Q86XP0
PLA2G4D	missense_variant		773573161						Q86XP0	Cytosolic phospholipase A2 delta	Homo sapiens	Encontrado	https://alphafold.ebi.ac.uk/entry/Q86XP0
PLA2G4D	missense_variant	uncertain significance	773602556	Q86XP0	rs773602556	A308G	0.122		Q86XP0	Cytosolic phospholipase A2 delta	Homo sapiens	Encontrado	https://alphafold.ebi.ac.uk/entry/Q86XP0
PLA2G4D	missense_variant	uncertain significance	773602556	Q86XP0	rs773602556	A308G	0.0		Q86XP0	Cytosolic phospholipase A2 delta	Homo sapiens	Encontrado	https://alphafold.ebi.ac.uk/entry/Q86XP0
PLA2G4D	missense_variant		773716289	Q86XP0	rs773716289	H69Y	0.21		Q86XP0	Cytosolic phospholipase A2 delta	Homo sapiens	Encontrado	https://alphafold.ebi.ac.uk/entry/Q86XP0
PLA2G4D	missense_variant		773716289	Q86XP0	rs773716289	H69Y	0.02		Q86XP0	Cytosolic phospholipase A2 delta	Homo sapiens	Encontrado	https://alphafold.ebi.ac.uk/entry/Q86XP0
PLA2G4D	missense_variant		773716289	Q86XP0	rs773716289	H69Y	0.217		Q86XP0	Cytosolic phospholipase A2 delta	Homo sapiens	Encontrado	https://alphafold.ebi.ac.uk/entry/Q86XP0
PLA2G4D	missense_variant		773716289	Q86XP0	rs773716289	H69Y	0.0		Q86XP0	Cytosolic phospholipase A2 delta	Homo sapiens	Encontrado	https://alphafold.ebi.ac.uk/entry/Q86XP0
PLA2G4D	missense_variant		773869186						Q86XP0	Cytosolic phospholipase A2 delta	Homo sapiens	Encontrado	https://alphafold.ebi.ac.uk/entry/Q86XP0
PLA2G4D	missense_variant		774057876						Q86XP0	Cytosolic phospholipase A2 delta	Homo sapiens	Encontrado	https://alphafold.ebi.ac.uk/entry/Q86XP0
PLA2G4D	missense_variant		774065519						Q86XP0	Cytosolic phospholipase A2 delta	Homo sapiens	Encontrado	https://alphafold.ebi.ac.uk/entry/Q86XP0
PLA2G4D	missense_variant		774166970						Q86XP0	Cytosolic phospholipase A2 delta	Homo sapiens	Encontrado	https://alphafold.ebi.ac.uk/entry/Q86XP0
PLA2G4D	missense_variant		774177182	Q86XP0	rs774177182	E398K	0.003		Q86XP0	Cytosolic phospholipase A2 delta	Homo sapiens	Encontrado	https://alphafold.ebi.ac.uk/entry/Q86XP0
PLA2G4D	missense_variant		774177182	Q86XP0	rs774177182	E398K	0.41		Q86XP0	Cytosolic phospholipase A2 delta	Homo sapiens	Encontrado	https://alphafold.ebi.ac.uk/entry/Q86XP0
PLA2G4D	missense_variant		774177182	Q86XP0	rs774177182	E398K	0.003		Q86XP0	Cytosolic phospholipase A2 delta	Homo sapiens	Encontrado	https://alphafold.ebi.ac.uk/entry/Q86XP0
PLA2G4D	missense_variant		774177182	Q86XP0	rs774177182	E398K	0.32		Q86XP0	Cytosolic phospholipase A2 delta	Homo sapiens	Encontrado	https://alphafold.ebi.ac.uk/entry/Q86XP0
PLA2G4D	missense_variant		774357167						Q86XP0	Cytosolic phospholipase A2 delta	Homo sapiens	Encontrado	https://alphafold.ebi.ac.uk/entry/Q86XP0
PLA2G4D	missense_variant		774542401						Q86XP0	Cytosolic phospholipase A2 delta	Homo sapiens	Encontrado	https://alphafold.ebi.ac.uk/entry/Q86XP0
PLA2G4D	missense_variant	uncertain significance	774637140						Q86XP0	Cytosolic phospholipase A2 delta	Homo sapiens	Encontrado	https://alphafold.ebi.ac.uk/entry/Q86XP0
PLA2G4D	missense_variant		774814909						Q86XP0	Cytosolic phospholipase A2 delta	Homo sapiens	Encontrado	https://alphafold.ebi.ac.uk/entry/Q86XP0
PLA2G4D	missense_variant		775258239						Q86XP0	Cytosolic phospholipase A2 delta	Homo sapiens	Encontrado	https://alphafold.ebi.ac.uk/entry/Q86XP0
PLA2G4D	missense_variant		775265815						Q86XP0	Cytosolic phospholipase A2 delta	Homo sapiens	Encontrado	https://alphafold.ebi.ac.uk/entry/Q86XP0
PLA2G4D	missense_variant		775370281						Q86XP0	Cytosolic phospholipase A2 delta	Homo sapiens	Encontrado	https://alphafold.ebi.ac.uk/entry/Q86XP0
PLA2G4D	missense_variant		775943955						Q86XP0	Cytosolic phospholipase A2 delta	Homo sapiens	Encontrado	https://alphafold.ebi.ac.uk/entry/Q86XP0
PLA2G4D	missense_variant	uncertain significance	776034188						Q86XP0	Cytosolic phospholipase A2 delta	Homo sapiens	Encontrado	https://alphafold.ebi.ac.uk/entry/Q86XP0
PLA2G4D	missense_variant		776133237						Q86XP0	Cytosolic phospholipase A2 delta	Homo sapiens	Encontrado	https://alphafold.ebi.ac.uk/entry/Q86XP0
PLA2G4D	missense_variant		776227820						Q86XP0	Cytosolic phospholipase A2 delta	Homo sapiens	Encontrado	https://alphafold.ebi.ac.uk/entry/Q86XP0
PLA2G4D	missense_variant		776377256						Q86XP0	Cytosolic phospholipase A2 delta	Homo sapiens	Encontrado	https://alphafold.ebi.ac.uk/entry/Q86XP0
PLA2G4D	missense_variant		776794190						Q86XP0	Cytosolic phospholipase A2 delta	Homo sapiens	Encontrado	https://alphafold.ebi.ac.uk/entry/Q86XP0
PLA2G4D	missense_variant		776830539						Q86XP0	Cytosolic phospholipase A2 delta	Homo sapiens	Encontrado	https://alphafold.ebi.ac.uk/entry/Q86XP0
PLA2G4D	missense_variant		776916762						Q86XP0	Cytosolic phospholipase A2 delta	Homo sapiens	Encontrado	https://alphafold.ebi.ac.uk/entry/Q86XP0
PLA2G4D	missense_variant		776950765						Q86XP0	Cytosolic phospholipase A2 delta	Homo sapiens	Encontrado	https://alphafold.ebi.ac.uk/entry/Q86XP0
PLA2G4D	missense_variant		777165562						Q86XP0	Cytosolic phospholipase A2 delta	Homo sapiens	Encontrado	https://alphafold.ebi.ac.uk/entry/Q86XP0
PLA2G4D	missense_variant		777200173						Q86XP0	Cytosolic phospholipase A2 delta	Homo sapiens	Encontrado	https://alphafold.ebi.ac.uk/entry/Q86XP0
PLA2G4D	missense_variant		777483297						Q86XP0	Cytosolic phospholipase A2 delta	Homo sapiens	Encontrado	https://alphafold.ebi.ac.uk/entry/Q86XP0
PLA2G4D	missense_variant		777540857	Q86XP0	rs777540857	R780C	0.65		Q86XP0	Cytosolic phospholipase A2 delta	Homo sapiens	Encontrado	https://alphafold.ebi.ac.uk/entry/Q86XP0
PLA2G4D	missense_variant		777540857	Q86XP0	rs777540857	R780C	0.01		Q86XP0	Cytosolic phospholipase A2 delta	Homo sapiens	Encontrado	https://alphafold.ebi.ac.uk/entry/Q86XP0
PLA2G4D	missense_variant		777540857	Q86XP0	rs777540857	R780C	0.645		Q86XP0	Cytosolic phospholipase A2 delta	Homo sapiens	Encontrado	https://alphafold.ebi.ac.uk/entry/Q86XP0
PLA2G4D	missense_variant		777540857	Q86XP0	rs777540857	R780C	0.04		Q86XP0	Cytosolic phospholipase A2 delta	Homo sapiens	Encontrado	https://alphafold.ebi.ac.uk/entry/Q86XP0
PLA2G4D	missense_variant		777661630						Q86XP0	Cytosolic phospholipase A2 delta	Homo sapiens	Encontrado	https://alphafold.ebi.ac.uk/entry/Q86XP0
PLA2G4D	missense_variant		777776875						Q86XP0	Cytosolic phospholipase A2 delta	Homo sapiens	Encontrado	https://alphafold.ebi.ac.uk/entry/Q86XP0
PLA2G4D	missense_variant	uncertain significance	777793163	Q86XP0	rs777793163	Q705R	0.017		Q86XP0	Cytosolic phospholipase A2 delta	Homo sapiens	Encontrado	https://alphafold.ebi.ac.uk/entry/Q86XP0
PLA2G4D	missense_variant	uncertain significance	777793163	Q86XP0	rs777793163	Q705R	0.01		Q86XP0	Cytosolic phospholipase A2 delta	Homo sapiens	Encontrado	https://alphafold.ebi.ac.uk/entry/Q86XP0
PLA2G4D	missense_variant	likely benign	77803799						Q86XP0	Cytosolic phospholipase A2 delta	Homo sapiens	Encontrado	https://alphafold.ebi.ac.uk/entry/Q86XP0
PLA2G4D	missense_variant		778093509						Q86XP0	Cytosolic phospholipase A2 delta	Homo sapiens	Encontrado	https://alphafold.ebi.ac.uk/entry/Q86XP0
PLA2G4D	missense_variant		778212091						Q86XP0	Cytosolic phospholipase A2 delta	Homo sapiens	Encontrado	https://alphafold.ebi.ac.uk/entry/Q86XP0
PLA2G4D	missense_variant		778353977						Q86XP0	Cytosolic phospholipase A2 delta	Homo sapiens	Encontrado	https://alphafold.ebi.ac.uk/entry/Q86XP0
PLA2G4D	missense_variant		778496368						Q86XP0	Cytosolic phospholipase A2 delta	Homo sapiens	Encontrado	https://alphafold.ebi.ac.uk/entry/Q86XP0
PLA2G4D	missense_variant		778791972						Q86XP0	Cytosolic phospholipase A2 delta	Homo sapiens	Encontrado	https://alphafold.ebi.ac.uk/entry/Q86XP0
PLA2G4D	missense_variant	uncertain significance	778900492	Q86XP0	rs778900492	R601C	0.0		Q86XP0	Cytosolic phospholipase A2 delta	Homo sapiens	Encontrado	https://alphafold.ebi.ac.uk/entry/Q86XP0
PLA2G4D	missense_variant	uncertain significance	778900492	Q86XP0	rs778900492	R601C	0.16		Q86XP0	Cytosolic phospholipase A2 delta	Homo sapiens	Encontrado	https://alphafold.ebi.ac.uk/entry/Q86XP0
PLA2G4D	missense_variant	uncertain significance	778900492	Q86XP0	rs778900492	R601C	0.0		Q86XP0	Cytosolic phospholipase A2 delta	Homo sapiens	Encontrado	https://alphafold.ebi.ac.uk/entry/Q86XP0
PLA2G4D	missense_variant	uncertain significance	778900492	Q86XP0	rs778900492	R601C	0.18		Q86XP0	Cytosolic phospholipase A2 delta	Homo sapiens	Encontrado	https://alphafold.ebi.ac.uk/entry/Q86XP0
PLA2G4D	missense_variant		779335531						Q86XP0	Cytosolic phospholipase A2 delta	Homo sapiens	Encontrado	https://alphafold.ebi.ac.uk/entry/Q86XP0
PLA2G4D	missense_variant		779653077	Q86XP0	rs779653077	R77C	0.013		Q86XP0	Cytosolic phospholipase A2 delta	Homo sapiens	Encontrado	https://alphafold.ebi.ac.uk/entry/Q86XP0
PLA2G4D	missense_variant		779653077	Q86XP0	rs779653077	R77C	0.16		Q86XP0	Cytosolic phospholipase A2 delta	Homo sapiens	Encontrado	https://alphafold.ebi.ac.uk/entry/Q86XP0
PLA2G4D	missense_variant		779653077	Q86XP0	rs779653077	R77C	0.012		Q86XP0	Cytosolic phospholipase A2 delta	Homo sapiens	Encontrado	https://alphafold.ebi.ac.uk/entry/Q86XP0
PLA2G4D	missense_variant		779653077	Q86XP0	rs779653077	R77C	0.12		Q86XP0	Cytosolic phospholipase A2 delta	Homo sapiens	Encontrado	https://alphafold.ebi.ac.uk/entry/Q86XP0
PLA2G4D	missense_variant		779753903						Q86XP0	Cytosolic phospholipase A2 delta	Homo sapiens	Encontrado	https://alphafold.ebi.ac.uk/entry/Q86XP0
PLA2G4D	missense_variant		780094261						Q86XP0	Cytosolic phospholipase A2 delta	Homo sapiens	Encontrado	https://alphafold.ebi.ac.uk/entry/Q86XP0
PLA2G4D	missense_variant		780118874						Q86XP0	Cytosolic phospholipase A2 delta	Homo sapiens	Encontrado	https://alphafold.ebi.ac.uk/entry/Q86XP0
PLA2G4D	missense_variant		780219821						Q86XP0	Cytosolic phospholipase A2 delta	Homo sapiens	Encontrado	https://alphafold.ebi.ac.uk/entry/Q86XP0
PLA2G4D	missense_variant		780408877						Q86XP0	Cytosolic phospholipase A2 delta	Homo sapiens	Encontrado	https://alphafold.ebi.ac.uk/entry/Q86XP0
PLA2G4D	missense_variant	uncertain significance	780601008	Q86XP0	rs780601008	S571F	0.089		Q86XP0	Cytosolic phospholipase A2 delta	Homo sapiens	Encontrado	https://alphafold.ebi.ac.uk/entry/Q86XP0
PLA2G4D	missense_variant	uncertain significance	780601008	Q86XP0	rs780601008	S571F	0.09		Q86XP0	Cytosolic phospholipase A2 delta	Homo sapiens	Encontrado	https://alphafold.ebi.ac.uk/entry/Q86XP0
PLA2G4D	missense_variant		780640309						Q86XP0	Cytosolic phospholipase A2 delta	Homo sapiens	Encontrado	https://alphafold.ebi.ac.uk/entry/Q86XP0
PLA2G4D	missense_variant	uncertain significance	780695430						Q86XP0	Cytosolic phospholipase A2 delta	Homo sapiens	Encontrado	https://alphafold.ebi.ac.uk/entry/Q86XP0
PLA2G4D	missense_variant		780737448						Q86XP0	Cytosolic phospholipase A2 delta	Homo sapiens	Encontrado	https://alphafold.ebi.ac.uk/entry/Q86XP0
PLA2G4D	missense_variant		780745838						Q86XP0	Cytosolic phospholipase A2 delta	Homo sapiens	Encontrado	https://alphafold.ebi.ac.uk/entry/Q86XP0
PLA2G4D	missense_variant		780863436						Q86XP0	Cytosolic phospholipase A2 delta	Homo sapiens	Encontrado	https://alphafold.ebi.ac.uk/entry/Q86XP0
PLA2G4D	missense_variant	uncertain significance	780864125	Q86XP0	rs780864125	R664H	0.981		Q86XP0	Cytosolic phospholipase A2 delta	Homo sapiens	Encontrado	https://alphafold.ebi.ac.uk/entry/Q86XP0
PLA2G4D	missense_variant	uncertain significance	780864125	Q86XP0	rs780864125	R664H	0.0		Q86XP0	Cytosolic phospholipase A2 delta	Homo sapiens	Encontrado	https://alphafold.ebi.ac.uk/entry/Q86XP0
PLA2G4D	missense_variant	uncertain significance	780864125	Q86XP0	rs780864125	R664H	0.98		Q86XP0	Cytosolic phospholipase A2 delta	Homo sapiens	Encontrado	https://alphafold.ebi.ac.uk/entry/Q86XP0
PLA2G4D	missense_variant	uncertain significance	780864125	Q86XP0	rs780864125	R664H	0.0		Q86XP0	Cytosolic phospholipase A2 delta	Homo sapiens	Encontrado	https://alphafold.ebi.ac.uk/entry/Q86XP0
PLA2G4D	missense_variant		780877012						Q86XP0	Cytosolic phospholipase A2 delta	Homo sapiens	Encontrado	https://alphafold.ebi.ac.uk/entry/Q86XP0
PLA2G4D	missense_variant		781331722						Q86XP0	Cytosolic phospholipase A2 delta	Homo sapiens	Encontrado	https://alphafold.ebi.ac.uk/entry/Q86XP0
PLA2G4D	missense_variant		781336579						Q86XP0	Cytosolic phospholipase A2 delta	Homo sapiens	Encontrado	https://alphafold.ebi.ac.uk/entry/Q86XP0
PLA2G4D	missense_variant		781439174	Q86XP0	rs781439174	R222C	0.0		Q86XP0	Cytosolic phospholipase A2 delta	Homo sapiens	Encontrado	https://alphafold.ebi.ac.uk/entry/Q86XP0
PLA2G4D	missense_variant		781439174	Q86XP0	rs781439174	R222C	0.35		Q86XP0	Cytosolic phospholipase A2 delta	Homo sapiens	Encontrado	https://alphafold.ebi.ac.uk/entry/Q86XP0
PLA2G4D	missense_variant		781439174	Q86XP0	rs781439174	R222C	0.0		Q86XP0	Cytosolic phospholipase A2 delta	Homo sapiens	Encontrado	https://alphafold.ebi.ac.uk/entry/Q86XP0
PLA2G4D	missense_variant		781439174	Q86XP0	rs781439174	R222C	0.48		Q86XP0	Cytosolic phospholipase A2 delta	Homo sapiens	Encontrado	https://alphafold.ebi.ac.uk/entry/Q86XP0
PLA2G4D	missense_variant		781443451						Q86XP0	Cytosolic phospholipase A2 delta	Homo sapiens	Encontrado	https://alphafold.ebi.ac.uk/entry/Q86XP0
PLA2G4D	missense_variant	uncertain significance	781591743						Q86XP0	Cytosolic phospholipase A2 delta	Homo sapiens	Encontrado	https://alphafold.ebi.ac.uk/entry/Q86XP0
PLA2G4D	missense_variant	uncertain significance	781609096	Q86XP0	rs781609096	H714Y	0.0		Q86XP0	Cytosolic phospholipase A2 delta	Homo sapiens	Encontrado	https://alphafold.ebi.ac.uk/entry/Q86XP0
PLA2G4D	missense_variant	uncertain significance	781609096	Q86XP0	rs781609096	H714Y	1.0		Q86XP0	Cytosolic phospholipase A2 delta	Homo sapiens	Encontrado	https://alphafold.ebi.ac.uk/entry/Q86XP0
PLA2G4D	missense_variant	uncertain significance	78165678						Q86XP0	Cytosolic phospholipase A2 delta	Homo sapiens	Encontrado	https://alphafold.ebi.ac.uk/entry/Q86XP0
PLA2G4D	missense_variant		867139822						Q86XP0	Cytosolic phospholipase A2 delta	Homo sapiens	Encontrado	https://alphafold.ebi.ac.uk/entry/Q86XP0
PLA2G4D	missense_variant		867166631						Q86XP0	Cytosolic phospholipase A2 delta	Homo sapiens	Encontrado	https://alphafold.ebi.ac.uk/entry/Q86XP0
PLA2G4D	missense_variant		867327180						Q86XP0	Cytosolic phospholipase A2 delta	Homo sapiens	Encontrado	https://alphafold.ebi.ac.uk/entry/Q86XP0
PLA2G4D	missense_variant		868280603	Q86XP0	rs868280603	M57I	0.0		Q86XP0	Cytosolic phospholipase A2 delta	Homo sapiens	Encontrado	https://alphafold.ebi.ac.uk/entry/Q86XP0
PLA2G4D	missense_variant		868280603	Q86XP0	rs868280603	M57I	0.1		Q86XP0	Cytosolic phospholipase A2 delta	Homo sapiens	Encontrado	https://alphafold.ebi.ac.uk/entry/Q86XP0
PLA2G4D	missense_variant		868280603	Q86XP0	rs868280603	M57I	0.0		Q86XP0	Cytosolic phospholipase A2 delta	Homo sapiens	Encontrado	https://alphafold.ebi.ac.uk/entry/Q86XP0
PLA2G4D	missense_variant		868280603	Q86XP0	rs868280603	M57I	0.2		Q86XP0	Cytosolic phospholipase A2 delta	Homo sapiens	Encontrado	https://alphafold.ebi.ac.uk/entry/Q86XP0
PLA2G4D	missense_variant		868324508						Q86XP0	Cytosolic phospholipase A2 delta	Homo sapiens	Encontrado	https://alphafold.ebi.ac.uk/entry/Q86XP0
PLA2G4D	missense_variant		891066443						Q86XP0	Cytosolic phospholipase A2 delta	Homo sapiens	Encontrado	https://alphafold.ebi.ac.uk/entry/Q86XP0
PLA2G4D	missense_variant		891676970						Q86XP0	Cytosolic phospholipase A2 delta	Homo sapiens	Encontrado	https://alphafold.ebi.ac.uk/entry/Q86XP0
PLA2G4D	missense_variant		898894977						Q86XP0	Cytosolic phospholipase A2 delta	Homo sapiens	Encontrado	https://alphafold.ebi.ac.uk/entry/Q86XP0
PLA2G4D	missense_variant		904193736	Q86XP0	rs904193736	P9Q	0.06		Q86XP0	Cytosolic phospholipase A2 delta	Homo sapiens	Encontrado	https://alphafold.ebi.ac.uk/entry/Q86XP0
PLA2G4D	missense_variant		904193736	Q86XP0	rs904193736	P9Q	0.07		Q86XP0	Cytosolic phospholipase A2 delta	Homo sapiens	Encontrado	https://alphafold.ebi.ac.uk/entry/Q86XP0
PLA2G4D	missense_variant		904193736	Q86XP0	rs904193736	P9Q	0.062		Q86XP0	Cytosolic phospholipase A2 delta	Homo sapiens	Encontrado	https://alphafold.ebi.ac.uk/entry/Q86XP0
PLA2G4D	missense_variant		904193736	Q86XP0	rs904193736	P9Q	0.05		Q86XP0	Cytosolic phospholipase A2 delta	Homo sapiens	Encontrado	https://alphafold.ebi.ac.uk/entry/Q86XP0
PLA2G4D	missense_variant		911316055						Q86XP0	Cytosolic phospholipase A2 delta	Homo sapiens	Encontrado	https://alphafold.ebi.ac.uk/entry/Q86XP0
PLA2G4D	missense_variant	uncertain significance	911394090	Q86XP0	rs911394090	T583M	0.825		Q86XP0	Cytosolic phospholipase A2 delta	Homo sapiens	Encontrado	https://alphafold.ebi.ac.uk/entry/Q86XP0
PLA2G4D	missense_variant	uncertain significance	911394090	Q86XP0	rs911394090	T583M	0.07		Q86XP0	Cytosolic phospholipase A2 delta	Homo sapiens	Encontrado	https://alphafold.ebi.ac.uk/entry/Q86XP0
PLA2G4D	missense_variant		913434794						Q86XP0	Cytosolic phospholipase A2 delta	Homo sapiens	Encontrado	https://alphafold.ebi.ac.uk/entry/Q86XP0
PLA2G4D	missense_variant		914463525						Q86XP0	Cytosolic phospholipase A2 delta	Homo sapiens	Encontrado	https://alphafold.ebi.ac.uk/entry/Q86XP0
PLA2G4D	missense_variant		915469186						Q86XP0	Cytosolic phospholipase A2 delta	Homo sapiens	Encontrado	https://alphafold.ebi.ac.uk/entry/Q86XP0
PLA2G4D	missense_variant		921334601						Q86XP0	Cytosolic phospholipase A2 delta	Homo sapiens	Encontrado	https://alphafold.ebi.ac.uk/entry/Q86XP0
PLA2G4D	missense_variant		924589741						Q86XP0	Cytosolic phospholipase A2 delta	Homo sapiens	Encontrado	https://alphafold.ebi.ac.uk/entry/Q86XP0
PLA2G4D	missense_variant		926515052						Q86XP0	Cytosolic phospholipase A2 delta	Homo sapiens	Encontrado	https://alphafold.ebi.ac.uk/entry/Q86XP0
PLA2G4D	missense_variant		930427250						Q86XP0	Cytosolic phospholipase A2 delta	Homo sapiens	Encontrado	https://alphafold.ebi.ac.uk/entry/Q86XP0
PLA2G4D	missense_variant		932582451						Q86XP0	Cytosolic phospholipase A2 delta	Homo sapiens	Encontrado	https://alphafold.ebi.ac.uk/entry/Q86XP0
PLA2G4D	missense_variant		936347833						Q86XP0	Cytosolic phospholipase A2 delta	Homo sapiens	Encontrado	https://alphafold.ebi.ac.uk/entry/Q86XP0
PLA2G4D	missense_variant	uncertain significance	936481930						Q86XP0	Cytosolic phospholipase A2 delta	Homo sapiens	Encontrado	https://alphafold.ebi.ac.uk/entry/Q86XP0
PLA2G4D	missense_variant		938384920						Q86XP0	Cytosolic phospholipase A2 delta	Homo sapiens	Encontrado	https://alphafold.ebi.ac.uk/entry/Q86XP0
PLA2G4D	missense_variant		944938362						Q86XP0	Cytosolic phospholipase A2 delta	Homo sapiens	Encontrado	https://alphafold.ebi.ac.uk/entry/Q86XP0
PLA2G4D	missense_variant		951933433						Q86XP0	Cytosolic phospholipase A2 delta	Homo sapiens	Encontrado	https://alphafold.ebi.ac.uk/entry/Q86XP0
PLA2G4D	missense_variant		952316552						Q86XP0	Cytosolic phospholipase A2 delta	Homo sapiens	Encontrado	https://alphafold.ebi.ac.uk/entry/Q86XP0
PLA2G4D	missense_variant		952473322						Q86XP0	Cytosolic phospholipase A2 delta	Homo sapiens	Encontrado	https://alphafold.ebi.ac.uk/entry/Q86XP0
PLA2G4D	missense_variant		953878853						Q86XP0	Cytosolic phospholipase A2 delta	Homo sapiens	Encontrado	https://alphafold.ebi.ac.uk/entry/Q86XP0
PLA2G4D	missense_variant		959508458						Q86XP0	Cytosolic phospholipase A2 delta	Homo sapiens	Encontrado	https://alphafold.ebi.ac.uk/entry/Q86XP0
PLA2G4D	missense_variant		964165393	Q86XP0	rs964165393	R513S	0.419		Q86XP0	Cytosolic phospholipase A2 delta	Homo sapiens	Encontrado	https://alphafold.ebi.ac.uk/entry/Q86XP0
PLA2G4D	missense_variant		964165393	Q86XP0	rs964165393	R513S	0.0		Q86XP0	Cytosolic phospholipase A2 delta	Homo sapiens	Encontrado	https://alphafold.ebi.ac.uk/entry/Q86XP0
PLA2G4D	missense_variant		964165393	Q86XP0	rs964165393	R513S	0.43		Q86XP0	Cytosolic phospholipase A2 delta	Homo sapiens	Encontrado	https://alphafold.ebi.ac.uk/entry/Q86XP0
PLA2G4D	missense_variant		964165393	Q86XP0	rs964165393	R513S	0.0		Q86XP0	Cytosolic phospholipase A2 delta	Homo sapiens	Encontrado	https://alphafold.ebi.ac.uk/entry/Q86XP0
PLA2G4D	missense_variant		964436939	Q86XP0	rs964436939	Y211H	0.936		Q86XP0	Cytosolic phospholipase A2 delta	Homo sapiens	Encontrado	https://alphafold.ebi.ac.uk/entry/Q86XP0
PLA2G4D	missense_variant		964436939	Q86XP0	rs964436939	Y211H	0.13		Q86XP0	Cytosolic phospholipase A2 delta	Homo sapiens	Encontrado	https://alphafold.ebi.ac.uk/entry/Q86XP0
PLA2G4D	missense_variant		964436939	Q86XP0	rs964436939	Y211H	0.939		Q86XP0	Cytosolic phospholipase A2 delta	Homo sapiens	Encontrado	https://alphafold.ebi.ac.uk/entry/Q86XP0
PLA2G4D	missense_variant		964436939	Q86XP0	rs964436939	Y211H	0.12		Q86XP0	Cytosolic phospholipase A2 delta	Homo sapiens	Encontrado	https://alphafold.ebi.ac.uk/entry/Q86XP0
PLA2G4D	missense_variant		966197820						Q86XP0	Cytosolic phospholipase A2 delta	Homo sapiens	Encontrado	https://alphafold.ebi.ac.uk/entry/Q86XP0
PLA2G4D	missense_variant		975853211						Q86XP0	Cytosolic phospholipase A2 delta	Homo sapiens	Encontrado	https://alphafold.ebi.ac.uk/entry/Q86XP0
PLA2G4D	missense_variant		981710628						Q86XP0	Cytosolic phospholipase A2 delta	Homo sapiens	Encontrado	https://alphafold.ebi.ac.uk/entry/Q86XP0
PLA2G4D	missense_variant		983765161						Q86XP0	Cytosolic phospholipase A2 delta	Homo sapiens	Encontrado	https://alphafold.ebi.ac.uk/entry/Q86XP0
PLA2G4D	missense_variant		986669813						Q86XP0	Cytosolic phospholipase A2 delta	Homo sapiens	Encontrado	https://alphafold.ebi.ac.uk/entry/Q86XP0
PLA2G4D	missense_variant	uncertain significance	988559228						Q86XP0	Cytosolic phospholipase A2 delta	Homo sapiens	Encontrado	https://alphafold.ebi.ac.uk/entry/Q86XP0
PLA2G4D	missense_variant	uncertain significance	989378174	Q86XP0	rs989378174	V253A	0.203		Q86XP0	Cytosolic phospholipase A2 delta	Homo sapiens	Encontrado	https://alphafold.ebi.ac.uk/entry/Q86XP0
PLA2G4D	missense_variant	uncertain significance	989378174	Q86XP0	rs989378174	V253A	0.02		Q86XP0	Cytosolic phospholipase A2 delta	Homo sapiens	Encontrado	https://alphafold.ebi.ac.uk/entry/Q86XP0
PLA2G4D	missense_variant		990961668						Q86XP0	Cytosolic phospholipase A2 delta	Homo sapiens	Encontrado	https://alphafold.ebi.ac.uk/entry/Q86XP0
PLA2G4D	missense_variant		993180470						Q86XP0	Cytosolic phospholipase A2 delta	Homo sapiens	Encontrado	https://alphafold.ebi.ac.uk/entry/Q86XP0
PLA2G4D	missense_variant		999909538	Q86XP0	rs999909538	A388T	0.36		Q86XP0	Cytosolic phospholipase A2 delta	Homo sapiens	Encontrado	https://alphafold.ebi.ac.uk/entry/Q86XP0
PLA2G4D	missense_variant		999909538	Q86XP0	rs999909538	A388T	0.14		Q86XP0	Cytosolic phospholipase A2 delta	Homo sapiens	Encontrado	https://alphafold.ebi.ac.uk/entry/Q86XP0
PLA2G4D	missense_variant		999909538	Q86XP0	rs999909538	A388T	0.355		Q86XP0	Cytosolic phospholipase A2 delta	Homo sapiens	Encontrado	https://alphafold.ebi.ac.uk/entry/Q86XP0
PLA2G4D	missense_variant		999909538	Q86XP0	rs999909538	A388T	0.11		Q86XP0	Cytosolic phospholipase A2 delta	Homo sapiens	Encontrado	https://alphafold.ebi.ac.uk/entry/Q86XP0
