Gene	Consequencia	Significancia_Clinica	rs_key	UniProt_ID	rsID_dbSNP	Proteina_Mudanca	AlphaMissense_Score	AlphaMissense_Classificacao	ID_UniProt	Nome_Proteina	Organismo	Status	Link_AlphaFold
KIR3DL1	missense_variant		1010354695	P43629	rs1010354695	P281L	0.085		P43629	Killer cell immunoglobulin-like receptor 3DL1	Homo sapiens	Encontrado	https://alphafold.ebi.ac.uk/entry/P43629
KIR3DL1	missense_variant		1010354695	P43629	rs1010354695	P281L	0.1		P43629	Killer cell immunoglobulin-like receptor 3DL1	Homo sapiens	Encontrado	https://alphafold.ebi.ac.uk/entry/P43629
KIR3DL1	missense_variant		1010354695	P43629	rs1010354695	P281L	0.058		P43629	Killer cell immunoglobulin-like receptor 3DL1	Homo sapiens	Encontrado	https://alphafold.ebi.ac.uk/entry/P43629
KIR3DL1	missense_variant		1010354695	P43629	rs1010354695	P281L	0.21		P43629	Killer cell immunoglobulin-like receptor 3DL1	Homo sapiens	Encontrado	https://alphafold.ebi.ac.uk/entry/P43629
KIR3DL1	missense_variant	uncertain significance	1026966877	P43629	rs1026966877	G191E	1.0		P43629	Killer cell immunoglobulin-like receptor 3DL1	Homo sapiens	Encontrado	https://alphafold.ebi.ac.uk/entry/P43629
KIR3DL1	missense_variant	uncertain significance	1026966877	P43629	rs1026966877	G191E	0.02		P43629	Killer cell immunoglobulin-like receptor 3DL1	Homo sapiens	Encontrado	https://alphafold.ebi.ac.uk/entry/P43629
KIR3DL1	missense_variant		1049150	P43629	rs1049150	I75L	0.029		P43629	Killer cell immunoglobulin-like receptor 3DL1	Homo sapiens	Encontrado	https://alphafold.ebi.ac.uk/entry/P43629
KIR3DL1	missense_variant		1049150	P43629	rs1049150	I75L	0.33		P43629	Killer cell immunoglobulin-like receptor 3DL1	Homo sapiens	Encontrado	https://alphafold.ebi.ac.uk/entry/P43629
KIR3DL1	missense_variant		1049209						P43629	Killer cell immunoglobulin-like receptor 3DL1	Homo sapiens	Encontrado	https://alphafold.ebi.ac.uk/entry/P43629
KIR3DL1	missense_variant		1049215	P43629	rs1049215	G259R	0.444		P43629	Killer cell immunoglobulin-like receptor 3DL1	Homo sapiens	Encontrado	https://alphafold.ebi.ac.uk/entry/P43629
KIR3DL1	missense_variant		1049215	P43629	rs1049215	G259R	0.02		P43629	Killer cell immunoglobulin-like receptor 3DL1	Homo sapiens	Encontrado	https://alphafold.ebi.ac.uk/entry/P43629
KIR3DL1	missense_variant		1065331						P43629	Killer cell immunoglobulin-like receptor 3DL1	Homo sapiens	Encontrado	https://alphafold.ebi.ac.uk/entry/P43629
KIR3DL1	missense_variant		112366565						P43629	Killer cell immunoglobulin-like receptor 3DL1	Homo sapiens	Encontrado	https://alphafold.ebi.ac.uk/entry/P43629
KIR3DL1	missense_variant		112686751						P43629	Killer cell immunoglobulin-like receptor 3DL1	Homo sapiens	Encontrado	https://alphafold.ebi.ac.uk/entry/P43629
KIR3DL1	missense_variant		1130462						P43629	Killer cell immunoglobulin-like receptor 3DL1	Homo sapiens	Encontrado	https://alphafold.ebi.ac.uk/entry/P43629
KIR3DL1	missense_variant		1130466						P43629	Killer cell immunoglobulin-like receptor 3DL1	Homo sapiens	Encontrado	https://alphafold.ebi.ac.uk/entry/P43629
KIR3DL1	missense_variant		1130468	P43629	rs1130468	L362R	0.0		P43629	Killer cell immunoglobulin-like receptor 3DL1	Homo sapiens	Encontrado	https://alphafold.ebi.ac.uk/entry/P43629
KIR3DL1	missense_variant		1130468	P43629	rs1130468	L362R	1.0		P43629	Killer cell immunoglobulin-like receptor 3DL1	Homo sapiens	Encontrado	https://alphafold.ebi.ac.uk/entry/P43629
KIR3DL1	missense_variant		1130473						P43629	Killer cell immunoglobulin-like receptor 3DL1	Homo sapiens	Encontrado	https://alphafold.ebi.ac.uk/entry/P43629
KIR3DL1	missense_variant		1130515						P43629	Killer cell immunoglobulin-like receptor 3DL1	Homo sapiens	Encontrado	https://alphafold.ebi.ac.uk/entry/P43629
KIR3DL1	missense_variant		1142881	P43629	rs1142881	L13F	0.0		P43629	Killer cell immunoglobulin-like receptor 3DL1	Homo sapiens	Encontrado	https://alphafold.ebi.ac.uk/entry/P43629
KIR3DL1	missense_variant		1142881	P43629	rs1142881	L13F	1.0		P43629	Killer cell immunoglobulin-like receptor 3DL1	Homo sapiens	Encontrado	https://alphafold.ebi.ac.uk/entry/P43629
KIR3DL1	missense_variant		1142882	P43629	rs1142882	M23V	0.001		P43629	Killer cell immunoglobulin-like receptor 3DL1	Homo sapiens	Encontrado	https://alphafold.ebi.ac.uk/entry/P43629
KIR3DL1	missense_variant		1142882	P43629	rs1142882	M23V	1.0		P43629	Killer cell immunoglobulin-like receptor 3DL1	Homo sapiens	Encontrado	https://alphafold.ebi.ac.uk/entry/P43629
KIR3DL1	missense_variant		114603568						P43629	Killer cell immunoglobulin-like receptor 3DL1	Homo sapiens	Encontrado	https://alphafold.ebi.ac.uk/entry/P43629
KIR3DL1	missense_variant		1156478867						P43629	Killer cell immunoglobulin-like receptor 3DL1	Homo sapiens	Encontrado	https://alphafold.ebi.ac.uk/entry/P43629
KIR3DL1	missense_variant		1158602139						P43629	Killer cell immunoglobulin-like receptor 3DL1	Homo sapiens	Encontrado	https://alphafold.ebi.ac.uk/entry/P43629
KIR3DL1	missense_variant		1160217690						P43629	Killer cell immunoglobulin-like receptor 3DL1	Homo sapiens	Encontrado	https://alphafold.ebi.ac.uk/entry/P43629
KIR3DL1	missense_variant		1163251802						P43629	Killer cell immunoglobulin-like receptor 3DL1	Homo sapiens	Encontrado	https://alphafold.ebi.ac.uk/entry/P43629
KIR3DL1	missense_variant		1164442826						P43629	Killer cell immunoglobulin-like receptor 3DL1	Homo sapiens	Encontrado	https://alphafold.ebi.ac.uk/entry/P43629
KIR3DL1	missense_variant		1164650744						P43629	Killer cell immunoglobulin-like receptor 3DL1	Homo sapiens	Encontrado	https://alphafold.ebi.ac.uk/entry/P43629
KIR3DL1	missense_variant		1165510561						P43629	Killer cell immunoglobulin-like receptor 3DL1	Homo sapiens	Encontrado	https://alphafold.ebi.ac.uk/entry/P43629
KIR3DL1	missense_variant		1166609572						P43629	Killer cell immunoglobulin-like receptor 3DL1	Homo sapiens	Encontrado	https://alphafold.ebi.ac.uk/entry/P43629
KIR3DL1	missense_variant		1166724257						P43629	Killer cell immunoglobulin-like receptor 3DL1	Homo sapiens	Encontrado	https://alphafold.ebi.ac.uk/entry/P43629
KIR3DL1	missense_variant		1167332254						P43629	Killer cell immunoglobulin-like receptor 3DL1	Homo sapiens	Encontrado	https://alphafold.ebi.ac.uk/entry/P43629
KIR3DL1	missense_variant		1174070010						P43629	Killer cell immunoglobulin-like receptor 3DL1	Homo sapiens	Encontrado	https://alphafold.ebi.ac.uk/entry/P43629
KIR3DL1	missense_variant		1182774591						P43629	Killer cell immunoglobulin-like receptor 3DL1	Homo sapiens	Encontrado	https://alphafold.ebi.ac.uk/entry/P43629
KIR3DL1	missense_variant		1183781762						P43629	Killer cell immunoglobulin-like receptor 3DL1	Homo sapiens	Encontrado	https://alphafold.ebi.ac.uk/entry/P43629
KIR3DL1	missense_variant		1187648565						P43629	Killer cell immunoglobulin-like receptor 3DL1	Homo sapiens	Encontrado	https://alphafold.ebi.ac.uk/entry/P43629
KIR3DL1	missense_variant		1189430066						P43629	Killer cell immunoglobulin-like receptor 3DL1	Homo sapiens	Encontrado	https://alphafold.ebi.ac.uk/entry/P43629
KIR3DL1	missense_variant		1191485849	P43629	rs1191485849	C10Y	0.078		P43629	Killer cell immunoglobulin-like receptor 3DL1	Homo sapiens	Encontrado	https://alphafold.ebi.ac.uk/entry/P43629
KIR3DL1	missense_variant		1191485849	P43629	rs1191485849	C10Y	0.0		P43629	Killer cell immunoglobulin-like receptor 3DL1	Homo sapiens	Encontrado	https://alphafold.ebi.ac.uk/entry/P43629
KIR3DL1	missense_variant		1191485849	P43629	rs1191485849	C10Y	0.081		P43629	Killer cell immunoglobulin-like receptor 3DL1	Homo sapiens	Encontrado	https://alphafold.ebi.ac.uk/entry/P43629
KIR3DL1	missense_variant		1191485849	P43629	rs1191485849	C10Y	0.01		P43629	Killer cell immunoglobulin-like receptor 3DL1	Homo sapiens	Encontrado	https://alphafold.ebi.ac.uk/entry/P43629
KIR3DL1	missense_variant		1194175133						P43629	Killer cell immunoglobulin-like receptor 3DL1	Homo sapiens	Encontrado	https://alphafold.ebi.ac.uk/entry/P43629
KIR3DL1	missense_variant		1201259132						P43629	Killer cell immunoglobulin-like receptor 3DL1	Homo sapiens	Encontrado	https://alphafold.ebi.ac.uk/entry/P43629
KIR3DL1	missense_variant		1206529639						P43629	Killer cell immunoglobulin-like receptor 3DL1	Homo sapiens	Encontrado	https://alphafold.ebi.ac.uk/entry/P43629
KIR3DL1	missense_variant		1206870157						P43629	Killer cell immunoglobulin-like receptor 3DL1	Homo sapiens	Encontrado	https://alphafold.ebi.ac.uk/entry/P43629
KIR3DL1	missense_variant		1208351938						P43629	Killer cell immunoglobulin-like receptor 3DL1	Homo sapiens	Encontrado	https://alphafold.ebi.ac.uk/entry/P43629
KIR3DL1	missense_variant		1209079555	P43629	rs1209079555	Q408K	0.17		P43629	Killer cell immunoglobulin-like receptor 3DL1	Homo sapiens	Encontrado	https://alphafold.ebi.ac.uk/entry/P43629
KIR3DL1	missense_variant		1209079555	P43629	rs1209079555	Q408K	0.16		P43629	Killer cell immunoglobulin-like receptor 3DL1	Homo sapiens	Encontrado	https://alphafold.ebi.ac.uk/entry/P43629
KIR3DL1	missense_variant		1209079555	P43629	rs1209079555	Q408K	0.177		P43629	Killer cell immunoglobulin-like receptor 3DL1	Homo sapiens	Encontrado	https://alphafold.ebi.ac.uk/entry/P43629
KIR3DL1	missense_variant		1209079555	P43629	rs1209079555	Q408K	0.08		P43629	Killer cell immunoglobulin-like receptor 3DL1	Homo sapiens	Encontrado	https://alphafold.ebi.ac.uk/entry/P43629
KIR3DL1	missense_variant		1209704705						P43629	Killer cell immunoglobulin-like receptor 3DL1	Homo sapiens	Encontrado	https://alphafold.ebi.ac.uk/entry/P43629
KIR3DL1	missense_variant		1212123847						P43629	Killer cell immunoglobulin-like receptor 3DL1	Homo sapiens	Encontrado	https://alphafold.ebi.ac.uk/entry/P43629
KIR3DL1	missense_variant		1214975243						P43629	Killer cell immunoglobulin-like receptor 3DL1	Homo sapiens	Encontrado	https://alphafold.ebi.ac.uk/entry/P43629
KIR3DL1	missense_variant		1216601676						P43629	Killer cell immunoglobulin-like receptor 3DL1	Homo sapiens	Encontrado	https://alphafold.ebi.ac.uk/entry/P43629
KIR3DL1	missense_variant		1217979834						P43629	Killer cell immunoglobulin-like receptor 3DL1	Homo sapiens	Encontrado	https://alphafold.ebi.ac.uk/entry/P43629
KIR3DL1	missense_variant		1219470731						P43629	Killer cell immunoglobulin-like receptor 3DL1	Homo sapiens	Encontrado	https://alphafold.ebi.ac.uk/entry/P43629
KIR3DL1	missense_variant		1226814775						P43629	Killer cell immunoglobulin-like receptor 3DL1	Homo sapiens	Encontrado	https://alphafold.ebi.ac.uk/entry/P43629
KIR3DL1	missense_variant		1227190689						P43629	Killer cell immunoglobulin-like receptor 3DL1	Homo sapiens	Encontrado	https://alphafold.ebi.ac.uk/entry/P43629
KIR3DL1	missense_variant		1229896989						P43629	Killer cell immunoglobulin-like receptor 3DL1	Homo sapiens	Encontrado	https://alphafold.ebi.ac.uk/entry/P43629
KIR3DL1	missense_variant		1235259118						P43629	Killer cell immunoglobulin-like receptor 3DL1	Homo sapiens	Encontrado	https://alphafold.ebi.ac.uk/entry/P43629
KIR3DL1	missense_variant		1235353592	P43629	rs1235353592	H287N	0.556		P43629	Killer cell immunoglobulin-like receptor 3DL1	Homo sapiens	Encontrado	https://alphafold.ebi.ac.uk/entry/P43629
KIR3DL1	missense_variant		1235353592	P43629	rs1235353592	H287N	0.02		P43629	Killer cell immunoglobulin-like receptor 3DL1	Homo sapiens	Encontrado	https://alphafold.ebi.ac.uk/entry/P43629
KIR3DL1	missense_variant		1235353592	P43629	rs1235353592	H287N	0.924		P43629	Killer cell immunoglobulin-like receptor 3DL1	Homo sapiens	Encontrado	https://alphafold.ebi.ac.uk/entry/P43629
KIR3DL1	missense_variant		1235353592	P43629	rs1235353592	H287N	0.01		P43629	Killer cell immunoglobulin-like receptor 3DL1	Homo sapiens	Encontrado	https://alphafold.ebi.ac.uk/entry/P43629
KIR3DL1	missense_variant		1247848179						P43629	Killer cell immunoglobulin-like receptor 3DL1	Homo sapiens	Encontrado	https://alphafold.ebi.ac.uk/entry/P43629
KIR3DL1	missense_variant		1250079506						P43629	Killer cell immunoglobulin-like receptor 3DL1	Homo sapiens	Encontrado	https://alphafold.ebi.ac.uk/entry/P43629
KIR3DL1	missense_variant		1253345188						P43629	Killer cell immunoglobulin-like receptor 3DL1	Homo sapiens	Encontrado	https://alphafold.ebi.ac.uk/entry/P43629
KIR3DL1	missense_variant		1257537751						P43629	Killer cell immunoglobulin-like receptor 3DL1	Homo sapiens	Encontrado	https://alphafold.ebi.ac.uk/entry/P43629
KIR3DL1	missense_variant		1260147617						P43629	Killer cell immunoglobulin-like receptor 3DL1	Homo sapiens	Encontrado	https://alphafold.ebi.ac.uk/entry/P43629
KIR3DL1	missense_variant		1263318738						P43629	Killer cell immunoglobulin-like receptor 3DL1	Homo sapiens	Encontrado	https://alphafold.ebi.ac.uk/entry/P43629
KIR3DL1	missense_variant		1265943571						P43629	Killer cell immunoglobulin-like receptor 3DL1	Homo sapiens	Encontrado	https://alphafold.ebi.ac.uk/entry/P43629
KIR3DL1	missense_variant		1268128515						P43629	Killer cell immunoglobulin-like receptor 3DL1	Homo sapiens	Encontrado	https://alphafold.ebi.ac.uk/entry/P43629
KIR3DL1	missense_variant		1269772129						P43629	Killer cell immunoglobulin-like receptor 3DL1	Homo sapiens	Encontrado	https://alphafold.ebi.ac.uk/entry/P43629
KIR3DL1	missense_variant		1271494901						P43629	Killer cell immunoglobulin-like receptor 3DL1	Homo sapiens	Encontrado	https://alphafold.ebi.ac.uk/entry/P43629
KIR3DL1	missense_variant		1272096635						P43629	Killer cell immunoglobulin-like receptor 3DL1	Homo sapiens	Encontrado	https://alphafold.ebi.ac.uk/entry/P43629
KIR3DL1	missense_variant		1276887142						P43629	Killer cell immunoglobulin-like receptor 3DL1	Homo sapiens	Encontrado	https://alphafold.ebi.ac.uk/entry/P43629
KIR3DL1	missense_variant	uncertain significance	1278273163						P43629	Killer cell immunoglobulin-like receptor 3DL1	Homo sapiens	Encontrado	https://alphafold.ebi.ac.uk/entry/P43629
KIR3DL1	missense_variant		1284896347	P43629	rs1284896347	P421H	0.942		P43629	Killer cell immunoglobulin-like receptor 3DL1	Homo sapiens	Encontrado	https://alphafold.ebi.ac.uk/entry/P43629
KIR3DL1	missense_variant		1284896347	P43629	rs1284896347	P421H	0.23		P43629	Killer cell immunoglobulin-like receptor 3DL1	Homo sapiens	Encontrado	https://alphafold.ebi.ac.uk/entry/P43629
KIR3DL1	missense_variant		1284896347	P43629	rs1284896347	P421H	0.944		P43629	Killer cell immunoglobulin-like receptor 3DL1	Homo sapiens	Encontrado	https://alphafold.ebi.ac.uk/entry/P43629
KIR3DL1	missense_variant		1284896347	P43629	rs1284896347	P421H	0.11		P43629	Killer cell immunoglobulin-like receptor 3DL1	Homo sapiens	Encontrado	https://alphafold.ebi.ac.uk/entry/P43629
KIR3DL1	missense_variant		1287871978						P43629	Killer cell immunoglobulin-like receptor 3DL1	Homo sapiens	Encontrado	https://alphafold.ebi.ac.uk/entry/P43629
KIR3DL1	missense_variant		1288815594						P43629	Killer cell immunoglobulin-like receptor 3DL1	Homo sapiens	Encontrado	https://alphafold.ebi.ac.uk/entry/P43629
KIR3DL1	missense_variant		1298090391						P43629	Killer cell immunoglobulin-like receptor 3DL1	Homo sapiens	Encontrado	https://alphafold.ebi.ac.uk/entry/P43629
KIR3DL1	missense_variant		1301193260						P43629	Killer cell immunoglobulin-like receptor 3DL1	Homo sapiens	Encontrado	https://alphafold.ebi.ac.uk/entry/P43629
KIR3DL1	missense_variant		1304358426						P43629	Killer cell immunoglobulin-like receptor 3DL1	Homo sapiens	Encontrado	https://alphafold.ebi.ac.uk/entry/P43629
KIR3DL1	missense_variant		1304651125	P43629	rs1304651125	G317E	0.859		P43629	Killer cell immunoglobulin-like receptor 3DL1	Homo sapiens	Encontrado	https://alphafold.ebi.ac.uk/entry/P43629
KIR3DL1	missense_variant		1304651125	P43629	rs1304651125	G317E	0.19		P43629	Killer cell immunoglobulin-like receptor 3DL1	Homo sapiens	Encontrado	https://alphafold.ebi.ac.uk/entry/P43629
KIR3DL1	missense_variant		1304651125	P43629	rs1304651125	G317E	0.801		P43629	Killer cell immunoglobulin-like receptor 3DL1	Homo sapiens	Encontrado	https://alphafold.ebi.ac.uk/entry/P43629
KIR3DL1	missense_variant		1304651125	P43629	rs1304651125	G317E	0.07		P43629	Killer cell immunoglobulin-like receptor 3DL1	Homo sapiens	Encontrado	https://alphafold.ebi.ac.uk/entry/P43629
KIR3DL1	missense_variant		1307694362						P43629	Killer cell immunoglobulin-like receptor 3DL1	Homo sapiens	Encontrado	https://alphafold.ebi.ac.uk/entry/P43629
KIR3DL1	missense_variant		1309254261						P43629	Killer cell immunoglobulin-like receptor 3DL1	Homo sapiens	Encontrado	https://alphafold.ebi.ac.uk/entry/P43629
KIR3DL1	missense_variant		1313222690	P43629	rs1313222690	S442F	0.026		P43629	Killer cell immunoglobulin-like receptor 3DL1	Homo sapiens	Encontrado	https://alphafold.ebi.ac.uk/entry/P43629
KIR3DL1	missense_variant		1313222690	P43629	rs1313222690	S442F	0.29		P43629	Killer cell immunoglobulin-like receptor 3DL1	Homo sapiens	Encontrado	https://alphafold.ebi.ac.uk/entry/P43629
KIR3DL1	missense_variant		1313222690	P43629	rs1313222690	S442F	0.028		P43629	Killer cell immunoglobulin-like receptor 3DL1	Homo sapiens	Encontrado	https://alphafold.ebi.ac.uk/entry/P43629
KIR3DL1	missense_variant		1313222690	P43629	rs1313222690	S442F	0.26		P43629	Killer cell immunoglobulin-like receptor 3DL1	Homo sapiens	Encontrado	https://alphafold.ebi.ac.uk/entry/P43629
KIR3DL1	missense_variant		1314477165						P43629	Killer cell immunoglobulin-like receptor 3DL1	Homo sapiens	Encontrado	https://alphafold.ebi.ac.uk/entry/P43629
KIR3DL1	missense_variant		1318609872						P43629	Killer cell immunoglobulin-like receptor 3DL1	Homo sapiens	Encontrado	https://alphafold.ebi.ac.uk/entry/P43629
KIR3DL1	missense_variant		1319005093						P43629	Killer cell immunoglobulin-like receptor 3DL1	Homo sapiens	Encontrado	https://alphafold.ebi.ac.uk/entry/P43629
KIR3DL1	missense_variant		1319894381						P43629	Killer cell immunoglobulin-like receptor 3DL1	Homo sapiens	Encontrado	https://alphafold.ebi.ac.uk/entry/P43629
KIR3DL1	missense_variant		1322438853						P43629	Killer cell immunoglobulin-like receptor 3DL1	Homo sapiens	Encontrado	https://alphafold.ebi.ac.uk/entry/P43629
KIR3DL1	missense_variant		1322896676						P43629	Killer cell immunoglobulin-like receptor 3DL1	Homo sapiens	Encontrado	https://alphafold.ebi.ac.uk/entry/P43629
KIR3DL1	missense_variant		1323452004						P43629	Killer cell immunoglobulin-like receptor 3DL1	Homo sapiens	Encontrado	https://alphafold.ebi.ac.uk/entry/P43629
KIR3DL1	missense_variant		1326117600						P43629	Killer cell immunoglobulin-like receptor 3DL1	Homo sapiens	Encontrado	https://alphafold.ebi.ac.uk/entry/P43629
KIR3DL1	missense_variant		1327227830						P43629	Killer cell immunoglobulin-like receptor 3DL1	Homo sapiens	Encontrado	https://alphafold.ebi.ac.uk/entry/P43629
KIR3DL1	missense_variant		1327594982	P43629	rs1327594982	R257T	0.701		P43629	Killer cell immunoglobulin-like receptor 3DL1	Homo sapiens	Encontrado	https://alphafold.ebi.ac.uk/entry/P43629
KIR3DL1	missense_variant		1327594982	P43629	rs1327594982	R257T	0.01		P43629	Killer cell immunoglobulin-like receptor 3DL1	Homo sapiens	Encontrado	https://alphafold.ebi.ac.uk/entry/P43629
KIR3DL1	missense_variant		1327594982	P43629	rs1327594982	R257T	0.77		P43629	Killer cell immunoglobulin-like receptor 3DL1	Homo sapiens	Encontrado	https://alphafold.ebi.ac.uk/entry/P43629
KIR3DL1	missense_variant		1327594982	P43629	rs1327594982	R257T	0.0		P43629	Killer cell immunoglobulin-like receptor 3DL1	Homo sapiens	Encontrado	https://alphafold.ebi.ac.uk/entry/P43629
KIR3DL1	missense_variant		1329239906						P43629	Killer cell immunoglobulin-like receptor 3DL1	Homo sapiens	Encontrado	https://alphafold.ebi.ac.uk/entry/P43629
KIR3DL1	missense_variant		1329391956						P43629	Killer cell immunoglobulin-like receptor 3DL1	Homo sapiens	Encontrado	https://alphafold.ebi.ac.uk/entry/P43629
KIR3DL1	missense_variant		1331400604						P43629	Killer cell immunoglobulin-like receptor 3DL1	Homo sapiens	Encontrado	https://alphafold.ebi.ac.uk/entry/P43629
KIR3DL1	missense_variant		1332461280						P43629	Killer cell immunoglobulin-like receptor 3DL1	Homo sapiens	Encontrado	https://alphafold.ebi.ac.uk/entry/P43629
KIR3DL1	missense_variant		1333067100						P43629	Killer cell immunoglobulin-like receptor 3DL1	Homo sapiens	Encontrado	https://alphafold.ebi.ac.uk/entry/P43629
KIR3DL1	missense_variant		1333239544	P43629	rs1333239544	D27N	0.051		P43629	Killer cell immunoglobulin-like receptor 3DL1	Homo sapiens	Encontrado	https://alphafold.ebi.ac.uk/entry/P43629
KIR3DL1	missense_variant		1333239544	P43629	rs1333239544	D27N	0.07		P43629	Killer cell immunoglobulin-like receptor 3DL1	Homo sapiens	Encontrado	https://alphafold.ebi.ac.uk/entry/P43629
KIR3DL1	missense_variant		1333239544	P43629	rs1333239544	D27N	0.053		P43629	Killer cell immunoglobulin-like receptor 3DL1	Homo sapiens	Encontrado	https://alphafold.ebi.ac.uk/entry/P43629
KIR3DL1	missense_variant		1333239544	P43629	rs1333239544	D27N	0.1		P43629	Killer cell immunoglobulin-like receptor 3DL1	Homo sapiens	Encontrado	https://alphafold.ebi.ac.uk/entry/P43629
KIR3DL1	missense_variant		1335065961						P43629	Killer cell immunoglobulin-like receptor 3DL1	Homo sapiens	Encontrado	https://alphafold.ebi.ac.uk/entry/P43629
KIR3DL1	missense_variant	uncertain significance	1336326965						P43629	Killer cell immunoglobulin-like receptor 3DL1	Homo sapiens	Encontrado	https://alphafold.ebi.ac.uk/entry/P43629
KIR3DL1	missense_variant		1338286004						P43629	Killer cell immunoglobulin-like receptor 3DL1	Homo sapiens	Encontrado	https://alphafold.ebi.ac.uk/entry/P43629
KIR3DL1	missense_variant		1341659004						P43629	Killer cell immunoglobulin-like receptor 3DL1	Homo sapiens	Encontrado	https://alphafold.ebi.ac.uk/entry/P43629
KIR3DL1	missense_variant		1341830023						P43629	Killer cell immunoglobulin-like receptor 3DL1	Homo sapiens	Encontrado	https://alphafold.ebi.ac.uk/entry/P43629
KIR3DL1	missense_variant		1341855325						P43629	Killer cell immunoglobulin-like receptor 3DL1	Homo sapiens	Encontrado	https://alphafold.ebi.ac.uk/entry/P43629
KIR3DL1	missense_variant		1342495443						P43629	Killer cell immunoglobulin-like receptor 3DL1	Homo sapiens	Encontrado	https://alphafold.ebi.ac.uk/entry/P43629
KIR3DL1	missense_variant		1343492596						P43629	Killer cell immunoglobulin-like receptor 3DL1	Homo sapiens	Encontrado	https://alphafold.ebi.ac.uk/entry/P43629
KIR3DL1	missense_variant		1345918051	P43629	rs1345918051	P307L	0.181		P43629	Killer cell immunoglobulin-like receptor 3DL1	Homo sapiens	Encontrado	https://alphafold.ebi.ac.uk/entry/P43629
KIR3DL1	missense_variant		1345918051	P43629	rs1345918051	P307L	0.04		P43629	Killer cell immunoglobulin-like receptor 3DL1	Homo sapiens	Encontrado	https://alphafold.ebi.ac.uk/entry/P43629
KIR3DL1	missense_variant		1345918051	P43629	rs1345918051	P307L	0.22		P43629	Killer cell immunoglobulin-like receptor 3DL1	Homo sapiens	Encontrado	https://alphafold.ebi.ac.uk/entry/P43629
KIR3DL1	missense_variant		1345918051	P43629	rs1345918051	P307L	0.02		P43629	Killer cell immunoglobulin-like receptor 3DL1	Homo sapiens	Encontrado	https://alphafold.ebi.ac.uk/entry/P43629
KIR3DL1	missense_variant		1348948231						P43629	Killer cell immunoglobulin-like receptor 3DL1	Homo sapiens	Encontrado	https://alphafold.ebi.ac.uk/entry/P43629
KIR3DL1	missense_variant		1350502368	P43629	rs1350502368	A371S	0.015		P43629	Killer cell immunoglobulin-like receptor 3DL1	Homo sapiens	Encontrado	https://alphafold.ebi.ac.uk/entry/P43629
KIR3DL1	missense_variant		1350502368	P43629	rs1350502368	A371S	0.12		P43629	Killer cell immunoglobulin-like receptor 3DL1	Homo sapiens	Encontrado	https://alphafold.ebi.ac.uk/entry/P43629
KIR3DL1	missense_variant		1350502368	P43629	rs1350502368	A371S	0.015		P43629	Killer cell immunoglobulin-like receptor 3DL1	Homo sapiens	Encontrado	https://alphafold.ebi.ac.uk/entry/P43629
KIR3DL1	missense_variant		1350502368	P43629	rs1350502368	A371S	0.11		P43629	Killer cell immunoglobulin-like receptor 3DL1	Homo sapiens	Encontrado	https://alphafold.ebi.ac.uk/entry/P43629
KIR3DL1	missense_variant		1351765935						P43629	Killer cell immunoglobulin-like receptor 3DL1	Homo sapiens	Encontrado	https://alphafold.ebi.ac.uk/entry/P43629
KIR3DL1	missense_variant		1355495343						P43629	Killer cell immunoglobulin-like receptor 3DL1	Homo sapiens	Encontrado	https://alphafold.ebi.ac.uk/entry/P43629
KIR3DL1	missense_variant		1355583683						P43629	Killer cell immunoglobulin-like receptor 3DL1	Homo sapiens	Encontrado	https://alphafold.ebi.ac.uk/entry/P43629
KIR3DL1	missense_variant		1356168339						P43629	Killer cell immunoglobulin-like receptor 3DL1	Homo sapiens	Encontrado	https://alphafold.ebi.ac.uk/entry/P43629
KIR3DL1	missense_variant		1356189990						P43629	Killer cell immunoglobulin-like receptor 3DL1	Homo sapiens	Encontrado	https://alphafold.ebi.ac.uk/entry/P43629
KIR3DL1	missense_variant		1357591195						P43629	Killer cell immunoglobulin-like receptor 3DL1	Homo sapiens	Encontrado	https://alphafold.ebi.ac.uk/entry/P43629
KIR3DL1	missense_variant		1359515129						P43629	Killer cell immunoglobulin-like receptor 3DL1	Homo sapiens	Encontrado	https://alphafold.ebi.ac.uk/entry/P43629
KIR3DL1	missense_variant		1359830395						P43629	Killer cell immunoglobulin-like receptor 3DL1	Homo sapiens	Encontrado	https://alphafold.ebi.ac.uk/entry/P43629
KIR3DL1	missense_variant		1363612133						P43629	Killer cell immunoglobulin-like receptor 3DL1	Homo sapiens	Encontrado	https://alphafold.ebi.ac.uk/entry/P43629
KIR3DL1	missense_variant		1364859707						P43629	Killer cell immunoglobulin-like receptor 3DL1	Homo sapiens	Encontrado	https://alphafold.ebi.ac.uk/entry/P43629
KIR3DL1	missense_variant		1366064522						P43629	Killer cell immunoglobulin-like receptor 3DL1	Homo sapiens	Encontrado	https://alphafold.ebi.ac.uk/entry/P43629
KIR3DL1	missense_variant		1370500429	P43629	rs1370500429	L213M	0.934		P43629	Killer cell immunoglobulin-like receptor 3DL1	Homo sapiens	Encontrado	https://alphafold.ebi.ac.uk/entry/P43629
KIR3DL1	missense_variant		1370500429	P43629	rs1370500429	L213M	0.04		P43629	Killer cell immunoglobulin-like receptor 3DL1	Homo sapiens	Encontrado	https://alphafold.ebi.ac.uk/entry/P43629
KIR3DL1	missense_variant		1370500429	P43629	rs1370500429	L213M	0.998		P43629	Killer cell immunoglobulin-like receptor 3DL1	Homo sapiens	Encontrado	https://alphafold.ebi.ac.uk/entry/P43629
KIR3DL1	missense_variant		1370500429	P43629	rs1370500429	L213M	0.03		P43629	Killer cell immunoglobulin-like receptor 3DL1	Homo sapiens	Encontrado	https://alphafold.ebi.ac.uk/entry/P43629
KIR3DL1	missense_variant		1375393240						P43629	Killer cell immunoglobulin-like receptor 3DL1	Homo sapiens	Encontrado	https://alphafold.ebi.ac.uk/entry/P43629
KIR3DL1	missense_variant		1379917357						P43629	Killer cell immunoglobulin-like receptor 3DL1	Homo sapiens	Encontrado	https://alphafold.ebi.ac.uk/entry/P43629
KIR3DL1	missense_variant		1381893031						P43629	Killer cell immunoglobulin-like receptor 3DL1	Homo sapiens	Encontrado	https://alphafold.ebi.ac.uk/entry/P43629
KIR3DL1	missense_variant		1382997823						P43629	Killer cell immunoglobulin-like receptor 3DL1	Homo sapiens	Encontrado	https://alphafold.ebi.ac.uk/entry/P43629
KIR3DL1	missense_variant		1383933209						P43629	Killer cell immunoglobulin-like receptor 3DL1	Homo sapiens	Encontrado	https://alphafold.ebi.ac.uk/entry/P43629
KIR3DL1	missense_variant		1384371771						P43629	Killer cell immunoglobulin-like receptor 3DL1	Homo sapiens	Encontrado	https://alphafold.ebi.ac.uk/entry/P43629
KIR3DL1	missense_variant		1385933851						P43629	Killer cell immunoglobulin-like receptor 3DL1	Homo sapiens	Encontrado	https://alphafold.ebi.ac.uk/entry/P43629
KIR3DL1	missense_variant		1386915612						P43629	Killer cell immunoglobulin-like receptor 3DL1	Homo sapiens	Encontrado	https://alphafold.ebi.ac.uk/entry/P43629
KIR3DL1	missense_variant		1386977581	P43629	rs1386977581	P422L	0.007		P43629	Killer cell immunoglobulin-like receptor 3DL1	Homo sapiens	Encontrado	https://alphafold.ebi.ac.uk/entry/P43629
KIR3DL1	missense_variant		1386977581	P43629	rs1386977581	P422L	0.28		P43629	Killer cell immunoglobulin-like receptor 3DL1	Homo sapiens	Encontrado	https://alphafold.ebi.ac.uk/entry/P43629
KIR3DL1	missense_variant		1386977581	P43629	rs1386977581	P422L	0.007		P43629	Killer cell immunoglobulin-like receptor 3DL1	Homo sapiens	Encontrado	https://alphafold.ebi.ac.uk/entry/P43629
KIR3DL1	missense_variant		1386977581	P43629	rs1386977581	P422L	0.22		P43629	Killer cell immunoglobulin-like receptor 3DL1	Homo sapiens	Encontrado	https://alphafold.ebi.ac.uk/entry/P43629
KIR3DL1	missense_variant		1387395840						P43629	Killer cell immunoglobulin-like receptor 3DL1	Homo sapiens	Encontrado	https://alphafold.ebi.ac.uk/entry/P43629
KIR3DL1	missense_variant		1387705349						P43629	Killer cell immunoglobulin-like receptor 3DL1	Homo sapiens	Encontrado	https://alphafold.ebi.ac.uk/entry/P43629
KIR3DL1	missense_variant		1389595754						P43629	Killer cell immunoglobulin-like receptor 3DL1	Homo sapiens	Encontrado	https://alphafold.ebi.ac.uk/entry/P43629
KIR3DL1	missense_variant		1391523675						P43629	Killer cell immunoglobulin-like receptor 3DL1	Homo sapiens	Encontrado	https://alphafold.ebi.ac.uk/entry/P43629
KIR3DL1	missense_variant		1394459257						P43629	Killer cell immunoglobulin-like receptor 3DL1	Homo sapiens	Encontrado	https://alphafold.ebi.ac.uk/entry/P43629
KIR3DL1	missense_variant		1395812785						P43629	Killer cell immunoglobulin-like receptor 3DL1	Homo sapiens	Encontrado	https://alphafold.ebi.ac.uk/entry/P43629
KIR3DL1	missense_variant		1396537950	P43629	rs1396537950	Q205L	0.0		P43629	Killer cell immunoglobulin-like receptor 3DL1	Homo sapiens	Encontrado	https://alphafold.ebi.ac.uk/entry/P43629
KIR3DL1	missense_variant		1396537950	P43629	rs1396537950	Q205L	0.07		P43629	Killer cell immunoglobulin-like receptor 3DL1	Homo sapiens	Encontrado	https://alphafold.ebi.ac.uk/entry/P43629
KIR3DL1	missense_variant		1396537950	P43629	rs1396537950	Q205L	0.0		P43629	Killer cell immunoglobulin-like receptor 3DL1	Homo sapiens	Encontrado	https://alphafold.ebi.ac.uk/entry/P43629
KIR3DL1	missense_variant		1396537950	P43629	rs1396537950	Q205L	0.03		P43629	Killer cell immunoglobulin-like receptor 3DL1	Homo sapiens	Encontrado	https://alphafold.ebi.ac.uk/entry/P43629
KIR3DL1	missense_variant		1400141819						P43629	Killer cell immunoglobulin-like receptor 3DL1	Homo sapiens	Encontrado	https://alphafold.ebi.ac.uk/entry/P43629
KIR3DL1	missense_variant		1400562316						P43629	Killer cell immunoglobulin-like receptor 3DL1	Homo sapiens	Encontrado	https://alphafold.ebi.ac.uk/entry/P43629
KIR3DL1	missense_variant		1401242897						P43629	Killer cell immunoglobulin-like receptor 3DL1	Homo sapiens	Encontrado	https://alphafold.ebi.ac.uk/entry/P43629
KIR3DL1	missense_variant		1402897436						P43629	Killer cell immunoglobulin-like receptor 3DL1	Homo sapiens	Encontrado	https://alphafold.ebi.ac.uk/entry/P43629
KIR3DL1	missense_variant		1403045485						P43629	Killer cell immunoglobulin-like receptor 3DL1	Homo sapiens	Encontrado	https://alphafold.ebi.ac.uk/entry/P43629
KIR3DL1	missense_variant		1405748120						P43629	Killer cell immunoglobulin-like receptor 3DL1	Homo sapiens	Encontrado	https://alphafold.ebi.ac.uk/entry/P43629
KIR3DL1	missense_variant		1408848112						P43629	Killer cell immunoglobulin-like receptor 3DL1	Homo sapiens	Encontrado	https://alphafold.ebi.ac.uk/entry/P43629
KIR3DL1	missense_variant		1410910615						P43629	Killer cell immunoglobulin-like receptor 3DL1	Homo sapiens	Encontrado	https://alphafold.ebi.ac.uk/entry/P43629
KIR3DL1	missense_variant		1418339927	P43629	rs1418339927	S7N	0.942		P43629	Killer cell immunoglobulin-like receptor 3DL1	Homo sapiens	Encontrado	https://alphafold.ebi.ac.uk/entry/P43629
KIR3DL1	missense_variant		1418339927	P43629	rs1418339927	S7N	0.0		P43629	Killer cell immunoglobulin-like receptor 3DL1	Homo sapiens	Encontrado	https://alphafold.ebi.ac.uk/entry/P43629
KIR3DL1	missense_variant		1418339927	P43629	rs1418339927	S7N	0.945		P43629	Killer cell immunoglobulin-like receptor 3DL1	Homo sapiens	Encontrado	https://alphafold.ebi.ac.uk/entry/P43629
KIR3DL1	missense_variant		1418339927	P43629	rs1418339927	S7N	0.07		P43629	Killer cell immunoglobulin-like receptor 3DL1	Homo sapiens	Encontrado	https://alphafold.ebi.ac.uk/entry/P43629
KIR3DL1	missense_variant		1419823828	P43629	rs1419823828	M23I	0.013		P43629	Killer cell immunoglobulin-like receptor 3DL1	Homo sapiens	Encontrado	https://alphafold.ebi.ac.uk/entry/P43629
KIR3DL1	missense_variant		1419823828	P43629	rs1419823828	M23I	0.13		P43629	Killer cell immunoglobulin-like receptor 3DL1	Homo sapiens	Encontrado	https://alphafold.ebi.ac.uk/entry/P43629
KIR3DL1	missense_variant		1419823828	P43629	rs1419823828	M23I	0.014		P43629	Killer cell immunoglobulin-like receptor 3DL1	Homo sapiens	Encontrado	https://alphafold.ebi.ac.uk/entry/P43629
KIR3DL1	missense_variant		1419823828	P43629	rs1419823828	M23I	0.11		P43629	Killer cell immunoglobulin-like receptor 3DL1	Homo sapiens	Encontrado	https://alphafold.ebi.ac.uk/entry/P43629
KIR3DL1	missense_variant		1425485085						P43629	Killer cell immunoglobulin-like receptor 3DL1	Homo sapiens	Encontrado	https://alphafold.ebi.ac.uk/entry/P43629
KIR3DL1	missense_variant	uncertain significance	1428812578	P43629	rs1428812578	G183S	0.861		P43629	Killer cell immunoglobulin-like receptor 3DL1	Homo sapiens	Encontrado	https://alphafold.ebi.ac.uk/entry/P43629
KIR3DL1	missense_variant	uncertain significance	1428812578	P43629	rs1428812578	G183S	0.06		P43629	Killer cell immunoglobulin-like receptor 3DL1	Homo sapiens	Encontrado	https://alphafold.ebi.ac.uk/entry/P43629
KIR3DL1	missense_variant	uncertain significance	1428812578	P43629	rs1428812578	G183S	0.782		P43629	Killer cell immunoglobulin-like receptor 3DL1	Homo sapiens	Encontrado	https://alphafold.ebi.ac.uk/entry/P43629
KIR3DL1	missense_variant	uncertain significance	1428812578	P43629	rs1428812578	G183S	0.08		P43629	Killer cell immunoglobulin-like receptor 3DL1	Homo sapiens	Encontrado	https://alphafold.ebi.ac.uk/entry/P43629
KIR3DL1	missense_variant		143159382						P43629	Killer cell immunoglobulin-like receptor 3DL1	Homo sapiens	Encontrado	https://alphafold.ebi.ac.uk/entry/P43629
KIR3DL1	missense_variant	uncertain significance	1433740194	P43629	rs1433740194	N179S	0.253		P43629	Killer cell immunoglobulin-like receptor 3DL1	Homo sapiens	Encontrado	https://alphafold.ebi.ac.uk/entry/P43629
KIR3DL1	missense_variant	uncertain significance	1433740194	P43629	rs1433740194	N179S	0.1		P43629	Killer cell immunoglobulin-like receptor 3DL1	Homo sapiens	Encontrado	https://alphafold.ebi.ac.uk/entry/P43629
KIR3DL1	missense_variant		1435361878						P43629	Killer cell immunoglobulin-like receptor 3DL1	Homo sapiens	Encontrado	https://alphafold.ebi.ac.uk/entry/P43629
KIR3DL1	missense_variant		1436445455						P43629	Killer cell immunoglobulin-like receptor 3DL1	Homo sapiens	Encontrado	https://alphafold.ebi.ac.uk/entry/P43629
KIR3DL1	missense_variant		1438894561						P43629	Killer cell immunoglobulin-like receptor 3DL1	Homo sapiens	Encontrado	https://alphafold.ebi.ac.uk/entry/P43629
KIR3DL1	missense_variant		1439212073	P43629	rs1439212073	R194I	0.997		P43629	Killer cell immunoglobulin-like receptor 3DL1	Homo sapiens	Encontrado	https://alphafold.ebi.ac.uk/entry/P43629
KIR3DL1	missense_variant		1439212073	P43629	rs1439212073	R194I	0.0		P43629	Killer cell immunoglobulin-like receptor 3DL1	Homo sapiens	Encontrado	https://alphafold.ebi.ac.uk/entry/P43629
KIR3DL1	missense_variant		1439212073	P43629	rs1439212073	R194I	1.0		P43629	Killer cell immunoglobulin-like receptor 3DL1	Homo sapiens	Encontrado	https://alphafold.ebi.ac.uk/entry/P43629
KIR3DL1	missense_variant		1439212073	P43629	rs1439212073	R194I	0.0		P43629	Killer cell immunoglobulin-like receptor 3DL1	Homo sapiens	Encontrado	https://alphafold.ebi.ac.uk/entry/P43629
KIR3DL1	missense_variant		1442064905						P43629	Killer cell immunoglobulin-like receptor 3DL1	Homo sapiens	Encontrado	https://alphafold.ebi.ac.uk/entry/P43629
KIR3DL1	missense_variant		1443547058						P43629	Killer cell immunoglobulin-like receptor 3DL1	Homo sapiens	Encontrado	https://alphafold.ebi.ac.uk/entry/P43629
KIR3DL1	missense_variant		1444993697						P43629	Killer cell immunoglobulin-like receptor 3DL1	Homo sapiens	Encontrado	https://alphafold.ebi.ac.uk/entry/P43629
KIR3DL1	missense_variant		1445577988						P43629	Killer cell immunoglobulin-like receptor 3DL1	Homo sapiens	Encontrado	https://alphafold.ebi.ac.uk/entry/P43629
KIR3DL1	missense_variant		1446167807						P43629	Killer cell immunoglobulin-like receptor 3DL1	Homo sapiens	Encontrado	https://alphafold.ebi.ac.uk/entry/P43629
KIR3DL1	missense_variant		1446440678						P43629	Killer cell immunoglobulin-like receptor 3DL1	Homo sapiens	Encontrado	https://alphafold.ebi.ac.uk/entry/P43629
KIR3DL1	missense_variant	uncertain significance	1449718644	P43629	rs1449718644	S331F	0.003		P43629	Killer cell immunoglobulin-like receptor 3DL1	Homo sapiens	Encontrado	https://alphafold.ebi.ac.uk/entry/P43629
KIR3DL1	missense_variant	uncertain significance	1449718644	P43629	rs1449718644	S331F	0.17		P43629	Killer cell immunoglobulin-like receptor 3DL1	Homo sapiens	Encontrado	https://alphafold.ebi.ac.uk/entry/P43629
KIR3DL1	missense_variant		144994606						P43629	Killer cell immunoglobulin-like receptor 3DL1	Homo sapiens	Encontrado	https://alphafold.ebi.ac.uk/entry/P43629
KIR3DL1	missense_variant		1452407180	P43629	rs1452407180	A9V	0.079		P43629	Killer cell immunoglobulin-like receptor 3DL1	Homo sapiens	Encontrado	https://alphafold.ebi.ac.uk/entry/P43629
KIR3DL1	missense_variant		1452407180	P43629	rs1452407180	A9V	1.0		P43629	Killer cell immunoglobulin-like receptor 3DL1	Homo sapiens	Encontrado	https://alphafold.ebi.ac.uk/entry/P43629
KIR3DL1	missense_variant		1452407180	P43629	rs1452407180	A9V	0.077		P43629	Killer cell immunoglobulin-like receptor 3DL1	Homo sapiens	Encontrado	https://alphafold.ebi.ac.uk/entry/P43629
KIR3DL1	missense_variant		1452407180	P43629	rs1452407180	A9V	1.0		P43629	Killer cell immunoglobulin-like receptor 3DL1	Homo sapiens	Encontrado	https://alphafold.ebi.ac.uk/entry/P43629
KIR3DL1	missense_variant		145262243						P43629	Killer cell immunoglobulin-like receptor 3DL1	Homo sapiens	Encontrado	https://alphafold.ebi.ac.uk/entry/P43629
KIR3DL1	missense_variant		1453437086						P43629	Killer cell immunoglobulin-like receptor 3DL1	Homo sapiens	Encontrado	https://alphafold.ebi.ac.uk/entry/P43629
KIR3DL1	missense_variant		1455025697	P43629	rs1455025697	G231S	0.418		P43629	Killer cell immunoglobulin-like receptor 3DL1	Homo sapiens	Encontrado	https://alphafold.ebi.ac.uk/entry/P43629
KIR3DL1	missense_variant		1455025697	P43629	rs1455025697	G231S	0.1		P43629	Killer cell immunoglobulin-like receptor 3DL1	Homo sapiens	Encontrado	https://alphafold.ebi.ac.uk/entry/P43629
KIR3DL1	missense_variant		1455025697	P43629	rs1455025697	G231S	0.178		P43629	Killer cell immunoglobulin-like receptor 3DL1	Homo sapiens	Encontrado	https://alphafold.ebi.ac.uk/entry/P43629
KIR3DL1	missense_variant		1455025697	P43629	rs1455025697	G231S	0.05		P43629	Killer cell immunoglobulin-like receptor 3DL1	Homo sapiens	Encontrado	https://alphafold.ebi.ac.uk/entry/P43629
KIR3DL1	missense_variant		1455475081						P43629	Killer cell immunoglobulin-like receptor 3DL1	Homo sapiens	Encontrado	https://alphafold.ebi.ac.uk/entry/P43629
KIR3DL1	missense_variant		1456962122						P43629	Killer cell immunoglobulin-like receptor 3DL1	Homo sapiens	Encontrado	https://alphafold.ebi.ac.uk/entry/P43629
KIR3DL1	missense_variant		1457967479						P43629	Killer cell immunoglobulin-like receptor 3DL1	Homo sapiens	Encontrado	https://alphafold.ebi.ac.uk/entry/P43629
KIR3DL1	missense_variant		1460005083	P43629	rs1460005083	S79N	0.013		P43629	Killer cell immunoglobulin-like receptor 3DL1	Homo sapiens	Encontrado	https://alphafold.ebi.ac.uk/entry/P43629
KIR3DL1	missense_variant		1460005083	P43629	rs1460005083	S79N	0.62		P43629	Killer cell immunoglobulin-like receptor 3DL1	Homo sapiens	Encontrado	https://alphafold.ebi.ac.uk/entry/P43629
KIR3DL1	missense_variant		1460005083	P43629	rs1460005083	S79N	0.003		P43629	Killer cell immunoglobulin-like receptor 3DL1	Homo sapiens	Encontrado	https://alphafold.ebi.ac.uk/entry/P43629
KIR3DL1	missense_variant		1460005083	P43629	rs1460005083	S79N	0.57		P43629	Killer cell immunoglobulin-like receptor 3DL1	Homo sapiens	Encontrado	https://alphafold.ebi.ac.uk/entry/P43629
KIR3DL1	missense_variant		1460092185						P43629	Killer cell immunoglobulin-like receptor 3DL1	Homo sapiens	Encontrado	https://alphafold.ebi.ac.uk/entry/P43629
KIR3DL1	missense_variant		1460614103						P43629	Killer cell immunoglobulin-like receptor 3DL1	Homo sapiens	Encontrado	https://alphafold.ebi.ac.uk/entry/P43629
KIR3DL1	missense_variant		1460616438	P43629	rs1460616438	V405I	0.074		P43629	Killer cell immunoglobulin-like receptor 3DL1	Homo sapiens	Encontrado	https://alphafold.ebi.ac.uk/entry/P43629
KIR3DL1	missense_variant		1460616438	P43629	rs1460616438	V405I	0.63		P43629	Killer cell immunoglobulin-like receptor 3DL1	Homo sapiens	Encontrado	https://alphafold.ebi.ac.uk/entry/P43629
KIR3DL1	missense_variant		1460616438	P43629	rs1460616438	V405I	0.073		P43629	Killer cell immunoglobulin-like receptor 3DL1	Homo sapiens	Encontrado	https://alphafold.ebi.ac.uk/entry/P43629
KIR3DL1	missense_variant		1460616438	P43629	rs1460616438	V405I	0.71		P43629	Killer cell immunoglobulin-like receptor 3DL1	Homo sapiens	Encontrado	https://alphafold.ebi.ac.uk/entry/P43629
KIR3DL1	missense_variant		1462774915						P43629	Killer cell immunoglobulin-like receptor 3DL1	Homo sapiens	Encontrado	https://alphafold.ebi.ac.uk/entry/P43629
KIR3DL1	missense_variant		1463417250						P43629	Killer cell immunoglobulin-like receptor 3DL1	Homo sapiens	Encontrado	https://alphafold.ebi.ac.uk/entry/P43629
KIR3DL1	missense_variant	uncertain significance	1465998465						P43629	Killer cell immunoglobulin-like receptor 3DL1	Homo sapiens	Encontrado	https://alphafold.ebi.ac.uk/entry/P43629
KIR3DL1	missense_variant		1469203418						P43629	Killer cell immunoglobulin-like receptor 3DL1	Homo sapiens	Encontrado	https://alphafold.ebi.ac.uk/entry/P43629
KIR3DL1	missense_variant		1469244374						P43629	Killer cell immunoglobulin-like receptor 3DL1	Homo sapiens	Encontrado	https://alphafold.ebi.ac.uk/entry/P43629
KIR3DL1	missense_variant	uncertain significance	1471729756	P43629	rs1471729756	Q205H	0.019		P43629	Killer cell immunoglobulin-like receptor 3DL1	Homo sapiens	Encontrado	https://alphafold.ebi.ac.uk/entry/P43629
KIR3DL1	missense_variant	uncertain significance	1471729756	P43629	rs1471729756	Q205H	0.02		P43629	Killer cell immunoglobulin-like receptor 3DL1	Homo sapiens	Encontrado	https://alphafold.ebi.ac.uk/entry/P43629
KIR3DL1	missense_variant		1471946116						P43629	Killer cell immunoglobulin-like receptor 3DL1	Homo sapiens	Encontrado	https://alphafold.ebi.ac.uk/entry/P43629
KIR3DL1	missense_variant		1472355438						P43629	Killer cell immunoglobulin-like receptor 3DL1	Homo sapiens	Encontrado	https://alphafold.ebi.ac.uk/entry/P43629
KIR3DL1	missense_variant		1474861078						P43629	Killer cell immunoglobulin-like receptor 3DL1	Homo sapiens	Encontrado	https://alphafold.ebi.ac.uk/entry/P43629
KIR3DL1	missense_variant		1475196589						P43629	Killer cell immunoglobulin-like receptor 3DL1	Homo sapiens	Encontrado	https://alphafold.ebi.ac.uk/entry/P43629
KIR3DL1	missense_variant		1475709549						P43629	Killer cell immunoglobulin-like receptor 3DL1	Homo sapiens	Encontrado	https://alphafold.ebi.ac.uk/entry/P43629
KIR3DL1	missense_variant		1476477933						P43629	Killer cell immunoglobulin-like receptor 3DL1	Homo sapiens	Encontrado	https://alphafold.ebi.ac.uk/entry/P43629
KIR3DL1	missense_variant		1479898474						P43629	Killer cell immunoglobulin-like receptor 3DL1	Homo sapiens	Encontrado	https://alphafold.ebi.ac.uk/entry/P43629
KIR3DL1	missense_variant		1480922472						P43629	Killer cell immunoglobulin-like receptor 3DL1	Homo sapiens	Encontrado	https://alphafold.ebi.ac.uk/entry/P43629
KIR3DL1	missense_variant		1482323640						P43629	Killer cell immunoglobulin-like receptor 3DL1	Homo sapiens	Encontrado	https://alphafold.ebi.ac.uk/entry/P43629
KIR3DL1	missense_variant		1482809302						P43629	Killer cell immunoglobulin-like receptor 3DL1	Homo sapiens	Encontrado	https://alphafold.ebi.ac.uk/entry/P43629
KIR3DL1	missense_variant		1484639709						P43629	Killer cell immunoglobulin-like receptor 3DL1	Homo sapiens	Encontrado	https://alphafold.ebi.ac.uk/entry/P43629
KIR3DL1	missense_variant		1484651663						P43629	Killer cell immunoglobulin-like receptor 3DL1	Homo sapiens	Encontrado	https://alphafold.ebi.ac.uk/entry/P43629
KIR3DL1	missense_variant		1490619319						P43629	Killer cell immunoglobulin-like receptor 3DL1	Homo sapiens	Encontrado	https://alphafold.ebi.ac.uk/entry/P43629
KIR3DL1	missense_variant		149123986						P43629	Killer cell immunoglobulin-like receptor 3DL1	Homo sapiens	Encontrado	https://alphafold.ebi.ac.uk/entry/P43629
KIR3DL1	missense_variant		150563896	P43629	rs150563896	P69S	0.615		P43629	Killer cell immunoglobulin-like receptor 3DL1	Homo sapiens	Encontrado	https://alphafold.ebi.ac.uk/entry/P43629
KIR3DL1	missense_variant		150563896	P43629	rs150563896	P69S	0.22		P43629	Killer cell immunoglobulin-like receptor 3DL1	Homo sapiens	Encontrado	https://alphafold.ebi.ac.uk/entry/P43629
KIR3DL1	missense_variant		150563896	P43629	rs150563896	P69S	0.651		P43629	Killer cell immunoglobulin-like receptor 3DL1	Homo sapiens	Encontrado	https://alphafold.ebi.ac.uk/entry/P43629
KIR3DL1	missense_variant		150563896	P43629	rs150563896	P69S	0.21		P43629	Killer cell immunoglobulin-like receptor 3DL1	Homo sapiens	Encontrado	https://alphafold.ebi.ac.uk/entry/P43629
KIR3DL1	missense_variant		1569439378						P43629	Killer cell immunoglobulin-like receptor 3DL1	Homo sapiens	Encontrado	https://alphafold.ebi.ac.uk/entry/P43629
KIR3DL1	missense_variant		1569439610						P43629	Killer cell immunoglobulin-like receptor 3DL1	Homo sapiens	Encontrado	https://alphafold.ebi.ac.uk/entry/P43629
KIR3DL1	missense_variant		1569441843						P43629	Killer cell immunoglobulin-like receptor 3DL1	Homo sapiens	Encontrado	https://alphafold.ebi.ac.uk/entry/P43629
KIR3DL1	missense_variant		1569474352						P43629	Killer cell immunoglobulin-like receptor 3DL1	Homo sapiens	Encontrado	https://alphafold.ebi.ac.uk/entry/P43629
KIR3DL1	missense_variant		1601312371						P43629	Killer cell immunoglobulin-like receptor 3DL1	Homo sapiens	Encontrado	https://alphafold.ebi.ac.uk/entry/P43629
KIR3DL1	missense_variant		1601315465						P43629	Killer cell immunoglobulin-like receptor 3DL1	Homo sapiens	Encontrado	https://alphafold.ebi.ac.uk/entry/P43629
KIR3DL1	missense_variant		1601315514						P43629	Killer cell immunoglobulin-like receptor 3DL1	Homo sapiens	Encontrado	https://alphafold.ebi.ac.uk/entry/P43629
KIR3DL1	missense_variant		1601315658						P43629	Killer cell immunoglobulin-like receptor 3DL1	Homo sapiens	Encontrado	https://alphafold.ebi.ac.uk/entry/P43629
KIR3DL1	missense_variant		1601315783						P43629	Killer cell immunoglobulin-like receptor 3DL1	Homo sapiens	Encontrado	https://alphafold.ebi.ac.uk/entry/P43629
KIR3DL1	missense_variant		1601331227						P43629	Killer cell immunoglobulin-like receptor 3DL1	Homo sapiens	Encontrado	https://alphafold.ebi.ac.uk/entry/P43629
KIR3DL1	missense_variant		1601333649						P43629	Killer cell immunoglobulin-like receptor 3DL1	Homo sapiens	Encontrado	https://alphafold.ebi.ac.uk/entry/P43629
KIR3DL1	missense_variant		1601353662						P43629	Killer cell immunoglobulin-like receptor 3DL1	Homo sapiens	Encontrado	https://alphafold.ebi.ac.uk/entry/P43629
KIR3DL1	missense_variant	uncertain significance	1601392425						P43629	Killer cell immunoglobulin-like receptor 3DL1	Homo sapiens	Encontrado	https://alphafold.ebi.ac.uk/entry/P43629
KIR3DL1	missense_variant		1601392739						P43629	Killer cell immunoglobulin-like receptor 3DL1	Homo sapiens	Encontrado	https://alphafold.ebi.ac.uk/entry/P43629
KIR3DL1	missense_variant		1601392804						P43629	Killer cell immunoglobulin-like receptor 3DL1	Homo sapiens	Encontrado	https://alphafold.ebi.ac.uk/entry/P43629
KIR3DL1	missense_variant		1601393229						P43629	Killer cell immunoglobulin-like receptor 3DL1	Homo sapiens	Encontrado	https://alphafold.ebi.ac.uk/entry/P43629
KIR3DL1	missense_variant		1601441957						P43629	Killer cell immunoglobulin-like receptor 3DL1	Homo sapiens	Encontrado	https://alphafold.ebi.ac.uk/entry/P43629
KIR3DL1	missense_variant		1601454039						P43629	Killer cell immunoglobulin-like receptor 3DL1	Homo sapiens	Encontrado	https://alphafold.ebi.ac.uk/entry/P43629
KIR3DL1	missense_variant		1601454852						P43629	Killer cell immunoglobulin-like receptor 3DL1	Homo sapiens	Encontrado	https://alphafold.ebi.ac.uk/entry/P43629
KIR3DL1	missense_variant		181925412						P43629	Killer cell immunoglobulin-like receptor 3DL1	Homo sapiens	Encontrado	https://alphafold.ebi.ac.uk/entry/P43629
KIR3DL1	missense_variant		183140768						P43629	Killer cell immunoglobulin-like receptor 3DL1	Homo sapiens	Encontrado	https://alphafold.ebi.ac.uk/entry/P43629
KIR3DL1	missense_variant	uncertain significance	185031705	P43629	rs185031705	P377H	0.877		P43629	Killer cell immunoglobulin-like receptor 3DL1	Homo sapiens	Encontrado	https://alphafold.ebi.ac.uk/entry/P43629
KIR3DL1	missense_variant	uncertain significance	185031705	P43629	rs185031705	P377H	0.01		P43629	Killer cell immunoglobulin-like receptor 3DL1	Homo sapiens	Encontrado	https://alphafold.ebi.ac.uk/entry/P43629
KIR3DL1	missense_variant		186521594						P43629	Killer cell immunoglobulin-like receptor 3DL1	Homo sapiens	Encontrado	https://alphafold.ebi.ac.uk/entry/P43629
KIR3DL1	missense_variant		190589393						P43629	Killer cell immunoglobulin-like receptor 3DL1	Homo sapiens	Encontrado	https://alphafold.ebi.ac.uk/entry/P43629
KIR3DL1	missense_variant		192515534						P43629	Killer cell immunoglobulin-like receptor 3DL1	Homo sapiens	Encontrado	https://alphafold.ebi.ac.uk/entry/P43629
KIR3DL1	missense_variant	uncertain significance	193921077	P43629	rs193921077	R270H	0.568		P43629	Killer cell immunoglobulin-like receptor 3DL1	Homo sapiens	Encontrado	https://alphafold.ebi.ac.uk/entry/P43629
KIR3DL1	missense_variant	uncertain significance	193921077	P43629	rs193921077	R270H	0.1		P43629	Killer cell immunoglobulin-like receptor 3DL1	Homo sapiens	Encontrado	https://alphafold.ebi.ac.uk/entry/P43629
KIR3DL1	missense_variant		199546370						P43629	Killer cell immunoglobulin-like receptor 3DL1	Homo sapiens	Encontrado	https://alphafold.ebi.ac.uk/entry/P43629
KIR3DL1	missense_variant		199580498						P43629	Killer cell immunoglobulin-like receptor 3DL1	Homo sapiens	Encontrado	https://alphafold.ebi.ac.uk/entry/P43629
KIR3DL1	missense_variant		199822561						P43629	Killer cell immunoglobulin-like receptor 3DL1	Homo sapiens	Encontrado	https://alphafold.ebi.ac.uk/entry/P43629
KIR3DL1	missense_variant	uncertain significance	199903142	P43629	rs199903142	P29R	1.0		P43629	Killer cell immunoglobulin-like receptor 3DL1	Homo sapiens	Encontrado	https://alphafold.ebi.ac.uk/entry/P43629
KIR3DL1	missense_variant	uncertain significance	199903142	P43629	rs199903142	P29R	0.0		P43629	Killer cell immunoglobulin-like receptor 3DL1	Homo sapiens	Encontrado	https://alphafold.ebi.ac.uk/entry/P43629
KIR3DL1	missense_variant	likely benign	200064560	P43629	rs200064560	S239N	0.0		P43629	Killer cell immunoglobulin-like receptor 3DL1	Homo sapiens	Encontrado	https://alphafold.ebi.ac.uk/entry/P43629
KIR3DL1	missense_variant	likely benign	200064560	P43629	rs200064560	S239N	1.0		P43629	Killer cell immunoglobulin-like receptor 3DL1	Homo sapiens	Encontrado	https://alphafold.ebi.ac.uk/entry/P43629
KIR3DL1	missense_variant	likely benign	200064560	P43629	rs200064560	S239N	0.0		P43629	Killer cell immunoglobulin-like receptor 3DL1	Homo sapiens	Encontrado	https://alphafold.ebi.ac.uk/entry/P43629
KIR3DL1	missense_variant	likely benign	200064560	P43629	rs200064560	S239N	1.0		P43629	Killer cell immunoglobulin-like receptor 3DL1	Homo sapiens	Encontrado	https://alphafold.ebi.ac.uk/entry/P43629
KIR3DL1	missense_variant	uncertain significance	200114273	P43629	rs200114273	A399P	0.034		P43629	Killer cell immunoglobulin-like receptor 3DL1	Homo sapiens	Encontrado	https://alphafold.ebi.ac.uk/entry/P43629
KIR3DL1	missense_variant	uncertain significance	200114273	P43629	rs200114273	A399P	0.01		P43629	Killer cell immunoglobulin-like receptor 3DL1	Homo sapiens	Encontrado	https://alphafold.ebi.ac.uk/entry/P43629
KIR3DL1	missense_variant	uncertain significance	200243286	P43629	rs200243286	L312F	0.005		P43629	Killer cell immunoglobulin-like receptor 3DL1	Homo sapiens	Encontrado	https://alphafold.ebi.ac.uk/entry/P43629
KIR3DL1	missense_variant	uncertain significance	200243286	P43629	rs200243286	L312F	0.61		P43629	Killer cell immunoglobulin-like receptor 3DL1	Homo sapiens	Encontrado	https://alphafold.ebi.ac.uk/entry/P43629
KIR3DL1	missense_variant		200320677						P43629	Killer cell immunoglobulin-like receptor 3DL1	Homo sapiens	Encontrado	https://alphafold.ebi.ac.uk/entry/P43629
KIR3DL1	missense_variant		200379896						P43629	Killer cell immunoglobulin-like receptor 3DL1	Homo sapiens	Encontrado	https://alphafold.ebi.ac.uk/entry/P43629
KIR3DL1	missense_variant	uncertain significance	200481001	P43629	rs200481001	V272I	0.011		P43629	Killer cell immunoglobulin-like receptor 3DL1	Homo sapiens	Encontrado	https://alphafold.ebi.ac.uk/entry/P43629
KIR3DL1	missense_variant	uncertain significance	200481001	P43629	rs200481001	V272I	0.44		P43629	Killer cell immunoglobulin-like receptor 3DL1	Homo sapiens	Encontrado	https://alphafold.ebi.ac.uk/entry/P43629
KIR3DL1	missense_variant	uncertain significance	200485372	P43629	rs200485372	H53R	0.0		P43629	Killer cell immunoglobulin-like receptor 3DL1	Homo sapiens	Encontrado	https://alphafold.ebi.ac.uk/entry/P43629
KIR3DL1	missense_variant	uncertain significance	200485372	P43629	rs200485372	H53R	0.35		P43629	Killer cell immunoglobulin-like receptor 3DL1	Homo sapiens	Encontrado	https://alphafold.ebi.ac.uk/entry/P43629
KIR3DL1	missense_variant	likely benign	200580859	P43629	rs200580859	M149V	0.222		P43629	Killer cell immunoglobulin-like receptor 3DL1	Homo sapiens	Encontrado	https://alphafold.ebi.ac.uk/entry/P43629
KIR3DL1	missense_variant	likely benign	200580859	P43629	rs200580859	M149V	0.86		P43629	Killer cell immunoglobulin-like receptor 3DL1	Homo sapiens	Encontrado	https://alphafold.ebi.ac.uk/entry/P43629
KIR3DL1	missense_variant		200594305						P43629	Killer cell immunoglobulin-like receptor 3DL1	Homo sapiens	Encontrado	https://alphafold.ebi.ac.uk/entry/P43629
KIR3DL1	missense_variant		200600822						P43629	Killer cell immunoglobulin-like receptor 3DL1	Homo sapiens	Encontrado	https://alphafold.ebi.ac.uk/entry/P43629
KIR3DL1	missense_variant		200747936						P43629	Killer cell immunoglobulin-like receptor 3DL1	Homo sapiens	Encontrado	https://alphafold.ebi.ac.uk/entry/P43629
KIR3DL1	missense_variant	uncertain significance	200785070	P43629	rs200785070	V168F	0.044		P43629	Killer cell immunoglobulin-like receptor 3DL1	Homo sapiens	Encontrado	https://alphafold.ebi.ac.uk/entry/P43629
KIR3DL1	missense_variant	uncertain significance	200785070	P43629	rs200785070	V168F	0.21		P43629	Killer cell immunoglobulin-like receptor 3DL1	Homo sapiens	Encontrado	https://alphafold.ebi.ac.uk/entry/P43629
KIR3DL1	missense_variant	uncertain significance	200785070	P43629	rs200785070	V168I	0.0		P43629	Killer cell immunoglobulin-like receptor 3DL1	Homo sapiens	Encontrado	https://alphafold.ebi.ac.uk/entry/P43629
KIR3DL1	missense_variant	uncertain significance	200785070	P43629	rs200785070	V168I	0.23		P43629	Killer cell immunoglobulin-like receptor 3DL1	Homo sapiens	Encontrado	https://alphafold.ebi.ac.uk/entry/P43629
KIR3DL1	missense_variant	uncertain significance	200785070	P43629	rs200785070	V168I	0.0		P43629	Killer cell immunoglobulin-like receptor 3DL1	Homo sapiens	Encontrado	https://alphafold.ebi.ac.uk/entry/P43629
KIR3DL1	missense_variant	uncertain significance	200785070	P43629	rs200785070	V168I	0.5		P43629	Killer cell immunoglobulin-like receptor 3DL1	Homo sapiens	Encontrado	https://alphafold.ebi.ac.uk/entry/P43629
KIR3DL1	missense_variant		200821495						P43629	Killer cell immunoglobulin-like receptor 3DL1	Homo sapiens	Encontrado	https://alphafold.ebi.ac.uk/entry/P43629
KIR3DL1	missense_variant		200893904						P43629	Killer cell immunoglobulin-like receptor 3DL1	Homo sapiens	Encontrado	https://alphafold.ebi.ac.uk/entry/P43629
KIR3DL1	missense_variant	likely benign	201105125	P43629	rs201105125	D402N	0.007		P43629	Killer cell immunoglobulin-like receptor 3DL1	Homo sapiens	Encontrado	https://alphafold.ebi.ac.uk/entry/P43629
KIR3DL1	missense_variant	likely benign	201105125	P43629	rs201105125	D402N	0.17		P43629	Killer cell immunoglobulin-like receptor 3DL1	Homo sapiens	Encontrado	https://alphafold.ebi.ac.uk/entry/P43629
KIR3DL1	missense_variant		201416263						P43629	Killer cell immunoglobulin-like receptor 3DL1	Homo sapiens	Encontrado	https://alphafold.ebi.ac.uk/entry/P43629
KIR3DL1	missense_variant		201471071						P43629	Killer cell immunoglobulin-like receptor 3DL1	Homo sapiens	Encontrado	https://alphafold.ebi.ac.uk/entry/P43629
KIR3DL1	missense_variant	uncertain significance	201538248	P43629	rs201538248	H99R	0.0		P43629	Killer cell immunoglobulin-like receptor 3DL1	Homo sapiens	Encontrado	https://alphafold.ebi.ac.uk/entry/P43629
KIR3DL1	missense_variant	uncertain significance	201538248	P43629	rs201538248	H99R	0.11		P43629	Killer cell immunoglobulin-like receptor 3DL1	Homo sapiens	Encontrado	https://alphafold.ebi.ac.uk/entry/P43629
KIR3DL1	missense_variant		201694260						P43629	Killer cell immunoglobulin-like receptor 3DL1	Homo sapiens	Encontrado	https://alphafold.ebi.ac.uk/entry/P43629
KIR3DL1	missense_variant		201764224						P43629	Killer cell immunoglobulin-like receptor 3DL1	Homo sapiens	Encontrado	https://alphafold.ebi.ac.uk/entry/P43629
KIR3DL1	missense_variant		201795773	P43629	rs201795773	G260E	0.003		P43629	Killer cell immunoglobulin-like receptor 3DL1	Homo sapiens	Encontrado	https://alphafold.ebi.ac.uk/entry/P43629
KIR3DL1	missense_variant		201795773	P43629	rs201795773	G260E	1.0		P43629	Killer cell immunoglobulin-like receptor 3DL1	Homo sapiens	Encontrado	https://alphafold.ebi.ac.uk/entry/P43629
KIR3DL1	missense_variant		201795773	P43629	rs201795773	G260E	0.0		P43629	Killer cell immunoglobulin-like receptor 3DL1	Homo sapiens	Encontrado	https://alphafold.ebi.ac.uk/entry/P43629
KIR3DL1	missense_variant		201795773	P43629	rs201795773	G260E	1.0		P43629	Killer cell immunoglobulin-like receptor 3DL1	Homo sapiens	Encontrado	https://alphafold.ebi.ac.uk/entry/P43629
KIR3DL1	missense_variant		201809247						P43629	Killer cell immunoglobulin-like receptor 3DL1	Homo sapiens	Encontrado	https://alphafold.ebi.ac.uk/entry/P43629
KIR3DL1	missense_variant		201869509						P43629	Killer cell immunoglobulin-like receptor 3DL1	Homo sapiens	Encontrado	https://alphafold.ebi.ac.uk/entry/P43629
KIR3DL1	missense_variant		201947055						P43629	Killer cell immunoglobulin-like receptor 3DL1	Homo sapiens	Encontrado	https://alphafold.ebi.ac.uk/entry/P43629
KIR3DL1	missense_variant		201979988						P43629	Killer cell immunoglobulin-like receptor 3DL1	Homo sapiens	Encontrado	https://alphafold.ebi.ac.uk/entry/P43629
KIR3DL1	missense_variant		202067993	P43629	rs202067993	G25D	0.188		P43629	Killer cell immunoglobulin-like receptor 3DL1	Homo sapiens	Encontrado	https://alphafold.ebi.ac.uk/entry/P43629
KIR3DL1	missense_variant		202067993	P43629	rs202067993	G25D	0.14		P43629	Killer cell immunoglobulin-like receptor 3DL1	Homo sapiens	Encontrado	https://alphafold.ebi.ac.uk/entry/P43629
KIR3DL1	missense_variant		202067993	P43629	rs202067993	G25D	0.194		P43629	Killer cell immunoglobulin-like receptor 3DL1	Homo sapiens	Encontrado	https://alphafold.ebi.ac.uk/entry/P43629
KIR3DL1	missense_variant		202067993	P43629	rs202067993	G25D	0.25		P43629	Killer cell immunoglobulin-like receptor 3DL1	Homo sapiens	Encontrado	https://alphafold.ebi.ac.uk/entry/P43629
KIR3DL1	missense_variant		202133056						P43629	Killer cell immunoglobulin-like receptor 3DL1	Homo sapiens	Encontrado	https://alphafold.ebi.ac.uk/entry/P43629
KIR3DL1	missense_variant		2061332708						P43629	Killer cell immunoglobulin-like receptor 3DL1	Homo sapiens	Encontrado	https://alphafold.ebi.ac.uk/entry/P43629
KIR3DL1	missense_variant		2061334724						P43629	Killer cell immunoglobulin-like receptor 3DL1	Homo sapiens	Encontrado	https://alphafold.ebi.ac.uk/entry/P43629
KIR3DL1	missense_variant		2061334960						P43629	Killer cell immunoglobulin-like receptor 3DL1	Homo sapiens	Encontrado	https://alphafold.ebi.ac.uk/entry/P43629
KIR3DL1	missense_variant		2061412121						P43629	Killer cell immunoglobulin-like receptor 3DL1	Homo sapiens	Encontrado	https://alphafold.ebi.ac.uk/entry/P43629
KIR3DL1	missense_variant		2061412401						P43629	Killer cell immunoglobulin-like receptor 3DL1	Homo sapiens	Encontrado	https://alphafold.ebi.ac.uk/entry/P43629
KIR3DL1	missense_variant		2061455271						P43629	Killer cell immunoglobulin-like receptor 3DL1	Homo sapiens	Encontrado	https://alphafold.ebi.ac.uk/entry/P43629
KIR3DL1	missense_variant		2061456624						P43629	Killer cell immunoglobulin-like receptor 3DL1	Homo sapiens	Encontrado	https://alphafold.ebi.ac.uk/entry/P43629
KIR3DL1	missense_variant		2061460809						P43629	Killer cell immunoglobulin-like receptor 3DL1	Homo sapiens	Encontrado	https://alphafold.ebi.ac.uk/entry/P43629
KIR3DL1	missense_variant		2061461081						P43629	Killer cell immunoglobulin-like receptor 3DL1	Homo sapiens	Encontrado	https://alphafold.ebi.ac.uk/entry/P43629
KIR3DL1	missense_variant		2061461524						P43629	Killer cell immunoglobulin-like receptor 3DL1	Homo sapiens	Encontrado	https://alphafold.ebi.ac.uk/entry/P43629
KIR3DL1	missense_variant	uncertain significance	2061462358						P43629	Killer cell immunoglobulin-like receptor 3DL1	Homo sapiens	Encontrado	https://alphafold.ebi.ac.uk/entry/P43629
KIR3DL1	missense_variant		2061465429						P43629	Killer cell immunoglobulin-like receptor 3DL1	Homo sapiens	Encontrado	https://alphafold.ebi.ac.uk/entry/P43629
KIR3DL1	missense_variant		2061466483						P43629	Killer cell immunoglobulin-like receptor 3DL1	Homo sapiens	Encontrado	https://alphafold.ebi.ac.uk/entry/P43629
KIR3DL1	missense_variant		2061467764						P43629	Killer cell immunoglobulin-like receptor 3DL1	Homo sapiens	Encontrado	https://alphafold.ebi.ac.uk/entry/P43629
KIR3DL1	missense_variant		2061468153						P43629	Killer cell immunoglobulin-like receptor 3DL1	Homo sapiens	Encontrado	https://alphafold.ebi.ac.uk/entry/P43629
KIR3DL1	missense_variant		2061468278						P43629	Killer cell immunoglobulin-like receptor 3DL1	Homo sapiens	Encontrado	https://alphafold.ebi.ac.uk/entry/P43629
KIR3DL1	missense_variant		2061468901						P43629	Killer cell immunoglobulin-like receptor 3DL1	Homo sapiens	Encontrado	https://alphafold.ebi.ac.uk/entry/P43629
KIR3DL1	missense_variant		2061470015						P43629	Killer cell immunoglobulin-like receptor 3DL1	Homo sapiens	Encontrado	https://alphafold.ebi.ac.uk/entry/P43629
KIR3DL1	missense_variant		2061473708						P43629	Killer cell immunoglobulin-like receptor 3DL1	Homo sapiens	Encontrado	https://alphafold.ebi.ac.uk/entry/P43629
KIR3DL1	missense_variant		2061474019						P43629	Killer cell immunoglobulin-like receptor 3DL1	Homo sapiens	Encontrado	https://alphafold.ebi.ac.uk/entry/P43629
KIR3DL1	missense_variant		2061474474						P43629	Killer cell immunoglobulin-like receptor 3DL1	Homo sapiens	Encontrado	https://alphafold.ebi.ac.uk/entry/P43629
KIR3DL1	missense_variant		2061474709						P43629	Killer cell immunoglobulin-like receptor 3DL1	Homo sapiens	Encontrado	https://alphafold.ebi.ac.uk/entry/P43629
KIR3DL1	missense_variant		2061475470						P43629	Killer cell immunoglobulin-like receptor 3DL1	Homo sapiens	Encontrado	https://alphafold.ebi.ac.uk/entry/P43629
KIR3DL1	missense_variant		2061532556						P43629	Killer cell immunoglobulin-like receptor 3DL1	Homo sapiens	Encontrado	https://alphafold.ebi.ac.uk/entry/P43629
KIR3DL1	missense_variant		2061533726						P43629	Killer cell immunoglobulin-like receptor 3DL1	Homo sapiens	Encontrado	https://alphafold.ebi.ac.uk/entry/P43629
KIR3DL1	missense_variant		2061534626						P43629	Killer cell immunoglobulin-like receptor 3DL1	Homo sapiens	Encontrado	https://alphafold.ebi.ac.uk/entry/P43629
KIR3DL1	missense_variant		2061535061						P43629	Killer cell immunoglobulin-like receptor 3DL1	Homo sapiens	Encontrado	https://alphafold.ebi.ac.uk/entry/P43629
KIR3DL1	missense_variant		2061537573						P43629	Killer cell immunoglobulin-like receptor 3DL1	Homo sapiens	Encontrado	https://alphafold.ebi.ac.uk/entry/P43629
KIR3DL1	missense_variant		2061538273						P43629	Killer cell immunoglobulin-like receptor 3DL1	Homo sapiens	Encontrado	https://alphafold.ebi.ac.uk/entry/P43629
KIR3DL1	missense_variant		2061539788						P43629	Killer cell immunoglobulin-like receptor 3DL1	Homo sapiens	Encontrado	https://alphafold.ebi.ac.uk/entry/P43629
KIR3DL1	missense_variant		2061540406						P43629	Killer cell immunoglobulin-like receptor 3DL1	Homo sapiens	Encontrado	https://alphafold.ebi.ac.uk/entry/P43629
KIR3DL1	missense_variant		2061540986						P43629	Killer cell immunoglobulin-like receptor 3DL1	Homo sapiens	Encontrado	https://alphafold.ebi.ac.uk/entry/P43629
KIR3DL1	missense_variant		2061541109						P43629	Killer cell immunoglobulin-like receptor 3DL1	Homo sapiens	Encontrado	https://alphafold.ebi.ac.uk/entry/P43629
KIR3DL1	missense_variant		2061541560						P43629	Killer cell immunoglobulin-like receptor 3DL1	Homo sapiens	Encontrado	https://alphafold.ebi.ac.uk/entry/P43629
KIR3DL1	missense_variant		2061545782						P43629	Killer cell immunoglobulin-like receptor 3DL1	Homo sapiens	Encontrado	https://alphafold.ebi.ac.uk/entry/P43629
KIR3DL1	missense_variant		2061546021						P43629	Killer cell immunoglobulin-like receptor 3DL1	Homo sapiens	Encontrado	https://alphafold.ebi.ac.uk/entry/P43629
KIR3DL1	missense_variant		2061546139						P43629	Killer cell immunoglobulin-like receptor 3DL1	Homo sapiens	Encontrado	https://alphafold.ebi.ac.uk/entry/P43629
KIR3DL1	missense_variant		2061546787						P43629	Killer cell immunoglobulin-like receptor 3DL1	Homo sapiens	Encontrado	https://alphafold.ebi.ac.uk/entry/P43629
KIR3DL1	missense_variant		2061548226						P43629	Killer cell immunoglobulin-like receptor 3DL1	Homo sapiens	Encontrado	https://alphafold.ebi.ac.uk/entry/P43629
KIR3DL1	missense_variant		2061549843						P43629	Killer cell immunoglobulin-like receptor 3DL1	Homo sapiens	Encontrado	https://alphafold.ebi.ac.uk/entry/P43629
KIR3DL1	missense_variant		2061550718						P43629	Killer cell immunoglobulin-like receptor 3DL1	Homo sapiens	Encontrado	https://alphafold.ebi.ac.uk/entry/P43629
KIR3DL1	missense_variant		2061552672						P43629	Killer cell immunoglobulin-like receptor 3DL1	Homo sapiens	Encontrado	https://alphafold.ebi.ac.uk/entry/P43629
KIR3DL1	missense_variant		2061553397						P43629	Killer cell immunoglobulin-like receptor 3DL1	Homo sapiens	Encontrado	https://alphafold.ebi.ac.uk/entry/P43629
KIR3DL1	missense_variant		2061555482						P43629	Killer cell immunoglobulin-like receptor 3DL1	Homo sapiens	Encontrado	https://alphafold.ebi.ac.uk/entry/P43629
KIR3DL1	missense_variant		2061556825						P43629	Killer cell immunoglobulin-like receptor 3DL1	Homo sapiens	Encontrado	https://alphafold.ebi.ac.uk/entry/P43629
KIR3DL1	missense_variant		2061636062						P43629	Killer cell immunoglobulin-like receptor 3DL1	Homo sapiens	Encontrado	https://alphafold.ebi.ac.uk/entry/P43629
KIR3DL1	missense_variant		2061638972						P43629	Killer cell immunoglobulin-like receptor 3DL1	Homo sapiens	Encontrado	https://alphafold.ebi.ac.uk/entry/P43629
KIR3DL1	missense_variant		2061639402						P43629	Killer cell immunoglobulin-like receptor 3DL1	Homo sapiens	Encontrado	https://alphafold.ebi.ac.uk/entry/P43629
KIR3DL1	missense_variant		2061639537						P43629	Killer cell immunoglobulin-like receptor 3DL1	Homo sapiens	Encontrado	https://alphafold.ebi.ac.uk/entry/P43629
KIR3DL1	missense_variant		2061639785						P43629	Killer cell immunoglobulin-like receptor 3DL1	Homo sapiens	Encontrado	https://alphafold.ebi.ac.uk/entry/P43629
KIR3DL1	missense_variant		2061644169						P43629	Killer cell immunoglobulin-like receptor 3DL1	Homo sapiens	Encontrado	https://alphafold.ebi.ac.uk/entry/P43629
KIR3DL1	missense_variant		2061644417						P43629	Killer cell immunoglobulin-like receptor 3DL1	Homo sapiens	Encontrado	https://alphafold.ebi.ac.uk/entry/P43629
KIR3DL1	missense_variant		2061647661						P43629	Killer cell immunoglobulin-like receptor 3DL1	Homo sapiens	Encontrado	https://alphafold.ebi.ac.uk/entry/P43629
KIR3DL1	missense_variant		2061647930						P43629	Killer cell immunoglobulin-like receptor 3DL1	Homo sapiens	Encontrado	https://alphafold.ebi.ac.uk/entry/P43629
KIR3DL1	missense_variant		2061648395						P43629	Killer cell immunoglobulin-like receptor 3DL1	Homo sapiens	Encontrado	https://alphafold.ebi.ac.uk/entry/P43629
KIR3DL1	missense_variant		2061649950						P43629	Killer cell immunoglobulin-like receptor 3DL1	Homo sapiens	Encontrado	https://alphafold.ebi.ac.uk/entry/P43629
KIR3DL1	missense_variant		2061650132						P43629	Killer cell immunoglobulin-like receptor 3DL1	Homo sapiens	Encontrado	https://alphafold.ebi.ac.uk/entry/P43629
KIR3DL1	missense_variant		2061650465						P43629	Killer cell immunoglobulin-like receptor 3DL1	Homo sapiens	Encontrado	https://alphafold.ebi.ac.uk/entry/P43629
KIR3DL1	missense_variant		2061651715						P43629	Killer cell immunoglobulin-like receptor 3DL1	Homo sapiens	Encontrado	https://alphafold.ebi.ac.uk/entry/P43629
KIR3DL1	missense_variant		2061655624						P43629	Killer cell immunoglobulin-like receptor 3DL1	Homo sapiens	Encontrado	https://alphafold.ebi.ac.uk/entry/P43629
KIR3DL1	missense_variant		2061657009						P43629	Killer cell immunoglobulin-like receptor 3DL1	Homo sapiens	Encontrado	https://alphafold.ebi.ac.uk/entry/P43629
KIR3DL1	missense_variant		2061657410						P43629	Killer cell immunoglobulin-like receptor 3DL1	Homo sapiens	Encontrado	https://alphafold.ebi.ac.uk/entry/P43629
KIR3DL1	missense_variant		2061657854						P43629	Killer cell immunoglobulin-like receptor 3DL1	Homo sapiens	Encontrado	https://alphafold.ebi.ac.uk/entry/P43629
KIR3DL1	missense_variant		2061658454						P43629	Killer cell immunoglobulin-like receptor 3DL1	Homo sapiens	Encontrado	https://alphafold.ebi.ac.uk/entry/P43629
KIR3DL1	missense_variant		2061812933						P43629	Killer cell immunoglobulin-like receptor 3DL1	Homo sapiens	Encontrado	https://alphafold.ebi.ac.uk/entry/P43629
KIR3DL1	missense_variant		2061814307						P43629	Killer cell immunoglobulin-like receptor 3DL1	Homo sapiens	Encontrado	https://alphafold.ebi.ac.uk/entry/P43629
KIR3DL1	missense_variant		2061814448						P43629	Killer cell immunoglobulin-like receptor 3DL1	Homo sapiens	Encontrado	https://alphafold.ebi.ac.uk/entry/P43629
KIR3DL1	missense_variant		2062083948						P43629	Killer cell immunoglobulin-like receptor 3DL1	Homo sapiens	Encontrado	https://alphafold.ebi.ac.uk/entry/P43629
KIR3DL1	missense_variant		2062086096						P43629	Killer cell immunoglobulin-like receptor 3DL1	Homo sapiens	Encontrado	https://alphafold.ebi.ac.uk/entry/P43629
KIR3DL1	missense_variant		2062090572						P43629	Killer cell immunoglobulin-like receptor 3DL1	Homo sapiens	Encontrado	https://alphafold.ebi.ac.uk/entry/P43629
KIR3DL1	missense_variant		2062090898						P43629	Killer cell immunoglobulin-like receptor 3DL1	Homo sapiens	Encontrado	https://alphafold.ebi.ac.uk/entry/P43629
KIR3DL1	missense_variant		2062091787						P43629	Killer cell immunoglobulin-like receptor 3DL1	Homo sapiens	Encontrado	https://alphafold.ebi.ac.uk/entry/P43629
KIR3DL1	missense_variant		2062092270						P43629	Killer cell immunoglobulin-like receptor 3DL1	Homo sapiens	Encontrado	https://alphafold.ebi.ac.uk/entry/P43629
KIR3DL1	missense_variant		2062094856						P43629	Killer cell immunoglobulin-like receptor 3DL1	Homo sapiens	Encontrado	https://alphafold.ebi.ac.uk/entry/P43629
KIR3DL1	missense_variant		2062127068						P43629	Killer cell immunoglobulin-like receptor 3DL1	Homo sapiens	Encontrado	https://alphafold.ebi.ac.uk/entry/P43629
KIR3DL1	missense_variant		2062130737						P43629	Killer cell immunoglobulin-like receptor 3DL1	Homo sapiens	Encontrado	https://alphafold.ebi.ac.uk/entry/P43629
KIR3DL1	missense_variant		2062142879						P43629	Killer cell immunoglobulin-like receptor 3DL1	Homo sapiens	Encontrado	https://alphafold.ebi.ac.uk/entry/P43629
KIR3DL1	missense_variant		2062150256						P43629	Killer cell immunoglobulin-like receptor 3DL1	Homo sapiens	Encontrado	https://alphafold.ebi.ac.uk/entry/P43629
KIR3DL1	missense_variant		2062151052						P43629	Killer cell immunoglobulin-like receptor 3DL1	Homo sapiens	Encontrado	https://alphafold.ebi.ac.uk/entry/P43629
KIR3DL1	missense_variant		2062153670						P43629	Killer cell immunoglobulin-like receptor 3DL1	Homo sapiens	Encontrado	https://alphafold.ebi.ac.uk/entry/P43629
KIR3DL1	missense_variant		2148070200						P43629	Killer cell immunoglobulin-like receptor 3DL1	Homo sapiens	Encontrado	https://alphafold.ebi.ac.uk/entry/P43629
KIR3DL1	missense_variant		2148071824						P43629	Killer cell immunoglobulin-like receptor 3DL1	Homo sapiens	Encontrado	https://alphafold.ebi.ac.uk/entry/P43629
KIR3DL1	missense_variant		2148072792						P43629	Killer cell immunoglobulin-like receptor 3DL1	Homo sapiens	Encontrado	https://alphafold.ebi.ac.uk/entry/P43629
KIR3DL1	missense_variant		2148091098						P43629	Killer cell immunoglobulin-like receptor 3DL1	Homo sapiens	Encontrado	https://alphafold.ebi.ac.uk/entry/P43629
KIR3DL1	missense_variant		2148115316						P43629	Killer cell immunoglobulin-like receptor 3DL1	Homo sapiens	Encontrado	https://alphafold.ebi.ac.uk/entry/P43629
KIR3DL1	missense_variant		2148206893						P43629	Killer cell immunoglobulin-like receptor 3DL1	Homo sapiens	Encontrado	https://alphafold.ebi.ac.uk/entry/P43629
KIR3DL1	missense_variant		2148207990						P43629	Killer cell immunoglobulin-like receptor 3DL1	Homo sapiens	Encontrado	https://alphafold.ebi.ac.uk/entry/P43629
KIR3DL1	missense_variant		2148214288						P43629	Killer cell immunoglobulin-like receptor 3DL1	Homo sapiens	Encontrado	https://alphafold.ebi.ac.uk/entry/P43629
KIR3DL1	missense_variant		2148216298						P43629	Killer cell immunoglobulin-like receptor 3DL1	Homo sapiens	Encontrado	https://alphafold.ebi.ac.uk/entry/P43629
KIR3DL1	missense_variant		2148217081						P43629	Killer cell immunoglobulin-like receptor 3DL1	Homo sapiens	Encontrado	https://alphafold.ebi.ac.uk/entry/P43629
KIR3DL1	missense_variant		2148217458						P43629	Killer cell immunoglobulin-like receptor 3DL1	Homo sapiens	Encontrado	https://alphafold.ebi.ac.uk/entry/P43629
KIR3DL1	missense_variant		2273730						P43629	Killer cell immunoglobulin-like receptor 3DL1	Homo sapiens	Encontrado	https://alphafold.ebi.ac.uk/entry/P43629
KIR3DL1	missense_variant		2273731	P43629	rs2273731	P203S	0.131		P43629	Killer cell immunoglobulin-like receptor 3DL1	Homo sapiens	Encontrado	https://alphafold.ebi.ac.uk/entry/P43629
KIR3DL1	missense_variant		2273731	P43629	rs2273731	P203S	0.18		P43629	Killer cell immunoglobulin-like receptor 3DL1	Homo sapiens	Encontrado	https://alphafold.ebi.ac.uk/entry/P43629
KIR3DL1	missense_variant	uncertain significance	2514040693						P43629	Killer cell immunoglobulin-like receptor 3DL1	Homo sapiens	Encontrado	https://alphafold.ebi.ac.uk/entry/P43629
KIR3DL1	missense_variant	uncertain significance	2514092832						P43629	Killer cell immunoglobulin-like receptor 3DL1	Homo sapiens	Encontrado	https://alphafold.ebi.ac.uk/entry/P43629
KIR3DL1	missense_variant		267605676						P43629	Killer cell immunoglobulin-like receptor 3DL1	Homo sapiens	Encontrado	https://alphafold.ebi.ac.uk/entry/P43629
KIR3DL1	missense_variant	uncertain significance	267605677	P43629	rs267605677	A383T	0.018		P43629	Killer cell immunoglobulin-like receptor 3DL1	Homo sapiens	Encontrado	https://alphafold.ebi.ac.uk/entry/P43629
KIR3DL1	missense_variant	uncertain significance	267605677	P43629	rs267605677	A383T	0.04		P43629	Killer cell immunoglobulin-like receptor 3DL1	Homo sapiens	Encontrado	https://alphafold.ebi.ac.uk/entry/P43629
KIR3DL1	missense_variant		34481025						P43629	Killer cell immunoglobulin-like receptor 3DL1	Homo sapiens	Encontrado	https://alphafold.ebi.ac.uk/entry/P43629
KIR3DL1	missense_variant		35974949						P43629	Killer cell immunoglobulin-like receptor 3DL1	Homo sapiens	Encontrado	https://alphafold.ebi.ac.uk/entry/P43629
KIR3DL1	missense_variant		367761888						P43629	Killer cell immunoglobulin-like receptor 3DL1	Homo sapiens	Encontrado	https://alphafold.ebi.ac.uk/entry/P43629
KIR3DL1	missense_variant		367861555						P43629	Killer cell immunoglobulin-like receptor 3DL1	Homo sapiens	Encontrado	https://alphafold.ebi.ac.uk/entry/P43629
KIR3DL1	missense_variant		368539381						P43629	Killer cell immunoglobulin-like receptor 3DL1	Homo sapiens	Encontrado	https://alphafold.ebi.ac.uk/entry/P43629
KIR3DL1	missense_variant	likely benign	369021301	P43629	rs369021301	R41Q	0.0		P43629	Killer cell immunoglobulin-like receptor 3DL1	Homo sapiens	Encontrado	https://alphafold.ebi.ac.uk/entry/P43629
KIR3DL1	missense_variant	likely benign	369021301	P43629	rs369021301	R41Q	0.8		P43629	Killer cell immunoglobulin-like receptor 3DL1	Homo sapiens	Encontrado	https://alphafold.ebi.ac.uk/entry/P43629
KIR3DL1	missense_variant	likely benign	369021301	P43629	rs369021301	R41Q	0.007		P43629	Killer cell immunoglobulin-like receptor 3DL1	Homo sapiens	Encontrado	https://alphafold.ebi.ac.uk/entry/P43629
KIR3DL1	missense_variant	likely benign	369021301	P43629	rs369021301	R41Q	1.0		P43629	Killer cell immunoglobulin-like receptor 3DL1	Homo sapiens	Encontrado	https://alphafold.ebi.ac.uk/entry/P43629
KIR3DL1	missense_variant		369106560						P43629	Killer cell immunoglobulin-like receptor 3DL1	Homo sapiens	Encontrado	https://alphafold.ebi.ac.uk/entry/P43629
KIR3DL1	missense_variant	uncertain significance	369207400						P43629	Killer cell immunoglobulin-like receptor 3DL1	Homo sapiens	Encontrado	https://alphafold.ebi.ac.uk/entry/P43629
KIR3DL1	missense_variant	uncertain significance	369811343						P43629	Killer cell immunoglobulin-like receptor 3DL1	Homo sapiens	Encontrado	https://alphafold.ebi.ac.uk/entry/P43629
KIR3DL1	missense_variant		370129455						P43629	Killer cell immunoglobulin-like receptor 3DL1	Homo sapiens	Encontrado	https://alphafold.ebi.ac.uk/entry/P43629
KIR3DL1	missense_variant		370134197						P43629	Killer cell immunoglobulin-like receptor 3DL1	Homo sapiens	Encontrado	https://alphafold.ebi.ac.uk/entry/P43629
KIR3DL1	missense_variant	uncertain significance	370220844	P43629	rs370220844	W34R	0.142		P43629	Killer cell immunoglobulin-like receptor 3DL1	Homo sapiens	Encontrado	https://alphafold.ebi.ac.uk/entry/P43629
KIR3DL1	missense_variant	uncertain significance	370220844	P43629	rs370220844	W34R	0.19		P43629	Killer cell immunoglobulin-like receptor 3DL1	Homo sapiens	Encontrado	https://alphafold.ebi.ac.uk/entry/P43629
KIR3DL1	missense_variant	likely benign	370318494	P43629	rs370318494	K233T	0.0		P43629	Killer cell immunoglobulin-like receptor 3DL1	Homo sapiens	Encontrado	https://alphafold.ebi.ac.uk/entry/P43629
KIR3DL1	missense_variant	likely benign	370318494	P43629	rs370318494	K233T	1.0		P43629	Killer cell immunoglobulin-like receptor 3DL1	Homo sapiens	Encontrado	https://alphafold.ebi.ac.uk/entry/P43629
KIR3DL1	missense_variant	uncertain significance	370797092						P43629	Killer cell immunoglobulin-like receptor 3DL1	Homo sapiens	Encontrado	https://alphafold.ebi.ac.uk/entry/P43629
KIR3DL1	missense_variant		371275254						P43629	Killer cell immunoglobulin-like receptor 3DL1	Homo sapiens	Encontrado	https://alphafold.ebi.ac.uk/entry/P43629
KIR3DL1	missense_variant		372363310						P43629	Killer cell immunoglobulin-like receptor 3DL1	Homo sapiens	Encontrado	https://alphafold.ebi.ac.uk/entry/P43629
KIR3DL1	missense_variant		373857245						P43629	Killer cell immunoglobulin-like receptor 3DL1	Homo sapiens	Encontrado	https://alphafold.ebi.ac.uk/entry/P43629
KIR3DL1	missense_variant		373968876						P43629	Killer cell immunoglobulin-like receptor 3DL1	Homo sapiens	Encontrado	https://alphafold.ebi.ac.uk/entry/P43629
KIR3DL1	missense_variant	uncertain significance	374761764	P43629	rs374761764	R270C	0.647		P43629	Killer cell immunoglobulin-like receptor 3DL1	Homo sapiens	Encontrado	https://alphafold.ebi.ac.uk/entry/P43629
KIR3DL1	missense_variant	uncertain significance	374761764	P43629	rs374761764	R270C	0.11		P43629	Killer cell immunoglobulin-like receptor 3DL1	Homo sapiens	Encontrado	https://alphafold.ebi.ac.uk/entry/P43629
KIR3DL1	missense_variant	uncertain significance	374761764	P43629	rs374761764	R270C	0.973		P43629	Killer cell immunoglobulin-like receptor 3DL1	Homo sapiens	Encontrado	https://alphafold.ebi.ac.uk/entry/P43629
KIR3DL1	missense_variant	uncertain significance	374761764	P43629	rs374761764	R270C	0.01		P43629	Killer cell immunoglobulin-like receptor 3DL1	Homo sapiens	Encontrado	https://alphafold.ebi.ac.uk/entry/P43629
KIR3DL1	missense_variant	uncertain significance	374761764	P43629	rs374761764	R270S	0.068		P43629	Killer cell immunoglobulin-like receptor 3DL1	Homo sapiens	Encontrado	https://alphafold.ebi.ac.uk/entry/P43629
KIR3DL1	missense_variant	uncertain significance	374761764	P43629	rs374761764	R270S	0.2		P43629	Killer cell immunoglobulin-like receptor 3DL1	Homo sapiens	Encontrado	https://alphafold.ebi.ac.uk/entry/P43629
KIR3DL1	missense_variant	uncertain significance	374824552	P43629	rs374824552	G197S	0.942		P43629	Killer cell immunoglobulin-like receptor 3DL1	Homo sapiens	Encontrado	https://alphafold.ebi.ac.uk/entry/P43629
KIR3DL1	missense_variant	uncertain significance	374824552	P43629	rs374824552	G197S	0.08		P43629	Killer cell immunoglobulin-like receptor 3DL1	Homo sapiens	Encontrado	https://alphafold.ebi.ac.uk/entry/P43629
KIR3DL1	missense_variant	uncertain significance	374824552	P43629	rs374824552	G197S	0.911		P43629	Killer cell immunoglobulin-like receptor 3DL1	Homo sapiens	Encontrado	https://alphafold.ebi.ac.uk/entry/P43629
KIR3DL1	missense_variant	uncertain significance	374824552	P43629	rs374824552	G197S	0.07		P43629	Killer cell immunoglobulin-like receptor 3DL1	Homo sapiens	Encontrado	https://alphafold.ebi.ac.uk/entry/P43629
KIR3DL1	missense_variant		374985414	P43629	rs374985414	L187F	0.028		P43629	Killer cell immunoglobulin-like receptor 3DL1	Homo sapiens	Encontrado	https://alphafold.ebi.ac.uk/entry/P43629
KIR3DL1	missense_variant		374985414	P43629	rs374985414	L187F	0.14		P43629	Killer cell immunoglobulin-like receptor 3DL1	Homo sapiens	Encontrado	https://alphafold.ebi.ac.uk/entry/P43629
KIR3DL1	missense_variant		374985414	P43629	rs374985414	L187F	0.018		P43629	Killer cell immunoglobulin-like receptor 3DL1	Homo sapiens	Encontrado	https://alphafold.ebi.ac.uk/entry/P43629
KIR3DL1	missense_variant		374985414	P43629	rs374985414	L187F	0.02		P43629	Killer cell immunoglobulin-like receptor 3DL1	Homo sapiens	Encontrado	https://alphafold.ebi.ac.uk/entry/P43629
KIR3DL1	missense_variant	uncertain significance	375462085	P43629	rs375462085	P103L	0.02		P43629	Killer cell immunoglobulin-like receptor 3DL1	Homo sapiens	Encontrado	https://alphafold.ebi.ac.uk/entry/P43629
KIR3DL1	missense_variant	uncertain significance	375462085	P43629	rs375462085	P103L	0.16		P43629	Killer cell immunoglobulin-like receptor 3DL1	Homo sapiens	Encontrado	https://alphafold.ebi.ac.uk/entry/P43629
KIR3DL1	missense_variant	uncertain significance	375462085	P43629	rs375462085	P103L	0.007		P43629	Killer cell immunoglobulin-like receptor 3DL1	Homo sapiens	Encontrado	https://alphafold.ebi.ac.uk/entry/P43629
KIR3DL1	missense_variant	uncertain significance	375462085	P43629	rs375462085	P103L	0.07		P43629	Killer cell immunoglobulin-like receptor 3DL1	Homo sapiens	Encontrado	https://alphafold.ebi.ac.uk/entry/P43629
KIR3DL1	missense_variant		375468097	P43629	rs375468097	R166H	0.003		P43629	Killer cell immunoglobulin-like receptor 3DL1	Homo sapiens	Encontrado	https://alphafold.ebi.ac.uk/entry/P43629
KIR3DL1	missense_variant		375468097	P43629	rs375468097	R166H	0.93		P43629	Killer cell immunoglobulin-like receptor 3DL1	Homo sapiens	Encontrado	https://alphafold.ebi.ac.uk/entry/P43629
KIR3DL1	missense_variant		375468097	P43629	rs375468097	R166H	0.021		P43629	Killer cell immunoglobulin-like receptor 3DL1	Homo sapiens	Encontrado	https://alphafold.ebi.ac.uk/entry/P43629
KIR3DL1	missense_variant		375468097	P43629	rs375468097	R166H	1.0		P43629	Killer cell immunoglobulin-like receptor 3DL1	Homo sapiens	Encontrado	https://alphafold.ebi.ac.uk/entry/P43629
KIR3DL1	missense_variant		375562980						P43629	Killer cell immunoglobulin-like receptor 3DL1	Homo sapiens	Encontrado	https://alphafold.ebi.ac.uk/entry/P43629
KIR3DL1	missense_variant		376086075	P43629	rs376086075	P109S	0.155		P43629	Killer cell immunoglobulin-like receptor 3DL1	Homo sapiens	Encontrado	https://alphafold.ebi.ac.uk/entry/P43629
KIR3DL1	missense_variant		376086075	P43629	rs376086075	P109S	0.42		P43629	Killer cell immunoglobulin-like receptor 3DL1	Homo sapiens	Encontrado	https://alphafold.ebi.ac.uk/entry/P43629
KIR3DL1	missense_variant		376086075	P43629	rs376086075	P109S	0.321		P43629	Killer cell immunoglobulin-like receptor 3DL1	Homo sapiens	Encontrado	https://alphafold.ebi.ac.uk/entry/P43629
KIR3DL1	missense_variant		376086075	P43629	rs376086075	P109S	0.42		P43629	Killer cell immunoglobulin-like receptor 3DL1	Homo sapiens	Encontrado	https://alphafold.ebi.ac.uk/entry/P43629
KIR3DL1	missense_variant		376516392						P43629	Killer cell immunoglobulin-like receptor 3DL1	Homo sapiens	Encontrado	https://alphafold.ebi.ac.uk/entry/P43629
KIR3DL1	missense_variant	uncertain significance	376811176	P43629	rs376811176	R298H	0.007		P43629	Killer cell immunoglobulin-like receptor 3DL1	Homo sapiens	Encontrado	https://alphafold.ebi.ac.uk/entry/P43629
KIR3DL1	missense_variant	uncertain significance	376811176	P43629	rs376811176	R298H	0.14		P43629	Killer cell immunoglobulin-like receptor 3DL1	Homo sapiens	Encontrado	https://alphafold.ebi.ac.uk/entry/P43629
KIR3DL1	missense_variant	uncertain significance	376932085						P43629	Killer cell immunoglobulin-like receptor 3DL1	Homo sapiens	Encontrado	https://alphafold.ebi.ac.uk/entry/P43629
KIR3DL1	missense_variant		377549286						P43629	Killer cell immunoglobulin-like receptor 3DL1	Homo sapiens	Encontrado	https://alphafold.ebi.ac.uk/entry/P43629
KIR3DL1	missense_variant		45459293						P43629	Killer cell immunoglobulin-like receptor 3DL1	Homo sapiens	Encontrado	https://alphafold.ebi.ac.uk/entry/P43629
KIR3DL1	missense_variant		45542639						P43629	Killer cell immunoglobulin-like receptor 3DL1	Homo sapiens	Encontrado	https://alphafold.ebi.ac.uk/entry/P43629
KIR3DL1	missense_variant		45551936						P43629	Killer cell immunoglobulin-like receptor 3DL1	Homo sapiens	Encontrado	https://alphafold.ebi.ac.uk/entry/P43629
KIR3DL1	missense_variant		45599740						P43629	Killer cell immunoglobulin-like receptor 3DL1	Homo sapiens	Encontrado	https://alphafold.ebi.ac.uk/entry/P43629
KIR3DL1	missense_variant		45624335						P43629	Killer cell immunoglobulin-like receptor 3DL1	Homo sapiens	Encontrado	https://alphafold.ebi.ac.uk/entry/P43629
KIR3DL1	missense_variant		528445113						P43629	Killer cell immunoglobulin-like receptor 3DL1	Homo sapiens	Encontrado	https://alphafold.ebi.ac.uk/entry/P43629
KIR3DL1	missense_variant	uncertain significance	531305611						P43629	Killer cell immunoglobulin-like receptor 3DL1	Homo sapiens	Encontrado	https://alphafold.ebi.ac.uk/entry/P43629
KIR3DL1	missense_variant		533930457						P43629	Killer cell immunoglobulin-like receptor 3DL1	Homo sapiens	Encontrado	https://alphafold.ebi.ac.uk/entry/P43629
KIR3DL1	missense_variant		539277916						P43629	Killer cell immunoglobulin-like receptor 3DL1	Homo sapiens	Encontrado	https://alphafold.ebi.ac.uk/entry/P43629
KIR3DL1	missense_variant		539580356						P43629	Killer cell immunoglobulin-like receptor 3DL1	Homo sapiens	Encontrado	https://alphafold.ebi.ac.uk/entry/P43629
KIR3DL1	missense_variant		542355320	P43629	rs542355320	W34C	0.705		P43629	Killer cell immunoglobulin-like receptor 3DL1	Homo sapiens	Encontrado	https://alphafold.ebi.ac.uk/entry/P43629
KIR3DL1	missense_variant		542355320	P43629	rs542355320	W34C	0.0		P43629	Killer cell immunoglobulin-like receptor 3DL1	Homo sapiens	Encontrado	https://alphafold.ebi.ac.uk/entry/P43629
KIR3DL1	missense_variant		542355320	P43629	rs542355320	W34C	0.976		P43629	Killer cell immunoglobulin-like receptor 3DL1	Homo sapiens	Encontrado	https://alphafold.ebi.ac.uk/entry/P43629
KIR3DL1	missense_variant		542355320	P43629	rs542355320	W34C	0.0		P43629	Killer cell immunoglobulin-like receptor 3DL1	Homo sapiens	Encontrado	https://alphafold.ebi.ac.uk/entry/P43629
KIR3DL1	missense_variant		543079687						P43629	Killer cell immunoglobulin-like receptor 3DL1	Homo sapiens	Encontrado	https://alphafold.ebi.ac.uk/entry/P43629
KIR3DL1	missense_variant		548514164						P43629	Killer cell immunoglobulin-like receptor 3DL1	Homo sapiens	Encontrado	https://alphafold.ebi.ac.uk/entry/P43629
KIR3DL1	missense_variant		550773169						P43629	Killer cell immunoglobulin-like receptor 3DL1	Homo sapiens	Encontrado	https://alphafold.ebi.ac.uk/entry/P43629
KIR3DL1	missense_variant		557527515						P43629	Killer cell immunoglobulin-like receptor 3DL1	Homo sapiens	Encontrado	https://alphafold.ebi.ac.uk/entry/P43629
KIR3DL1	missense_variant		558183513						P43629	Killer cell immunoglobulin-like receptor 3DL1	Homo sapiens	Encontrado	https://alphafold.ebi.ac.uk/entry/P43629
KIR3DL1	missense_variant		559245017						P43629	Killer cell immunoglobulin-like receptor 3DL1	Homo sapiens	Encontrado	https://alphafold.ebi.ac.uk/entry/P43629
KIR3DL1	missense_variant		561931925						P43629	Killer cell immunoglobulin-like receptor 3DL1	Homo sapiens	Encontrado	https://alphafold.ebi.ac.uk/entry/P43629
KIR3DL1	missense_variant		570777719						P43629	Killer cell immunoglobulin-like receptor 3DL1	Homo sapiens	Encontrado	https://alphafold.ebi.ac.uk/entry/P43629
KIR3DL1	missense_variant		571841193						P43629	Killer cell immunoglobulin-like receptor 3DL1	Homo sapiens	Encontrado	https://alphafold.ebi.ac.uk/entry/P43629
KIR3DL1	missense_variant		573252093						P43629	Killer cell immunoglobulin-like receptor 3DL1	Homo sapiens	Encontrado	https://alphafold.ebi.ac.uk/entry/P43629
KIR3DL1	missense_variant		577254016						P43629	Killer cell immunoglobulin-like receptor 3DL1	Homo sapiens	Encontrado	https://alphafold.ebi.ac.uk/entry/P43629
KIR3DL1	missense_variant		610020						P43629	Killer cell immunoglobulin-like receptor 3DL1	Homo sapiens	Encontrado	https://alphafold.ebi.ac.uk/entry/P43629
KIR3DL1	missense_variant	likely benign	62124101	P43629	rs62124101	D163N	0.065		P43629	Killer cell immunoglobulin-like receptor 3DL1	Homo sapiens	Encontrado	https://alphafold.ebi.ac.uk/entry/P43629
KIR3DL1	missense_variant	likely benign	62124101	P43629	rs62124101	D163N	0.13		P43629	Killer cell immunoglobulin-like receptor 3DL1	Homo sapiens	Encontrado	https://alphafold.ebi.ac.uk/entry/P43629
KIR3DL1	missense_variant		634254						P43629	Killer cell immunoglobulin-like receptor 3DL1	Homo sapiens	Encontrado	https://alphafold.ebi.ac.uk/entry/P43629
KIR3DL1	missense_variant		642893						P43629	Killer cell immunoglobulin-like receptor 3DL1	Homo sapiens	Encontrado	https://alphafold.ebi.ac.uk/entry/P43629
KIR3DL1	missense_variant		643347	P43629	rs643347	I68V	0.0		P43629	Killer cell immunoglobulin-like receptor 3DL1	Homo sapiens	Encontrado	https://alphafold.ebi.ac.uk/entry/P43629
KIR3DL1	missense_variant		643347	P43629	rs643347	I68V	1.0		P43629	Killer cell immunoglobulin-like receptor 3DL1	Homo sapiens	Encontrado	https://alphafold.ebi.ac.uk/entry/P43629
KIR3DL1	missense_variant	uncertain significance	643861	P43629	rs643861	V113M	0.052		P43629	Killer cell immunoglobulin-like receptor 3DL1	Homo sapiens	Encontrado	https://alphafold.ebi.ac.uk/entry/P43629
KIR3DL1	missense_variant	uncertain significance	643861	P43629	rs643861	V113M	0.01		P43629	Killer cell immunoglobulin-like receptor 3DL1	Homo sapiens	Encontrado	https://alphafold.ebi.ac.uk/entry/P43629
KIR3DL1	missense_variant	uncertain significance	652641	P43629	rs652641	G159W	0.661		P43629	Killer cell immunoglobulin-like receptor 3DL1	Homo sapiens	Encontrado	https://alphafold.ebi.ac.uk/entry/P43629
KIR3DL1	missense_variant	uncertain significance	652641	P43629	rs652641	G159W	0.01		P43629	Killer cell immunoglobulin-like receptor 3DL1	Homo sapiens	Encontrado	https://alphafold.ebi.ac.uk/entry/P43629
KIR3DL1	missense_variant		652741						P43629	Killer cell immunoglobulin-like receptor 3DL1	Homo sapiens	Encontrado	https://alphafold.ebi.ac.uk/entry/P43629
KIR3DL1	missense_variant		660405						P43629	Killer cell immunoglobulin-like receptor 3DL1	Homo sapiens	Encontrado	https://alphafold.ebi.ac.uk/entry/P43629
KIR3DL1	missense_variant		680891	P43629	rs680891	P220L	0.0		P43629	Killer cell immunoglobulin-like receptor 3DL1	Homo sapiens	Encontrado	https://alphafold.ebi.ac.uk/entry/P43629
KIR3DL1	missense_variant		680891	P43629	rs680891	P220L	1.0		P43629	Killer cell immunoglobulin-like receptor 3DL1	Homo sapiens	Encontrado	https://alphafold.ebi.ac.uk/entry/P43629
KIR3DL1	missense_variant		72629105						P43629	Killer cell immunoglobulin-like receptor 3DL1	Homo sapiens	Encontrado	https://alphafold.ebi.ac.uk/entry/P43629
KIR3DL1	missense_variant		746058933						P43629	Killer cell immunoglobulin-like receptor 3DL1	Homo sapiens	Encontrado	https://alphafold.ebi.ac.uk/entry/P43629
KIR3DL1	missense_variant		746277153						P43629	Killer cell immunoglobulin-like receptor 3DL1	Homo sapiens	Encontrado	https://alphafold.ebi.ac.uk/entry/P43629
KIR3DL1	missense_variant		746340790						P43629	Killer cell immunoglobulin-like receptor 3DL1	Homo sapiens	Encontrado	https://alphafold.ebi.ac.uk/entry/P43629
KIR3DL1	missense_variant		746815710	P43629	rs746815710	S125F	0.791		P43629	Killer cell immunoglobulin-like receptor 3DL1	Homo sapiens	Encontrado	https://alphafold.ebi.ac.uk/entry/P43629
KIR3DL1	missense_variant		746815710	P43629	rs746815710	S125F	0.09		P43629	Killer cell immunoglobulin-like receptor 3DL1	Homo sapiens	Encontrado	https://alphafold.ebi.ac.uk/entry/P43629
KIR3DL1	missense_variant		746815710	P43629	rs746815710	S125F	0.837		P43629	Killer cell immunoglobulin-like receptor 3DL1	Homo sapiens	Encontrado	https://alphafold.ebi.ac.uk/entry/P43629
KIR3DL1	missense_variant		746815710	P43629	rs746815710	S125F	0.24		P43629	Killer cell immunoglobulin-like receptor 3DL1	Homo sapiens	Encontrado	https://alphafold.ebi.ac.uk/entry/P43629
KIR3DL1	missense_variant		747896598						P43629	Killer cell immunoglobulin-like receptor 3DL1	Homo sapiens	Encontrado	https://alphafold.ebi.ac.uk/entry/P43629
KIR3DL1	missense_variant		74799106						P43629	Killer cell immunoglobulin-like receptor 3DL1	Homo sapiens	Encontrado	https://alphafold.ebi.ac.uk/entry/P43629
KIR3DL1	missense_variant		748220793						P43629	Killer cell immunoglobulin-like receptor 3DL1	Homo sapiens	Encontrado	https://alphafold.ebi.ac.uk/entry/P43629
KIR3DL1	missense_variant		748516707						P43629	Killer cell immunoglobulin-like receptor 3DL1	Homo sapiens	Encontrado	https://alphafold.ebi.ac.uk/entry/P43629
KIR3DL1	missense_variant		748525951	P43629	rs748525951	R337I	0.897		P43629	Killer cell immunoglobulin-like receptor 3DL1	Homo sapiens	Encontrado	https://alphafold.ebi.ac.uk/entry/P43629
KIR3DL1	missense_variant		748525951	P43629	rs748525951	R337I	0.01		P43629	Killer cell immunoglobulin-like receptor 3DL1	Homo sapiens	Encontrado	https://alphafold.ebi.ac.uk/entry/P43629
KIR3DL1	missense_variant		748525951	P43629	rs748525951	R337I	0.901		P43629	Killer cell immunoglobulin-like receptor 3DL1	Homo sapiens	Encontrado	https://alphafold.ebi.ac.uk/entry/P43629
KIR3DL1	missense_variant		748525951	P43629	rs748525951	R337I	0.0		P43629	Killer cell immunoglobulin-like receptor 3DL1	Homo sapiens	Encontrado	https://alphafold.ebi.ac.uk/entry/P43629
KIR3DL1	missense_variant	uncertain significance	748716415	P43629	rs748716415	F150S	0.998		P43629	Killer cell immunoglobulin-like receptor 3DL1	Homo sapiens	Encontrado	https://alphafold.ebi.ac.uk/entry/P43629
KIR3DL1	missense_variant	uncertain significance	748716415	P43629	rs748716415	F150S	0.03		P43629	Killer cell immunoglobulin-like receptor 3DL1	Homo sapiens	Encontrado	https://alphafold.ebi.ac.uk/entry/P43629
KIR3DL1	missense_variant	uncertain significance	748716415	P43629	rs748716415	F150S	0.998		P43629	Killer cell immunoglobulin-like receptor 3DL1	Homo sapiens	Encontrado	https://alphafold.ebi.ac.uk/entry/P43629
KIR3DL1	missense_variant	uncertain significance	748716415	P43629	rs748716415	F150S	0.04		P43629	Killer cell immunoglobulin-like receptor 3DL1	Homo sapiens	Encontrado	https://alphafold.ebi.ac.uk/entry/P43629
KIR3DL1	missense_variant	uncertain significance	749201527						P43629	Killer cell immunoglobulin-like receptor 3DL1	Homo sapiens	Encontrado	https://alphafold.ebi.ac.uk/entry/P43629
KIR3DL1	missense_variant		749281559						P43629	Killer cell immunoglobulin-like receptor 3DL1	Homo sapiens	Encontrado	https://alphafold.ebi.ac.uk/entry/P43629
KIR3DL1	missense_variant		749332130						P43629	Killer cell immunoglobulin-like receptor 3DL1	Homo sapiens	Encontrado	https://alphafold.ebi.ac.uk/entry/P43629
KIR3DL1	missense_variant		749838615						P43629	Killer cell immunoglobulin-like receptor 3DL1	Homo sapiens	Encontrado	https://alphafold.ebi.ac.uk/entry/P43629
KIR3DL1	missense_variant		749845194						P43629	Killer cell immunoglobulin-like receptor 3DL1	Homo sapiens	Encontrado	https://alphafold.ebi.ac.uk/entry/P43629
KIR3DL1	missense_variant		750341954						P43629	Killer cell immunoglobulin-like receptor 3DL1	Homo sapiens	Encontrado	https://alphafold.ebi.ac.uk/entry/P43629
KIR3DL1	missense_variant		751080277						P43629	Killer cell immunoglobulin-like receptor 3DL1	Homo sapiens	Encontrado	https://alphafold.ebi.ac.uk/entry/P43629
KIR3DL1	missense_variant		751196344						P43629	Killer cell immunoglobulin-like receptor 3DL1	Homo sapiens	Encontrado	https://alphafold.ebi.ac.uk/entry/P43629
KIR3DL1	missense_variant		751231423						P43629	Killer cell immunoglobulin-like receptor 3DL1	Homo sapiens	Encontrado	https://alphafold.ebi.ac.uk/entry/P43629
KIR3DL1	missense_variant		751662175						P43629	Killer cell immunoglobulin-like receptor 3DL1	Homo sapiens	Encontrado	https://alphafold.ebi.ac.uk/entry/P43629
KIR3DL1	missense_variant		751980456						P43629	Killer cell immunoglobulin-like receptor 3DL1	Homo sapiens	Encontrado	https://alphafold.ebi.ac.uk/entry/P43629
KIR3DL1	missense_variant		752589966						P43629	Killer cell immunoglobulin-like receptor 3DL1	Homo sapiens	Encontrado	https://alphafold.ebi.ac.uk/entry/P43629
KIR3DL1	missense_variant		752645369						P43629	Killer cell immunoglobulin-like receptor 3DL1	Homo sapiens	Encontrado	https://alphafold.ebi.ac.uk/entry/P43629
KIR3DL1	missense_variant		752737081						P43629	Killer cell immunoglobulin-like receptor 3DL1	Homo sapiens	Encontrado	https://alphafold.ebi.ac.uk/entry/P43629
KIR3DL1	missense_variant	uncertain significance	752768118	P43629	rs752768118	H22Q	0.007		P43629	Killer cell immunoglobulin-like receptor 3DL1	Homo sapiens	Encontrado	https://alphafold.ebi.ac.uk/entry/P43629
KIR3DL1	missense_variant	uncertain significance	752768118	P43629	rs752768118	H22Q	0.56		P43629	Killer cell immunoglobulin-like receptor 3DL1	Homo sapiens	Encontrado	https://alphafold.ebi.ac.uk/entry/P43629
KIR3DL1	missense_variant		752861582						P43629	Killer cell immunoglobulin-like receptor 3DL1	Homo sapiens	Encontrado	https://alphafold.ebi.ac.uk/entry/P43629
KIR3DL1	missense_variant		753136962						P43629	Killer cell immunoglobulin-like receptor 3DL1	Homo sapiens	Encontrado	https://alphafold.ebi.ac.uk/entry/P43629
KIR3DL1	missense_variant		753375936						P43629	Killer cell immunoglobulin-like receptor 3DL1	Homo sapiens	Encontrado	https://alphafold.ebi.ac.uk/entry/P43629
KIR3DL1	missense_variant	uncertain significance	753751772	P43629	rs753751772	P281A	0.718		P43629	Killer cell immunoglobulin-like receptor 3DL1	Homo sapiens	Encontrado	https://alphafold.ebi.ac.uk/entry/P43629
KIR3DL1	missense_variant	uncertain significance	753751772	P43629	rs753751772	P281A	0.06		P43629	Killer cell immunoglobulin-like receptor 3DL1	Homo sapiens	Encontrado	https://alphafold.ebi.ac.uk/entry/P43629
KIR3DL1	missense_variant	uncertain significance	753751772	P43629	rs753751772	P281S	0.339		P43629	Killer cell immunoglobulin-like receptor 3DL1	Homo sapiens	Encontrado	https://alphafold.ebi.ac.uk/entry/P43629
KIR3DL1	missense_variant	uncertain significance	753751772	P43629	rs753751772	P281S	0.12		P43629	Killer cell immunoglobulin-like receptor 3DL1	Homo sapiens	Encontrado	https://alphafold.ebi.ac.uk/entry/P43629
KIR3DL1	missense_variant		754195550						P43629	Killer cell immunoglobulin-like receptor 3DL1	Homo sapiens	Encontrado	https://alphafold.ebi.ac.uk/entry/P43629
KIR3DL1	missense_variant		754389617						P43629	Killer cell immunoglobulin-like receptor 3DL1	Homo sapiens	Encontrado	https://alphafold.ebi.ac.uk/entry/P43629
KIR3DL1	missense_variant		754618802						P43629	Killer cell immunoglobulin-like receptor 3DL1	Homo sapiens	Encontrado	https://alphafold.ebi.ac.uk/entry/P43629
KIR3DL1	missense_variant		754894112						P43629	Killer cell immunoglobulin-like receptor 3DL1	Homo sapiens	Encontrado	https://alphafold.ebi.ac.uk/entry/P43629
KIR3DL1	missense_variant	uncertain significance	755378071						P43629	Killer cell immunoglobulin-like receptor 3DL1	Homo sapiens	Encontrado	https://alphafold.ebi.ac.uk/entry/P43629
KIR3DL1	missense_variant		755959119						P43629	Killer cell immunoglobulin-like receptor 3DL1	Homo sapiens	Encontrado	https://alphafold.ebi.ac.uk/entry/P43629
KIR3DL1	missense_variant		756158462						P43629	Killer cell immunoglobulin-like receptor 3DL1	Homo sapiens	Encontrado	https://alphafold.ebi.ac.uk/entry/P43629
KIR3DL1	missense_variant		756691092	P43629	rs756691092	R48W	0.017		P43629	Killer cell immunoglobulin-like receptor 3DL1	Homo sapiens	Encontrado	https://alphafold.ebi.ac.uk/entry/P43629
KIR3DL1	missense_variant		756691092	P43629	rs756691092	R48W	0.24		P43629	Killer cell immunoglobulin-like receptor 3DL1	Homo sapiens	Encontrado	https://alphafold.ebi.ac.uk/entry/P43629
KIR3DL1	missense_variant		756691092	P43629	rs756691092	R48W	0.01		P43629	Killer cell immunoglobulin-like receptor 3DL1	Homo sapiens	Encontrado	https://alphafold.ebi.ac.uk/entry/P43629
KIR3DL1	missense_variant		756691092	P43629	rs756691092	R48W	0.17		P43629	Killer cell immunoglobulin-like receptor 3DL1	Homo sapiens	Encontrado	https://alphafold.ebi.ac.uk/entry/P43629
KIR3DL1	missense_variant		756913234						P43629	Killer cell immunoglobulin-like receptor 3DL1	Homo sapiens	Encontrado	https://alphafold.ebi.ac.uk/entry/P43629
KIR3DL1	missense_variant	uncertain significance	757344213	P43629	rs757344213	V45M	0.971		P43629	Killer cell immunoglobulin-like receptor 3DL1	Homo sapiens	Encontrado	https://alphafold.ebi.ac.uk/entry/P43629
KIR3DL1	missense_variant	uncertain significance	757344213	P43629	rs757344213	V45M	0.0		P43629	Killer cell immunoglobulin-like receptor 3DL1	Homo sapiens	Encontrado	https://alphafold.ebi.ac.uk/entry/P43629
KIR3DL1	missense_variant	uncertain significance	757344213	P43629	rs757344213	V45M	0.955		P43629	Killer cell immunoglobulin-like receptor 3DL1	Homo sapiens	Encontrado	https://alphafold.ebi.ac.uk/entry/P43629
KIR3DL1	missense_variant	uncertain significance	757344213	P43629	rs757344213	V45M	0.0		P43629	Killer cell immunoglobulin-like receptor 3DL1	Homo sapiens	Encontrado	https://alphafold.ebi.ac.uk/entry/P43629
KIR3DL1	missense_variant		757576373						P43629	Killer cell immunoglobulin-like receptor 3DL1	Homo sapiens	Encontrado	https://alphafold.ebi.ac.uk/entry/P43629
KIR3DL1	missense_variant		758320795						P43629	Killer cell immunoglobulin-like receptor 3DL1	Homo sapiens	Encontrado	https://alphafold.ebi.ac.uk/entry/P43629
KIR3DL1	missense_variant		759143204						P43629	Killer cell immunoglobulin-like receptor 3DL1	Homo sapiens	Encontrado	https://alphafold.ebi.ac.uk/entry/P43629
KIR3DL1	missense_variant		759446937						P43629	Killer cell immunoglobulin-like receptor 3DL1	Homo sapiens	Encontrado	https://alphafold.ebi.ac.uk/entry/P43629
KIR3DL1	missense_variant		759587974						P43629	Killer cell immunoglobulin-like receptor 3DL1	Homo sapiens	Encontrado	https://alphafold.ebi.ac.uk/entry/P43629
KIR3DL1	missense_variant		759801371						P43629	Killer cell immunoglobulin-like receptor 3DL1	Homo sapiens	Encontrado	https://alphafold.ebi.ac.uk/entry/P43629
KIR3DL1	missense_variant	uncertain significance	759968155	P43629	rs759968155	R247W	0.019		P43629	Killer cell immunoglobulin-like receptor 3DL1	Homo sapiens	Encontrado	https://alphafold.ebi.ac.uk/entry/P43629
KIR3DL1	missense_variant	uncertain significance	759968155	P43629	rs759968155	R247W	0.13		P43629	Killer cell immunoglobulin-like receptor 3DL1	Homo sapiens	Encontrado	https://alphafold.ebi.ac.uk/entry/P43629
KIR3DL1	missense_variant		760164223						P43629	Killer cell immunoglobulin-like receptor 3DL1	Homo sapiens	Encontrado	https://alphafold.ebi.ac.uk/entry/P43629
KIR3DL1	missense_variant		760367702						P43629	Killer cell immunoglobulin-like receptor 3DL1	Homo sapiens	Encontrado	https://alphafold.ebi.ac.uk/entry/P43629
KIR3DL1	missense_variant		760868943						P43629	Killer cell immunoglobulin-like receptor 3DL1	Homo sapiens	Encontrado	https://alphafold.ebi.ac.uk/entry/P43629
KIR3DL1	missense_variant		761309354						P43629	Killer cell immunoglobulin-like receptor 3DL1	Homo sapiens	Encontrado	https://alphafold.ebi.ac.uk/entry/P43629
KIR3DL1	missense_variant		761972118	P43629	rs761972118	M82I	0.011		P43629	Killer cell immunoglobulin-like receptor 3DL1	Homo sapiens	Encontrado	https://alphafold.ebi.ac.uk/entry/P43629
KIR3DL1	missense_variant		761972118	P43629	rs761972118	M82I	0.46		P43629	Killer cell immunoglobulin-like receptor 3DL1	Homo sapiens	Encontrado	https://alphafold.ebi.ac.uk/entry/P43629
KIR3DL1	missense_variant		761972118	P43629	rs761972118	M82I	0.003		P43629	Killer cell immunoglobulin-like receptor 3DL1	Homo sapiens	Encontrado	https://alphafold.ebi.ac.uk/entry/P43629
KIR3DL1	missense_variant		761972118	P43629	rs761972118	M82I	0.32		P43629	Killer cell immunoglobulin-like receptor 3DL1	Homo sapiens	Encontrado	https://alphafold.ebi.ac.uk/entry/P43629
KIR3DL1	missense_variant		762178831						P43629	Killer cell immunoglobulin-like receptor 3DL1	Homo sapiens	Encontrado	https://alphafold.ebi.ac.uk/entry/P43629
KIR3DL1	missense_variant		762387775						P43629	Killer cell immunoglobulin-like receptor 3DL1	Homo sapiens	Encontrado	https://alphafold.ebi.ac.uk/entry/P43629
KIR3DL1	missense_variant		762734480						P43629	Killer cell immunoglobulin-like receptor 3DL1	Homo sapiens	Encontrado	https://alphafold.ebi.ac.uk/entry/P43629
KIR3DL1	missense_variant		762944489	P43629	rs762944489	V348I	0.515		P43629	Killer cell immunoglobulin-like receptor 3DL1	Homo sapiens	Encontrado	https://alphafold.ebi.ac.uk/entry/P43629
KIR3DL1	missense_variant		762944489	P43629	rs762944489	V348I	0.0		P43629	Killer cell immunoglobulin-like receptor 3DL1	Homo sapiens	Encontrado	https://alphafold.ebi.ac.uk/entry/P43629
KIR3DL1	missense_variant		762944489	P43629	rs762944489	V348I	0.525		P43629	Killer cell immunoglobulin-like receptor 3DL1	Homo sapiens	Encontrado	https://alphafold.ebi.ac.uk/entry/P43629
KIR3DL1	missense_variant		762944489	P43629	rs762944489	V348I	0.0		P43629	Killer cell immunoglobulin-like receptor 3DL1	Homo sapiens	Encontrado	https://alphafold.ebi.ac.uk/entry/P43629
KIR3DL1	missense_variant		763390310						P43629	Killer cell immunoglobulin-like receptor 3DL1	Homo sapiens	Encontrado	https://alphafold.ebi.ac.uk/entry/P43629
KIR3DL1	missense_variant		763631163						P43629	Killer cell immunoglobulin-like receptor 3DL1	Homo sapiens	Encontrado	https://alphafold.ebi.ac.uk/entry/P43629
KIR3DL1	missense_variant	uncertain significance	763946257	P43629	rs763946257	G137E	0.893		P43629	Killer cell immunoglobulin-like receptor 3DL1	Homo sapiens	Encontrado	https://alphafold.ebi.ac.uk/entry/P43629
KIR3DL1	missense_variant	uncertain significance	763946257	P43629	rs763946257	G137E	0.18		P43629	Killer cell immunoglobulin-like receptor 3DL1	Homo sapiens	Encontrado	https://alphafold.ebi.ac.uk/entry/P43629
KIR3DL1	missense_variant		764595275						P43629	Killer cell immunoglobulin-like receptor 3DL1	Homo sapiens	Encontrado	https://alphafold.ebi.ac.uk/entry/P43629
KIR3DL1	missense_variant		765254208						P43629	Killer cell immunoglobulin-like receptor 3DL1	Homo sapiens	Encontrado	https://alphafold.ebi.ac.uk/entry/P43629
KIR3DL1	missense_variant		765452638						P43629	Killer cell immunoglobulin-like receptor 3DL1	Homo sapiens	Encontrado	https://alphafold.ebi.ac.uk/entry/P43629
KIR3DL1	missense_variant		765678495						P43629	Killer cell immunoglobulin-like receptor 3DL1	Homo sapiens	Encontrado	https://alphafold.ebi.ac.uk/entry/P43629
KIR3DL1	missense_variant	uncertain significance	766061635	P43629	rs766061635	T202I	0.009		P43629	Killer cell immunoglobulin-like receptor 3DL1	Homo sapiens	Encontrado	https://alphafold.ebi.ac.uk/entry/P43629
KIR3DL1	missense_variant	uncertain significance	766061635	P43629	rs766061635	T202I	0.02		P43629	Killer cell immunoglobulin-like receptor 3DL1	Homo sapiens	Encontrado	https://alphafold.ebi.ac.uk/entry/P43629
KIR3DL1	missense_variant		766260694						P43629	Killer cell immunoglobulin-like receptor 3DL1	Homo sapiens	Encontrado	https://alphafold.ebi.ac.uk/entry/P43629
KIR3DL1	missense_variant		766797051						P43629	Killer cell immunoglobulin-like receptor 3DL1	Homo sapiens	Encontrado	https://alphafold.ebi.ac.uk/entry/P43629
KIR3DL1	missense_variant		766889863						P43629	Killer cell immunoglobulin-like receptor 3DL1	Homo sapiens	Encontrado	https://alphafold.ebi.ac.uk/entry/P43629
KIR3DL1	missense_variant		766994260						P43629	Killer cell immunoglobulin-like receptor 3DL1	Homo sapiens	Encontrado	https://alphafold.ebi.ac.uk/entry/P43629
KIR3DL1	missense_variant		767415831						P43629	Killer cell immunoglobulin-like receptor 3DL1	Homo sapiens	Encontrado	https://alphafold.ebi.ac.uk/entry/P43629
KIR3DL1	missense_variant		767701987						P43629	Killer cell immunoglobulin-like receptor 3DL1	Homo sapiens	Encontrado	https://alphafold.ebi.ac.uk/entry/P43629
KIR3DL1	missense_variant		767810286						P43629	Killer cell immunoglobulin-like receptor 3DL1	Homo sapiens	Encontrado	https://alphafold.ebi.ac.uk/entry/P43629
KIR3DL1	missense_variant		768378912						P43629	Killer cell immunoglobulin-like receptor 3DL1	Homo sapiens	Encontrado	https://alphafold.ebi.ac.uk/entry/P43629
KIR3DL1	missense_variant		768761860						P43629	Killer cell immunoglobulin-like receptor 3DL1	Homo sapiens	Encontrado	https://alphafold.ebi.ac.uk/entry/P43629
KIR3DL1	missense_variant		769147743						P43629	Killer cell immunoglobulin-like receptor 3DL1	Homo sapiens	Encontrado	https://alphafold.ebi.ac.uk/entry/P43629
KIR3DL1	missense_variant		769364939						P43629	Killer cell immunoglobulin-like receptor 3DL1	Homo sapiens	Encontrado	https://alphafold.ebi.ac.uk/entry/P43629
KIR3DL1	missense_variant		769553279						P43629	Killer cell immunoglobulin-like receptor 3DL1	Homo sapiens	Encontrado	https://alphafold.ebi.ac.uk/entry/P43629
KIR3DL1	missense_variant	uncertain significance	769746483	P43629	rs769746483	Q235L	0.0		P43629	Killer cell immunoglobulin-like receptor 3DL1	Homo sapiens	Encontrado	https://alphafold.ebi.ac.uk/entry/P43629
KIR3DL1	missense_variant	uncertain significance	769746483	P43629	rs769746483	Q235L	0.14		P43629	Killer cell immunoglobulin-like receptor 3DL1	Homo sapiens	Encontrado	https://alphafold.ebi.ac.uk/entry/P43629
KIR3DL1	missense_variant		769796343						P43629	Killer cell immunoglobulin-like receptor 3DL1	Homo sapiens	Encontrado	https://alphafold.ebi.ac.uk/entry/P43629
KIR3DL1	missense_variant		769992136	P43629	rs769992136	A128T	0.959		P43629	Killer cell immunoglobulin-like receptor 3DL1	Homo sapiens	Encontrado	https://alphafold.ebi.ac.uk/entry/P43629
KIR3DL1	missense_variant		769992136	P43629	rs769992136	A128T	0.0		P43629	Killer cell immunoglobulin-like receptor 3DL1	Homo sapiens	Encontrado	https://alphafold.ebi.ac.uk/entry/P43629
KIR3DL1	missense_variant		769992136	P43629	rs769992136	A128T	0.935		P43629	Killer cell immunoglobulin-like receptor 3DL1	Homo sapiens	Encontrado	https://alphafold.ebi.ac.uk/entry/P43629
KIR3DL1	missense_variant		769992136	P43629	rs769992136	A128T	0.01		P43629	Killer cell immunoglobulin-like receptor 3DL1	Homo sapiens	Encontrado	https://alphafold.ebi.ac.uk/entry/P43629
KIR3DL1	missense_variant		770048175	P43629	rs770048175	F30S	0.012		P43629	Killer cell immunoglobulin-like receptor 3DL1	Homo sapiens	Encontrado	https://alphafold.ebi.ac.uk/entry/P43629
KIR3DL1	missense_variant		770048175	P43629	rs770048175	F30S	0.8		P43629	Killer cell immunoglobulin-like receptor 3DL1	Homo sapiens	Encontrado	https://alphafold.ebi.ac.uk/entry/P43629
KIR3DL1	missense_variant		770048175	P43629	rs770048175	F30S	0.162		P43629	Killer cell immunoglobulin-like receptor 3DL1	Homo sapiens	Encontrado	https://alphafold.ebi.ac.uk/entry/P43629
KIR3DL1	missense_variant		770048175	P43629	rs770048175	F30S	0.89		P43629	Killer cell immunoglobulin-like receptor 3DL1	Homo sapiens	Encontrado	https://alphafold.ebi.ac.uk/entry/P43629
KIR3DL1	missense_variant		770235425						P43629	Killer cell immunoglobulin-like receptor 3DL1	Homo sapiens	Encontrado	https://alphafold.ebi.ac.uk/entry/P43629
KIR3DL1	missense_variant		770280977						P43629	Killer cell immunoglobulin-like receptor 3DL1	Homo sapiens	Encontrado	https://alphafold.ebi.ac.uk/entry/P43629
KIR3DL1	missense_variant		770345968	P43629	rs770345968	H53N	0.019		P43629	Killer cell immunoglobulin-like receptor 3DL1	Homo sapiens	Encontrado	https://alphafold.ebi.ac.uk/entry/P43629
KIR3DL1	missense_variant		770345968	P43629	rs770345968	H53N	0.31		P43629	Killer cell immunoglobulin-like receptor 3DL1	Homo sapiens	Encontrado	https://alphafold.ebi.ac.uk/entry/P43629
KIR3DL1	missense_variant		770345968	P43629	rs770345968	H53N	0.248		P43629	Killer cell immunoglobulin-like receptor 3DL1	Homo sapiens	Encontrado	https://alphafold.ebi.ac.uk/entry/P43629
KIR3DL1	missense_variant		770345968	P43629	rs770345968	H53N	0.31		P43629	Killer cell immunoglobulin-like receptor 3DL1	Homo sapiens	Encontrado	https://alphafold.ebi.ac.uk/entry/P43629
KIR3DL1	missense_variant		771195198						P43629	Killer cell immunoglobulin-like receptor 3DL1	Homo sapiens	Encontrado	https://alphafold.ebi.ac.uk/entry/P43629
KIR3DL1	missense_variant	uncertain significance	771673513						P43629	Killer cell immunoglobulin-like receptor 3DL1	Homo sapiens	Encontrado	https://alphafold.ebi.ac.uk/entry/P43629
KIR3DL1	missense_variant		771871523						P43629	Killer cell immunoglobulin-like receptor 3DL1	Homo sapiens	Encontrado	https://alphafold.ebi.ac.uk/entry/P43629
KIR3DL1	missense_variant		771891858						P43629	Killer cell immunoglobulin-like receptor 3DL1	Homo sapiens	Encontrado	https://alphafold.ebi.ac.uk/entry/P43629
KIR3DL1	missense_variant		772169483						P43629	Killer cell immunoglobulin-like receptor 3DL1	Homo sapiens	Encontrado	https://alphafold.ebi.ac.uk/entry/P43629
KIR3DL1	missense_variant		772255885						P43629	Killer cell immunoglobulin-like receptor 3DL1	Homo sapiens	Encontrado	https://alphafold.ebi.ac.uk/entry/P43629
KIR3DL1	missense_variant		772894001						P43629	Killer cell immunoglobulin-like receptor 3DL1	Homo sapiens	Encontrado	https://alphafold.ebi.ac.uk/entry/P43629
KIR3DL1	missense_variant		773095578						P43629	Killer cell immunoglobulin-like receptor 3DL1	Homo sapiens	Encontrado	https://alphafold.ebi.ac.uk/entry/P43629
KIR3DL1	missense_variant		773183351						P43629	Killer cell immunoglobulin-like receptor 3DL1	Homo sapiens	Encontrado	https://alphafold.ebi.ac.uk/entry/P43629
KIR3DL1	missense_variant		773909194						P43629	Killer cell immunoglobulin-like receptor 3DL1	Homo sapiens	Encontrado	https://alphafold.ebi.ac.uk/entry/P43629
KIR3DL1	missense_variant	uncertain significance	774180011	P43629	rs774180011	M82T	0.124		P43629	Killer cell immunoglobulin-like receptor 3DL1	Homo sapiens	Encontrado	https://alphafold.ebi.ac.uk/entry/P43629
KIR3DL1	missense_variant	uncertain significance	774180011	P43629	rs774180011	M82T	0.02		P43629	Killer cell immunoglobulin-like receptor 3DL1	Homo sapiens	Encontrado	https://alphafold.ebi.ac.uk/entry/P43629
KIR3DL1	missense_variant		774320247						P43629	Killer cell immunoglobulin-like receptor 3DL1	Homo sapiens	Encontrado	https://alphafold.ebi.ac.uk/entry/P43629
KIR3DL1	missense_variant		774995978	P43629	rs774995978	H172N	0.347		P43629	Killer cell immunoglobulin-like receptor 3DL1	Homo sapiens	Encontrado	https://alphafold.ebi.ac.uk/entry/P43629
KIR3DL1	missense_variant		774995978	P43629	rs774995978	H172N	0.07		P43629	Killer cell immunoglobulin-like receptor 3DL1	Homo sapiens	Encontrado	https://alphafold.ebi.ac.uk/entry/P43629
KIR3DL1	missense_variant		774995978	P43629	rs774995978	H172N	0.837		P43629	Killer cell immunoglobulin-like receptor 3DL1	Homo sapiens	Encontrado	https://alphafold.ebi.ac.uk/entry/P43629
KIR3DL1	missense_variant		774995978	P43629	rs774995978	H172N	0.01		P43629	Killer cell immunoglobulin-like receptor 3DL1	Homo sapiens	Encontrado	https://alphafold.ebi.ac.uk/entry/P43629
KIR3DL1	missense_variant		775089307						P43629	Killer cell immunoglobulin-like receptor 3DL1	Homo sapiens	Encontrado	https://alphafold.ebi.ac.uk/entry/P43629
KIR3DL1	missense_variant		775110236						P43629	Killer cell immunoglobulin-like receptor 3DL1	Homo sapiens	Encontrado	https://alphafold.ebi.ac.uk/entry/P43629
KIR3DL1	missense_variant		776257501						P43629	Killer cell immunoglobulin-like receptor 3DL1	Homo sapiens	Encontrado	https://alphafold.ebi.ac.uk/entry/P43629
KIR3DL1	missense_variant	uncertain significance	776424441	P43629	rs776424441	A37T	0.001		P43629	Killer cell immunoglobulin-like receptor 3DL1	Homo sapiens	Encontrado	https://alphafold.ebi.ac.uk/entry/P43629
KIR3DL1	missense_variant	uncertain significance	776424441	P43629	rs776424441	A37T	0.19		P43629	Killer cell immunoglobulin-like receptor 3DL1	Homo sapiens	Encontrado	https://alphafold.ebi.ac.uk/entry/P43629
KIR3DL1	missense_variant		776801767						P43629	Killer cell immunoglobulin-like receptor 3DL1	Homo sapiens	Encontrado	https://alphafold.ebi.ac.uk/entry/P43629
KIR3DL1	missense_variant		776888882						P43629	Killer cell immunoglobulin-like receptor 3DL1	Homo sapiens	Encontrado	https://alphafold.ebi.ac.uk/entry/P43629
KIR3DL1	missense_variant		776903609						P43629	Killer cell immunoglobulin-like receptor 3DL1	Homo sapiens	Encontrado	https://alphafold.ebi.ac.uk/entry/P43629
KIR3DL1	missense_variant		777275750						P43629	Killer cell immunoglobulin-like receptor 3DL1	Homo sapiens	Encontrado	https://alphafold.ebi.ac.uk/entry/P43629
KIR3DL1	missense_variant		777497702						P43629	Killer cell immunoglobulin-like receptor 3DL1	Homo sapiens	Encontrado	https://alphafold.ebi.ac.uk/entry/P43629
KIR3DL1	missense_variant		777577843	P43629	rs777577843	R52C	0.062		P43629	Killer cell immunoglobulin-like receptor 3DL1	Homo sapiens	Encontrado	https://alphafold.ebi.ac.uk/entry/P43629
KIR3DL1	missense_variant		777577843	P43629	rs777577843	R52C	0.1		P43629	Killer cell immunoglobulin-like receptor 3DL1	Homo sapiens	Encontrado	https://alphafold.ebi.ac.uk/entry/P43629
KIR3DL1	missense_variant		777577843	P43629	rs777577843	R52C	0.562		P43629	Killer cell immunoglobulin-like receptor 3DL1	Homo sapiens	Encontrado	https://alphafold.ebi.ac.uk/entry/P43629
KIR3DL1	missense_variant		777577843	P43629	rs777577843	R52C	0.1		P43629	Killer cell immunoglobulin-like receptor 3DL1	Homo sapiens	Encontrado	https://alphafold.ebi.ac.uk/entry/P43629
KIR3DL1	missense_variant		777579563						P43629	Killer cell immunoglobulin-like receptor 3DL1	Homo sapiens	Encontrado	https://alphafold.ebi.ac.uk/entry/P43629
KIR3DL1	missense_variant		777753545						P43629	Killer cell immunoglobulin-like receptor 3DL1	Homo sapiens	Encontrado	https://alphafold.ebi.ac.uk/entry/P43629
KIR3DL1	missense_variant		778020788						P43629	Killer cell immunoglobulin-like receptor 3DL1	Homo sapiens	Encontrado	https://alphafold.ebi.ac.uk/entry/P43629
KIR3DL1	missense_variant		778124977						P43629	Killer cell immunoglobulin-like receptor 3DL1	Homo sapiens	Encontrado	https://alphafold.ebi.ac.uk/entry/P43629
KIR3DL1	missense_variant	uncertain significance	778270355	P43629	rs778270355	M185K	0.986		P43629	Killer cell immunoglobulin-like receptor 3DL1	Homo sapiens	Encontrado	https://alphafold.ebi.ac.uk/entry/P43629
KIR3DL1	missense_variant	uncertain significance	778270355	P43629	rs778270355	M185K	0.02		P43629	Killer cell immunoglobulin-like receptor 3DL1	Homo sapiens	Encontrado	https://alphafold.ebi.ac.uk/entry/P43629
KIR3DL1	missense_variant	uncertain significance	778270355	P43629	rs778270355	M185K	0.756		P43629	Killer cell immunoglobulin-like receptor 3DL1	Homo sapiens	Encontrado	https://alphafold.ebi.ac.uk/entry/P43629
KIR3DL1	missense_variant	uncertain significance	778270355	P43629	rs778270355	M185K	0.04		P43629	Killer cell immunoglobulin-like receptor 3DL1	Homo sapiens	Encontrado	https://alphafold.ebi.ac.uk/entry/P43629
KIR3DL1	missense_variant		778638220						P43629	Killer cell immunoglobulin-like receptor 3DL1	Homo sapiens	Encontrado	https://alphafold.ebi.ac.uk/entry/P43629
KIR3DL1	missense_variant		778694985						P43629	Killer cell immunoglobulin-like receptor 3DL1	Homo sapiens	Encontrado	https://alphafold.ebi.ac.uk/entry/P43629
KIR3DL1	missense_variant		778994541						P43629	Killer cell immunoglobulin-like receptor 3DL1	Homo sapiens	Encontrado	https://alphafold.ebi.ac.uk/entry/P43629
KIR3DL1	missense_variant		779002817	P43629	rs779002817	G20S	0.001		P43629	Killer cell immunoglobulin-like receptor 3DL1	Homo sapiens	Encontrado	https://alphafold.ebi.ac.uk/entry/P43629
KIR3DL1	missense_variant		779002817	P43629	rs779002817	G20S	0.2		P43629	Killer cell immunoglobulin-like receptor 3DL1	Homo sapiens	Encontrado	https://alphafold.ebi.ac.uk/entry/P43629
KIR3DL1	missense_variant		779002817	P43629	rs779002817	G20S	0.001		P43629	Killer cell immunoglobulin-like receptor 3DL1	Homo sapiens	Encontrado	https://alphafold.ebi.ac.uk/entry/P43629
KIR3DL1	missense_variant		779002817	P43629	rs779002817	G20S	0.12		P43629	Killer cell immunoglobulin-like receptor 3DL1	Homo sapiens	Encontrado	https://alphafold.ebi.ac.uk/entry/P43629
KIR3DL1	missense_variant		779085160	P43629	rs779085160	L167F	0.914		P43629	Killer cell immunoglobulin-like receptor 3DL1	Homo sapiens	Encontrado	https://alphafold.ebi.ac.uk/entry/P43629
KIR3DL1	missense_variant		779085160	P43629	rs779085160	L167F	0.12		P43629	Killer cell immunoglobulin-like receptor 3DL1	Homo sapiens	Encontrado	https://alphafold.ebi.ac.uk/entry/P43629
KIR3DL1	missense_variant		779085160	P43629	rs779085160	L167F	0.935		P43629	Killer cell immunoglobulin-like receptor 3DL1	Homo sapiens	Encontrado	https://alphafold.ebi.ac.uk/entry/P43629
KIR3DL1	missense_variant		779085160	P43629	rs779085160	L167F	0.02		P43629	Killer cell immunoglobulin-like receptor 3DL1	Homo sapiens	Encontrado	https://alphafold.ebi.ac.uk/entry/P43629
KIR3DL1	missense_variant		780506830						P43629	Killer cell immunoglobulin-like receptor 3DL1	Homo sapiens	Encontrado	https://alphafold.ebi.ac.uk/entry/P43629
KIR3DL1	missense_variant		780522843						P43629	Killer cell immunoglobulin-like receptor 3DL1	Homo sapiens	Encontrado	https://alphafold.ebi.ac.uk/entry/P43629
KIR3DL1	missense_variant	uncertain significance	780705207						P43629	Killer cell immunoglobulin-like receptor 3DL1	Homo sapiens	Encontrado	https://alphafold.ebi.ac.uk/entry/P43629
KIR3DL1	missense_variant		781364223						P43629	Killer cell immunoglobulin-like receptor 3DL1	Homo sapiens	Encontrado	https://alphafold.ebi.ac.uk/entry/P43629
KIR3DL1	missense_variant		781579173						P43629	Killer cell immunoglobulin-like receptor 3DL1	Homo sapiens	Encontrado	https://alphafold.ebi.ac.uk/entry/P43629
KIR3DL1	missense_variant		796737833						P43629	Killer cell immunoglobulin-like receptor 3DL1	Homo sapiens	Encontrado	https://alphafold.ebi.ac.uk/entry/P43629
KIR3DL1	missense_variant		866987045						P43629	Killer cell immunoglobulin-like receptor 3DL1	Homo sapiens	Encontrado	https://alphafold.ebi.ac.uk/entry/P43629
KIR3DL1	missense_variant		867799084						P43629	Killer cell immunoglobulin-like receptor 3DL1	Homo sapiens	Encontrado	https://alphafold.ebi.ac.uk/entry/P43629
KIR3DL1	missense_variant		868010171						P43629	Killer cell immunoglobulin-like receptor 3DL1	Homo sapiens	Encontrado	https://alphafold.ebi.ac.uk/entry/P43629
KIR3DL1	missense_variant		917232923						P43629	Killer cell immunoglobulin-like receptor 3DL1	Homo sapiens	Encontrado	https://alphafold.ebi.ac.uk/entry/P43629
KIR3DL1	missense_variant	uncertain significance	952277445	P43629	rs952277445	E303K	0.413		P43629	Killer cell immunoglobulin-like receptor 3DL1	Homo sapiens	Encontrado	https://alphafold.ebi.ac.uk/entry/P43629
KIR3DL1	missense_variant	uncertain significance	952277445	P43629	rs952277445	E303K	0.4		P43629	Killer cell immunoglobulin-like receptor 3DL1	Homo sapiens	Encontrado	https://alphafold.ebi.ac.uk/entry/P43629
KIR3DL1	missense_variant	uncertain significance	952277445	P43629	rs952277445	E303K	0.028		P43629	Killer cell immunoglobulin-like receptor 3DL1	Homo sapiens	Encontrado	https://alphafold.ebi.ac.uk/entry/P43629
KIR3DL1	missense_variant	uncertain significance	952277445	P43629	rs952277445	E303K	0.38		P43629	Killer cell immunoglobulin-like receptor 3DL1	Homo sapiens	Encontrado	https://alphafold.ebi.ac.uk/entry/P43629
KIR3DL1	missense_variant		984592565						P43629	Killer cell immunoglobulin-like receptor 3DL1	Homo sapiens	Encontrado	https://alphafold.ebi.ac.uk/entry/P43629
KIR3DL1	missense_variant		992395660						P43629	Killer cell immunoglobulin-like receptor 3DL1	Homo sapiens	Encontrado	https://alphafold.ebi.ac.uk/entry/P43629
