Gene	Consequencia	Significancia_Clinica	rs_key	UniProt_ID	rsID_dbSNP	Proteina_Mudanca	AlphaMissense_Score	AlphaMissense_Classificacao	ID_UniProt	Nome_Proteina	Organismo	Status	Link_AlphaFold
TNFRSF10A	missense_variant	uncertain significance	1000401382						O00220	Tumor necrosis factor receptor superfamily member 10A	Homo sapiens	Encontrado	https://alphafold.ebi.ac.uk/entry/O00220
TNFRSF10A	missense_variant		1005312028						O00220	Tumor necrosis factor receptor superfamily member 10A	Homo sapiens	Encontrado	https://alphafold.ebi.ac.uk/entry/O00220
TNFRSF10A	missense_variant		1013888975						O00220	Tumor necrosis factor receptor superfamily member 10A	Homo sapiens	Encontrado	https://alphafold.ebi.ac.uk/entry/O00220
TNFRSF10A	missense_variant		1021603055	O00220	rs1021603055	G129R	0.031		O00220	Tumor necrosis factor receptor superfamily member 10A	Homo sapiens	Encontrado	https://alphafold.ebi.ac.uk/entry/O00220
TNFRSF10A	missense_variant		1021603055	O00220	rs1021603055	G129R	0.7		O00220	Tumor necrosis factor receptor superfamily member 10A	Homo sapiens	Encontrado	https://alphafold.ebi.ac.uk/entry/O00220
TNFRSF10A	missense_variant		1021603055	O00220	rs1021603055	G129R	0.031		O00220	Tumor necrosis factor receptor superfamily member 10A	Homo sapiens	Encontrado	https://alphafold.ebi.ac.uk/entry/O00220
TNFRSF10A	missense_variant		1021603055	O00220	rs1021603055	G129R	0.53		O00220	Tumor necrosis factor receptor superfamily member 10A	Homo sapiens	Encontrado	https://alphafold.ebi.ac.uk/entry/O00220
TNFRSF10A	missense_variant		1028332865						O00220	Tumor necrosis factor receptor superfamily member 10A	Homo sapiens	Encontrado	https://alphafold.ebi.ac.uk/entry/O00220
TNFRSF10A	missense_variant		1028788152						O00220	Tumor necrosis factor receptor superfamily member 10A	Homo sapiens	Encontrado	https://alphafold.ebi.ac.uk/entry/O00220
TNFRSF10A	missense_variant		1029827183						O00220	Tumor necrosis factor receptor superfamily member 10A	Homo sapiens	Encontrado	https://alphafold.ebi.ac.uk/entry/O00220
TNFRSF10A	missense_variant		1032613329						O00220	Tumor necrosis factor receptor superfamily member 10A	Homo sapiens	Encontrado	https://alphafold.ebi.ac.uk/entry/O00220
TNFRSF10A	missense_variant		1032709564						O00220	Tumor necrosis factor receptor superfamily member 10A	Homo sapiens	Encontrado	https://alphafold.ebi.ac.uk/entry/O00220
TNFRSF10A	missense_variant		1039298084						O00220	Tumor necrosis factor receptor superfamily member 10A	Homo sapiens	Encontrado	https://alphafold.ebi.ac.uk/entry/O00220
TNFRSF10A	missense_variant		1039881745						O00220	Tumor necrosis factor receptor superfamily member 10A	Homo sapiens	Encontrado	https://alphafold.ebi.ac.uk/entry/O00220
TNFRSF10A	missense_variant		1040148065						O00220	Tumor necrosis factor receptor superfamily member 10A	Homo sapiens	Encontrado	https://alphafold.ebi.ac.uk/entry/O00220
TNFRSF10A	missense_variant		1045481206						O00220	Tumor necrosis factor receptor superfamily member 10A	Homo sapiens	Encontrado	https://alphafold.ebi.ac.uk/entry/O00220
TNFRSF10A	missense_variant		1048734971						O00220	Tumor necrosis factor receptor superfamily member 10A	Homo sapiens	Encontrado	https://alphafold.ebi.ac.uk/entry/O00220
TNFRSF10A	missense_variant		1052528418						O00220	Tumor necrosis factor receptor superfamily member 10A	Homo sapiens	Encontrado	https://alphafold.ebi.ac.uk/entry/O00220
TNFRSF10A	missense_variant		113149248						O00220	Tumor necrosis factor receptor superfamily member 10A	Homo sapiens	Encontrado	https://alphafold.ebi.ac.uk/entry/O00220
TNFRSF10A	missense_variant	uncertain significance	113162538						O00220	Tumor necrosis factor receptor superfamily member 10A	Homo sapiens	Encontrado	https://alphafold.ebi.ac.uk/entry/O00220
TNFRSF10A	missense_variant		1157011669						O00220	Tumor necrosis factor receptor superfamily member 10A	Homo sapiens	Encontrado	https://alphafold.ebi.ac.uk/entry/O00220
TNFRSF10A	missense_variant		1159722460						O00220	Tumor necrosis factor receptor superfamily member 10A	Homo sapiens	Encontrado	https://alphafold.ebi.ac.uk/entry/O00220
TNFRSF10A	missense_variant		1162044271						O00220	Tumor necrosis factor receptor superfamily member 10A	Homo sapiens	Encontrado	https://alphafold.ebi.ac.uk/entry/O00220
TNFRSF10A	missense_variant		1162697631						O00220	Tumor necrosis factor receptor superfamily member 10A	Homo sapiens	Encontrado	https://alphafold.ebi.ac.uk/entry/O00220
TNFRSF10A	missense_variant		1164957687						O00220	Tumor necrosis factor receptor superfamily member 10A	Homo sapiens	Encontrado	https://alphafold.ebi.ac.uk/entry/O00220
TNFRSF10A	missense_variant		1169750241	O00220	rs1169750241	E130K	0.1		O00220	Tumor necrosis factor receptor superfamily member 10A	Homo sapiens	Encontrado	https://alphafold.ebi.ac.uk/entry/O00220
TNFRSF10A	missense_variant		1169750241	O00220	rs1169750241	E130K	0.51		O00220	Tumor necrosis factor receptor superfamily member 10A	Homo sapiens	Encontrado	https://alphafold.ebi.ac.uk/entry/O00220
TNFRSF10A	missense_variant		1169750241	O00220	rs1169750241	E130K	0.104		O00220	Tumor necrosis factor receptor superfamily member 10A	Homo sapiens	Encontrado	https://alphafold.ebi.ac.uk/entry/O00220
TNFRSF10A	missense_variant		1169750241	O00220	rs1169750241	E130K	0.75		O00220	Tumor necrosis factor receptor superfamily member 10A	Homo sapiens	Encontrado	https://alphafold.ebi.ac.uk/entry/O00220
TNFRSF10A	missense_variant	uncertain significance	1169854819	O00220	rs1169854819	G405R	0.624		O00220	Tumor necrosis factor receptor superfamily member 10A	Homo sapiens	Encontrado	https://alphafold.ebi.ac.uk/entry/O00220
TNFRSF10A	missense_variant	uncertain significance	1169854819	O00220	rs1169854819	G405R	1.0		O00220	Tumor necrosis factor receptor superfamily member 10A	Homo sapiens	Encontrado	https://alphafold.ebi.ac.uk/entry/O00220
TNFRSF10A	missense_variant		1171311991						O00220	Tumor necrosis factor receptor superfamily member 10A	Homo sapiens	Encontrado	https://alphafold.ebi.ac.uk/entry/O00220
TNFRSF10A	missense_variant		1179886430	O00220	rs1179886430	T194A	0.954		O00220	Tumor necrosis factor receptor superfamily member 10A	Homo sapiens	Encontrado	https://alphafold.ebi.ac.uk/entry/O00220
TNFRSF10A	missense_variant		1179886430	O00220	rs1179886430	T194A	0.01		O00220	Tumor necrosis factor receptor superfamily member 10A	Homo sapiens	Encontrado	https://alphafold.ebi.ac.uk/entry/O00220
TNFRSF10A	missense_variant		1179886430	O00220	rs1179886430	T194A	0.98		O00220	Tumor necrosis factor receptor superfamily member 10A	Homo sapiens	Encontrado	https://alphafold.ebi.ac.uk/entry/O00220
TNFRSF10A	missense_variant		1179886430	O00220	rs1179886430	T194A	0.04		O00220	Tumor necrosis factor receptor superfamily member 10A	Homo sapiens	Encontrado	https://alphafold.ebi.ac.uk/entry/O00220
TNFRSF10A	missense_variant		1180321338						O00220	Tumor necrosis factor receptor superfamily member 10A	Homo sapiens	Encontrado	https://alphafold.ebi.ac.uk/entry/O00220
TNFRSF10A	missense_variant		1182411403						O00220	Tumor necrosis factor receptor superfamily member 10A	Homo sapiens	Encontrado	https://alphafold.ebi.ac.uk/entry/O00220
TNFRSF10A	missense_variant		1184948098						O00220	Tumor necrosis factor receptor superfamily member 10A	Homo sapiens	Encontrado	https://alphafold.ebi.ac.uk/entry/O00220
TNFRSF10A	missense_variant		1186995235						O00220	Tumor necrosis factor receptor superfamily member 10A	Homo sapiens	Encontrado	https://alphafold.ebi.ac.uk/entry/O00220
TNFRSF10A	missense_variant		1188506490						O00220	Tumor necrosis factor receptor superfamily member 10A	Homo sapiens	Encontrado	https://alphafold.ebi.ac.uk/entry/O00220
TNFRSF10A	missense_variant		1192537926						O00220	Tumor necrosis factor receptor superfamily member 10A	Homo sapiens	Encontrado	https://alphafold.ebi.ac.uk/entry/O00220
TNFRSF10A	missense_variant		1193461204						O00220	Tumor necrosis factor receptor superfamily member 10A	Homo sapiens	Encontrado	https://alphafold.ebi.ac.uk/entry/O00220
TNFRSF10A	missense_variant		1195626844						O00220	Tumor necrosis factor receptor superfamily member 10A	Homo sapiens	Encontrado	https://alphafold.ebi.ac.uk/entry/O00220
TNFRSF10A	missense_variant		1195689118						O00220	Tumor necrosis factor receptor superfamily member 10A	Homo sapiens	Encontrado	https://alphafold.ebi.ac.uk/entry/O00220
TNFRSF10A	missense_variant		11986840						O00220	Tumor necrosis factor receptor superfamily member 10A	Homo sapiens	Encontrado	https://alphafold.ebi.ac.uk/entry/O00220
TNFRSF10A	missense_variant		1199728741						O00220	Tumor necrosis factor receptor superfamily member 10A	Homo sapiens	Encontrado	https://alphafold.ebi.ac.uk/entry/O00220
TNFRSF10A	missense_variant		1200005068						O00220	Tumor necrosis factor receptor superfamily member 10A	Homo sapiens	Encontrado	https://alphafold.ebi.ac.uk/entry/O00220
TNFRSF10A	missense_variant		1203249698						O00220	Tumor necrosis factor receptor superfamily member 10A	Homo sapiens	Encontrado	https://alphafold.ebi.ac.uk/entry/O00220
TNFRSF10A	missense_variant		1204154199						O00220	Tumor necrosis factor receptor superfamily member 10A	Homo sapiens	Encontrado	https://alphafold.ebi.ac.uk/entry/O00220
TNFRSF10A	missense_variant		1204795744						O00220	Tumor necrosis factor receptor superfamily member 10A	Homo sapiens	Encontrado	https://alphafold.ebi.ac.uk/entry/O00220
TNFRSF10A	missense_variant		1204911382						O00220	Tumor necrosis factor receptor superfamily member 10A	Homo sapiens	Encontrado	https://alphafold.ebi.ac.uk/entry/O00220
TNFRSF10A	missense_variant		1205177072						O00220	Tumor necrosis factor receptor superfamily member 10A	Homo sapiens	Encontrado	https://alphafold.ebi.ac.uk/entry/O00220
TNFRSF10A	missense_variant		1206079392						O00220	Tumor necrosis factor receptor superfamily member 10A	Homo sapiens	Encontrado	https://alphafold.ebi.ac.uk/entry/O00220
TNFRSF10A	missense_variant		1206766667						O00220	Tumor necrosis factor receptor superfamily member 10A	Homo sapiens	Encontrado	https://alphafold.ebi.ac.uk/entry/O00220
TNFRSF10A	missense_variant		1208172796						O00220	Tumor necrosis factor receptor superfamily member 10A	Homo sapiens	Encontrado	https://alphafold.ebi.ac.uk/entry/O00220
TNFRSF10A	missense_variant		1212836066						O00220	Tumor necrosis factor receptor superfamily member 10A	Homo sapiens	Encontrado	https://alphafold.ebi.ac.uk/entry/O00220
TNFRSF10A	missense_variant		1212951373						O00220	Tumor necrosis factor receptor superfamily member 10A	Homo sapiens	Encontrado	https://alphafold.ebi.ac.uk/entry/O00220
TNFRSF10A	missense_variant		1214440201						O00220	Tumor necrosis factor receptor superfamily member 10A	Homo sapiens	Encontrado	https://alphafold.ebi.ac.uk/entry/O00220
TNFRSF10A	missense_variant		1216533498						O00220	Tumor necrosis factor receptor superfamily member 10A	Homo sapiens	Encontrado	https://alphafold.ebi.ac.uk/entry/O00220
TNFRSF10A	missense_variant		1218223272						O00220	Tumor necrosis factor receptor superfamily member 10A	Homo sapiens	Encontrado	https://alphafold.ebi.ac.uk/entry/O00220
TNFRSF10A	missense_variant		1222423688						O00220	Tumor necrosis factor receptor superfamily member 10A	Homo sapiens	Encontrado	https://alphafold.ebi.ac.uk/entry/O00220
TNFRSF10A	missense_variant		1223445733						O00220	Tumor necrosis factor receptor superfamily member 10A	Homo sapiens	Encontrado	https://alphafold.ebi.ac.uk/entry/O00220
TNFRSF10A	missense_variant		1234687603						O00220	Tumor necrosis factor receptor superfamily member 10A	Homo sapiens	Encontrado	https://alphafold.ebi.ac.uk/entry/O00220
TNFRSF10A	missense_variant		1243733281						O00220	Tumor necrosis factor receptor superfamily member 10A	Homo sapiens	Encontrado	https://alphafold.ebi.ac.uk/entry/O00220
TNFRSF10A	missense_variant		1247568138						O00220	Tumor necrosis factor receptor superfamily member 10A	Homo sapiens	Encontrado	https://alphafold.ebi.ac.uk/entry/O00220
TNFRSF10A	missense_variant		1247587405						O00220	Tumor necrosis factor receptor superfamily member 10A	Homo sapiens	Encontrado	https://alphafold.ebi.ac.uk/entry/O00220
TNFRSF10A	missense_variant		1250088732						O00220	Tumor necrosis factor receptor superfamily member 10A	Homo sapiens	Encontrado	https://alphafold.ebi.ac.uk/entry/O00220
TNFRSF10A	missense_variant		1251467948						O00220	Tumor necrosis factor receptor superfamily member 10A	Homo sapiens	Encontrado	https://alphafold.ebi.ac.uk/entry/O00220
TNFRSF10A	missense_variant		1251501494						O00220	Tumor necrosis factor receptor superfamily member 10A	Homo sapiens	Encontrado	https://alphafold.ebi.ac.uk/entry/O00220
TNFRSF10A	missense_variant		1252080048						O00220	Tumor necrosis factor receptor superfamily member 10A	Homo sapiens	Encontrado	https://alphafold.ebi.ac.uk/entry/O00220
TNFRSF10A	missense_variant		1252914919						O00220	Tumor necrosis factor receptor superfamily member 10A	Homo sapiens	Encontrado	https://alphafold.ebi.ac.uk/entry/O00220
TNFRSF10A	missense_variant		1255227138						O00220	Tumor necrosis factor receptor superfamily member 10A	Homo sapiens	Encontrado	https://alphafold.ebi.ac.uk/entry/O00220
TNFRSF10A	missense_variant		1256967311						O00220	Tumor necrosis factor receptor superfamily member 10A	Homo sapiens	Encontrado	https://alphafold.ebi.ac.uk/entry/O00220
TNFRSF10A	missense_variant		1259272688						O00220	Tumor necrosis factor receptor superfamily member 10A	Homo sapiens	Encontrado	https://alphafold.ebi.ac.uk/entry/O00220
TNFRSF10A	missense_variant		1262723798						O00220	Tumor necrosis factor receptor superfamily member 10A	Homo sapiens	Encontrado	https://alphafold.ebi.ac.uk/entry/O00220
TNFRSF10A	missense_variant		1265456733						O00220	Tumor necrosis factor receptor superfamily member 10A	Homo sapiens	Encontrado	https://alphafold.ebi.ac.uk/entry/O00220
TNFRSF10A	missense_variant		1266267888						O00220	Tumor necrosis factor receptor superfamily member 10A	Homo sapiens	Encontrado	https://alphafold.ebi.ac.uk/entry/O00220
TNFRSF10A	missense_variant		1267828566						O00220	Tumor necrosis factor receptor superfamily member 10A	Homo sapiens	Encontrado	https://alphafold.ebi.ac.uk/entry/O00220
TNFRSF10A	missense_variant		1269304757						O00220	Tumor necrosis factor receptor superfamily member 10A	Homo sapiens	Encontrado	https://alphafold.ebi.ac.uk/entry/O00220
TNFRSF10A	missense_variant		1269362509						O00220	Tumor necrosis factor receptor superfamily member 10A	Homo sapiens	Encontrado	https://alphafold.ebi.ac.uk/entry/O00220
TNFRSF10A	missense_variant	uncertain significance	1272251361						O00220	Tumor necrosis factor receptor superfamily member 10A	Homo sapiens	Encontrado	https://alphafold.ebi.ac.uk/entry/O00220
TNFRSF10A	missense_variant		1272253298						O00220	Tumor necrosis factor receptor superfamily member 10A	Homo sapiens	Encontrado	https://alphafold.ebi.ac.uk/entry/O00220
TNFRSF10A	missense_variant		1274131618						O00220	Tumor necrosis factor receptor superfamily member 10A	Homo sapiens	Encontrado	https://alphafold.ebi.ac.uk/entry/O00220
TNFRSF10A	missense_variant		1274782284						O00220	Tumor necrosis factor receptor superfamily member 10A	Homo sapiens	Encontrado	https://alphafold.ebi.ac.uk/entry/O00220
TNFRSF10A	missense_variant		1275952715						O00220	Tumor necrosis factor receptor superfamily member 10A	Homo sapiens	Encontrado	https://alphafold.ebi.ac.uk/entry/O00220
TNFRSF10A	missense_variant		1277097965						O00220	Tumor necrosis factor receptor superfamily member 10A	Homo sapiens	Encontrado	https://alphafold.ebi.ac.uk/entry/O00220
TNFRSF10A	missense_variant		1277396952						O00220	Tumor necrosis factor receptor superfamily member 10A	Homo sapiens	Encontrado	https://alphafold.ebi.ac.uk/entry/O00220
TNFRSF10A	missense_variant		1278850778						O00220	Tumor necrosis factor receptor superfamily member 10A	Homo sapiens	Encontrado	https://alphafold.ebi.ac.uk/entry/O00220
TNFRSF10A	missense_variant	uncertain significance	1283179595	O00220	rs1283179595	R438K	0.995		O00220	Tumor necrosis factor receptor superfamily member 10A	Homo sapiens	Encontrado	https://alphafold.ebi.ac.uk/entry/O00220
TNFRSF10A	missense_variant	uncertain significance	1283179595	O00220	rs1283179595	R438K	0.05		O00220	Tumor necrosis factor receptor superfamily member 10A	Homo sapiens	Encontrado	https://alphafold.ebi.ac.uk/entry/O00220
TNFRSF10A	missense_variant		1284805590						O00220	Tumor necrosis factor receptor superfamily member 10A	Homo sapiens	Encontrado	https://alphafold.ebi.ac.uk/entry/O00220
TNFRSF10A	missense_variant		1286087174						O00220	Tumor necrosis factor receptor superfamily member 10A	Homo sapiens	Encontrado	https://alphafold.ebi.ac.uk/entry/O00220
TNFRSF10A	missense_variant		1286790619						O00220	Tumor necrosis factor receptor superfamily member 10A	Homo sapiens	Encontrado	https://alphafold.ebi.ac.uk/entry/O00220
TNFRSF10A	missense_variant		1286942241						O00220	Tumor necrosis factor receptor superfamily member 10A	Homo sapiens	Encontrado	https://alphafold.ebi.ac.uk/entry/O00220
TNFRSF10A	missense_variant		1290686565						O00220	Tumor necrosis factor receptor superfamily member 10A	Homo sapiens	Encontrado	https://alphafold.ebi.ac.uk/entry/O00220
TNFRSF10A	missense_variant		1294319313						O00220	Tumor necrosis factor receptor superfamily member 10A	Homo sapiens	Encontrado	https://alphafold.ebi.ac.uk/entry/O00220
TNFRSF10A	missense_variant		1296491977						O00220	Tumor necrosis factor receptor superfamily member 10A	Homo sapiens	Encontrado	https://alphafold.ebi.ac.uk/entry/O00220
TNFRSF10A	missense_variant	uncertain significance	1297649662	O00220	rs1297649662	D381E	0.072		O00220	Tumor necrosis factor receptor superfamily member 10A	Homo sapiens	Encontrado	https://alphafold.ebi.ac.uk/entry/O00220
TNFRSF10A	missense_variant	uncertain significance	1297649662	O00220	rs1297649662	D381E	0.43		O00220	Tumor necrosis factor receptor superfamily member 10A	Homo sapiens	Encontrado	https://alphafold.ebi.ac.uk/entry/O00220
TNFRSF10A	missense_variant		1300490312						O00220	Tumor necrosis factor receptor superfamily member 10A	Homo sapiens	Encontrado	https://alphafold.ebi.ac.uk/entry/O00220
TNFRSF10A	missense_variant		1304606685						O00220	Tumor necrosis factor receptor superfamily member 10A	Homo sapiens	Encontrado	https://alphafold.ebi.ac.uk/entry/O00220
TNFRSF10A	missense_variant		1308234179						O00220	Tumor necrosis factor receptor superfamily member 10A	Homo sapiens	Encontrado	https://alphafold.ebi.ac.uk/entry/O00220
TNFRSF10A	missense_variant		1310201223						O00220	Tumor necrosis factor receptor superfamily member 10A	Homo sapiens	Encontrado	https://alphafold.ebi.ac.uk/entry/O00220
TNFRSF10A	missense_variant		1319112159						O00220	Tumor necrosis factor receptor superfamily member 10A	Homo sapiens	Encontrado	https://alphafold.ebi.ac.uk/entry/O00220
TNFRSF10A	missense_variant		1321411911						O00220	Tumor necrosis factor receptor superfamily member 10A	Homo sapiens	Encontrado	https://alphafold.ebi.ac.uk/entry/O00220
TNFRSF10A	missense_variant		1327739148						O00220	Tumor necrosis factor receptor superfamily member 10A	Homo sapiens	Encontrado	https://alphafold.ebi.ac.uk/entry/O00220
TNFRSF10A	missense_variant		1331774815						O00220	Tumor necrosis factor receptor superfamily member 10A	Homo sapiens	Encontrado	https://alphafold.ebi.ac.uk/entry/O00220
TNFRSF10A	missense_variant		1337949373						O00220	Tumor necrosis factor receptor superfamily member 10A	Homo sapiens	Encontrado	https://alphafold.ebi.ac.uk/entry/O00220
TNFRSF10A	missense_variant		1345469022						O00220	Tumor necrosis factor receptor superfamily member 10A	Homo sapiens	Encontrado	https://alphafold.ebi.ac.uk/entry/O00220
TNFRSF10A	missense_variant		1346420423						O00220	Tumor necrosis factor receptor superfamily member 10A	Homo sapiens	Encontrado	https://alphafold.ebi.ac.uk/entry/O00220
TNFRSF10A	missense_variant		1347556811						O00220	Tumor necrosis factor receptor superfamily member 10A	Homo sapiens	Encontrado	https://alphafold.ebi.ac.uk/entry/O00220
TNFRSF10A	missense_variant		1348940584						O00220	Tumor necrosis factor receptor superfamily member 10A	Homo sapiens	Encontrado	https://alphafold.ebi.ac.uk/entry/O00220
TNFRSF10A	missense_variant		1349682672						O00220	Tumor necrosis factor receptor superfamily member 10A	Homo sapiens	Encontrado	https://alphafold.ebi.ac.uk/entry/O00220
TNFRSF10A	missense_variant		1350855586						O00220	Tumor necrosis factor receptor superfamily member 10A	Homo sapiens	Encontrado	https://alphafold.ebi.ac.uk/entry/O00220
TNFRSF10A	missense_variant		1352687724						O00220	Tumor necrosis factor receptor superfamily member 10A	Homo sapiens	Encontrado	https://alphafold.ebi.ac.uk/entry/O00220
TNFRSF10A	missense_variant		1352744090						O00220	Tumor necrosis factor receptor superfamily member 10A	Homo sapiens	Encontrado	https://alphafold.ebi.ac.uk/entry/O00220
TNFRSF10A	missense_variant		1352800158						O00220	Tumor necrosis factor receptor superfamily member 10A	Homo sapiens	Encontrado	https://alphafold.ebi.ac.uk/entry/O00220
TNFRSF10A	missense_variant		1363547648						O00220	Tumor necrosis factor receptor superfamily member 10A	Homo sapiens	Encontrado	https://alphafold.ebi.ac.uk/entry/O00220
TNFRSF10A	missense_variant		1365555146						O00220	Tumor necrosis factor receptor superfamily member 10A	Homo sapiens	Encontrado	https://alphafold.ebi.ac.uk/entry/O00220
TNFRSF10A	missense_variant		1365677996						O00220	Tumor necrosis factor receptor superfamily member 10A	Homo sapiens	Encontrado	https://alphafold.ebi.ac.uk/entry/O00220
TNFRSF10A	missense_variant		1369847961						O00220	Tumor necrosis factor receptor superfamily member 10A	Homo sapiens	Encontrado	https://alphafold.ebi.ac.uk/entry/O00220
TNFRSF10A	missense_variant		1371044304						O00220	Tumor necrosis factor receptor superfamily member 10A	Homo sapiens	Encontrado	https://alphafold.ebi.ac.uk/entry/O00220
TNFRSF10A	missense_variant		1373051218						O00220	Tumor necrosis factor receptor superfamily member 10A	Homo sapiens	Encontrado	https://alphafold.ebi.ac.uk/entry/O00220
TNFRSF10A	missense_variant		1376148352						O00220	Tumor necrosis factor receptor superfamily member 10A	Homo sapiens	Encontrado	https://alphafold.ebi.ac.uk/entry/O00220
TNFRSF10A	missense_variant		1376251922						O00220	Tumor necrosis factor receptor superfamily member 10A	Homo sapiens	Encontrado	https://alphafold.ebi.ac.uk/entry/O00220
TNFRSF10A	missense_variant		1378605649						O00220	Tumor necrosis factor receptor superfamily member 10A	Homo sapiens	Encontrado	https://alphafold.ebi.ac.uk/entry/O00220
TNFRSF10A	missense_variant	uncertain significance	138069770	O00220	rs138069770	P340L	0.24		O00220	Tumor necrosis factor receptor superfamily member 10A	Homo sapiens	Encontrado	https://alphafold.ebi.ac.uk/entry/O00220
TNFRSF10A	missense_variant	uncertain significance	138069770	O00220	rs138069770	P340L	0.22		O00220	Tumor necrosis factor receptor superfamily member 10A	Homo sapiens	Encontrado	https://alphafold.ebi.ac.uk/entry/O00220
TNFRSF10A	missense_variant		1383505204						O00220	Tumor necrosis factor receptor superfamily member 10A	Homo sapiens	Encontrado	https://alphafold.ebi.ac.uk/entry/O00220
TNFRSF10A	missense_variant		1384563196						O00220	Tumor necrosis factor receptor superfamily member 10A	Homo sapiens	Encontrado	https://alphafold.ebi.ac.uk/entry/O00220
TNFRSF10A	missense_variant		1384624344						O00220	Tumor necrosis factor receptor superfamily member 10A	Homo sapiens	Encontrado	https://alphafold.ebi.ac.uk/entry/O00220
TNFRSF10A	missense_variant	uncertain significance	1385591726						O00220	Tumor necrosis factor receptor superfamily member 10A	Homo sapiens	Encontrado	https://alphafold.ebi.ac.uk/entry/O00220
TNFRSF10A	missense_variant		1386392174						O00220	Tumor necrosis factor receptor superfamily member 10A	Homo sapiens	Encontrado	https://alphafold.ebi.ac.uk/entry/O00220
TNFRSF10A	missense_variant		1387404935						O00220	Tumor necrosis factor receptor superfamily member 10A	Homo sapiens	Encontrado	https://alphafold.ebi.ac.uk/entry/O00220
TNFRSF10A	missense_variant		139265071						O00220	Tumor necrosis factor receptor superfamily member 10A	Homo sapiens	Encontrado	https://alphafold.ebi.ac.uk/entry/O00220
TNFRSF10A	missense_variant	uncertain significance	1393722797						O00220	Tumor necrosis factor receptor superfamily member 10A	Homo sapiens	Encontrado	https://alphafold.ebi.ac.uk/entry/O00220
TNFRSF10A	missense_variant		1394337255						O00220	Tumor necrosis factor receptor superfamily member 10A	Homo sapiens	Encontrado	https://alphafold.ebi.ac.uk/entry/O00220
TNFRSF10A	missense_variant		1395713855						O00220	Tumor necrosis factor receptor superfamily member 10A	Homo sapiens	Encontrado	https://alphafold.ebi.ac.uk/entry/O00220
TNFRSF10A	missense_variant		139611685						O00220	Tumor necrosis factor receptor superfamily member 10A	Homo sapiens	Encontrado	https://alphafold.ebi.ac.uk/entry/O00220
TNFRSF10A	missense_variant		1398822596						O00220	Tumor necrosis factor receptor superfamily member 10A	Homo sapiens	Encontrado	https://alphafold.ebi.ac.uk/entry/O00220
TNFRSF10A	missense_variant		1400542670						O00220	Tumor necrosis factor receptor superfamily member 10A	Homo sapiens	Encontrado	https://alphafold.ebi.ac.uk/entry/O00220
TNFRSF10A	missense_variant	uncertain significance	140442292	O00220	rs140442292	E362D	0.722		O00220	Tumor necrosis factor receptor superfamily member 10A	Homo sapiens	Encontrado	https://alphafold.ebi.ac.uk/entry/O00220
TNFRSF10A	missense_variant	uncertain significance	140442292	O00220	rs140442292	E362D	0.13		O00220	Tumor necrosis factor receptor superfamily member 10A	Homo sapiens	Encontrado	https://alphafold.ebi.ac.uk/entry/O00220
TNFRSF10A	missense_variant		1404583069						O00220	Tumor necrosis factor receptor superfamily member 10A	Homo sapiens	Encontrado	https://alphafold.ebi.ac.uk/entry/O00220
TNFRSF10A	missense_variant		1406148061						O00220	Tumor necrosis factor receptor superfamily member 10A	Homo sapiens	Encontrado	https://alphafold.ebi.ac.uk/entry/O00220
TNFRSF10A	missense_variant		140844059						O00220	Tumor necrosis factor receptor superfamily member 10A	Homo sapiens	Encontrado	https://alphafold.ebi.ac.uk/entry/O00220
TNFRSF10A	missense_variant		1408848054						O00220	Tumor necrosis factor receptor superfamily member 10A	Homo sapiens	Encontrado	https://alphafold.ebi.ac.uk/entry/O00220
TNFRSF10A	missense_variant		140933025						O00220	Tumor necrosis factor receptor superfamily member 10A	Homo sapiens	Encontrado	https://alphafold.ebi.ac.uk/entry/O00220
TNFRSF10A	missense_variant		1410060330						O00220	Tumor necrosis factor receptor superfamily member 10A	Homo sapiens	Encontrado	https://alphafold.ebi.ac.uk/entry/O00220
TNFRSF10A	missense_variant		141450536						O00220	Tumor necrosis factor receptor superfamily member 10A	Homo sapiens	Encontrado	https://alphafold.ebi.ac.uk/entry/O00220
TNFRSF10A	missense_variant		1416907003						O00220	Tumor necrosis factor receptor superfamily member 10A	Homo sapiens	Encontrado	https://alphafold.ebi.ac.uk/entry/O00220
TNFRSF10A	missense_variant		1419176521						O00220	Tumor necrosis factor receptor superfamily member 10A	Homo sapiens	Encontrado	https://alphafold.ebi.ac.uk/entry/O00220
TNFRSF10A	missense_variant	uncertain significance	142205454						O00220	Tumor necrosis factor receptor superfamily member 10A	Homo sapiens	Encontrado	https://alphafold.ebi.ac.uk/entry/O00220
TNFRSF10A	missense_variant		1422451736						O00220	Tumor necrosis factor receptor superfamily member 10A	Homo sapiens	Encontrado	https://alphafold.ebi.ac.uk/entry/O00220
TNFRSF10A	missense_variant		1426873081						O00220	Tumor necrosis factor receptor superfamily member 10A	Homo sapiens	Encontrado	https://alphafold.ebi.ac.uk/entry/O00220
TNFRSF10A	missense_variant		1428692131						O00220	Tumor necrosis factor receptor superfamily member 10A	Homo sapiens	Encontrado	https://alphafold.ebi.ac.uk/entry/O00220
TNFRSF10A	missense_variant	uncertain significance	143024890						O00220	Tumor necrosis factor receptor superfamily member 10A	Homo sapiens	Encontrado	https://alphafold.ebi.ac.uk/entry/O00220
TNFRSF10A	missense_variant	uncertain significance	143030810						O00220	Tumor necrosis factor receptor superfamily member 10A	Homo sapiens	Encontrado	https://alphafold.ebi.ac.uk/entry/O00220
TNFRSF10A	missense_variant		1432884992						O00220	Tumor necrosis factor receptor superfamily member 10A	Homo sapiens	Encontrado	https://alphafold.ebi.ac.uk/entry/O00220
TNFRSF10A	missense_variant		1434088454						O00220	Tumor necrosis factor receptor superfamily member 10A	Homo sapiens	Encontrado	https://alphafold.ebi.ac.uk/entry/O00220
TNFRSF10A	missense_variant		1436080140						O00220	Tumor necrosis factor receptor superfamily member 10A	Homo sapiens	Encontrado	https://alphafold.ebi.ac.uk/entry/O00220
TNFRSF10A	missense_variant		1437346875						O00220	Tumor necrosis factor receptor superfamily member 10A	Homo sapiens	Encontrado	https://alphafold.ebi.ac.uk/entry/O00220
TNFRSF10A	missense_variant		1438415244						O00220	Tumor necrosis factor receptor superfamily member 10A	Homo sapiens	Encontrado	https://alphafold.ebi.ac.uk/entry/O00220
TNFRSF10A	missense_variant		1438552949						O00220	Tumor necrosis factor receptor superfamily member 10A	Homo sapiens	Encontrado	https://alphafold.ebi.ac.uk/entry/O00220
TNFRSF10A	missense_variant		1439783910						O00220	Tumor necrosis factor receptor superfamily member 10A	Homo sapiens	Encontrado	https://alphafold.ebi.ac.uk/entry/O00220
TNFRSF10A	missense_variant		144035000						O00220	Tumor necrosis factor receptor superfamily member 10A	Homo sapiens	Encontrado	https://alphafold.ebi.ac.uk/entry/O00220
TNFRSF10A	missense_variant		1440979099						O00220	Tumor necrosis factor receptor superfamily member 10A	Homo sapiens	Encontrado	https://alphafold.ebi.ac.uk/entry/O00220
TNFRSF10A	missense_variant		1445882171						O00220	Tumor necrosis factor receptor superfamily member 10A	Homo sapiens	Encontrado	https://alphafold.ebi.ac.uk/entry/O00220
TNFRSF10A	missense_variant	uncertain significance	144670447	O00220	rs144670447	R282H	0.001		O00220	Tumor necrosis factor receptor superfamily member 10A	Homo sapiens	Encontrado	https://alphafold.ebi.ac.uk/entry/O00220
TNFRSF10A	missense_variant	uncertain significance	144670447	O00220	rs144670447	R282H	0.54		O00220	Tumor necrosis factor receptor superfamily member 10A	Homo sapiens	Encontrado	https://alphafold.ebi.ac.uk/entry/O00220
TNFRSF10A	missense_variant		1446881047						O00220	Tumor necrosis factor receptor superfamily member 10A	Homo sapiens	Encontrado	https://alphafold.ebi.ac.uk/entry/O00220
TNFRSF10A	missense_variant		1449582199						O00220	Tumor necrosis factor receptor superfamily member 10A	Homo sapiens	Encontrado	https://alphafold.ebi.ac.uk/entry/O00220
TNFRSF10A	missense_variant	uncertain significance	145301693	O00220	rs145301693	G357D	0.116		O00220	Tumor necrosis factor receptor superfamily member 10A	Homo sapiens	Encontrado	https://alphafold.ebi.ac.uk/entry/O00220
TNFRSF10A	missense_variant	uncertain significance	145301693	O00220	rs145301693	G357D	0.24		O00220	Tumor necrosis factor receptor superfamily member 10A	Homo sapiens	Encontrado	https://alphafold.ebi.ac.uk/entry/O00220
TNFRSF10A	missense_variant		1453147544	O00220	rs1453147544	C132F	0.998		O00220	Tumor necrosis factor receptor superfamily member 10A	Homo sapiens	Encontrado	https://alphafold.ebi.ac.uk/entry/O00220
TNFRSF10A	missense_variant		1453147544	O00220	rs1453147544	C132F	0.02		O00220	Tumor necrosis factor receptor superfamily member 10A	Homo sapiens	Encontrado	https://alphafold.ebi.ac.uk/entry/O00220
TNFRSF10A	missense_variant		1453147544	O00220	rs1453147544	C132F	0.998		O00220	Tumor necrosis factor receptor superfamily member 10A	Homo sapiens	Encontrado	https://alphafold.ebi.ac.uk/entry/O00220
TNFRSF10A	missense_variant		1453147544	O00220	rs1453147544	C132F	0.0		O00220	Tumor necrosis factor receptor superfamily member 10A	Homo sapiens	Encontrado	https://alphafold.ebi.ac.uk/entry/O00220
TNFRSF10A	missense_variant		145547481						O00220	Tumor necrosis factor receptor superfamily member 10A	Homo sapiens	Encontrado	https://alphafold.ebi.ac.uk/entry/O00220
TNFRSF10A	missense_variant		1456070915						O00220	Tumor necrosis factor receptor superfamily member 10A	Homo sapiens	Encontrado	https://alphafold.ebi.ac.uk/entry/O00220
TNFRSF10A	missense_variant		1459154042						O00220	Tumor necrosis factor receptor superfamily member 10A	Homo sapiens	Encontrado	https://alphafold.ebi.ac.uk/entry/O00220
TNFRSF10A	missense_variant		1461701679						O00220	Tumor necrosis factor receptor superfamily member 10A	Homo sapiens	Encontrado	https://alphafold.ebi.ac.uk/entry/O00220
TNFRSF10A	missense_variant		1462568337						O00220	Tumor necrosis factor receptor superfamily member 10A	Homo sapiens	Encontrado	https://alphafold.ebi.ac.uk/entry/O00220
TNFRSF10A	missense_variant		1464298035						O00220	Tumor necrosis factor receptor superfamily member 10A	Homo sapiens	Encontrado	https://alphafold.ebi.ac.uk/entry/O00220
TNFRSF10A	missense_variant		1464395890						O00220	Tumor necrosis factor receptor superfamily member 10A	Homo sapiens	Encontrado	https://alphafold.ebi.ac.uk/entry/O00220
TNFRSF10A	missense_variant	uncertain significance	146469828	O00220	rs146469828	G210R	0.257		O00220	Tumor necrosis factor receptor superfamily member 10A	Homo sapiens	Encontrado	https://alphafold.ebi.ac.uk/entry/O00220
TNFRSF10A	missense_variant	uncertain significance	146469828	O00220	rs146469828	G210R	1.0		O00220	Tumor necrosis factor receptor superfamily member 10A	Homo sapiens	Encontrado	https://alphafold.ebi.ac.uk/entry/O00220
TNFRSF10A	missense_variant		146723543						O00220	Tumor necrosis factor receptor superfamily member 10A	Homo sapiens	Encontrado	https://alphafold.ebi.ac.uk/entry/O00220
TNFRSF10A	missense_variant		1468889956						O00220	Tumor necrosis factor receptor superfamily member 10A	Homo sapiens	Encontrado	https://alphafold.ebi.ac.uk/entry/O00220
TNFRSF10A	missense_variant		1469234008						O00220	Tumor necrosis factor receptor superfamily member 10A	Homo sapiens	Encontrado	https://alphafold.ebi.ac.uk/entry/O00220
TNFRSF10A	missense_variant		1470639962						O00220	Tumor necrosis factor receptor superfamily member 10A	Homo sapiens	Encontrado	https://alphafold.ebi.ac.uk/entry/O00220
TNFRSF10A	missense_variant		1471505650						O00220	Tumor necrosis factor receptor superfamily member 10A	Homo sapiens	Encontrado	https://alphafold.ebi.ac.uk/entry/O00220
TNFRSF10A	missense_variant		147260925						O00220	Tumor necrosis factor receptor superfamily member 10A	Homo sapiens	Encontrado	https://alphafold.ebi.ac.uk/entry/O00220
TNFRSF10A	missense_variant		1473474586						O00220	Tumor necrosis factor receptor superfamily member 10A	Homo sapiens	Encontrado	https://alphafold.ebi.ac.uk/entry/O00220
TNFRSF10A	missense_variant		1474393135						O00220	Tumor necrosis factor receptor superfamily member 10A	Homo sapiens	Encontrado	https://alphafold.ebi.ac.uk/entry/O00220
TNFRSF10A	missense_variant		1475145948						O00220	Tumor necrosis factor receptor superfamily member 10A	Homo sapiens	Encontrado	https://alphafold.ebi.ac.uk/entry/O00220
TNFRSF10A	missense_variant		1475450203						O00220	Tumor necrosis factor receptor superfamily member 10A	Homo sapiens	Encontrado	https://alphafold.ebi.ac.uk/entry/O00220
TNFRSF10A	missense_variant		1477258393						O00220	Tumor necrosis factor receptor superfamily member 10A	Homo sapiens	Encontrado	https://alphafold.ebi.ac.uk/entry/O00220
TNFRSF10A	missense_variant		1477359136						O00220	Tumor necrosis factor receptor superfamily member 10A	Homo sapiens	Encontrado	https://alphafold.ebi.ac.uk/entry/O00220
TNFRSF10A	missense_variant	uncertain significance	1480108021	O00220	rs1480108021	C188S	1.0		O00220	Tumor necrosis factor receptor superfamily member 10A	Homo sapiens	Encontrado	https://alphafold.ebi.ac.uk/entry/O00220
TNFRSF10A	missense_variant	uncertain significance	1480108021	O00220	rs1480108021	C188S	0.0		O00220	Tumor necrosis factor receptor superfamily member 10A	Homo sapiens	Encontrado	https://alphafold.ebi.ac.uk/entry/O00220
TNFRSF10A	missense_variant		1481649489						O00220	Tumor necrosis factor receptor superfamily member 10A	Homo sapiens	Encontrado	https://alphafold.ebi.ac.uk/entry/O00220
TNFRSF10A	missense_variant		1482174117						O00220	Tumor necrosis factor receptor superfamily member 10A	Homo sapiens	Encontrado	https://alphafold.ebi.ac.uk/entry/O00220
TNFRSF10A	missense_variant		1485043126						O00220	Tumor necrosis factor receptor superfamily member 10A	Homo sapiens	Encontrado	https://alphafold.ebi.ac.uk/entry/O00220
TNFRSF10A	missense_variant		1485577162						O00220	Tumor necrosis factor receptor superfamily member 10A	Homo sapiens	Encontrado	https://alphafold.ebi.ac.uk/entry/O00220
TNFRSF10A	missense_variant		1485932291						O00220	Tumor necrosis factor receptor superfamily member 10A	Homo sapiens	Encontrado	https://alphafold.ebi.ac.uk/entry/O00220
TNFRSF10A	missense_variant		148694938						O00220	Tumor necrosis factor receptor superfamily member 10A	Homo sapiens	Encontrado	https://alphafold.ebi.ac.uk/entry/O00220
TNFRSF10A	missense_variant	benign	149391935						O00220	Tumor necrosis factor receptor superfamily member 10A	Homo sapiens	Encontrado	https://alphafold.ebi.ac.uk/entry/O00220
TNFRSF10A	missense_variant	uncertain significance	150096329	O00220	rs150096329	R196Q	0.043		O00220	Tumor necrosis factor receptor superfamily member 10A	Homo sapiens	Encontrado	https://alphafold.ebi.ac.uk/entry/O00220
TNFRSF10A	missense_variant	uncertain significance	150096329	O00220	rs150096329	R196Q	0.31		O00220	Tumor necrosis factor receptor superfamily member 10A	Homo sapiens	Encontrado	https://alphafold.ebi.ac.uk/entry/O00220
TNFRSF10A	missense_variant		1554522971						O00220	Tumor necrosis factor receptor superfamily member 10A	Homo sapiens	Encontrado	https://alphafold.ebi.ac.uk/entry/O00220
TNFRSF10A	missense_variant		1563377428						O00220	Tumor necrosis factor receptor superfamily member 10A	Homo sapiens	Encontrado	https://alphafold.ebi.ac.uk/entry/O00220
TNFRSF10A	missense_variant		1563378822						O00220	Tumor necrosis factor receptor superfamily member 10A	Homo sapiens	Encontrado	https://alphafold.ebi.ac.uk/entry/O00220
TNFRSF10A	missense_variant		1563379692						O00220	Tumor necrosis factor receptor superfamily member 10A	Homo sapiens	Encontrado	https://alphafold.ebi.ac.uk/entry/O00220
TNFRSF10A	missense_variant	uncertain significance	1563383750						O00220	Tumor necrosis factor receptor superfamily member 10A	Homo sapiens	Encontrado	https://alphafold.ebi.ac.uk/entry/O00220
TNFRSF10A	missense_variant		1585277411						O00220	Tumor necrosis factor receptor superfamily member 10A	Homo sapiens	Encontrado	https://alphafold.ebi.ac.uk/entry/O00220
TNFRSF10A	missense_variant		1585280977						O00220	Tumor necrosis factor receptor superfamily member 10A	Homo sapiens	Encontrado	https://alphafold.ebi.ac.uk/entry/O00220
TNFRSF10A	missense_variant		1585281040						O00220	Tumor necrosis factor receptor superfamily member 10A	Homo sapiens	Encontrado	https://alphafold.ebi.ac.uk/entry/O00220
TNFRSF10A	missense_variant		1585281057						O00220	Tumor necrosis factor receptor superfamily member 10A	Homo sapiens	Encontrado	https://alphafold.ebi.ac.uk/entry/O00220
TNFRSF10A	missense_variant		1585291297						O00220	Tumor necrosis factor receptor superfamily member 10A	Homo sapiens	Encontrado	https://alphafold.ebi.ac.uk/entry/O00220
TNFRSF10A	missense_variant	benign	17088980						O00220	Tumor necrosis factor receptor superfamily member 10A	Homo sapiens	Encontrado	https://alphafold.ebi.ac.uk/entry/O00220
TNFRSF10A	missense_variant		17620						O00220	Tumor necrosis factor receptor superfamily member 10A	Homo sapiens	Encontrado	https://alphafold.ebi.ac.uk/entry/O00220
TNFRSF10A	missense_variant		1774568250						O00220	Tumor necrosis factor receptor superfamily member 10A	Homo sapiens	Encontrado	https://alphafold.ebi.ac.uk/entry/O00220
TNFRSF10A	missense_variant		1786993355						O00220	Tumor necrosis factor receptor superfamily member 10A	Homo sapiens	Encontrado	https://alphafold.ebi.ac.uk/entry/O00220
TNFRSF10A	missense_variant		1800755723						O00220	Tumor necrosis factor receptor superfamily member 10A	Homo sapiens	Encontrado	https://alphafold.ebi.ac.uk/entry/O00220
TNFRSF10A	missense_variant		1800755960						O00220	Tumor necrosis factor receptor superfamily member 10A	Homo sapiens	Encontrado	https://alphafold.ebi.ac.uk/entry/O00220
TNFRSF10A	missense_variant		1800755995						O00220	Tumor necrosis factor receptor superfamily member 10A	Homo sapiens	Encontrado	https://alphafold.ebi.ac.uk/entry/O00220
TNFRSF10A	missense_variant		1800756038						O00220	Tumor necrosis factor receptor superfamily member 10A	Homo sapiens	Encontrado	https://alphafold.ebi.ac.uk/entry/O00220
TNFRSF10A	missense_variant		1800756068						O00220	Tumor necrosis factor receptor superfamily member 10A	Homo sapiens	Encontrado	https://alphafold.ebi.ac.uk/entry/O00220
TNFRSF10A	missense_variant		1800756294						O00220	Tumor necrosis factor receptor superfamily member 10A	Homo sapiens	Encontrado	https://alphafold.ebi.ac.uk/entry/O00220
TNFRSF10A	missense_variant		1800756566						O00220	Tumor necrosis factor receptor superfamily member 10A	Homo sapiens	Encontrado	https://alphafold.ebi.ac.uk/entry/O00220
TNFRSF10A	missense_variant		1800756684						O00220	Tumor necrosis factor receptor superfamily member 10A	Homo sapiens	Encontrado	https://alphafold.ebi.ac.uk/entry/O00220
TNFRSF10A	missense_variant		1800758177						O00220	Tumor necrosis factor receptor superfamily member 10A	Homo sapiens	Encontrado	https://alphafold.ebi.ac.uk/entry/O00220
TNFRSF10A	missense_variant		1800759988						O00220	Tumor necrosis factor receptor superfamily member 10A	Homo sapiens	Encontrado	https://alphafold.ebi.ac.uk/entry/O00220
TNFRSF10A	missense_variant		1800760070						O00220	Tumor necrosis factor receptor superfamily member 10A	Homo sapiens	Encontrado	https://alphafold.ebi.ac.uk/entry/O00220
TNFRSF10A	missense_variant		1800760325						O00220	Tumor necrosis factor receptor superfamily member 10A	Homo sapiens	Encontrado	https://alphafold.ebi.ac.uk/entry/O00220
TNFRSF10A	missense_variant		1800760376						O00220	Tumor necrosis factor receptor superfamily member 10A	Homo sapiens	Encontrado	https://alphafold.ebi.ac.uk/entry/O00220
TNFRSF10A	missense_variant		1800761377						O00220	Tumor necrosis factor receptor superfamily member 10A	Homo sapiens	Encontrado	https://alphafold.ebi.ac.uk/entry/O00220
TNFRSF10A	missense_variant		1800761773						O00220	Tumor necrosis factor receptor superfamily member 10A	Homo sapiens	Encontrado	https://alphafold.ebi.ac.uk/entry/O00220
TNFRSF10A	missense_variant		1800762127						O00220	Tumor necrosis factor receptor superfamily member 10A	Homo sapiens	Encontrado	https://alphafold.ebi.ac.uk/entry/O00220
TNFRSF10A	missense_variant		1800833746						O00220	Tumor necrosis factor receptor superfamily member 10A	Homo sapiens	Encontrado	https://alphafold.ebi.ac.uk/entry/O00220
TNFRSF10A	missense_variant		1800834028						O00220	Tumor necrosis factor receptor superfamily member 10A	Homo sapiens	Encontrado	https://alphafold.ebi.ac.uk/entry/O00220
TNFRSF10A	missense_variant		1800834407						O00220	Tumor necrosis factor receptor superfamily member 10A	Homo sapiens	Encontrado	https://alphafold.ebi.ac.uk/entry/O00220
TNFRSF10A	missense_variant		1800834959						O00220	Tumor necrosis factor receptor superfamily member 10A	Homo sapiens	Encontrado	https://alphafold.ebi.ac.uk/entry/O00220
TNFRSF10A	missense_variant		1800834998						O00220	Tumor necrosis factor receptor superfamily member 10A	Homo sapiens	Encontrado	https://alphafold.ebi.ac.uk/entry/O00220
TNFRSF10A	missense_variant		1800870992						O00220	Tumor necrosis factor receptor superfamily member 10A	Homo sapiens	Encontrado	https://alphafold.ebi.ac.uk/entry/O00220
TNFRSF10A	missense_variant		1800871219						O00220	Tumor necrosis factor receptor superfamily member 10A	Homo sapiens	Encontrado	https://alphafold.ebi.ac.uk/entry/O00220
TNFRSF10A	missense_variant		1800871303						O00220	Tumor necrosis factor receptor superfamily member 10A	Homo sapiens	Encontrado	https://alphafold.ebi.ac.uk/entry/O00220
TNFRSF10A	missense_variant		1800873411						O00220	Tumor necrosis factor receptor superfamily member 10A	Homo sapiens	Encontrado	https://alphafold.ebi.ac.uk/entry/O00220
TNFRSF10A	missense_variant		1800873477						O00220	Tumor necrosis factor receptor superfamily member 10A	Homo sapiens	Encontrado	https://alphafold.ebi.ac.uk/entry/O00220
TNFRSF10A	missense_variant	uncertain significance	1800873765						O00220	Tumor necrosis factor receptor superfamily member 10A	Homo sapiens	Encontrado	https://alphafold.ebi.ac.uk/entry/O00220
TNFRSF10A	missense_variant		1800874179						O00220	Tumor necrosis factor receptor superfamily member 10A	Homo sapiens	Encontrado	https://alphafold.ebi.ac.uk/entry/O00220
TNFRSF10A	missense_variant		1800883126						O00220	Tumor necrosis factor receptor superfamily member 10A	Homo sapiens	Encontrado	https://alphafold.ebi.ac.uk/entry/O00220
TNFRSF10A	missense_variant		1800883209						O00220	Tumor necrosis factor receptor superfamily member 10A	Homo sapiens	Encontrado	https://alphafold.ebi.ac.uk/entry/O00220
TNFRSF10A	missense_variant		1800892521						O00220	Tumor necrosis factor receptor superfamily member 10A	Homo sapiens	Encontrado	https://alphafold.ebi.ac.uk/entry/O00220
TNFRSF10A	missense_variant		1800892627						O00220	Tumor necrosis factor receptor superfamily member 10A	Homo sapiens	Encontrado	https://alphafold.ebi.ac.uk/entry/O00220
TNFRSF10A	missense_variant		1800895733						O00220	Tumor necrosis factor receptor superfamily member 10A	Homo sapiens	Encontrado	https://alphafold.ebi.ac.uk/entry/O00220
TNFRSF10A	missense_variant		1800898274						O00220	Tumor necrosis factor receptor superfamily member 10A	Homo sapiens	Encontrado	https://alphafold.ebi.ac.uk/entry/O00220
TNFRSF10A	missense_variant		1800898389						O00220	Tumor necrosis factor receptor superfamily member 10A	Homo sapiens	Encontrado	https://alphafold.ebi.ac.uk/entry/O00220
TNFRSF10A	missense_variant		1800898568						O00220	Tumor necrosis factor receptor superfamily member 10A	Homo sapiens	Encontrado	https://alphafold.ebi.ac.uk/entry/O00220
TNFRSF10A	missense_variant	uncertain significance	1800899359						O00220	Tumor necrosis factor receptor superfamily member 10A	Homo sapiens	Encontrado	https://alphafold.ebi.ac.uk/entry/O00220
TNFRSF10A	missense_variant		1800899415						O00220	Tumor necrosis factor receptor superfamily member 10A	Homo sapiens	Encontrado	https://alphafold.ebi.ac.uk/entry/O00220
TNFRSF10A	missense_variant		1800899766						O00220	Tumor necrosis factor receptor superfamily member 10A	Homo sapiens	Encontrado	https://alphafold.ebi.ac.uk/entry/O00220
TNFRSF10A	missense_variant		1800929808						O00220	Tumor necrosis factor receptor superfamily member 10A	Homo sapiens	Encontrado	https://alphafold.ebi.ac.uk/entry/O00220
TNFRSF10A	missense_variant		1800930865						O00220	Tumor necrosis factor receptor superfamily member 10A	Homo sapiens	Encontrado	https://alphafold.ebi.ac.uk/entry/O00220
TNFRSF10A	missense_variant		1800932865						O00220	Tumor necrosis factor receptor superfamily member 10A	Homo sapiens	Encontrado	https://alphafold.ebi.ac.uk/entry/O00220
TNFRSF10A	missense_variant		1800948918						O00220	Tumor necrosis factor receptor superfamily member 10A	Homo sapiens	Encontrado	https://alphafold.ebi.ac.uk/entry/O00220
TNFRSF10A	missense_variant		1800951377						O00220	Tumor necrosis factor receptor superfamily member 10A	Homo sapiens	Encontrado	https://alphafold.ebi.ac.uk/entry/O00220
TNFRSF10A	missense_variant		1801101094						O00220	Tumor necrosis factor receptor superfamily member 10A	Homo sapiens	Encontrado	https://alphafold.ebi.ac.uk/entry/O00220
TNFRSF10A	missense_variant		1801101161						O00220	Tumor necrosis factor receptor superfamily member 10A	Homo sapiens	Encontrado	https://alphafold.ebi.ac.uk/entry/O00220
TNFRSF10A	missense_variant		1801101377						O00220	Tumor necrosis factor receptor superfamily member 10A	Homo sapiens	Encontrado	https://alphafold.ebi.ac.uk/entry/O00220
TNFRSF10A	missense_variant		1801101429						O00220	Tumor necrosis factor receptor superfamily member 10A	Homo sapiens	Encontrado	https://alphafold.ebi.ac.uk/entry/O00220
TNFRSF10A	missense_variant		1801102200						O00220	Tumor necrosis factor receptor superfamily member 10A	Homo sapiens	Encontrado	https://alphafold.ebi.ac.uk/entry/O00220
TNFRSF10A	missense_variant		1801312742						O00220	Tumor necrosis factor receptor superfamily member 10A	Homo sapiens	Encontrado	https://alphafold.ebi.ac.uk/entry/O00220
TNFRSF10A	missense_variant		1801314003						O00220	Tumor necrosis factor receptor superfamily member 10A	Homo sapiens	Encontrado	https://alphafold.ebi.ac.uk/entry/O00220
TNFRSF10A	missense_variant		1801314995						O00220	Tumor necrosis factor receptor superfamily member 10A	Homo sapiens	Encontrado	https://alphafold.ebi.ac.uk/entry/O00220
TNFRSF10A	missense_variant		1801315120						O00220	Tumor necrosis factor receptor superfamily member 10A	Homo sapiens	Encontrado	https://alphafold.ebi.ac.uk/entry/O00220
TNFRSF10A	missense_variant	uncertain significance	1801316873	O00220	rs1801316873	G63E	0.288		O00220	Tumor necrosis factor receptor superfamily member 10A	Homo sapiens	Encontrado	https://alphafold.ebi.ac.uk/entry/O00220
TNFRSF10A	missense_variant	uncertain significance	1801316873	O00220	rs1801316873	G63E	0.08		O00220	Tumor necrosis factor receptor superfamily member 10A	Homo sapiens	Encontrado	https://alphafold.ebi.ac.uk/entry/O00220
TNFRSF10A	missense_variant		1801317761						O00220	Tumor necrosis factor receptor superfamily member 10A	Homo sapiens	Encontrado	https://alphafold.ebi.ac.uk/entry/O00220
TNFRSF10A	missense_variant		1801317884						O00220	Tumor necrosis factor receptor superfamily member 10A	Homo sapiens	Encontrado	https://alphafold.ebi.ac.uk/entry/O00220
TNFRSF10A	missense_variant	uncertain significance	1801318206						O00220	Tumor necrosis factor receptor superfamily member 10A	Homo sapiens	Encontrado	https://alphafold.ebi.ac.uk/entry/O00220
TNFRSF10A	missense_variant		1801321150						O00220	Tumor necrosis factor receptor superfamily member 10A	Homo sapiens	Encontrado	https://alphafold.ebi.ac.uk/entry/O00220
TNFRSF10A	missense_variant		1801321208						O00220	Tumor necrosis factor receptor superfamily member 10A	Homo sapiens	Encontrado	https://alphafold.ebi.ac.uk/entry/O00220
TNFRSF10A	missense_variant		1801321526						O00220	Tumor necrosis factor receptor superfamily member 10A	Homo sapiens	Encontrado	https://alphafold.ebi.ac.uk/entry/O00220
TNFRSF10A	missense_variant		1801322161						O00220	Tumor necrosis factor receptor superfamily member 10A	Homo sapiens	Encontrado	https://alphafold.ebi.ac.uk/entry/O00220
TNFRSF10A	missense_variant		181796380						O00220	Tumor necrosis factor receptor superfamily member 10A	Homo sapiens	Encontrado	https://alphafold.ebi.ac.uk/entry/O00220
TNFRSF10A	missense_variant		188027515						O00220	Tumor necrosis factor receptor superfamily member 10A	Homo sapiens	Encontrado	https://alphafold.ebi.ac.uk/entry/O00220
TNFRSF10A	missense_variant		199946162						O00220	Tumor necrosis factor receptor superfamily member 10A	Homo sapiens	Encontrado	https://alphafold.ebi.ac.uk/entry/O00220
TNFRSF10A	missense_variant	uncertain significance	200464740						O00220	Tumor necrosis factor receptor superfamily member 10A	Homo sapiens	Encontrado	https://alphafold.ebi.ac.uk/entry/O00220
TNFRSF10A	missense_variant	uncertain significance	200630980	O00220	rs200630980	P133S	0.999		O00220	Tumor necrosis factor receptor superfamily member 10A	Homo sapiens	Encontrado	https://alphafold.ebi.ac.uk/entry/O00220
TNFRSF10A	missense_variant	uncertain significance	200630980	O00220	rs200630980	P133S	0.01		O00220	Tumor necrosis factor receptor superfamily member 10A	Homo sapiens	Encontrado	https://alphafold.ebi.ac.uk/entry/O00220
TNFRSF10A	missense_variant		201726516						O00220	Tumor necrosis factor receptor superfamily member 10A	Homo sapiens	Encontrado	https://alphafold.ebi.ac.uk/entry/O00220
TNFRSF10A	missense_variant		201811491						O00220	Tumor necrosis factor receptor superfamily member 10A	Homo sapiens	Encontrado	https://alphafold.ebi.ac.uk/entry/O00220
TNFRSF10A	missense_variant		20575						O00220	Tumor necrosis factor receptor superfamily member 10A	Homo sapiens	Encontrado	https://alphafold.ebi.ac.uk/entry/O00220
TNFRSF10A	missense_variant	benign	20576						O00220	Tumor necrosis factor receptor superfamily member 10A	Homo sapiens	Encontrado	https://alphafold.ebi.ac.uk/entry/O00220
TNFRSF10A	missense_variant		20577						O00220	Tumor necrosis factor receptor superfamily member 10A	Homo sapiens	Encontrado	https://alphafold.ebi.ac.uk/entry/O00220
TNFRSF10A	missense_variant		2080914341						O00220	Tumor necrosis factor receptor superfamily member 10A	Homo sapiens	Encontrado	https://alphafold.ebi.ac.uk/entry/O00220
TNFRSF10A	missense_variant		2128845831						O00220	Tumor necrosis factor receptor superfamily member 10A	Homo sapiens	Encontrado	https://alphafold.ebi.ac.uk/entry/O00220
TNFRSF10A	missense_variant		2128845836						O00220	Tumor necrosis factor receptor superfamily member 10A	Homo sapiens	Encontrado	https://alphafold.ebi.ac.uk/entry/O00220
TNFRSF10A	missense_variant		2128845868						O00220	Tumor necrosis factor receptor superfamily member 10A	Homo sapiens	Encontrado	https://alphafold.ebi.ac.uk/entry/O00220
TNFRSF10A	missense_variant		2128846908						O00220	Tumor necrosis factor receptor superfamily member 10A	Homo sapiens	Encontrado	https://alphafold.ebi.ac.uk/entry/O00220
TNFRSF10A	missense_variant		2128847552						O00220	Tumor necrosis factor receptor superfamily member 10A	Homo sapiens	Encontrado	https://alphafold.ebi.ac.uk/entry/O00220
TNFRSF10A	missense_variant		2128847553						O00220	Tumor necrosis factor receptor superfamily member 10A	Homo sapiens	Encontrado	https://alphafold.ebi.ac.uk/entry/O00220
TNFRSF10A	missense_variant		2128847702						O00220	Tumor necrosis factor receptor superfamily member 10A	Homo sapiens	Encontrado	https://alphafold.ebi.ac.uk/entry/O00220
TNFRSF10A	missense_variant		2128847713						O00220	Tumor necrosis factor receptor superfamily member 10A	Homo sapiens	Encontrado	https://alphafold.ebi.ac.uk/entry/O00220
TNFRSF10A	missense_variant		2128848120						O00220	Tumor necrosis factor receptor superfamily member 10A	Homo sapiens	Encontrado	https://alphafold.ebi.ac.uk/entry/O00220
TNFRSF10A	missense_variant		2128848324						O00220	Tumor necrosis factor receptor superfamily member 10A	Homo sapiens	Encontrado	https://alphafold.ebi.ac.uk/entry/O00220
TNFRSF10A	missense_variant		2128848333						O00220	Tumor necrosis factor receptor superfamily member 10A	Homo sapiens	Encontrado	https://alphafold.ebi.ac.uk/entry/O00220
TNFRSF10A	missense_variant		2128852790						O00220	Tumor necrosis factor receptor superfamily member 10A	Homo sapiens	Encontrado	https://alphafold.ebi.ac.uk/entry/O00220
TNFRSF10A	missense_variant		2128852799						O00220	Tumor necrosis factor receptor superfamily member 10A	Homo sapiens	Encontrado	https://alphafold.ebi.ac.uk/entry/O00220
TNFRSF10A	missense_variant		2230229						O00220	Tumor necrosis factor receptor superfamily member 10A	Homo sapiens	Encontrado	https://alphafold.ebi.ac.uk/entry/O00220
TNFRSF10A	missense_variant	benign	2230230						O00220	Tumor necrosis factor receptor superfamily member 10A	Homo sapiens	Encontrado	https://alphafold.ebi.ac.uk/entry/O00220
TNFRSF10A	missense_variant	uncertain significance	2486399871						O00220	Tumor necrosis factor receptor superfamily member 10A	Homo sapiens	Encontrado	https://alphafold.ebi.ac.uk/entry/O00220
TNFRSF10A	missense_variant		34737614						O00220	Tumor necrosis factor receptor superfamily member 10A	Homo sapiens	Encontrado	https://alphafold.ebi.ac.uk/entry/O00220
TNFRSF10A	missense_variant	uncertain significance	368319860	O00220	rs368319860	R7S	0.0		O00220	Tumor necrosis factor receptor superfamily member 10A	Homo sapiens	Encontrado	https://alphafold.ebi.ac.uk/entry/O00220
TNFRSF10A	missense_variant	uncertain significance	368319860	O00220	rs368319860	R7S	0.09		O00220	Tumor necrosis factor receptor superfamily member 10A	Homo sapiens	Encontrado	https://alphafold.ebi.ac.uk/entry/O00220
TNFRSF10A	missense_variant	uncertain significance	368869003	O00220	rs368869003	V218F	0.906		O00220	Tumor necrosis factor receptor superfamily member 10A	Homo sapiens	Encontrado	https://alphafold.ebi.ac.uk/entry/O00220
TNFRSF10A	missense_variant	uncertain significance	368869003	O00220	rs368869003	V218F	0.32		O00220	Tumor necrosis factor receptor superfamily member 10A	Homo sapiens	Encontrado	https://alphafold.ebi.ac.uk/entry/O00220
TNFRSF10A	missense_variant	uncertain significance	370223307						O00220	Tumor necrosis factor receptor superfamily member 10A	Homo sapiens	Encontrado	https://alphafold.ebi.ac.uk/entry/O00220
TNFRSF10A	missense_variant	uncertain significance	370495260						O00220	Tumor necrosis factor receptor superfamily member 10A	Homo sapiens	Encontrado	https://alphafold.ebi.ac.uk/entry/O00220
TNFRSF10A	missense_variant		370554161						O00220	Tumor necrosis factor receptor superfamily member 10A	Homo sapiens	Encontrado	https://alphafold.ebi.ac.uk/entry/O00220
TNFRSF10A	missense_variant	uncertain significance	370841687	O00220	rs370841687	N159D	1.0		O00220	Tumor necrosis factor receptor superfamily member 10A	Homo sapiens	Encontrado	https://alphafold.ebi.ac.uk/entry/O00220
TNFRSF10A	missense_variant	uncertain significance	370841687	O00220	rs370841687	N159D	0.0		O00220	Tumor necrosis factor receptor superfamily member 10A	Homo sapiens	Encontrado	https://alphafold.ebi.ac.uk/entry/O00220
TNFRSF10A	missense_variant		371257093						O00220	Tumor necrosis factor receptor superfamily member 10A	Homo sapiens	Encontrado	https://alphafold.ebi.ac.uk/entry/O00220
TNFRSF10A	missense_variant		371707881						O00220	Tumor necrosis factor receptor superfamily member 10A	Homo sapiens	Encontrado	https://alphafold.ebi.ac.uk/entry/O00220
TNFRSF10A	missense_variant		372471885						O00220	Tumor necrosis factor receptor superfamily member 10A	Homo sapiens	Encontrado	https://alphafold.ebi.ac.uk/entry/O00220
TNFRSF10A	missense_variant		372908269						O00220	Tumor necrosis factor receptor superfamily member 10A	Homo sapiens	Encontrado	https://alphafold.ebi.ac.uk/entry/O00220
TNFRSF10A	missense_variant		372908951						O00220	Tumor necrosis factor receptor superfamily member 10A	Homo sapiens	Encontrado	https://alphafold.ebi.ac.uk/entry/O00220
TNFRSF10A	missense_variant	uncertain significance	373461559						O00220	Tumor necrosis factor receptor superfamily member 10A	Homo sapiens	Encontrado	https://alphafold.ebi.ac.uk/entry/O00220
TNFRSF10A	missense_variant	uncertain significance	373540814	O00220	rs373540814	S379P	0.973		O00220	Tumor necrosis factor receptor superfamily member 10A	Homo sapiens	Encontrado	https://alphafold.ebi.ac.uk/entry/O00220
TNFRSF10A	missense_variant	uncertain significance	373540814	O00220	rs373540814	S379P	0.01		O00220	Tumor necrosis factor receptor superfamily member 10A	Homo sapiens	Encontrado	https://alphafold.ebi.ac.uk/entry/O00220
TNFRSF10A	missense_variant		374099043						O00220	Tumor necrosis factor receptor superfamily member 10A	Homo sapiens	Encontrado	https://alphafold.ebi.ac.uk/entry/O00220
TNFRSF10A	missense_variant		375542409	O00220	rs375542409	G462S	0.444		O00220	Tumor necrosis factor receptor superfamily member 10A	Homo sapiens	Encontrado	https://alphafold.ebi.ac.uk/entry/O00220
TNFRSF10A	missense_variant		375542409	O00220	rs375542409	G462S	0.05		O00220	Tumor necrosis factor receptor superfamily member 10A	Homo sapiens	Encontrado	https://alphafold.ebi.ac.uk/entry/O00220
TNFRSF10A	missense_variant		375542409	O00220	rs375542409	G462S	0.455		O00220	Tumor necrosis factor receptor superfamily member 10A	Homo sapiens	Encontrado	https://alphafold.ebi.ac.uk/entry/O00220
TNFRSF10A	missense_variant		375542409	O00220	rs375542409	G462S	0.07		O00220	Tumor necrosis factor receptor superfamily member 10A	Homo sapiens	Encontrado	https://alphafold.ebi.ac.uk/entry/O00220
TNFRSF10A	missense_variant		376605159						O00220	Tumor necrosis factor receptor superfamily member 10A	Homo sapiens	Encontrado	https://alphafold.ebi.ac.uk/entry/O00220
TNFRSF10A	missense_variant		376760379						O00220	Tumor necrosis factor receptor superfamily member 10A	Homo sapiens	Encontrado	https://alphafold.ebi.ac.uk/entry/O00220
TNFRSF10A	missense_variant		377048930						O00220	Tumor necrosis factor receptor superfamily member 10A	Homo sapiens	Encontrado	https://alphafold.ebi.ac.uk/entry/O00220
TNFRSF10A	missense_variant		377094679						O00220	Tumor necrosis factor receptor superfamily member 10A	Homo sapiens	Encontrado	https://alphafold.ebi.ac.uk/entry/O00220
TNFRSF10A	missense_variant		377580417						O00220	Tumor necrosis factor receptor superfamily member 10A	Homo sapiens	Encontrado	https://alphafold.ebi.ac.uk/entry/O00220
TNFRSF10A	missense_variant	uncertain significance	483352726	O00220	rs483352726	G119S	0.066		O00220	Tumor necrosis factor receptor superfamily member 10A	Homo sapiens	Encontrado	https://alphafold.ebi.ac.uk/entry/O00220
TNFRSF10A	missense_variant	uncertain significance	483352726	O00220	rs483352726	G119S	0.11		O00220	Tumor necrosis factor receptor superfamily member 10A	Homo sapiens	Encontrado	https://alphafold.ebi.ac.uk/entry/O00220
TNFRSF10A	missense_variant		527294295						O00220	Tumor necrosis factor receptor superfamily member 10A	Homo sapiens	Encontrado	https://alphafold.ebi.ac.uk/entry/O00220
TNFRSF10A	missense_variant		529697740						O00220	Tumor necrosis factor receptor superfamily member 10A	Homo sapiens	Encontrado	https://alphafold.ebi.ac.uk/entry/O00220
TNFRSF10A	missense_variant		530737531						O00220	Tumor necrosis factor receptor superfamily member 10A	Homo sapiens	Encontrado	https://alphafold.ebi.ac.uk/entry/O00220
TNFRSF10A	missense_variant		532556218						O00220	Tumor necrosis factor receptor superfamily member 10A	Homo sapiens	Encontrado	https://alphafold.ebi.ac.uk/entry/O00220
TNFRSF10A	missense_variant		532602797						O00220	Tumor necrosis factor receptor superfamily member 10A	Homo sapiens	Encontrado	https://alphafold.ebi.ac.uk/entry/O00220
TNFRSF10A	missense_variant		538852484						O00220	Tumor necrosis factor receptor superfamily member 10A	Homo sapiens	Encontrado	https://alphafold.ebi.ac.uk/entry/O00220
TNFRSF10A	missense_variant		544790282						O00220	Tumor necrosis factor receptor superfamily member 10A	Homo sapiens	Encontrado	https://alphafold.ebi.ac.uk/entry/O00220
TNFRSF10A	missense_variant		545557158						O00220	Tumor necrosis factor receptor superfamily member 10A	Homo sapiens	Encontrado	https://alphafold.ebi.ac.uk/entry/O00220
TNFRSF10A	missense_variant		547614433						O00220	Tumor necrosis factor receptor superfamily member 10A	Homo sapiens	Encontrado	https://alphafold.ebi.ac.uk/entry/O00220
TNFRSF10A	missense_variant	uncertain significance	549217117	O00220	rs549217117	V37G	0.025		O00220	Tumor necrosis factor receptor superfamily member 10A	Homo sapiens	Encontrado	https://alphafold.ebi.ac.uk/entry/O00220
TNFRSF10A	missense_variant	uncertain significance	549217117	O00220	rs549217117	V37G	0.03		O00220	Tumor necrosis factor receptor superfamily member 10A	Homo sapiens	Encontrado	https://alphafold.ebi.ac.uk/entry/O00220
TNFRSF10A	missense_variant		551720650						O00220	Tumor necrosis factor receptor superfamily member 10A	Homo sapiens	Encontrado	https://alphafold.ebi.ac.uk/entry/O00220
TNFRSF10A	missense_variant	uncertain significance	563273963						O00220	Tumor necrosis factor receptor superfamily member 10A	Homo sapiens	Encontrado	https://alphafold.ebi.ac.uk/entry/O00220
TNFRSF10A	missense_variant		568615397						O00220	Tumor necrosis factor receptor superfamily member 10A	Homo sapiens	Encontrado	https://alphafold.ebi.ac.uk/entry/O00220
TNFRSF10A	missense_variant		569931307						O00220	Tumor necrosis factor receptor superfamily member 10A	Homo sapiens	Encontrado	https://alphafold.ebi.ac.uk/entry/O00220
TNFRSF10A	missense_variant	uncertain significance, likely benign	571095882	O00220	rs571095882	V310F	0.051		O00220	Tumor necrosis factor receptor superfamily member 10A	Homo sapiens	Encontrado	https://alphafold.ebi.ac.uk/entry/O00220
TNFRSF10A	missense_variant	uncertain significance, likely benign	571095882	O00220	rs571095882	V310F	0.05		O00220	Tumor necrosis factor receptor superfamily member 10A	Homo sapiens	Encontrado	https://alphafold.ebi.ac.uk/entry/O00220
TNFRSF10A	missense_variant	uncertain significance, likely benign	571095882	O00220	rs571095882	V310I	0.0		O00220	Tumor necrosis factor receptor superfamily member 10A	Homo sapiens	Encontrado	https://alphafold.ebi.ac.uk/entry/O00220
TNFRSF10A	missense_variant	uncertain significance, likely benign	571095882	O00220	rs571095882	V310I	0.43		O00220	Tumor necrosis factor receptor superfamily member 10A	Homo sapiens	Encontrado	https://alphafold.ebi.ac.uk/entry/O00220
TNFRSF10A	missense_variant	benign	61756236	O00220	rs61756236	R69P	0.067		O00220	Tumor necrosis factor receptor superfamily member 10A	Homo sapiens	Encontrado	https://alphafold.ebi.ac.uk/entry/O00220
TNFRSF10A	missense_variant	benign	61756236	O00220	rs61756236	R69P	0.07		O00220	Tumor necrosis factor receptor superfamily member 10A	Homo sapiens	Encontrado	https://alphafold.ebi.ac.uk/entry/O00220
TNFRSF10A	missense_variant		745529923						O00220	Tumor necrosis factor receptor superfamily member 10A	Homo sapiens	Encontrado	https://alphafold.ebi.ac.uk/entry/O00220
TNFRSF10A	missense_variant		745551949						O00220	Tumor necrosis factor receptor superfamily member 10A	Homo sapiens	Encontrado	https://alphafold.ebi.ac.uk/entry/O00220
TNFRSF10A	missense_variant		746009968						O00220	Tumor necrosis factor receptor superfamily member 10A	Homo sapiens	Encontrado	https://alphafold.ebi.ac.uk/entry/O00220
TNFRSF10A	missense_variant		746051592						O00220	Tumor necrosis factor receptor superfamily member 10A	Homo sapiens	Encontrado	https://alphafold.ebi.ac.uk/entry/O00220
TNFRSF10A	missense_variant		746067219						O00220	Tumor necrosis factor receptor superfamily member 10A	Homo sapiens	Encontrado	https://alphafold.ebi.ac.uk/entry/O00220
TNFRSF10A	missense_variant		746443958						O00220	Tumor necrosis factor receptor superfamily member 10A	Homo sapiens	Encontrado	https://alphafold.ebi.ac.uk/entry/O00220
TNFRSF10A	missense_variant		746700261						O00220	Tumor necrosis factor receptor superfamily member 10A	Homo sapiens	Encontrado	https://alphafold.ebi.ac.uk/entry/O00220
TNFRSF10A	missense_variant	uncertain significance	747020496						O00220	Tumor necrosis factor receptor superfamily member 10A	Homo sapiens	Encontrado	https://alphafold.ebi.ac.uk/entry/O00220
TNFRSF10A	missense_variant		747276115						O00220	Tumor necrosis factor receptor superfamily member 10A	Homo sapiens	Encontrado	https://alphafold.ebi.ac.uk/entry/O00220
TNFRSF10A	missense_variant	likely benign	747279227						O00220	Tumor necrosis factor receptor superfamily member 10A	Homo sapiens	Encontrado	https://alphafold.ebi.ac.uk/entry/O00220
TNFRSF10A	missense_variant		747581570	O00220	rs747581570	I118V	0.0		O00220	Tumor necrosis factor receptor superfamily member 10A	Homo sapiens	Encontrado	https://alphafold.ebi.ac.uk/entry/O00220
TNFRSF10A	missense_variant		747581570	O00220	rs747581570	I118V	0.67		O00220	Tumor necrosis factor receptor superfamily member 10A	Homo sapiens	Encontrado	https://alphafold.ebi.ac.uk/entry/O00220
TNFRSF10A	missense_variant		747581570	O00220	rs747581570	I118V	0.0		O00220	Tumor necrosis factor receptor superfamily member 10A	Homo sapiens	Encontrado	https://alphafold.ebi.ac.uk/entry/O00220
TNFRSF10A	missense_variant		747581570	O00220	rs747581570	I118V	0.42		O00220	Tumor necrosis factor receptor superfamily member 10A	Homo sapiens	Encontrado	https://alphafold.ebi.ac.uk/entry/O00220
TNFRSF10A	missense_variant	uncertain significance	747598220	O00220	rs747598220	A399T	0.946		O00220	Tumor necrosis factor receptor superfamily member 10A	Homo sapiens	Encontrado	https://alphafold.ebi.ac.uk/entry/O00220
TNFRSF10A	missense_variant	uncertain significance	747598220	O00220	rs747598220	A399T	0.08		O00220	Tumor necrosis factor receptor superfamily member 10A	Homo sapiens	Encontrado	https://alphafold.ebi.ac.uk/entry/O00220
TNFRSF10A	missense_variant	uncertain significance	747598220	O00220	rs747598220	A399T	0.948		O00220	Tumor necrosis factor receptor superfamily member 10A	Homo sapiens	Encontrado	https://alphafold.ebi.ac.uk/entry/O00220
TNFRSF10A	missense_variant	uncertain significance	747598220	O00220	rs747598220	A399T	0.03		O00220	Tumor necrosis factor receptor superfamily member 10A	Homo sapiens	Encontrado	https://alphafold.ebi.ac.uk/entry/O00220
TNFRSF10A	missense_variant		748620303						O00220	Tumor necrosis factor receptor superfamily member 10A	Homo sapiens	Encontrado	https://alphafold.ebi.ac.uk/entry/O00220
TNFRSF10A	missense_variant		748872586	O00220	rs748872586	R147Q	0.003		O00220	Tumor necrosis factor receptor superfamily member 10A	Homo sapiens	Encontrado	https://alphafold.ebi.ac.uk/entry/O00220
TNFRSF10A	missense_variant		748872586	O00220	rs748872586	R147Q	0.63		O00220	Tumor necrosis factor receptor superfamily member 10A	Homo sapiens	Encontrado	https://alphafold.ebi.ac.uk/entry/O00220
TNFRSF10A	missense_variant		748872586	O00220	rs748872586	R147Q	0.003		O00220	Tumor necrosis factor receptor superfamily member 10A	Homo sapiens	Encontrado	https://alphafold.ebi.ac.uk/entry/O00220
TNFRSF10A	missense_variant		748872586	O00220	rs748872586	R147Q	0.69		O00220	Tumor necrosis factor receptor superfamily member 10A	Homo sapiens	Encontrado	https://alphafold.ebi.ac.uk/entry/O00220
TNFRSF10A	missense_variant	uncertain significance	748925595	O00220	rs748925595	L285V	0.023		O00220	Tumor necrosis factor receptor superfamily member 10A	Homo sapiens	Encontrado	https://alphafold.ebi.ac.uk/entry/O00220
TNFRSF10A	missense_variant	uncertain significance	748925595	O00220	rs748925595	L285V	0.53		O00220	Tumor necrosis factor receptor superfamily member 10A	Homo sapiens	Encontrado	https://alphafold.ebi.ac.uk/entry/O00220
TNFRSF10A	missense_variant		749016937						O00220	Tumor necrosis factor receptor superfamily member 10A	Homo sapiens	Encontrado	https://alphafold.ebi.ac.uk/entry/O00220
TNFRSF10A	missense_variant		749042542						O00220	Tumor necrosis factor receptor superfamily member 10A	Homo sapiens	Encontrado	https://alphafold.ebi.ac.uk/entry/O00220
TNFRSF10A	missense_variant		749769267						O00220	Tumor necrosis factor receptor superfamily member 10A	Homo sapiens	Encontrado	https://alphafold.ebi.ac.uk/entry/O00220
TNFRSF10A	missense_variant		749884739						O00220	Tumor necrosis factor receptor superfamily member 10A	Homo sapiens	Encontrado	https://alphafold.ebi.ac.uk/entry/O00220
TNFRSF10A	missense_variant		750087731						O00220	Tumor necrosis factor receptor superfamily member 10A	Homo sapiens	Encontrado	https://alphafold.ebi.ac.uk/entry/O00220
TNFRSF10A	missense_variant		750382921						O00220	Tumor necrosis factor receptor superfamily member 10A	Homo sapiens	Encontrado	https://alphafold.ebi.ac.uk/entry/O00220
TNFRSF10A	missense_variant		750750207						O00220	Tumor necrosis factor receptor superfamily member 10A	Homo sapiens	Encontrado	https://alphafold.ebi.ac.uk/entry/O00220
TNFRSF10A	missense_variant		751536683						O00220	Tumor necrosis factor receptor superfamily member 10A	Homo sapiens	Encontrado	https://alphafold.ebi.ac.uk/entry/O00220
TNFRSF10A	missense_variant	uncertain significance	751666555	O00220	rs751666555	E437D	0.76		O00220	Tumor necrosis factor receptor superfamily member 10A	Homo sapiens	Encontrado	https://alphafold.ebi.ac.uk/entry/O00220
TNFRSF10A	missense_variant	uncertain significance	751666555	O00220	rs751666555	E437D	0.1		O00220	Tumor necrosis factor receptor superfamily member 10A	Homo sapiens	Encontrado	https://alphafold.ebi.ac.uk/entry/O00220
TNFRSF10A	missense_variant	uncertain significance	751666555	O00220	rs751666555	E437D	0.768		O00220	Tumor necrosis factor receptor superfamily member 10A	Homo sapiens	Encontrado	https://alphafold.ebi.ac.uk/entry/O00220
TNFRSF10A	missense_variant	uncertain significance	751666555	O00220	rs751666555	E437D	0.02		O00220	Tumor necrosis factor receptor superfamily member 10A	Homo sapiens	Encontrado	https://alphafold.ebi.ac.uk/entry/O00220
TNFRSF10A	missense_variant		752383148						O00220	Tumor necrosis factor receptor superfamily member 10A	Homo sapiens	Encontrado	https://alphafold.ebi.ac.uk/entry/O00220
TNFRSF10A	missense_variant	uncertain significance	752552572	O00220	rs752552572	F94S	0.01		O00220	Tumor necrosis factor receptor superfamily member 10A	Homo sapiens	Encontrado	https://alphafold.ebi.ac.uk/entry/O00220
TNFRSF10A	missense_variant	uncertain significance	752552572	O00220	rs752552572	F94S	0.0		O00220	Tumor necrosis factor receptor superfamily member 10A	Homo sapiens	Encontrado	https://alphafold.ebi.ac.uk/entry/O00220
TNFRSF10A	missense_variant		753001021						O00220	Tumor necrosis factor receptor superfamily member 10A	Homo sapiens	Encontrado	https://alphafold.ebi.ac.uk/entry/O00220
TNFRSF10A	missense_variant		753509370						O00220	Tumor necrosis factor receptor superfamily member 10A	Homo sapiens	Encontrado	https://alphafold.ebi.ac.uk/entry/O00220
TNFRSF10A	missense_variant		753609396						O00220	Tumor necrosis factor receptor superfamily member 10A	Homo sapiens	Encontrado	https://alphafold.ebi.ac.uk/entry/O00220
TNFRSF10A	missense_variant	uncertain significance	753799152						O00220	Tumor necrosis factor receptor superfamily member 10A	Homo sapiens	Encontrado	https://alphafold.ebi.ac.uk/entry/O00220
TNFRSF10A	missense_variant		753859820						O00220	Tumor necrosis factor receptor superfamily member 10A	Homo sapiens	Encontrado	https://alphafold.ebi.ac.uk/entry/O00220
TNFRSF10A	missense_variant		754090248	O00220	rs754090248	E298K	0.284		O00220	Tumor necrosis factor receptor superfamily member 10A	Homo sapiens	Encontrado	https://alphafold.ebi.ac.uk/entry/O00220
TNFRSF10A	missense_variant		754090248	O00220	rs754090248	E298K	0.19		O00220	Tumor necrosis factor receptor superfamily member 10A	Homo sapiens	Encontrado	https://alphafold.ebi.ac.uk/entry/O00220
TNFRSF10A	missense_variant		754090248	O00220	rs754090248	E298K	0.28		O00220	Tumor necrosis factor receptor superfamily member 10A	Homo sapiens	Encontrado	https://alphafold.ebi.ac.uk/entry/O00220
TNFRSF10A	missense_variant		754090248	O00220	rs754090248	E298K	0.13		O00220	Tumor necrosis factor receptor superfamily member 10A	Homo sapiens	Encontrado	https://alphafold.ebi.ac.uk/entry/O00220
TNFRSF10A	missense_variant		754876381						O00220	Tumor necrosis factor receptor superfamily member 10A	Homo sapiens	Encontrado	https://alphafold.ebi.ac.uk/entry/O00220
TNFRSF10A	missense_variant		754916329						O00220	Tumor necrosis factor receptor superfamily member 10A	Homo sapiens	Encontrado	https://alphafold.ebi.ac.uk/entry/O00220
TNFRSF10A	missense_variant		754917977						O00220	Tumor necrosis factor receptor superfamily member 10A	Homo sapiens	Encontrado	https://alphafold.ebi.ac.uk/entry/O00220
TNFRSF10A	missense_variant		755084344						O00220	Tumor necrosis factor receptor superfamily member 10A	Homo sapiens	Encontrado	https://alphafold.ebi.ac.uk/entry/O00220
TNFRSF10A	missense_variant	uncertain significance	755524669						O00220	Tumor necrosis factor receptor superfamily member 10A	Homo sapiens	Encontrado	https://alphafold.ebi.ac.uk/entry/O00220
TNFRSF10A	missense_variant		755677009						O00220	Tumor necrosis factor receptor superfamily member 10A	Homo sapiens	Encontrado	https://alphafold.ebi.ac.uk/entry/O00220
TNFRSF10A	missense_variant	uncertain significance	756047313	O00220	rs756047313	K217T	0.995		O00220	Tumor necrosis factor receptor superfamily member 10A	Homo sapiens	Encontrado	https://alphafold.ebi.ac.uk/entry/O00220
TNFRSF10A	missense_variant	uncertain significance	756047313	O00220	rs756047313	K217T	0.4		O00220	Tumor necrosis factor receptor superfamily member 10A	Homo sapiens	Encontrado	https://alphafold.ebi.ac.uk/entry/O00220
TNFRSF10A	missense_variant		756213970						O00220	Tumor necrosis factor receptor superfamily member 10A	Homo sapiens	Encontrado	https://alphafold.ebi.ac.uk/entry/O00220
TNFRSF10A	missense_variant		756496830						O00220	Tumor necrosis factor receptor superfamily member 10A	Homo sapiens	Encontrado	https://alphafold.ebi.ac.uk/entry/O00220
TNFRSF10A	missense_variant		757174389						O00220	Tumor necrosis factor receptor superfamily member 10A	Homo sapiens	Encontrado	https://alphafold.ebi.ac.uk/entry/O00220
TNFRSF10A	missense_variant		757496105						O00220	Tumor necrosis factor receptor superfamily member 10A	Homo sapiens	Encontrado	https://alphafold.ebi.ac.uk/entry/O00220
TNFRSF10A	missense_variant		757760639						O00220	Tumor necrosis factor receptor superfamily member 10A	Homo sapiens	Encontrado	https://alphafold.ebi.ac.uk/entry/O00220
TNFRSF10A	missense_variant		757768301						O00220	Tumor necrosis factor receptor superfamily member 10A	Homo sapiens	Encontrado	https://alphafold.ebi.ac.uk/entry/O00220
TNFRSF10A	missense_variant		757770093						O00220	Tumor necrosis factor receptor superfamily member 10A	Homo sapiens	Encontrado	https://alphafold.ebi.ac.uk/entry/O00220
TNFRSF10A	missense_variant		757991794						O00220	Tumor necrosis factor receptor superfamily member 10A	Homo sapiens	Encontrado	https://alphafold.ebi.ac.uk/entry/O00220
TNFRSF10A	missense_variant		758031420						O00220	Tumor necrosis factor receptor superfamily member 10A	Homo sapiens	Encontrado	https://alphafold.ebi.ac.uk/entry/O00220
TNFRSF10A	missense_variant	uncertain significance	758274362						O00220	Tumor necrosis factor receptor superfamily member 10A	Homo sapiens	Encontrado	https://alphafold.ebi.ac.uk/entry/O00220
TNFRSF10A	missense_variant	uncertain significance	758645078	O00220	rs758645078	A29T	0.001		O00220	Tumor necrosis factor receptor superfamily member 10A	Homo sapiens	Encontrado	https://alphafold.ebi.ac.uk/entry/O00220
TNFRSF10A	missense_variant	uncertain significance	758645078	O00220	rs758645078	A29T	0.0		O00220	Tumor necrosis factor receptor superfamily member 10A	Homo sapiens	Encontrado	https://alphafold.ebi.ac.uk/entry/O00220
TNFRSF10A	missense_variant		758863344						O00220	Tumor necrosis factor receptor superfamily member 10A	Homo sapiens	Encontrado	https://alphafold.ebi.ac.uk/entry/O00220
TNFRSF10A	missense_variant		759093882						O00220	Tumor necrosis factor receptor superfamily member 10A	Homo sapiens	Encontrado	https://alphafold.ebi.ac.uk/entry/O00220
TNFRSF10A	missense_variant		759145262						O00220	Tumor necrosis factor receptor superfamily member 10A	Homo sapiens	Encontrado	https://alphafold.ebi.ac.uk/entry/O00220
TNFRSF10A	missense_variant		759147293						O00220	Tumor necrosis factor receptor superfamily member 10A	Homo sapiens	Encontrado	https://alphafold.ebi.ac.uk/entry/O00220
TNFRSF10A	missense_variant	likely benign	759566687	O00220	rs759566687	R282C	0.0		O00220	Tumor necrosis factor receptor superfamily member 10A	Homo sapiens	Encontrado	https://alphafold.ebi.ac.uk/entry/O00220
TNFRSF10A	missense_variant	likely benign	759566687	O00220	rs759566687	R282C	0.29		O00220	Tumor necrosis factor receptor superfamily member 10A	Homo sapiens	Encontrado	https://alphafold.ebi.ac.uk/entry/O00220
TNFRSF10A	missense_variant	likely benign	759566687	O00220	rs759566687	R282C	0.0		O00220	Tumor necrosis factor receptor superfamily member 10A	Homo sapiens	Encontrado	https://alphafold.ebi.ac.uk/entry/O00220
TNFRSF10A	missense_variant	likely benign	759566687	O00220	rs759566687	R282C	0.19		O00220	Tumor necrosis factor receptor superfamily member 10A	Homo sapiens	Encontrado	https://alphafold.ebi.ac.uk/entry/O00220
TNFRSF10A	missense_variant		759604436						O00220	Tumor necrosis factor receptor superfamily member 10A	Homo sapiens	Encontrado	https://alphafold.ebi.ac.uk/entry/O00220
TNFRSF10A	missense_variant		759972278						O00220	Tumor necrosis factor receptor superfamily member 10A	Homo sapiens	Encontrado	https://alphafold.ebi.ac.uk/entry/O00220
TNFRSF10A	missense_variant		760076246						O00220	Tumor necrosis factor receptor superfamily member 10A	Homo sapiens	Encontrado	https://alphafold.ebi.ac.uk/entry/O00220
TNFRSF10A	missense_variant		760773242						O00220	Tumor necrosis factor receptor superfamily member 10A	Homo sapiens	Encontrado	https://alphafold.ebi.ac.uk/entry/O00220
TNFRSF10A	missense_variant		760843781						O00220	Tumor necrosis factor receptor superfamily member 10A	Homo sapiens	Encontrado	https://alphafold.ebi.ac.uk/entry/O00220
TNFRSF10A	missense_variant		761282779						O00220	Tumor necrosis factor receptor superfamily member 10A	Homo sapiens	Encontrado	https://alphafold.ebi.ac.uk/entry/O00220
TNFRSF10A	missense_variant		761300539	O00220	rs761300539	T182M	0.427		O00220	Tumor necrosis factor receptor superfamily member 10A	Homo sapiens	Encontrado	https://alphafold.ebi.ac.uk/entry/O00220
TNFRSF10A	missense_variant		761300539	O00220	rs761300539	T182M	0.12		O00220	Tumor necrosis factor receptor superfamily member 10A	Homo sapiens	Encontrado	https://alphafold.ebi.ac.uk/entry/O00220
TNFRSF10A	missense_variant		761300539	O00220	rs761300539	T182M	0.302		O00220	Tumor necrosis factor receptor superfamily member 10A	Homo sapiens	Encontrado	https://alphafold.ebi.ac.uk/entry/O00220
TNFRSF10A	missense_variant		761300539	O00220	rs761300539	T182M	0.2		O00220	Tumor necrosis factor receptor superfamily member 10A	Homo sapiens	Encontrado	https://alphafold.ebi.ac.uk/entry/O00220
TNFRSF10A	missense_variant		761447580	O00220	rs761447580	V465M	0.081		O00220	Tumor necrosis factor receptor superfamily member 10A	Homo sapiens	Encontrado	https://alphafold.ebi.ac.uk/entry/O00220
TNFRSF10A	missense_variant		761447580	O00220	rs761447580	V465M	0.13		O00220	Tumor necrosis factor receptor superfamily member 10A	Homo sapiens	Encontrado	https://alphafold.ebi.ac.uk/entry/O00220
TNFRSF10A	missense_variant		761447580	O00220	rs761447580	V465M	0.08		O00220	Tumor necrosis factor receptor superfamily member 10A	Homo sapiens	Encontrado	https://alphafold.ebi.ac.uk/entry/O00220
TNFRSF10A	missense_variant		761447580	O00220	rs761447580	V465M	0.19		O00220	Tumor necrosis factor receptor superfamily member 10A	Homo sapiens	Encontrado	https://alphafold.ebi.ac.uk/entry/O00220
TNFRSF10A	missense_variant		761455585						O00220	Tumor necrosis factor receptor superfamily member 10A	Homo sapiens	Encontrado	https://alphafold.ebi.ac.uk/entry/O00220
TNFRSF10A	missense_variant		761796662	O00220	rs761796662	I444M	0.99		O00220	Tumor necrosis factor receptor superfamily member 10A	Homo sapiens	Encontrado	https://alphafold.ebi.ac.uk/entry/O00220
TNFRSF10A	missense_variant		761796662	O00220	rs761796662	I444M	0.06		O00220	Tumor necrosis factor receptor superfamily member 10A	Homo sapiens	Encontrado	https://alphafold.ebi.ac.uk/entry/O00220
TNFRSF10A	missense_variant		761796662	O00220	rs761796662	I444M	0.99		O00220	Tumor necrosis factor receptor superfamily member 10A	Homo sapiens	Encontrado	https://alphafold.ebi.ac.uk/entry/O00220
TNFRSF10A	missense_variant		761796662	O00220	rs761796662	I444M	0.0		O00220	Tumor necrosis factor receptor superfamily member 10A	Homo sapiens	Encontrado	https://alphafold.ebi.ac.uk/entry/O00220
TNFRSF10A	missense_variant		762008162						O00220	Tumor necrosis factor receptor superfamily member 10A	Homo sapiens	Encontrado	https://alphafold.ebi.ac.uk/entry/O00220
TNFRSF10A	missense_variant	uncertain significance	762045833	O00220	rs762045833	D271E	0.003		O00220	Tumor necrosis factor receptor superfamily member 10A	Homo sapiens	Encontrado	https://alphafold.ebi.ac.uk/entry/O00220
TNFRSF10A	missense_variant	uncertain significance	762045833	O00220	rs762045833	D271E	0.13		O00220	Tumor necrosis factor receptor superfamily member 10A	Homo sapiens	Encontrado	https://alphafold.ebi.ac.uk/entry/O00220
TNFRSF10A	missense_variant		762305247						O00220	Tumor necrosis factor receptor superfamily member 10A	Homo sapiens	Encontrado	https://alphafold.ebi.ac.uk/entry/O00220
TNFRSF10A	missense_variant		762683526						O00220	Tumor necrosis factor receptor superfamily member 10A	Homo sapiens	Encontrado	https://alphafold.ebi.ac.uk/entry/O00220
TNFRSF10A	missense_variant		762970156						O00220	Tumor necrosis factor receptor superfamily member 10A	Homo sapiens	Encontrado	https://alphafold.ebi.ac.uk/entry/O00220
TNFRSF10A	missense_variant		763149450						O00220	Tumor necrosis factor receptor superfamily member 10A	Homo sapiens	Encontrado	https://alphafold.ebi.ac.uk/entry/O00220
TNFRSF10A	missense_variant		763276148						O00220	Tumor necrosis factor receptor superfamily member 10A	Homo sapiens	Encontrado	https://alphafold.ebi.ac.uk/entry/O00220
TNFRSF10A	missense_variant		763963313						O00220	Tumor necrosis factor receptor superfamily member 10A	Homo sapiens	Encontrado	https://alphafold.ebi.ac.uk/entry/O00220
TNFRSF10A	missense_variant		764151190						O00220	Tumor necrosis factor receptor superfamily member 10A	Homo sapiens	Encontrado	https://alphafold.ebi.ac.uk/entry/O00220
TNFRSF10A	missense_variant		764178278						O00220	Tumor necrosis factor receptor superfamily member 10A	Homo sapiens	Encontrado	https://alphafold.ebi.ac.uk/entry/O00220
TNFRSF10A	missense_variant		764237381						O00220	Tumor necrosis factor receptor superfamily member 10A	Homo sapiens	Encontrado	https://alphafold.ebi.ac.uk/entry/O00220
TNFRSF10A	missense_variant		764534412						O00220	Tumor necrosis factor receptor superfamily member 10A	Homo sapiens	Encontrado	https://alphafold.ebi.ac.uk/entry/O00220
TNFRSF10A	missense_variant		765009914						O00220	Tumor necrosis factor receptor superfamily member 10A	Homo sapiens	Encontrado	https://alphafold.ebi.ac.uk/entry/O00220
TNFRSF10A	missense_variant		765147198						O00220	Tumor necrosis factor receptor superfamily member 10A	Homo sapiens	Encontrado	https://alphafold.ebi.ac.uk/entry/O00220
TNFRSF10A	missense_variant		765387201						O00220	Tumor necrosis factor receptor superfamily member 10A	Homo sapiens	Encontrado	https://alphafold.ebi.ac.uk/entry/O00220
TNFRSF10A	missense_variant		765619769						O00220	Tumor necrosis factor receptor superfamily member 10A	Homo sapiens	Encontrado	https://alphafold.ebi.ac.uk/entry/O00220
TNFRSF10A	missense_variant		765804391						O00220	Tumor necrosis factor receptor superfamily member 10A	Homo sapiens	Encontrado	https://alphafold.ebi.ac.uk/entry/O00220
TNFRSF10A	missense_variant	uncertain significance	765900944	O00220	rs765900944	V99F	0.109		O00220	Tumor necrosis factor receptor superfamily member 10A	Homo sapiens	Encontrado	https://alphafold.ebi.ac.uk/entry/O00220
TNFRSF10A	missense_variant	uncertain significance	765900944	O00220	rs765900944	V99F	0.12		O00220	Tumor necrosis factor receptor superfamily member 10A	Homo sapiens	Encontrado	https://alphafold.ebi.ac.uk/entry/O00220
TNFRSF10A	missense_variant		765942519						O00220	Tumor necrosis factor receptor superfamily member 10A	Homo sapiens	Encontrado	https://alphafold.ebi.ac.uk/entry/O00220
TNFRSF10A	missense_variant		766531884						O00220	Tumor necrosis factor receptor superfamily member 10A	Homo sapiens	Encontrado	https://alphafold.ebi.ac.uk/entry/O00220
TNFRSF10A	missense_variant		766979471						O00220	Tumor necrosis factor receptor superfamily member 10A	Homo sapiens	Encontrado	https://alphafold.ebi.ac.uk/entry/O00220
TNFRSF10A	missense_variant		767538728						O00220	Tumor necrosis factor receptor superfamily member 10A	Homo sapiens	Encontrado	https://alphafold.ebi.ac.uk/entry/O00220
TNFRSF10A	missense_variant		767624370						O00220	Tumor necrosis factor receptor superfamily member 10A	Homo sapiens	Encontrado	https://alphafold.ebi.ac.uk/entry/O00220
TNFRSF10A	missense_variant		767963299						O00220	Tumor necrosis factor receptor superfamily member 10A	Homo sapiens	Encontrado	https://alphafold.ebi.ac.uk/entry/O00220
TNFRSF10A	missense_variant		768012575						O00220	Tumor necrosis factor receptor superfamily member 10A	Homo sapiens	Encontrado	https://alphafold.ebi.ac.uk/entry/O00220
TNFRSF10A	missense_variant		768067879						O00220	Tumor necrosis factor receptor superfamily member 10A	Homo sapiens	Encontrado	https://alphafold.ebi.ac.uk/entry/O00220
TNFRSF10A	missense_variant		768188842						O00220	Tumor necrosis factor receptor superfamily member 10A	Homo sapiens	Encontrado	https://alphafold.ebi.ac.uk/entry/O00220
TNFRSF10A	missense_variant		768480167						O00220	Tumor necrosis factor receptor superfamily member 10A	Homo sapiens	Encontrado	https://alphafold.ebi.ac.uk/entry/O00220
TNFRSF10A	missense_variant		768990607						O00220	Tumor necrosis factor receptor superfamily member 10A	Homo sapiens	Encontrado	https://alphafold.ebi.ac.uk/entry/O00220
TNFRSF10A	missense_variant		769096409						O00220	Tumor necrosis factor receptor superfamily member 10A	Homo sapiens	Encontrado	https://alphafold.ebi.ac.uk/entry/O00220
TNFRSF10A	missense_variant	uncertain significance	769671166	O00220	rs769671166	R421Q	0.052		O00220	Tumor necrosis factor receptor superfamily member 10A	Homo sapiens	Encontrado	https://alphafold.ebi.ac.uk/entry/O00220
TNFRSF10A	missense_variant	uncertain significance	769671166	O00220	rs769671166	R421Q	0.13		O00220	Tumor necrosis factor receptor superfamily member 10A	Homo sapiens	Encontrado	https://alphafold.ebi.ac.uk/entry/O00220
TNFRSF10A	missense_variant		769757963						O00220	Tumor necrosis factor receptor superfamily member 10A	Homo sapiens	Encontrado	https://alphafold.ebi.ac.uk/entry/O00220
TNFRSF10A	missense_variant		770120254						O00220	Tumor necrosis factor receptor superfamily member 10A	Homo sapiens	Encontrado	https://alphafold.ebi.ac.uk/entry/O00220
TNFRSF10A	missense_variant		770604411						O00220	Tumor necrosis factor receptor superfamily member 10A	Homo sapiens	Encontrado	https://alphafold.ebi.ac.uk/entry/O00220
TNFRSF10A	missense_variant		770829928						O00220	Tumor necrosis factor receptor superfamily member 10A	Homo sapiens	Encontrado	https://alphafold.ebi.ac.uk/entry/O00220
TNFRSF10A	missense_variant		771322440						O00220	Tumor necrosis factor receptor superfamily member 10A	Homo sapiens	Encontrado	https://alphafold.ebi.ac.uk/entry/O00220
TNFRSF10A	missense_variant		771791120						O00220	Tumor necrosis factor receptor superfamily member 10A	Homo sapiens	Encontrado	https://alphafold.ebi.ac.uk/entry/O00220
TNFRSF10A	missense_variant	uncertain significance	772267982	O00220	rs772267982	A79V	0.068		O00220	Tumor necrosis factor receptor superfamily member 10A	Homo sapiens	Encontrado	https://alphafold.ebi.ac.uk/entry/O00220
TNFRSF10A	missense_variant	uncertain significance	772267982	O00220	rs772267982	A79V	0.02		O00220	Tumor necrosis factor receptor superfamily member 10A	Homo sapiens	Encontrado	https://alphafold.ebi.ac.uk/entry/O00220
TNFRSF10A	missense_variant		772476321						O00220	Tumor necrosis factor receptor superfamily member 10A	Homo sapiens	Encontrado	https://alphafold.ebi.ac.uk/entry/O00220
TNFRSF10A	missense_variant		773006381	O00220	rs773006381	R421W	0.07		O00220	Tumor necrosis factor receptor superfamily member 10A	Homo sapiens	Encontrado	https://alphafold.ebi.ac.uk/entry/O00220
TNFRSF10A	missense_variant		773006381	O00220	rs773006381	R421W	0.0		O00220	Tumor necrosis factor receptor superfamily member 10A	Homo sapiens	Encontrado	https://alphafold.ebi.ac.uk/entry/O00220
TNFRSF10A	missense_variant		773006381	O00220	rs773006381	R421W	0.069		O00220	Tumor necrosis factor receptor superfamily member 10A	Homo sapiens	Encontrado	https://alphafold.ebi.ac.uk/entry/O00220
TNFRSF10A	missense_variant		773006381	O00220	rs773006381	R421W	0.0		O00220	Tumor necrosis factor receptor superfamily member 10A	Homo sapiens	Encontrado	https://alphafold.ebi.ac.uk/entry/O00220
TNFRSF10A	missense_variant		773826012						O00220	Tumor necrosis factor receptor superfamily member 10A	Homo sapiens	Encontrado	https://alphafold.ebi.ac.uk/entry/O00220
TNFRSF10A	missense_variant		774203881						O00220	Tumor necrosis factor receptor superfamily member 10A	Homo sapiens	Encontrado	https://alphafold.ebi.ac.uk/entry/O00220
TNFRSF10A	missense_variant		774477255						O00220	Tumor necrosis factor receptor superfamily member 10A	Homo sapiens	Encontrado	https://alphafold.ebi.ac.uk/entry/O00220
TNFRSF10A	missense_variant		774657921						O00220	Tumor necrosis factor receptor superfamily member 10A	Homo sapiens	Encontrado	https://alphafold.ebi.ac.uk/entry/O00220
TNFRSF10A	missense_variant		775037487						O00220	Tumor necrosis factor receptor superfamily member 10A	Homo sapiens	Encontrado	https://alphafold.ebi.ac.uk/entry/O00220
TNFRSF10A	missense_variant	uncertain significance	775203714	O00220	rs775203714	N19K	0.034		O00220	Tumor necrosis factor receptor superfamily member 10A	Homo sapiens	Encontrado	https://alphafold.ebi.ac.uk/entry/O00220
TNFRSF10A	missense_variant	uncertain significance	775203714	O00220	rs775203714	N19K	0.0		O00220	Tumor necrosis factor receptor superfamily member 10A	Homo sapiens	Encontrado	https://alphafold.ebi.ac.uk/entry/O00220
TNFRSF10A	missense_variant		776189185						O00220	Tumor necrosis factor receptor superfamily member 10A	Homo sapiens	Encontrado	https://alphafold.ebi.ac.uk/entry/O00220
TNFRSF10A	missense_variant		776475719						O00220	Tumor necrosis factor receptor superfamily member 10A	Homo sapiens	Encontrado	https://alphafold.ebi.ac.uk/entry/O00220
TNFRSF10A	missense_variant		776497469						O00220	Tumor necrosis factor receptor superfamily member 10A	Homo sapiens	Encontrado	https://alphafold.ebi.ac.uk/entry/O00220
TNFRSF10A	missense_variant		776816522						O00220	Tumor necrosis factor receptor superfamily member 10A	Homo sapiens	Encontrado	https://alphafold.ebi.ac.uk/entry/O00220
TNFRSF10A	missense_variant	uncertain significance	776832652	O00220	rs776832652	E140D	0.627		O00220	Tumor necrosis factor receptor superfamily member 10A	Homo sapiens	Encontrado	https://alphafold.ebi.ac.uk/entry/O00220
TNFRSF10A	missense_variant	uncertain significance	776832652	O00220	rs776832652	E140D	0.09		O00220	Tumor necrosis factor receptor superfamily member 10A	Homo sapiens	Encontrado	https://alphafold.ebi.ac.uk/entry/O00220
TNFRSF10A	missense_variant		776864330						O00220	Tumor necrosis factor receptor superfamily member 10A	Homo sapiens	Encontrado	https://alphafold.ebi.ac.uk/entry/O00220
TNFRSF10A	missense_variant	uncertain significance	777239727	O00220	rs777239727	V375M	0.993		O00220	Tumor necrosis factor receptor superfamily member 10A	Homo sapiens	Encontrado	https://alphafold.ebi.ac.uk/entry/O00220
TNFRSF10A	missense_variant	uncertain significance	777239727	O00220	rs777239727	V375M	0.0		O00220	Tumor necrosis factor receptor superfamily member 10A	Homo sapiens	Encontrado	https://alphafold.ebi.ac.uk/entry/O00220
TNFRSF10A	missense_variant	uncertain significance	777239727	O00220	rs777239727	V375M	0.993		O00220	Tumor necrosis factor receptor superfamily member 10A	Homo sapiens	Encontrado	https://alphafold.ebi.ac.uk/entry/O00220
TNFRSF10A	missense_variant	uncertain significance	777239727	O00220	rs777239727	V375M	0.0		O00220	Tumor necrosis factor receptor superfamily member 10A	Homo sapiens	Encontrado	https://alphafold.ebi.ac.uk/entry/O00220
TNFRSF10A	missense_variant		777336876						O00220	Tumor necrosis factor receptor superfamily member 10A	Homo sapiens	Encontrado	https://alphafold.ebi.ac.uk/entry/O00220
TNFRSF10A	missense_variant		777387434						O00220	Tumor necrosis factor receptor superfamily member 10A	Homo sapiens	Encontrado	https://alphafold.ebi.ac.uk/entry/O00220
TNFRSF10A	missense_variant		777425041						O00220	Tumor necrosis factor receptor superfamily member 10A	Homo sapiens	Encontrado	https://alphafold.ebi.ac.uk/entry/O00220
TNFRSF10A	missense_variant	uncertain significance	777752383						O00220	Tumor necrosis factor receptor superfamily member 10A	Homo sapiens	Encontrado	https://alphafold.ebi.ac.uk/entry/O00220
TNFRSF10A	missense_variant		778297501						O00220	Tumor necrosis factor receptor superfamily member 10A	Homo sapiens	Encontrado	https://alphafold.ebi.ac.uk/entry/O00220
TNFRSF10A	missense_variant		778307119						O00220	Tumor necrosis factor receptor superfamily member 10A	Homo sapiens	Encontrado	https://alphafold.ebi.ac.uk/entry/O00220
TNFRSF10A	missense_variant		778544744						O00220	Tumor necrosis factor receptor superfamily member 10A	Homo sapiens	Encontrado	https://alphafold.ebi.ac.uk/entry/O00220
TNFRSF10A	missense_variant		778944773						O00220	Tumor necrosis factor receptor superfamily member 10A	Homo sapiens	Encontrado	https://alphafold.ebi.ac.uk/entry/O00220
TNFRSF10A	missense_variant		779136739						O00220	Tumor necrosis factor receptor superfamily member 10A	Homo sapiens	Encontrado	https://alphafold.ebi.ac.uk/entry/O00220
TNFRSF10A	missense_variant		779251303						O00220	Tumor necrosis factor receptor superfamily member 10A	Homo sapiens	Encontrado	https://alphafold.ebi.ac.uk/entry/O00220
TNFRSF10A	missense_variant		779334589						O00220	Tumor necrosis factor receptor superfamily member 10A	Homo sapiens	Encontrado	https://alphafold.ebi.ac.uk/entry/O00220
TNFRSF10A	missense_variant		779455620						O00220	Tumor necrosis factor receptor superfamily member 10A	Homo sapiens	Encontrado	https://alphafold.ebi.ac.uk/entry/O00220
TNFRSF10A	missense_variant		779466374						O00220	Tumor necrosis factor receptor superfamily member 10A	Homo sapiens	Encontrado	https://alphafold.ebi.ac.uk/entry/O00220
TNFRSF10A	missense_variant		780200482						O00220	Tumor necrosis factor receptor superfamily member 10A	Homo sapiens	Encontrado	https://alphafold.ebi.ac.uk/entry/O00220
TNFRSF10A	missense_variant	uncertain significance	780590308	O00220	rs780590308	A399G	0.929		O00220	Tumor necrosis factor receptor superfamily member 10A	Homo sapiens	Encontrado	https://alphafold.ebi.ac.uk/entry/O00220
TNFRSF10A	missense_variant	uncertain significance	780590308	O00220	rs780590308	A399G	0.09		O00220	Tumor necrosis factor receptor superfamily member 10A	Homo sapiens	Encontrado	https://alphafold.ebi.ac.uk/entry/O00220
TNFRSF10A	missense_variant		781174206						O00220	Tumor necrosis factor receptor superfamily member 10A	Homo sapiens	Encontrado	https://alphafold.ebi.ac.uk/entry/O00220
TNFRSF10A	missense_variant		781552324						O00220	Tumor necrosis factor receptor superfamily member 10A	Homo sapiens	Encontrado	https://alphafold.ebi.ac.uk/entry/O00220
TNFRSF10A	missense_variant		796702132						O00220	Tumor necrosis factor receptor superfamily member 10A	Homo sapiens	Encontrado	https://alphafold.ebi.ac.uk/entry/O00220
TNFRSF10A	missense_variant		867085801						O00220	Tumor necrosis factor receptor superfamily member 10A	Homo sapiens	Encontrado	https://alphafold.ebi.ac.uk/entry/O00220
TNFRSF10A	missense_variant		867366316						O00220	Tumor necrosis factor receptor superfamily member 10A	Homo sapiens	Encontrado	https://alphafold.ebi.ac.uk/entry/O00220
TNFRSF10A	missense_variant		867574634						O00220	Tumor necrosis factor receptor superfamily member 10A	Homo sapiens	Encontrado	https://alphafold.ebi.ac.uk/entry/O00220
TNFRSF10A	missense_variant		867850295						O00220	Tumor necrosis factor receptor superfamily member 10A	Homo sapiens	Encontrado	https://alphafold.ebi.ac.uk/entry/O00220
TNFRSF10A	missense_variant		868139712						O00220	Tumor necrosis factor receptor superfamily member 10A	Homo sapiens	Encontrado	https://alphafold.ebi.ac.uk/entry/O00220
TNFRSF10A	missense_variant		890318367						O00220	Tumor necrosis factor receptor superfamily member 10A	Homo sapiens	Encontrado	https://alphafold.ebi.ac.uk/entry/O00220
TNFRSF10A	missense_variant		891392388						O00220	Tumor necrosis factor receptor superfamily member 10A	Homo sapiens	Encontrado	https://alphafold.ebi.ac.uk/entry/O00220
TNFRSF10A	missense_variant		893127741						O00220	Tumor necrosis factor receptor superfamily member 10A	Homo sapiens	Encontrado	https://alphafold.ebi.ac.uk/entry/O00220
TNFRSF10A	missense_variant		893156636						O00220	Tumor necrosis factor receptor superfamily member 10A	Homo sapiens	Encontrado	https://alphafold.ebi.ac.uk/entry/O00220
TNFRSF10A	missense_variant		894249507						O00220	Tumor necrosis factor receptor superfamily member 10A	Homo sapiens	Encontrado	https://alphafold.ebi.ac.uk/entry/O00220
TNFRSF10A	missense_variant		900633872						O00220	Tumor necrosis factor receptor superfamily member 10A	Homo sapiens	Encontrado	https://alphafold.ebi.ac.uk/entry/O00220
TNFRSF10A	missense_variant	uncertain significance	904680412	O00220	rs904680412	Q102P	0.028		O00220	Tumor necrosis factor receptor superfamily member 10A	Homo sapiens	Encontrado	https://alphafold.ebi.ac.uk/entry/O00220
TNFRSF10A	missense_variant	uncertain significance	904680412	O00220	rs904680412	Q102P	0.31		O00220	Tumor necrosis factor receptor superfamily member 10A	Homo sapiens	Encontrado	https://alphafold.ebi.ac.uk/entry/O00220
TNFRSF10A	missense_variant		916154260						O00220	Tumor necrosis factor receptor superfamily member 10A	Homo sapiens	Encontrado	https://alphafold.ebi.ac.uk/entry/O00220
TNFRSF10A	missense_variant		917977726						O00220	Tumor necrosis factor receptor superfamily member 10A	Homo sapiens	Encontrado	https://alphafold.ebi.ac.uk/entry/O00220
TNFRSF10A	missense_variant		925466703						O00220	Tumor necrosis factor receptor superfamily member 10A	Homo sapiens	Encontrado	https://alphafold.ebi.ac.uk/entry/O00220
TNFRSF10A	missense_variant		934760540						O00220	Tumor necrosis factor receptor superfamily member 10A	Homo sapiens	Encontrado	https://alphafold.ebi.ac.uk/entry/O00220
TNFRSF10A	missense_variant		935118489						O00220	Tumor necrosis factor receptor superfamily member 10A	Homo sapiens	Encontrado	https://alphafold.ebi.ac.uk/entry/O00220
TNFRSF10A	missense_variant		937701217						O00220	Tumor necrosis factor receptor superfamily member 10A	Homo sapiens	Encontrado	https://alphafold.ebi.ac.uk/entry/O00220
TNFRSF10A	missense_variant	uncertain significance	943381828	O00220	rs943381828	V37M	0.2		O00220	Tumor necrosis factor receptor superfamily member 10A	Homo sapiens	Encontrado	https://alphafold.ebi.ac.uk/entry/O00220
TNFRSF10A	missense_variant	uncertain significance	943381828	O00220	rs943381828	V37M	0.02		O00220	Tumor necrosis factor receptor superfamily member 10A	Homo sapiens	Encontrado	https://alphafold.ebi.ac.uk/entry/O00220
TNFRSF10A	missense_variant		944972444						O00220	Tumor necrosis factor receptor superfamily member 10A	Homo sapiens	Encontrado	https://alphafold.ebi.ac.uk/entry/O00220
TNFRSF10A	missense_variant		947332508						O00220	Tumor necrosis factor receptor superfamily member 10A	Homo sapiens	Encontrado	https://alphafold.ebi.ac.uk/entry/O00220
TNFRSF10A	missense_variant		950875118						O00220	Tumor necrosis factor receptor superfamily member 10A	Homo sapiens	Encontrado	https://alphafold.ebi.ac.uk/entry/O00220
TNFRSF10A	missense_variant		951342269						O00220	Tumor necrosis factor receptor superfamily member 10A	Homo sapiens	Encontrado	https://alphafold.ebi.ac.uk/entry/O00220
TNFRSF10A	missense_variant		966126692						O00220	Tumor necrosis factor receptor superfamily member 10A	Homo sapiens	Encontrado	https://alphafold.ebi.ac.uk/entry/O00220
TNFRSF10A	missense_variant		967940020						O00220	Tumor necrosis factor receptor superfamily member 10A	Homo sapiens	Encontrado	https://alphafold.ebi.ac.uk/entry/O00220
TNFRSF10A	missense_variant		969849531						O00220	Tumor necrosis factor receptor superfamily member 10A	Homo sapiens	Encontrado	https://alphafold.ebi.ac.uk/entry/O00220
TNFRSF10A	missense_variant	uncertain significance	974859695	O00220	rs974859695	P179L	0.517		O00220	Tumor necrosis factor receptor superfamily member 10A	Homo sapiens	Encontrado	https://alphafold.ebi.ac.uk/entry/O00220
TNFRSF10A	missense_variant	uncertain significance	974859695	O00220	rs974859695	P179L	0.01		O00220	Tumor necrosis factor receptor superfamily member 10A	Homo sapiens	Encontrado	https://alphafold.ebi.ac.uk/entry/O00220
TNFRSF10A	missense_variant		980630596						O00220	Tumor necrosis factor receptor superfamily member 10A	Homo sapiens	Encontrado	https://alphafold.ebi.ac.uk/entry/O00220
TNFRSF10A	missense_variant		987464553						O00220	Tumor necrosis factor receptor superfamily member 10A	Homo sapiens	Encontrado	https://alphafold.ebi.ac.uk/entry/O00220
