Gene	Consequencia	Significancia_Clinica	rs_key	UniProt_ID	rsID_dbSNP	Proteina_Mudanca	AlphaMissense_Score	AlphaMissense_Classificacao	ID_UniProt	Nome_Proteina	Organismo	Status	Link_AlphaFold
LMO7	missense_variant		1001574471						Q8WWI1	LIM domain only protein 7	Homo sapiens	Encontrado	https://alphafold.ebi.ac.uk/entry/Q8WWI1
LMO7	missense_variant		1002121417						Q8WWI1	LIM domain only protein 7	Homo sapiens	Encontrado	https://alphafold.ebi.ac.uk/entry/Q8WWI1
LMO7	missense_variant		1002599390						Q8WWI1	LIM domain only protein 7	Homo sapiens	Encontrado	https://alphafold.ebi.ac.uk/entry/Q8WWI1
LMO7	missense_variant		1003809582						Q8WWI1	LIM domain only protein 7	Homo sapiens	Encontrado	https://alphafold.ebi.ac.uk/entry/Q8WWI1
LMO7	missense_variant		1004192669						Q8WWI1	LIM domain only protein 7	Homo sapiens	Encontrado	https://alphafold.ebi.ac.uk/entry/Q8WWI1
LMO7	missense_variant		1004305392						Q8WWI1	LIM domain only protein 7	Homo sapiens	Encontrado	https://alphafold.ebi.ac.uk/entry/Q8WWI1
LMO7	missense_variant		1005532048						Q8WWI1	LIM domain only protein 7	Homo sapiens	Encontrado	https://alphafold.ebi.ac.uk/entry/Q8WWI1
LMO7	missense_variant		1006090626						Q8WWI1	LIM domain only protein 7	Homo sapiens	Encontrado	https://alphafold.ebi.ac.uk/entry/Q8WWI1
LMO7	missense_variant	uncertain significance	1007995149						Q8WWI1	LIM domain only protein 7	Homo sapiens	Encontrado	https://alphafold.ebi.ac.uk/entry/Q8WWI1
LMO7	missense_variant		1011002927						Q8WWI1	LIM domain only protein 7	Homo sapiens	Encontrado	https://alphafold.ebi.ac.uk/entry/Q8WWI1
LMO7	missense_variant		1011789204						Q8WWI1	LIM domain only protein 7	Homo sapiens	Encontrado	https://alphafold.ebi.ac.uk/entry/Q8WWI1
LMO7	missense_variant	uncertain significance	1012446477						Q8WWI1	LIM domain only protein 7	Homo sapiens	Encontrado	https://alphafold.ebi.ac.uk/entry/Q8WWI1
LMO7	missense_variant		1015500350						Q8WWI1	LIM domain only protein 7	Homo sapiens	Encontrado	https://alphafold.ebi.ac.uk/entry/Q8WWI1
LMO7	missense_variant		1016184184						Q8WWI1	LIM domain only protein 7	Homo sapiens	Encontrado	https://alphafold.ebi.ac.uk/entry/Q8WWI1
LMO7	missense_variant		1016639614						Q8WWI1	LIM domain only protein 7	Homo sapiens	Encontrado	https://alphafold.ebi.ac.uk/entry/Q8WWI1
LMO7	missense_variant	uncertain significance	1018657698						Q8WWI1	LIM domain only protein 7	Homo sapiens	Encontrado	https://alphafold.ebi.ac.uk/entry/Q8WWI1
LMO7	missense_variant		1019208267						Q8WWI1	LIM domain only protein 7	Homo sapiens	Encontrado	https://alphafold.ebi.ac.uk/entry/Q8WWI1
LMO7	missense_variant		1021882293						Q8WWI1	LIM domain only protein 7	Homo sapiens	Encontrado	https://alphafold.ebi.ac.uk/entry/Q8WWI1
LMO7	missense_variant		1022234383						Q8WWI1	LIM domain only protein 7	Homo sapiens	Encontrado	https://alphafold.ebi.ac.uk/entry/Q8WWI1
LMO7	missense_variant		1023030796						Q8WWI1	LIM domain only protein 7	Homo sapiens	Encontrado	https://alphafold.ebi.ac.uk/entry/Q8WWI1
LMO7	missense_variant		1023410038						Q8WWI1	LIM domain only protein 7	Homo sapiens	Encontrado	https://alphafold.ebi.ac.uk/entry/Q8WWI1
LMO7	missense_variant		1024880612						Q8WWI1	LIM domain only protein 7	Homo sapiens	Encontrado	https://alphafold.ebi.ac.uk/entry/Q8WWI1
LMO7	missense_variant		1027327709						Q8WWI1	LIM domain only protein 7	Homo sapiens	Encontrado	https://alphafold.ebi.ac.uk/entry/Q8WWI1
LMO7	missense_variant		1027720048						Q8WWI1	LIM domain only protein 7	Homo sapiens	Encontrado	https://alphafold.ebi.ac.uk/entry/Q8WWI1
LMO7	missense_variant		1028296195						Q8WWI1	LIM domain only protein 7	Homo sapiens	Encontrado	https://alphafold.ebi.ac.uk/entry/Q8WWI1
LMO7	missense_variant		1030606685						Q8WWI1	LIM domain only protein 7	Homo sapiens	Encontrado	https://alphafold.ebi.ac.uk/entry/Q8WWI1
LMO7	missense_variant		1031137347						Q8WWI1	LIM domain only protein 7	Homo sapiens	Encontrado	https://alphafold.ebi.ac.uk/entry/Q8WWI1
LMO7	missense_variant		1033911574						Q8WWI1	LIM domain only protein 7	Homo sapiens	Encontrado	https://alphafold.ebi.ac.uk/entry/Q8WWI1
LMO7	missense_variant		1035701254						Q8WWI1	LIM domain only protein 7	Homo sapiens	Encontrado	https://alphafold.ebi.ac.uk/entry/Q8WWI1
LMO7	missense_variant		1036083965						Q8WWI1	LIM domain only protein 7	Homo sapiens	Encontrado	https://alphafold.ebi.ac.uk/entry/Q8WWI1
LMO7	missense_variant		1036251490						Q8WWI1	LIM domain only protein 7	Homo sapiens	Encontrado	https://alphafold.ebi.ac.uk/entry/Q8WWI1
LMO7	missense_variant		1040030677						Q8WWI1	LIM domain only protein 7	Homo sapiens	Encontrado	https://alphafold.ebi.ac.uk/entry/Q8WWI1
LMO7	missense_variant		1042499766						Q8WWI1	LIM domain only protein 7	Homo sapiens	Encontrado	https://alphafold.ebi.ac.uk/entry/Q8WWI1
LMO7	missense_variant		1044441219						Q8WWI1	LIM domain only protein 7	Homo sapiens	Encontrado	https://alphafold.ebi.ac.uk/entry/Q8WWI1
LMO7	missense_variant	uncertain significance	1045024835						Q8WWI1	LIM domain only protein 7	Homo sapiens	Encontrado	https://alphafold.ebi.ac.uk/entry/Q8WWI1
LMO7	missense_variant	uncertain significance	1045263248						Q8WWI1	LIM domain only protein 7	Homo sapiens	Encontrado	https://alphafold.ebi.ac.uk/entry/Q8WWI1
LMO7	missense_variant		1045945381						Q8WWI1	LIM domain only protein 7	Homo sapiens	Encontrado	https://alphafold.ebi.ac.uk/entry/Q8WWI1
LMO7	missense_variant		1046911464						Q8WWI1	LIM domain only protein 7	Homo sapiens	Encontrado	https://alphafold.ebi.ac.uk/entry/Q8WWI1
LMO7	missense_variant		1047056181						Q8WWI1	LIM domain only protein 7	Homo sapiens	Encontrado	https://alphafold.ebi.ac.uk/entry/Q8WWI1
LMO7	missense_variant		1047604334						Q8WWI1	LIM domain only protein 7	Homo sapiens	Encontrado	https://alphafold.ebi.ac.uk/entry/Q8WWI1
LMO7	missense_variant		1049843988						Q8WWI1	LIM domain only protein 7	Homo sapiens	Encontrado	https://alphafold.ebi.ac.uk/entry/Q8WWI1
LMO7	missense_variant		1053646372						Q8WWI1	LIM domain only protein 7	Homo sapiens	Encontrado	https://alphafold.ebi.ac.uk/entry/Q8WWI1
LMO7	missense_variant		111322262						Q8WWI1	LIM domain only protein 7	Homo sapiens	Encontrado	https://alphafold.ebi.ac.uk/entry/Q8WWI1
LMO7	missense_variant		111631528						Q8WWI1	LIM domain only protein 7	Homo sapiens	Encontrado	https://alphafold.ebi.ac.uk/entry/Q8WWI1
LMO7	missense_variant		112464424						Q8WWI1	LIM domain only protein 7	Homo sapiens	Encontrado	https://alphafold.ebi.ac.uk/entry/Q8WWI1
LMO7	missense_variant		1156514502						Q8WWI1	LIM domain only protein 7	Homo sapiens	Encontrado	https://alphafold.ebi.ac.uk/entry/Q8WWI1
LMO7	missense_variant		1157069448						Q8WWI1	LIM domain only protein 7	Homo sapiens	Encontrado	https://alphafold.ebi.ac.uk/entry/Q8WWI1
LMO7	missense_variant		1158744530						Q8WWI1	LIM domain only protein 7	Homo sapiens	Encontrado	https://alphafold.ebi.ac.uk/entry/Q8WWI1
LMO7	missense_variant		1159298968						Q8WWI1	LIM domain only protein 7	Homo sapiens	Encontrado	https://alphafold.ebi.ac.uk/entry/Q8WWI1
LMO7	missense_variant		1161023924						Q8WWI1	LIM domain only protein 7	Homo sapiens	Encontrado	https://alphafold.ebi.ac.uk/entry/Q8WWI1
LMO7	missense_variant		1161890061						Q8WWI1	LIM domain only protein 7	Homo sapiens	Encontrado	https://alphafold.ebi.ac.uk/entry/Q8WWI1
LMO7	missense_variant		1163210302						Q8WWI1	LIM domain only protein 7	Homo sapiens	Encontrado	https://alphafold.ebi.ac.uk/entry/Q8WWI1
LMO7	missense_variant		1163664936						Q8WWI1	LIM domain only protein 7	Homo sapiens	Encontrado	https://alphafold.ebi.ac.uk/entry/Q8WWI1
LMO7	missense_variant		1164601591						Q8WWI1	LIM domain only protein 7	Homo sapiens	Encontrado	https://alphafold.ebi.ac.uk/entry/Q8WWI1
LMO7	missense_variant		1165833215						Q8WWI1	LIM domain only protein 7	Homo sapiens	Encontrado	https://alphafold.ebi.ac.uk/entry/Q8WWI1
LMO7	missense_variant		1165934389						Q8WWI1	LIM domain only protein 7	Homo sapiens	Encontrado	https://alphafold.ebi.ac.uk/entry/Q8WWI1
LMO7	missense_variant		1166693889						Q8WWI1	LIM domain only protein 7	Homo sapiens	Encontrado	https://alphafold.ebi.ac.uk/entry/Q8WWI1
LMO7	missense_variant		1167327512						Q8WWI1	LIM domain only protein 7	Homo sapiens	Encontrado	https://alphafold.ebi.ac.uk/entry/Q8WWI1
LMO7	missense_variant		1167409935						Q8WWI1	LIM domain only protein 7	Homo sapiens	Encontrado	https://alphafold.ebi.ac.uk/entry/Q8WWI1
LMO7	missense_variant		1167884937						Q8WWI1	LIM domain only protein 7	Homo sapiens	Encontrado	https://alphafold.ebi.ac.uk/entry/Q8WWI1
LMO7	missense_variant		1168183283						Q8WWI1	LIM domain only protein 7	Homo sapiens	Encontrado	https://alphafold.ebi.ac.uk/entry/Q8WWI1
LMO7	missense_variant		1168275827						Q8WWI1	LIM domain only protein 7	Homo sapiens	Encontrado	https://alphafold.ebi.ac.uk/entry/Q8WWI1
LMO7	missense_variant		1168401047						Q8WWI1	LIM domain only protein 7	Homo sapiens	Encontrado	https://alphafold.ebi.ac.uk/entry/Q8WWI1
LMO7	missense_variant		1168459594						Q8WWI1	LIM domain only protein 7	Homo sapiens	Encontrado	https://alphafold.ebi.ac.uk/entry/Q8WWI1
LMO7	missense_variant		1170298060						Q8WWI1	LIM domain only protein 7	Homo sapiens	Encontrado	https://alphafold.ebi.ac.uk/entry/Q8WWI1
LMO7	missense_variant		1172182322						Q8WWI1	LIM domain only protein 7	Homo sapiens	Encontrado	https://alphafold.ebi.ac.uk/entry/Q8WWI1
LMO7	missense_variant		1173235089						Q8WWI1	LIM domain only protein 7	Homo sapiens	Encontrado	https://alphafold.ebi.ac.uk/entry/Q8WWI1
LMO7	missense_variant		1173330064						Q8WWI1	LIM domain only protein 7	Homo sapiens	Encontrado	https://alphafold.ebi.ac.uk/entry/Q8WWI1
LMO7	missense_variant		1175770264						Q8WWI1	LIM domain only protein 7	Homo sapiens	Encontrado	https://alphafold.ebi.ac.uk/entry/Q8WWI1
LMO7	missense_variant		1175925958						Q8WWI1	LIM domain only protein 7	Homo sapiens	Encontrado	https://alphafold.ebi.ac.uk/entry/Q8WWI1
LMO7	missense_variant		1175935595						Q8WWI1	LIM domain only protein 7	Homo sapiens	Encontrado	https://alphafold.ebi.ac.uk/entry/Q8WWI1
LMO7	missense_variant		1176021148						Q8WWI1	LIM domain only protein 7	Homo sapiens	Encontrado	https://alphafold.ebi.ac.uk/entry/Q8WWI1
LMO7	missense_variant		1176308925						Q8WWI1	LIM domain only protein 7	Homo sapiens	Encontrado	https://alphafold.ebi.ac.uk/entry/Q8WWI1
LMO7	missense_variant		1176794386						Q8WWI1	LIM domain only protein 7	Homo sapiens	Encontrado	https://alphafold.ebi.ac.uk/entry/Q8WWI1
LMO7	missense_variant		1177061588						Q8WWI1	LIM domain only protein 7	Homo sapiens	Encontrado	https://alphafold.ebi.ac.uk/entry/Q8WWI1
LMO7	missense_variant		1178157964						Q8WWI1	LIM domain only protein 7	Homo sapiens	Encontrado	https://alphafold.ebi.ac.uk/entry/Q8WWI1
LMO7	missense_variant		1178673486						Q8WWI1	LIM domain only protein 7	Homo sapiens	Encontrado	https://alphafold.ebi.ac.uk/entry/Q8WWI1
LMO7	missense_variant		1179668716						Q8WWI1	LIM domain only protein 7	Homo sapiens	Encontrado	https://alphafold.ebi.ac.uk/entry/Q8WWI1
LMO7	missense_variant		1180887810						Q8WWI1	LIM domain only protein 7	Homo sapiens	Encontrado	https://alphafold.ebi.ac.uk/entry/Q8WWI1
LMO7	missense_variant		1181756490						Q8WWI1	LIM domain only protein 7	Homo sapiens	Encontrado	https://alphafold.ebi.ac.uk/entry/Q8WWI1
LMO7	missense_variant		1181759446						Q8WWI1	LIM domain only protein 7	Homo sapiens	Encontrado	https://alphafold.ebi.ac.uk/entry/Q8WWI1
LMO7	missense_variant		1182654352						Q8WWI1	LIM domain only protein 7	Homo sapiens	Encontrado	https://alphafold.ebi.ac.uk/entry/Q8WWI1
LMO7	missense_variant		1184616153						Q8WWI1	LIM domain only protein 7	Homo sapiens	Encontrado	https://alphafold.ebi.ac.uk/entry/Q8WWI1
LMO7	missense_variant		1184995126						Q8WWI1	LIM domain only protein 7	Homo sapiens	Encontrado	https://alphafold.ebi.ac.uk/entry/Q8WWI1
LMO7	missense_variant		1185136517						Q8WWI1	LIM domain only protein 7	Homo sapiens	Encontrado	https://alphafold.ebi.ac.uk/entry/Q8WWI1
LMO7	missense_variant		1185824438						Q8WWI1	LIM domain only protein 7	Homo sapiens	Encontrado	https://alphafold.ebi.ac.uk/entry/Q8WWI1
LMO7	missense_variant		1186591016						Q8WWI1	LIM domain only protein 7	Homo sapiens	Encontrado	https://alphafold.ebi.ac.uk/entry/Q8WWI1
LMO7	missense_variant		1188188788						Q8WWI1	LIM domain only protein 7	Homo sapiens	Encontrado	https://alphafold.ebi.ac.uk/entry/Q8WWI1
LMO7	missense_variant		1188207548						Q8WWI1	LIM domain only protein 7	Homo sapiens	Encontrado	https://alphafold.ebi.ac.uk/entry/Q8WWI1
LMO7	missense_variant		1188684055						Q8WWI1	LIM domain only protein 7	Homo sapiens	Encontrado	https://alphafold.ebi.ac.uk/entry/Q8WWI1
LMO7	missense_variant		1188993065						Q8WWI1	LIM domain only protein 7	Homo sapiens	Encontrado	https://alphafold.ebi.ac.uk/entry/Q8WWI1
LMO7	missense_variant		1189999707						Q8WWI1	LIM domain only protein 7	Homo sapiens	Encontrado	https://alphafold.ebi.ac.uk/entry/Q8WWI1
LMO7	missense_variant		1191249152						Q8WWI1	LIM domain only protein 7	Homo sapiens	Encontrado	https://alphafold.ebi.ac.uk/entry/Q8WWI1
LMO7	missense_variant		1192080905						Q8WWI1	LIM domain only protein 7	Homo sapiens	Encontrado	https://alphafold.ebi.ac.uk/entry/Q8WWI1
LMO7	missense_variant		1193051100						Q8WWI1	LIM domain only protein 7	Homo sapiens	Encontrado	https://alphafold.ebi.ac.uk/entry/Q8WWI1
LMO7	missense_variant		1195395048						Q8WWI1	LIM domain only protein 7	Homo sapiens	Encontrado	https://alphafold.ebi.ac.uk/entry/Q8WWI1
LMO7	missense_variant		1195836293						Q8WWI1	LIM domain only protein 7	Homo sapiens	Encontrado	https://alphafold.ebi.ac.uk/entry/Q8WWI1
LMO7	missense_variant		1195898676						Q8WWI1	LIM domain only protein 7	Homo sapiens	Encontrado	https://alphafold.ebi.ac.uk/entry/Q8WWI1
LMO7	missense_variant		1195970688						Q8WWI1	LIM domain only protein 7	Homo sapiens	Encontrado	https://alphafold.ebi.ac.uk/entry/Q8WWI1
LMO7	missense_variant		1196274568						Q8WWI1	LIM domain only protein 7	Homo sapiens	Encontrado	https://alphafold.ebi.ac.uk/entry/Q8WWI1
LMO7	missense_variant		1196537350						Q8WWI1	LIM domain only protein 7	Homo sapiens	Encontrado	https://alphafold.ebi.ac.uk/entry/Q8WWI1
LMO7	missense_variant		1196663569						Q8WWI1	LIM domain only protein 7	Homo sapiens	Encontrado	https://alphafold.ebi.ac.uk/entry/Q8WWI1
LMO7	missense_variant		1199321535						Q8WWI1	LIM domain only protein 7	Homo sapiens	Encontrado	https://alphafold.ebi.ac.uk/entry/Q8WWI1
LMO7	missense_variant		1199543457						Q8WWI1	LIM domain only protein 7	Homo sapiens	Encontrado	https://alphafold.ebi.ac.uk/entry/Q8WWI1
LMO7	missense_variant		1199602918						Q8WWI1	LIM domain only protein 7	Homo sapiens	Encontrado	https://alphafold.ebi.ac.uk/entry/Q8WWI1
LMO7	missense_variant	uncertain significance	1200456378						Q8WWI1	LIM domain only protein 7	Homo sapiens	Encontrado	https://alphafold.ebi.ac.uk/entry/Q8WWI1
LMO7	missense_variant		1200942748						Q8WWI1	LIM domain only protein 7	Homo sapiens	Encontrado	https://alphafold.ebi.ac.uk/entry/Q8WWI1
LMO7	missense_variant		1201768104						Q8WWI1	LIM domain only protein 7	Homo sapiens	Encontrado	https://alphafold.ebi.ac.uk/entry/Q8WWI1
LMO7	missense_variant		1201898862						Q8WWI1	LIM domain only protein 7	Homo sapiens	Encontrado	https://alphafold.ebi.ac.uk/entry/Q8WWI1
LMO7	missense_variant		1202855476						Q8WWI1	LIM domain only protein 7	Homo sapiens	Encontrado	https://alphafold.ebi.ac.uk/entry/Q8WWI1
LMO7	missense_variant		1203527354						Q8WWI1	LIM domain only protein 7	Homo sapiens	Encontrado	https://alphafold.ebi.ac.uk/entry/Q8WWI1
LMO7	missense_variant		1203712992						Q8WWI1	LIM domain only protein 7	Homo sapiens	Encontrado	https://alphafold.ebi.ac.uk/entry/Q8WWI1
LMO7	missense_variant		1203806099						Q8WWI1	LIM domain only protein 7	Homo sapiens	Encontrado	https://alphafold.ebi.ac.uk/entry/Q8WWI1
LMO7	missense_variant		1204259671						Q8WWI1	LIM domain only protein 7	Homo sapiens	Encontrado	https://alphafold.ebi.ac.uk/entry/Q8WWI1
LMO7	missense_variant		1206672554						Q8WWI1	LIM domain only protein 7	Homo sapiens	Encontrado	https://alphafold.ebi.ac.uk/entry/Q8WWI1
LMO7	missense_variant		1207248270						Q8WWI1	LIM domain only protein 7	Homo sapiens	Encontrado	https://alphafold.ebi.ac.uk/entry/Q8WWI1
LMO7	missense_variant		1207329987						Q8WWI1	LIM domain only protein 7	Homo sapiens	Encontrado	https://alphafold.ebi.ac.uk/entry/Q8WWI1
LMO7	missense_variant		1208537733						Q8WWI1	LIM domain only protein 7	Homo sapiens	Encontrado	https://alphafold.ebi.ac.uk/entry/Q8WWI1
LMO7	missense_variant		1209252869						Q8WWI1	LIM domain only protein 7	Homo sapiens	Encontrado	https://alphafold.ebi.ac.uk/entry/Q8WWI1
LMO7	missense_variant		1209300337						Q8WWI1	LIM domain only protein 7	Homo sapiens	Encontrado	https://alphafold.ebi.ac.uk/entry/Q8WWI1
LMO7	missense_variant		1209363334						Q8WWI1	LIM domain only protein 7	Homo sapiens	Encontrado	https://alphafold.ebi.ac.uk/entry/Q8WWI1
LMO7	missense_variant		1209474264						Q8WWI1	LIM domain only protein 7	Homo sapiens	Encontrado	https://alphafold.ebi.ac.uk/entry/Q8WWI1
LMO7	missense_variant		1209497968						Q8WWI1	LIM domain only protein 7	Homo sapiens	Encontrado	https://alphafold.ebi.ac.uk/entry/Q8WWI1
LMO7	missense_variant		1210172398						Q8WWI1	LIM domain only protein 7	Homo sapiens	Encontrado	https://alphafold.ebi.ac.uk/entry/Q8WWI1
LMO7	missense_variant		1210364048						Q8WWI1	LIM domain only protein 7	Homo sapiens	Encontrado	https://alphafold.ebi.ac.uk/entry/Q8WWI1
LMO7	missense_variant		1210509614						Q8WWI1	LIM domain only protein 7	Homo sapiens	Encontrado	https://alphafold.ebi.ac.uk/entry/Q8WWI1
LMO7	missense_variant		1210741725						Q8WWI1	LIM domain only protein 7	Homo sapiens	Encontrado	https://alphafold.ebi.ac.uk/entry/Q8WWI1
LMO7	missense_variant	uncertain significance	1211852622						Q8WWI1	LIM domain only protein 7	Homo sapiens	Encontrado	https://alphafold.ebi.ac.uk/entry/Q8WWI1
LMO7	missense_variant		1212359785						Q8WWI1	LIM domain only protein 7	Homo sapiens	Encontrado	https://alphafold.ebi.ac.uk/entry/Q8WWI1
LMO7	missense_variant		1213985425						Q8WWI1	LIM domain only protein 7	Homo sapiens	Encontrado	https://alphafold.ebi.ac.uk/entry/Q8WWI1
LMO7	missense_variant		1214100333						Q8WWI1	LIM domain only protein 7	Homo sapiens	Encontrado	https://alphafold.ebi.ac.uk/entry/Q8WWI1
LMO7	missense_variant		1214238336						Q8WWI1	LIM domain only protein 7	Homo sapiens	Encontrado	https://alphafold.ebi.ac.uk/entry/Q8WWI1
LMO7	missense_variant		1214239753						Q8WWI1	LIM domain only protein 7	Homo sapiens	Encontrado	https://alphafold.ebi.ac.uk/entry/Q8WWI1
LMO7	missense_variant		1215689271						Q8WWI1	LIM domain only protein 7	Homo sapiens	Encontrado	https://alphafold.ebi.ac.uk/entry/Q8WWI1
LMO7	missense_variant		1215824289						Q8WWI1	LIM domain only protein 7	Homo sapiens	Encontrado	https://alphafold.ebi.ac.uk/entry/Q8WWI1
LMO7	missense_variant		1216188179						Q8WWI1	LIM domain only protein 7	Homo sapiens	Encontrado	https://alphafold.ebi.ac.uk/entry/Q8WWI1
LMO7	missense_variant		1216229575						Q8WWI1	LIM domain only protein 7	Homo sapiens	Encontrado	https://alphafold.ebi.ac.uk/entry/Q8WWI1
LMO7	missense_variant		1217588188						Q8WWI1	LIM domain only protein 7	Homo sapiens	Encontrado	https://alphafold.ebi.ac.uk/entry/Q8WWI1
LMO7	missense_variant	uncertain significance	1218023688						Q8WWI1	LIM domain only protein 7	Homo sapiens	Encontrado	https://alphafold.ebi.ac.uk/entry/Q8WWI1
LMO7	missense_variant		1218343034						Q8WWI1	LIM domain only protein 7	Homo sapiens	Encontrado	https://alphafold.ebi.ac.uk/entry/Q8WWI1
LMO7	missense_variant		1218761527						Q8WWI1	LIM domain only protein 7	Homo sapiens	Encontrado	https://alphafold.ebi.ac.uk/entry/Q8WWI1
LMO7	missense_variant		1219265480						Q8WWI1	LIM domain only protein 7	Homo sapiens	Encontrado	https://alphafold.ebi.ac.uk/entry/Q8WWI1
LMO7	missense_variant		1219580857						Q8WWI1	LIM domain only protein 7	Homo sapiens	Encontrado	https://alphafold.ebi.ac.uk/entry/Q8WWI1
LMO7	missense_variant		1220337832						Q8WWI1	LIM domain only protein 7	Homo sapiens	Encontrado	https://alphafold.ebi.ac.uk/entry/Q8WWI1
LMO7	missense_variant		1220542209						Q8WWI1	LIM domain only protein 7	Homo sapiens	Encontrado	https://alphafold.ebi.ac.uk/entry/Q8WWI1
LMO7	missense_variant		1221276232						Q8WWI1	LIM domain only protein 7	Homo sapiens	Encontrado	https://alphafold.ebi.ac.uk/entry/Q8WWI1
LMO7	missense_variant		1222557576						Q8WWI1	LIM domain only protein 7	Homo sapiens	Encontrado	https://alphafold.ebi.ac.uk/entry/Q8WWI1
LMO7	missense_variant		1224049590						Q8WWI1	LIM domain only protein 7	Homo sapiens	Encontrado	https://alphafold.ebi.ac.uk/entry/Q8WWI1
LMO7	missense_variant		1224158485						Q8WWI1	LIM domain only protein 7	Homo sapiens	Encontrado	https://alphafold.ebi.ac.uk/entry/Q8WWI1
LMO7	missense_variant		1224215625						Q8WWI1	LIM domain only protein 7	Homo sapiens	Encontrado	https://alphafold.ebi.ac.uk/entry/Q8WWI1
LMO7	missense_variant		1225692916						Q8WWI1	LIM domain only protein 7	Homo sapiens	Encontrado	https://alphafold.ebi.ac.uk/entry/Q8WWI1
LMO7	missense_variant		1227433064						Q8WWI1	LIM domain only protein 7	Homo sapiens	Encontrado	https://alphafold.ebi.ac.uk/entry/Q8WWI1
LMO7	missense_variant		1230368289						Q8WWI1	LIM domain only protein 7	Homo sapiens	Encontrado	https://alphafold.ebi.ac.uk/entry/Q8WWI1
LMO7	missense_variant		1232421521						Q8WWI1	LIM domain only protein 7	Homo sapiens	Encontrado	https://alphafold.ebi.ac.uk/entry/Q8WWI1
LMO7	missense_variant		1232685490						Q8WWI1	LIM domain only protein 7	Homo sapiens	Encontrado	https://alphafold.ebi.ac.uk/entry/Q8WWI1
LMO7	missense_variant		1233172121						Q8WWI1	LIM domain only protein 7	Homo sapiens	Encontrado	https://alphafold.ebi.ac.uk/entry/Q8WWI1
LMO7	missense_variant		1233368040						Q8WWI1	LIM domain only protein 7	Homo sapiens	Encontrado	https://alphafold.ebi.ac.uk/entry/Q8WWI1
LMO7	missense_variant		1233548513						Q8WWI1	LIM domain only protein 7	Homo sapiens	Encontrado	https://alphafold.ebi.ac.uk/entry/Q8WWI1
LMO7	missense_variant		1233811549						Q8WWI1	LIM domain only protein 7	Homo sapiens	Encontrado	https://alphafold.ebi.ac.uk/entry/Q8WWI1
LMO7	missense_variant		1234829409						Q8WWI1	LIM domain only protein 7	Homo sapiens	Encontrado	https://alphafold.ebi.ac.uk/entry/Q8WWI1
LMO7	missense_variant		1235340036						Q8WWI1	LIM domain only protein 7	Homo sapiens	Encontrado	https://alphafold.ebi.ac.uk/entry/Q8WWI1
LMO7	missense_variant		1235353045						Q8WWI1	LIM domain only protein 7	Homo sapiens	Encontrado	https://alphafold.ebi.ac.uk/entry/Q8WWI1
LMO7	missense_variant		1235399905						Q8WWI1	LIM domain only protein 7	Homo sapiens	Encontrado	https://alphafold.ebi.ac.uk/entry/Q8WWI1
LMO7	missense_variant		1235603726						Q8WWI1	LIM domain only protein 7	Homo sapiens	Encontrado	https://alphafold.ebi.ac.uk/entry/Q8WWI1
LMO7	missense_variant		1236223745						Q8WWI1	LIM domain only protein 7	Homo sapiens	Encontrado	https://alphafold.ebi.ac.uk/entry/Q8WWI1
LMO7	missense_variant		1236800621						Q8WWI1	LIM domain only protein 7	Homo sapiens	Encontrado	https://alphafold.ebi.ac.uk/entry/Q8WWI1
LMO7	missense_variant		1237079745						Q8WWI1	LIM domain only protein 7	Homo sapiens	Encontrado	https://alphafold.ebi.ac.uk/entry/Q8WWI1
LMO7	missense_variant	uncertain significance	1239129622						Q8WWI1	LIM domain only protein 7	Homo sapiens	Encontrado	https://alphafold.ebi.ac.uk/entry/Q8WWI1
LMO7	missense_variant		1239562930						Q8WWI1	LIM domain only protein 7	Homo sapiens	Encontrado	https://alphafold.ebi.ac.uk/entry/Q8WWI1
LMO7	missense_variant		1239643066						Q8WWI1	LIM domain only protein 7	Homo sapiens	Encontrado	https://alphafold.ebi.ac.uk/entry/Q8WWI1
LMO7	missense_variant		1239748933						Q8WWI1	LIM domain only protein 7	Homo sapiens	Encontrado	https://alphafold.ebi.ac.uk/entry/Q8WWI1
LMO7	missense_variant		1239788785						Q8WWI1	LIM domain only protein 7	Homo sapiens	Encontrado	https://alphafold.ebi.ac.uk/entry/Q8WWI1
LMO7	missense_variant		1240330736						Q8WWI1	LIM domain only protein 7	Homo sapiens	Encontrado	https://alphafold.ebi.ac.uk/entry/Q8WWI1
LMO7	missense_variant		1240454143						Q8WWI1	LIM domain only protein 7	Homo sapiens	Encontrado	https://alphafold.ebi.ac.uk/entry/Q8WWI1
LMO7	missense_variant		1241905224						Q8WWI1	LIM domain only protein 7	Homo sapiens	Encontrado	https://alphafold.ebi.ac.uk/entry/Q8WWI1
LMO7	missense_variant		1243112763						Q8WWI1	LIM domain only protein 7	Homo sapiens	Encontrado	https://alphafold.ebi.ac.uk/entry/Q8WWI1
LMO7	missense_variant	uncertain significance	1244575693						Q8WWI1	LIM domain only protein 7	Homo sapiens	Encontrado	https://alphafold.ebi.ac.uk/entry/Q8WWI1
LMO7	missense_variant		1246046288						Q8WWI1	LIM domain only protein 7	Homo sapiens	Encontrado	https://alphafold.ebi.ac.uk/entry/Q8WWI1
LMO7	missense_variant		1250293395						Q8WWI1	LIM domain only protein 7	Homo sapiens	Encontrado	https://alphafold.ebi.ac.uk/entry/Q8WWI1
LMO7	missense_variant		1251711004						Q8WWI1	LIM domain only protein 7	Homo sapiens	Encontrado	https://alphafold.ebi.ac.uk/entry/Q8WWI1
LMO7	missense_variant		1252052919						Q8WWI1	LIM domain only protein 7	Homo sapiens	Encontrado	https://alphafold.ebi.ac.uk/entry/Q8WWI1
LMO7	missense_variant		1252789182						Q8WWI1	LIM domain only protein 7	Homo sapiens	Encontrado	https://alphafold.ebi.ac.uk/entry/Q8WWI1
LMO7	missense_variant		1254077038						Q8WWI1	LIM domain only protein 7	Homo sapiens	Encontrado	https://alphafold.ebi.ac.uk/entry/Q8WWI1
LMO7	missense_variant		1254081510						Q8WWI1	LIM domain only protein 7	Homo sapiens	Encontrado	https://alphafold.ebi.ac.uk/entry/Q8WWI1
LMO7	missense_variant		1254268915						Q8WWI1	LIM domain only protein 7	Homo sapiens	Encontrado	https://alphafold.ebi.ac.uk/entry/Q8WWI1
LMO7	missense_variant		1254353670						Q8WWI1	LIM domain only protein 7	Homo sapiens	Encontrado	https://alphafold.ebi.ac.uk/entry/Q8WWI1
LMO7	missense_variant		1255436832						Q8WWI1	LIM domain only protein 7	Homo sapiens	Encontrado	https://alphafold.ebi.ac.uk/entry/Q8WWI1
LMO7	missense_variant		1255521464						Q8WWI1	LIM domain only protein 7	Homo sapiens	Encontrado	https://alphafold.ebi.ac.uk/entry/Q8WWI1
LMO7	missense_variant		1256469034						Q8WWI1	LIM domain only protein 7	Homo sapiens	Encontrado	https://alphafold.ebi.ac.uk/entry/Q8WWI1
LMO7	missense_variant		1259186262						Q8WWI1	LIM domain only protein 7	Homo sapiens	Encontrado	https://alphafold.ebi.ac.uk/entry/Q8WWI1
LMO7	missense_variant		1259365311						Q8WWI1	LIM domain only protein 7	Homo sapiens	Encontrado	https://alphafold.ebi.ac.uk/entry/Q8WWI1
LMO7	missense_variant		1260774924						Q8WWI1	LIM domain only protein 7	Homo sapiens	Encontrado	https://alphafold.ebi.ac.uk/entry/Q8WWI1
LMO7	missense_variant		1263420844						Q8WWI1	LIM domain only protein 7	Homo sapiens	Encontrado	https://alphafold.ebi.ac.uk/entry/Q8WWI1
LMO7	missense_variant		1263762957						Q8WWI1	LIM domain only protein 7	Homo sapiens	Encontrado	https://alphafold.ebi.ac.uk/entry/Q8WWI1
LMO7	missense_variant		1265265325						Q8WWI1	LIM domain only protein 7	Homo sapiens	Encontrado	https://alphafold.ebi.ac.uk/entry/Q8WWI1
LMO7	missense_variant		1265494607						Q8WWI1	LIM domain only protein 7	Homo sapiens	Encontrado	https://alphafold.ebi.ac.uk/entry/Q8WWI1
LMO7	missense_variant		1266149988						Q8WWI1	LIM domain only protein 7	Homo sapiens	Encontrado	https://alphafold.ebi.ac.uk/entry/Q8WWI1
LMO7	missense_variant		1268265366						Q8WWI1	LIM domain only protein 7	Homo sapiens	Encontrado	https://alphafold.ebi.ac.uk/entry/Q8WWI1
LMO7	missense_variant		1268329201						Q8WWI1	LIM domain only protein 7	Homo sapiens	Encontrado	https://alphafold.ebi.ac.uk/entry/Q8WWI1
LMO7	missense_variant		1268808353						Q8WWI1	LIM domain only protein 7	Homo sapiens	Encontrado	https://alphafold.ebi.ac.uk/entry/Q8WWI1
LMO7	missense_variant	uncertain significance	1269222296						Q8WWI1	LIM domain only protein 7	Homo sapiens	Encontrado	https://alphafold.ebi.ac.uk/entry/Q8WWI1
LMO7	missense_variant		1270672291						Q8WWI1	LIM domain only protein 7	Homo sapiens	Encontrado	https://alphafold.ebi.ac.uk/entry/Q8WWI1
LMO7	missense_variant		1270927996						Q8WWI1	LIM domain only protein 7	Homo sapiens	Encontrado	https://alphafold.ebi.ac.uk/entry/Q8WWI1
LMO7	missense_variant		1271713494						Q8WWI1	LIM domain only protein 7	Homo sapiens	Encontrado	https://alphafold.ebi.ac.uk/entry/Q8WWI1
LMO7	missense_variant		1272412003						Q8WWI1	LIM domain only protein 7	Homo sapiens	Encontrado	https://alphafold.ebi.ac.uk/entry/Q8WWI1
LMO7	missense_variant		1272911881						Q8WWI1	LIM domain only protein 7	Homo sapiens	Encontrado	https://alphafold.ebi.ac.uk/entry/Q8WWI1
LMO7	missense_variant		1273090834						Q8WWI1	LIM domain only protein 7	Homo sapiens	Encontrado	https://alphafold.ebi.ac.uk/entry/Q8WWI1
LMO7	missense_variant		1273318896						Q8WWI1	LIM domain only protein 7	Homo sapiens	Encontrado	https://alphafold.ebi.ac.uk/entry/Q8WWI1
LMO7	missense_variant		1273360414						Q8WWI1	LIM domain only protein 7	Homo sapiens	Encontrado	https://alphafold.ebi.ac.uk/entry/Q8WWI1
LMO7	missense_variant		1274196545						Q8WWI1	LIM domain only protein 7	Homo sapiens	Encontrado	https://alphafold.ebi.ac.uk/entry/Q8WWI1
LMO7	missense_variant		1274955963						Q8WWI1	LIM domain only protein 7	Homo sapiens	Encontrado	https://alphafold.ebi.ac.uk/entry/Q8WWI1
LMO7	missense_variant		1275171802						Q8WWI1	LIM domain only protein 7	Homo sapiens	Encontrado	https://alphafold.ebi.ac.uk/entry/Q8WWI1
LMO7	missense_variant		1275484832						Q8WWI1	LIM domain only protein 7	Homo sapiens	Encontrado	https://alphafold.ebi.ac.uk/entry/Q8WWI1
LMO7	missense_variant		1276083330						Q8WWI1	LIM domain only protein 7	Homo sapiens	Encontrado	https://alphafold.ebi.ac.uk/entry/Q8WWI1
LMO7	missense_variant		1276384173						Q8WWI1	LIM domain only protein 7	Homo sapiens	Encontrado	https://alphafold.ebi.ac.uk/entry/Q8WWI1
LMO7	missense_variant		1276987753						Q8WWI1	LIM domain only protein 7	Homo sapiens	Encontrado	https://alphafold.ebi.ac.uk/entry/Q8WWI1
LMO7	missense_variant		1277370404						Q8WWI1	LIM domain only protein 7	Homo sapiens	Encontrado	https://alphafold.ebi.ac.uk/entry/Q8WWI1
LMO7	missense_variant		1278980489						Q8WWI1	LIM domain only protein 7	Homo sapiens	Encontrado	https://alphafold.ebi.ac.uk/entry/Q8WWI1
LMO7	missense_variant		1279203493						Q8WWI1	LIM domain only protein 7	Homo sapiens	Encontrado	https://alphafold.ebi.ac.uk/entry/Q8WWI1
LMO7	missense_variant		1279495912						Q8WWI1	LIM domain only protein 7	Homo sapiens	Encontrado	https://alphafold.ebi.ac.uk/entry/Q8WWI1
LMO7	missense_variant		1280789654						Q8WWI1	LIM domain only protein 7	Homo sapiens	Encontrado	https://alphafold.ebi.ac.uk/entry/Q8WWI1
LMO7	missense_variant		1282050711						Q8WWI1	LIM domain only protein 7	Homo sapiens	Encontrado	https://alphafold.ebi.ac.uk/entry/Q8WWI1
LMO7	missense_variant		1283232254						Q8WWI1	LIM domain only protein 7	Homo sapiens	Encontrado	https://alphafold.ebi.ac.uk/entry/Q8WWI1
LMO7	missense_variant		1284725143						Q8WWI1	LIM domain only protein 7	Homo sapiens	Encontrado	https://alphafold.ebi.ac.uk/entry/Q8WWI1
LMO7	missense_variant		1285865891						Q8WWI1	LIM domain only protein 7	Homo sapiens	Encontrado	https://alphafold.ebi.ac.uk/entry/Q8WWI1
LMO7	missense_variant		1286090185						Q8WWI1	LIM domain only protein 7	Homo sapiens	Encontrado	https://alphafold.ebi.ac.uk/entry/Q8WWI1
LMO7	missense_variant		1288023572						Q8WWI1	LIM domain only protein 7	Homo sapiens	Encontrado	https://alphafold.ebi.ac.uk/entry/Q8WWI1
LMO7	missense_variant		1288335039						Q8WWI1	LIM domain only protein 7	Homo sapiens	Encontrado	https://alphafold.ebi.ac.uk/entry/Q8WWI1
LMO7	missense_variant		1288940786						Q8WWI1	LIM domain only protein 7	Homo sapiens	Encontrado	https://alphafold.ebi.ac.uk/entry/Q8WWI1
LMO7	missense_variant		1289801872						Q8WWI1	LIM domain only protein 7	Homo sapiens	Encontrado	https://alphafold.ebi.ac.uk/entry/Q8WWI1
LMO7	missense_variant		1291492242						Q8WWI1	LIM domain only protein 7	Homo sapiens	Encontrado	https://alphafold.ebi.ac.uk/entry/Q8WWI1
LMO7	missense_variant		1292759717						Q8WWI1	LIM domain only protein 7	Homo sapiens	Encontrado	https://alphafold.ebi.ac.uk/entry/Q8WWI1
LMO7	missense_variant		1294387136						Q8WWI1	LIM domain only protein 7	Homo sapiens	Encontrado	https://alphafold.ebi.ac.uk/entry/Q8WWI1
LMO7	missense_variant		1295805142						Q8WWI1	LIM domain only protein 7	Homo sapiens	Encontrado	https://alphafold.ebi.ac.uk/entry/Q8WWI1
LMO7	missense_variant	uncertain significance	1296613991						Q8WWI1	LIM domain only protein 7	Homo sapiens	Encontrado	https://alphafold.ebi.ac.uk/entry/Q8WWI1
LMO7	missense_variant		1296631066						Q8WWI1	LIM domain only protein 7	Homo sapiens	Encontrado	https://alphafold.ebi.ac.uk/entry/Q8WWI1
LMO7	missense_variant		1298812327						Q8WWI1	LIM domain only protein 7	Homo sapiens	Encontrado	https://alphafold.ebi.ac.uk/entry/Q8WWI1
LMO7	missense_variant		1299044619						Q8WWI1	LIM domain only protein 7	Homo sapiens	Encontrado	https://alphafold.ebi.ac.uk/entry/Q8WWI1
LMO7	missense_variant	uncertain significance	1299298884						Q8WWI1	LIM domain only protein 7	Homo sapiens	Encontrado	https://alphafold.ebi.ac.uk/entry/Q8WWI1
LMO7	missense_variant		1299842643						Q8WWI1	LIM domain only protein 7	Homo sapiens	Encontrado	https://alphafold.ebi.ac.uk/entry/Q8WWI1
LMO7	missense_variant		1299891243						Q8WWI1	LIM domain only protein 7	Homo sapiens	Encontrado	https://alphafold.ebi.ac.uk/entry/Q8WWI1
LMO7	missense_variant		1301148181						Q8WWI1	LIM domain only protein 7	Homo sapiens	Encontrado	https://alphafold.ebi.ac.uk/entry/Q8WWI1
LMO7	missense_variant		1301248507						Q8WWI1	LIM domain only protein 7	Homo sapiens	Encontrado	https://alphafold.ebi.ac.uk/entry/Q8WWI1
LMO7	missense_variant		1301683817						Q8WWI1	LIM domain only protein 7	Homo sapiens	Encontrado	https://alphafold.ebi.ac.uk/entry/Q8WWI1
LMO7	missense_variant		1302216095						Q8WWI1	LIM domain only protein 7	Homo sapiens	Encontrado	https://alphafold.ebi.ac.uk/entry/Q8WWI1
LMO7	missense_variant		1303174680						Q8WWI1	LIM domain only protein 7	Homo sapiens	Encontrado	https://alphafold.ebi.ac.uk/entry/Q8WWI1
LMO7	missense_variant		1303340535						Q8WWI1	LIM domain only protein 7	Homo sapiens	Encontrado	https://alphafold.ebi.ac.uk/entry/Q8WWI1
LMO7	missense_variant		1303404901						Q8WWI1	LIM domain only protein 7	Homo sapiens	Encontrado	https://alphafold.ebi.ac.uk/entry/Q8WWI1
LMO7	missense_variant		1305021734						Q8WWI1	LIM domain only protein 7	Homo sapiens	Encontrado	https://alphafold.ebi.ac.uk/entry/Q8WWI1
LMO7	missense_variant		1306690334						Q8WWI1	LIM domain only protein 7	Homo sapiens	Encontrado	https://alphafold.ebi.ac.uk/entry/Q8WWI1
LMO7	missense_variant		1307729567						Q8WWI1	LIM domain only protein 7	Homo sapiens	Encontrado	https://alphafold.ebi.ac.uk/entry/Q8WWI1
LMO7	missense_variant		1309092830						Q8WWI1	LIM domain only protein 7	Homo sapiens	Encontrado	https://alphafold.ebi.ac.uk/entry/Q8WWI1
LMO7	missense_variant		1309298880						Q8WWI1	LIM domain only protein 7	Homo sapiens	Encontrado	https://alphafold.ebi.ac.uk/entry/Q8WWI1
LMO7	missense_variant		1309512704						Q8WWI1	LIM domain only protein 7	Homo sapiens	Encontrado	https://alphafold.ebi.ac.uk/entry/Q8WWI1
LMO7	missense_variant		1309560826						Q8WWI1	LIM domain only protein 7	Homo sapiens	Encontrado	https://alphafold.ebi.ac.uk/entry/Q8WWI1
LMO7	missense_variant		1310914584						Q8WWI1	LIM domain only protein 7	Homo sapiens	Encontrado	https://alphafold.ebi.ac.uk/entry/Q8WWI1
LMO7	missense_variant		1311065764						Q8WWI1	LIM domain only protein 7	Homo sapiens	Encontrado	https://alphafold.ebi.ac.uk/entry/Q8WWI1
LMO7	missense_variant		1312688090						Q8WWI1	LIM domain only protein 7	Homo sapiens	Encontrado	https://alphafold.ebi.ac.uk/entry/Q8WWI1
LMO7	missense_variant		1312777014						Q8WWI1	LIM domain only protein 7	Homo sapiens	Encontrado	https://alphafold.ebi.ac.uk/entry/Q8WWI1
LMO7	missense_variant		1313007342						Q8WWI1	LIM domain only protein 7	Homo sapiens	Encontrado	https://alphafold.ebi.ac.uk/entry/Q8WWI1
LMO7	missense_variant		1313583263						Q8WWI1	LIM domain only protein 7	Homo sapiens	Encontrado	https://alphafold.ebi.ac.uk/entry/Q8WWI1
LMO7	missense_variant		1314164334						Q8WWI1	LIM domain only protein 7	Homo sapiens	Encontrado	https://alphafold.ebi.ac.uk/entry/Q8WWI1
LMO7	missense_variant		1315028154						Q8WWI1	LIM domain only protein 7	Homo sapiens	Encontrado	https://alphafold.ebi.ac.uk/entry/Q8WWI1
LMO7	missense_variant		1315448267						Q8WWI1	LIM domain only protein 7	Homo sapiens	Encontrado	https://alphafold.ebi.ac.uk/entry/Q8WWI1
LMO7	missense_variant		1315947412						Q8WWI1	LIM domain only protein 7	Homo sapiens	Encontrado	https://alphafold.ebi.ac.uk/entry/Q8WWI1
LMO7	missense_variant		1316007496						Q8WWI1	LIM domain only protein 7	Homo sapiens	Encontrado	https://alphafold.ebi.ac.uk/entry/Q8WWI1
LMO7	missense_variant		1317181062						Q8WWI1	LIM domain only protein 7	Homo sapiens	Encontrado	https://alphafold.ebi.ac.uk/entry/Q8WWI1
LMO7	missense_variant		1317378107						Q8WWI1	LIM domain only protein 7	Homo sapiens	Encontrado	https://alphafold.ebi.ac.uk/entry/Q8WWI1
LMO7	missense_variant		1317527068						Q8WWI1	LIM domain only protein 7	Homo sapiens	Encontrado	https://alphafold.ebi.ac.uk/entry/Q8WWI1
LMO7	missense_variant		1318061828						Q8WWI1	LIM domain only protein 7	Homo sapiens	Encontrado	https://alphafold.ebi.ac.uk/entry/Q8WWI1
LMO7	missense_variant		1318418759						Q8WWI1	LIM domain only protein 7	Homo sapiens	Encontrado	https://alphafold.ebi.ac.uk/entry/Q8WWI1
LMO7	missense_variant		1318653847						Q8WWI1	LIM domain only protein 7	Homo sapiens	Encontrado	https://alphafold.ebi.ac.uk/entry/Q8WWI1
LMO7	missense_variant		1320056909						Q8WWI1	LIM domain only protein 7	Homo sapiens	Encontrado	https://alphafold.ebi.ac.uk/entry/Q8WWI1
LMO7	missense_variant	uncertain significance	1320246912						Q8WWI1	LIM domain only protein 7	Homo sapiens	Encontrado	https://alphafold.ebi.ac.uk/entry/Q8WWI1
LMO7	missense_variant		1322261357						Q8WWI1	LIM domain only protein 7	Homo sapiens	Encontrado	https://alphafold.ebi.ac.uk/entry/Q8WWI1
LMO7	missense_variant		1323169939						Q8WWI1	LIM domain only protein 7	Homo sapiens	Encontrado	https://alphafold.ebi.ac.uk/entry/Q8WWI1
LMO7	missense_variant	uncertain significance	1323350991						Q8WWI1	LIM domain only protein 7	Homo sapiens	Encontrado	https://alphafold.ebi.ac.uk/entry/Q8WWI1
LMO7	missense_variant		1323579686						Q8WWI1	LIM domain only protein 7	Homo sapiens	Encontrado	https://alphafold.ebi.ac.uk/entry/Q8WWI1
LMO7	missense_variant		1323862049						Q8WWI1	LIM domain only protein 7	Homo sapiens	Encontrado	https://alphafold.ebi.ac.uk/entry/Q8WWI1
LMO7	missense_variant		1324046109						Q8WWI1	LIM domain only protein 7	Homo sapiens	Encontrado	https://alphafold.ebi.ac.uk/entry/Q8WWI1
LMO7	missense_variant		1324606118						Q8WWI1	LIM domain only protein 7	Homo sapiens	Encontrado	https://alphafold.ebi.ac.uk/entry/Q8WWI1
LMO7	missense_variant		1324913664						Q8WWI1	LIM domain only protein 7	Homo sapiens	Encontrado	https://alphafold.ebi.ac.uk/entry/Q8WWI1
LMO7	missense_variant		1324953941						Q8WWI1	LIM domain only protein 7	Homo sapiens	Encontrado	https://alphafold.ebi.ac.uk/entry/Q8WWI1
LMO7	missense_variant		1325029453						Q8WWI1	LIM domain only protein 7	Homo sapiens	Encontrado	https://alphafold.ebi.ac.uk/entry/Q8WWI1
LMO7	missense_variant		1325300584						Q8WWI1	LIM domain only protein 7	Homo sapiens	Encontrado	https://alphafold.ebi.ac.uk/entry/Q8WWI1
LMO7	missense_variant		1325880823						Q8WWI1	LIM domain only protein 7	Homo sapiens	Encontrado	https://alphafold.ebi.ac.uk/entry/Q8WWI1
LMO7	missense_variant		1326772415						Q8WWI1	LIM domain only protein 7	Homo sapiens	Encontrado	https://alphafold.ebi.ac.uk/entry/Q8WWI1
LMO7	missense_variant		1326854076						Q8WWI1	LIM domain only protein 7	Homo sapiens	Encontrado	https://alphafold.ebi.ac.uk/entry/Q8WWI1
LMO7	missense_variant		1327643161						Q8WWI1	LIM domain only protein 7	Homo sapiens	Encontrado	https://alphafold.ebi.ac.uk/entry/Q8WWI1
LMO7	missense_variant	uncertain significance	1328929559						Q8WWI1	LIM domain only protein 7	Homo sapiens	Encontrado	https://alphafold.ebi.ac.uk/entry/Q8WWI1
LMO7	missense_variant		1329297807						Q8WWI1	LIM domain only protein 7	Homo sapiens	Encontrado	https://alphafold.ebi.ac.uk/entry/Q8WWI1
LMO7	missense_variant		1330843971						Q8WWI1	LIM domain only protein 7	Homo sapiens	Encontrado	https://alphafold.ebi.ac.uk/entry/Q8WWI1
LMO7	missense_variant	uncertain significance	1331814141						Q8WWI1	LIM domain only protein 7	Homo sapiens	Encontrado	https://alphafold.ebi.ac.uk/entry/Q8WWI1
LMO7	missense_variant		1331982952						Q8WWI1	LIM domain only protein 7	Homo sapiens	Encontrado	https://alphafold.ebi.ac.uk/entry/Q8WWI1
LMO7	missense_variant		1332378891						Q8WWI1	LIM domain only protein 7	Homo sapiens	Encontrado	https://alphafold.ebi.ac.uk/entry/Q8WWI1
LMO7	missense_variant		1333149904						Q8WWI1	LIM domain only protein 7	Homo sapiens	Encontrado	https://alphafold.ebi.ac.uk/entry/Q8WWI1
LMO7	missense_variant	uncertain significance	1333366519						Q8WWI1	LIM domain only protein 7	Homo sapiens	Encontrado	https://alphafold.ebi.ac.uk/entry/Q8WWI1
LMO7	missense_variant		1335104818						Q8WWI1	LIM domain only protein 7	Homo sapiens	Encontrado	https://alphafold.ebi.ac.uk/entry/Q8WWI1
LMO7	missense_variant		1335833867						Q8WWI1	LIM domain only protein 7	Homo sapiens	Encontrado	https://alphafold.ebi.ac.uk/entry/Q8WWI1
LMO7	missense_variant		1336860813						Q8WWI1	LIM domain only protein 7	Homo sapiens	Encontrado	https://alphafold.ebi.ac.uk/entry/Q8WWI1
LMO7	missense_variant		1339238327						Q8WWI1	LIM domain only protein 7	Homo sapiens	Encontrado	https://alphafold.ebi.ac.uk/entry/Q8WWI1
LMO7	missense_variant		1339763402						Q8WWI1	LIM domain only protein 7	Homo sapiens	Encontrado	https://alphafold.ebi.ac.uk/entry/Q8WWI1
LMO7	missense_variant		1340400700						Q8WWI1	LIM domain only protein 7	Homo sapiens	Encontrado	https://alphafold.ebi.ac.uk/entry/Q8WWI1
LMO7	missense_variant		1343263923						Q8WWI1	LIM domain only protein 7	Homo sapiens	Encontrado	https://alphafold.ebi.ac.uk/entry/Q8WWI1
LMO7	missense_variant		1345760295						Q8WWI1	LIM domain only protein 7	Homo sapiens	Encontrado	https://alphafold.ebi.ac.uk/entry/Q8WWI1
LMO7	missense_variant		1346886659						Q8WWI1	LIM domain only protein 7	Homo sapiens	Encontrado	https://alphafold.ebi.ac.uk/entry/Q8WWI1
LMO7	missense_variant		1346949706						Q8WWI1	LIM domain only protein 7	Homo sapiens	Encontrado	https://alphafold.ebi.ac.uk/entry/Q8WWI1
LMO7	missense_variant		1347879930						Q8WWI1	LIM domain only protein 7	Homo sapiens	Encontrado	https://alphafold.ebi.ac.uk/entry/Q8WWI1
LMO7	missense_variant		1348286211						Q8WWI1	LIM domain only protein 7	Homo sapiens	Encontrado	https://alphafold.ebi.ac.uk/entry/Q8WWI1
LMO7	missense_variant		1348631429						Q8WWI1	LIM domain only protein 7	Homo sapiens	Encontrado	https://alphafold.ebi.ac.uk/entry/Q8WWI1
LMO7	missense_variant	likely benign	1350048173						Q8WWI1	LIM domain only protein 7	Homo sapiens	Encontrado	https://alphafold.ebi.ac.uk/entry/Q8WWI1
LMO7	missense_variant		1350557099						Q8WWI1	LIM domain only protein 7	Homo sapiens	Encontrado	https://alphafold.ebi.ac.uk/entry/Q8WWI1
LMO7	missense_variant		1351167017						Q8WWI1	LIM domain only protein 7	Homo sapiens	Encontrado	https://alphafold.ebi.ac.uk/entry/Q8WWI1
LMO7	missense_variant		1353150280						Q8WWI1	LIM domain only protein 7	Homo sapiens	Encontrado	https://alphafold.ebi.ac.uk/entry/Q8WWI1
LMO7	missense_variant		1353956476						Q8WWI1	LIM domain only protein 7	Homo sapiens	Encontrado	https://alphafold.ebi.ac.uk/entry/Q8WWI1
LMO7	missense_variant		1354858550						Q8WWI1	LIM domain only protein 7	Homo sapiens	Encontrado	https://alphafold.ebi.ac.uk/entry/Q8WWI1
LMO7	missense_variant		1354889862						Q8WWI1	LIM domain only protein 7	Homo sapiens	Encontrado	https://alphafold.ebi.ac.uk/entry/Q8WWI1
LMO7	missense_variant		1355809861						Q8WWI1	LIM domain only protein 7	Homo sapiens	Encontrado	https://alphafold.ebi.ac.uk/entry/Q8WWI1
LMO7	missense_variant	uncertain significance	1355938682						Q8WWI1	LIM domain only protein 7	Homo sapiens	Encontrado	https://alphafold.ebi.ac.uk/entry/Q8WWI1
LMO7	missense_variant		1356191654						Q8WWI1	LIM domain only protein 7	Homo sapiens	Encontrado	https://alphafold.ebi.ac.uk/entry/Q8WWI1
LMO7	missense_variant		1356218451						Q8WWI1	LIM domain only protein 7	Homo sapiens	Encontrado	https://alphafold.ebi.ac.uk/entry/Q8WWI1
LMO7	missense_variant		1358109628						Q8WWI1	LIM domain only protein 7	Homo sapiens	Encontrado	https://alphafold.ebi.ac.uk/entry/Q8WWI1
LMO7	missense_variant		1359174389						Q8WWI1	LIM domain only protein 7	Homo sapiens	Encontrado	https://alphafold.ebi.ac.uk/entry/Q8WWI1
LMO7	missense_variant		1359231872						Q8WWI1	LIM domain only protein 7	Homo sapiens	Encontrado	https://alphafold.ebi.ac.uk/entry/Q8WWI1
LMO7	missense_variant		1360273606						Q8WWI1	LIM domain only protein 7	Homo sapiens	Encontrado	https://alphafold.ebi.ac.uk/entry/Q8WWI1
LMO7	missense_variant	uncertain significance	1361158175						Q8WWI1	LIM domain only protein 7	Homo sapiens	Encontrado	https://alphafold.ebi.ac.uk/entry/Q8WWI1
LMO7	missense_variant		1362221994						Q8WWI1	LIM domain only protein 7	Homo sapiens	Encontrado	https://alphafold.ebi.ac.uk/entry/Q8WWI1
LMO7	missense_variant		1363037774						Q8WWI1	LIM domain only protein 7	Homo sapiens	Encontrado	https://alphafold.ebi.ac.uk/entry/Q8WWI1
LMO7	missense_variant		1364137145						Q8WWI1	LIM domain only protein 7	Homo sapiens	Encontrado	https://alphafold.ebi.ac.uk/entry/Q8WWI1
LMO7	missense_variant		1364913611						Q8WWI1	LIM domain only protein 7	Homo sapiens	Encontrado	https://alphafold.ebi.ac.uk/entry/Q8WWI1
LMO7	missense_variant		1365224433						Q8WWI1	LIM domain only protein 7	Homo sapiens	Encontrado	https://alphafold.ebi.ac.uk/entry/Q8WWI1
LMO7	missense_variant		1365536756						Q8WWI1	LIM domain only protein 7	Homo sapiens	Encontrado	https://alphafold.ebi.ac.uk/entry/Q8WWI1
LMO7	missense_variant		1365766534						Q8WWI1	LIM domain only protein 7	Homo sapiens	Encontrado	https://alphafold.ebi.ac.uk/entry/Q8WWI1
LMO7	missense_variant		1366046575						Q8WWI1	LIM domain only protein 7	Homo sapiens	Encontrado	https://alphafold.ebi.ac.uk/entry/Q8WWI1
LMO7	missense_variant		1367669672						Q8WWI1	LIM domain only protein 7	Homo sapiens	Encontrado	https://alphafold.ebi.ac.uk/entry/Q8WWI1
LMO7	missense_variant		1369487104						Q8WWI1	LIM domain only protein 7	Homo sapiens	Encontrado	https://alphafold.ebi.ac.uk/entry/Q8WWI1
LMO7	missense_variant		1370721729						Q8WWI1	LIM domain only protein 7	Homo sapiens	Encontrado	https://alphafold.ebi.ac.uk/entry/Q8WWI1
LMO7	missense_variant		1371443428						Q8WWI1	LIM domain only protein 7	Homo sapiens	Encontrado	https://alphafold.ebi.ac.uk/entry/Q8WWI1
LMO7	missense_variant		1372124855						Q8WWI1	LIM domain only protein 7	Homo sapiens	Encontrado	https://alphafold.ebi.ac.uk/entry/Q8WWI1
LMO7	missense_variant		1373843714						Q8WWI1	LIM domain only protein 7	Homo sapiens	Encontrado	https://alphafold.ebi.ac.uk/entry/Q8WWI1
LMO7	missense_variant		1374709578						Q8WWI1	LIM domain only protein 7	Homo sapiens	Encontrado	https://alphafold.ebi.ac.uk/entry/Q8WWI1
LMO7	missense_variant		1374776726						Q8WWI1	LIM domain only protein 7	Homo sapiens	Encontrado	https://alphafold.ebi.ac.uk/entry/Q8WWI1
LMO7	missense_variant		1375727451						Q8WWI1	LIM domain only protein 7	Homo sapiens	Encontrado	https://alphafold.ebi.ac.uk/entry/Q8WWI1
LMO7	missense_variant		1376159256						Q8WWI1	LIM domain only protein 7	Homo sapiens	Encontrado	https://alphafold.ebi.ac.uk/entry/Q8WWI1
LMO7	missense_variant		1377363607						Q8WWI1	LIM domain only protein 7	Homo sapiens	Encontrado	https://alphafold.ebi.ac.uk/entry/Q8WWI1
LMO7	missense_variant		1377669449						Q8WWI1	LIM domain only protein 7	Homo sapiens	Encontrado	https://alphafold.ebi.ac.uk/entry/Q8WWI1
LMO7	missense_variant		1378347427						Q8WWI1	LIM domain only protein 7	Homo sapiens	Encontrado	https://alphafold.ebi.ac.uk/entry/Q8WWI1
LMO7	missense_variant		1378563903						Q8WWI1	LIM domain only protein 7	Homo sapiens	Encontrado	https://alphafold.ebi.ac.uk/entry/Q8WWI1
LMO7	missense_variant		137941539						Q8WWI1	LIM domain only protein 7	Homo sapiens	Encontrado	https://alphafold.ebi.ac.uk/entry/Q8WWI1
LMO7	missense_variant		1379960611						Q8WWI1	LIM domain only protein 7	Homo sapiens	Encontrado	https://alphafold.ebi.ac.uk/entry/Q8WWI1
LMO7	missense_variant		138127134						Q8WWI1	LIM domain only protein 7	Homo sapiens	Encontrado	https://alphafold.ebi.ac.uk/entry/Q8WWI1
LMO7	missense_variant	uncertain significance	138203445						Q8WWI1	LIM domain only protein 7	Homo sapiens	Encontrado	https://alphafold.ebi.ac.uk/entry/Q8WWI1
LMO7	missense_variant		1382336382						Q8WWI1	LIM domain only protein 7	Homo sapiens	Encontrado	https://alphafold.ebi.ac.uk/entry/Q8WWI1
LMO7	missense_variant		1382542151						Q8WWI1	LIM domain only protein 7	Homo sapiens	Encontrado	https://alphafold.ebi.ac.uk/entry/Q8WWI1
LMO7	missense_variant		1382588510						Q8WWI1	LIM domain only protein 7	Homo sapiens	Encontrado	https://alphafold.ebi.ac.uk/entry/Q8WWI1
LMO7	missense_variant		1383646883						Q8WWI1	LIM domain only protein 7	Homo sapiens	Encontrado	https://alphafold.ebi.ac.uk/entry/Q8WWI1
LMO7	missense_variant		1383734921						Q8WWI1	LIM domain only protein 7	Homo sapiens	Encontrado	https://alphafold.ebi.ac.uk/entry/Q8WWI1
LMO7	missense_variant		1383790615						Q8WWI1	LIM domain only protein 7	Homo sapiens	Encontrado	https://alphafold.ebi.ac.uk/entry/Q8WWI1
LMO7	missense_variant		138426228						Q8WWI1	LIM domain only protein 7	Homo sapiens	Encontrado	https://alphafold.ebi.ac.uk/entry/Q8WWI1
LMO7	missense_variant	uncertain significance	138475106						Q8WWI1	LIM domain only protein 7	Homo sapiens	Encontrado	https://alphafold.ebi.ac.uk/entry/Q8WWI1
LMO7	missense_variant		1384757859						Q8WWI1	LIM domain only protein 7	Homo sapiens	Encontrado	https://alphafold.ebi.ac.uk/entry/Q8WWI1
LMO7	missense_variant		1384998279						Q8WWI1	LIM domain only protein 7	Homo sapiens	Encontrado	https://alphafold.ebi.ac.uk/entry/Q8WWI1
LMO7	missense_variant	uncertain significance	138543469						Q8WWI1	LIM domain only protein 7	Homo sapiens	Encontrado	https://alphafold.ebi.ac.uk/entry/Q8WWI1
LMO7	missense_variant		1385483361						Q8WWI1	LIM domain only protein 7	Homo sapiens	Encontrado	https://alphafold.ebi.ac.uk/entry/Q8WWI1
LMO7	missense_variant		1385871210						Q8WWI1	LIM domain only protein 7	Homo sapiens	Encontrado	https://alphafold.ebi.ac.uk/entry/Q8WWI1
LMO7	missense_variant		1387361942						Q8WWI1	LIM domain only protein 7	Homo sapiens	Encontrado	https://alphafold.ebi.ac.uk/entry/Q8WWI1
LMO7	missense_variant		138754009						Q8WWI1	LIM domain only protein 7	Homo sapiens	Encontrado	https://alphafold.ebi.ac.uk/entry/Q8WWI1
LMO7	missense_variant	uncertain significance	138809597						Q8WWI1	LIM domain only protein 7	Homo sapiens	Encontrado	https://alphafold.ebi.ac.uk/entry/Q8WWI1
LMO7	missense_variant		1388468925						Q8WWI1	LIM domain only protein 7	Homo sapiens	Encontrado	https://alphafold.ebi.ac.uk/entry/Q8WWI1
LMO7	missense_variant		138862013						Q8WWI1	LIM domain only protein 7	Homo sapiens	Encontrado	https://alphafold.ebi.ac.uk/entry/Q8WWI1
LMO7	missense_variant		1389069719						Q8WWI1	LIM domain only protein 7	Homo sapiens	Encontrado	https://alphafold.ebi.ac.uk/entry/Q8WWI1
LMO7	missense_variant		138944909						Q8WWI1	LIM domain only protein 7	Homo sapiens	Encontrado	https://alphafold.ebi.ac.uk/entry/Q8WWI1
LMO7	missense_variant		1389884727						Q8WWI1	LIM domain only protein 7	Homo sapiens	Encontrado	https://alphafold.ebi.ac.uk/entry/Q8WWI1
LMO7	missense_variant		1389892267						Q8WWI1	LIM domain only protein 7	Homo sapiens	Encontrado	https://alphafold.ebi.ac.uk/entry/Q8WWI1
LMO7	missense_variant		1392379172						Q8WWI1	LIM domain only protein 7	Homo sapiens	Encontrado	https://alphafold.ebi.ac.uk/entry/Q8WWI1
LMO7	missense_variant		1394695340						Q8WWI1	LIM domain only protein 7	Homo sapiens	Encontrado	https://alphafold.ebi.ac.uk/entry/Q8WWI1
LMO7	missense_variant		1395255465						Q8WWI1	LIM domain only protein 7	Homo sapiens	Encontrado	https://alphafold.ebi.ac.uk/entry/Q8WWI1
LMO7	missense_variant		1395663884						Q8WWI1	LIM domain only protein 7	Homo sapiens	Encontrado	https://alphafold.ebi.ac.uk/entry/Q8WWI1
LMO7	missense_variant		1395883644						Q8WWI1	LIM domain only protein 7	Homo sapiens	Encontrado	https://alphafold.ebi.ac.uk/entry/Q8WWI1
LMO7	missense_variant		139666814						Q8WWI1	LIM domain only protein 7	Homo sapiens	Encontrado	https://alphafold.ebi.ac.uk/entry/Q8WWI1
LMO7	missense_variant		1397175891						Q8WWI1	LIM domain only protein 7	Homo sapiens	Encontrado	https://alphafold.ebi.ac.uk/entry/Q8WWI1
LMO7	missense_variant		139734124						Q8WWI1	LIM domain only protein 7	Homo sapiens	Encontrado	https://alphafold.ebi.ac.uk/entry/Q8WWI1
LMO7	missense_variant		1397480714						Q8WWI1	LIM domain only protein 7	Homo sapiens	Encontrado	https://alphafold.ebi.ac.uk/entry/Q8WWI1
LMO7	missense_variant		139899673						Q8WWI1	LIM domain only protein 7	Homo sapiens	Encontrado	https://alphafold.ebi.ac.uk/entry/Q8WWI1
LMO7	missense_variant		1399856141						Q8WWI1	LIM domain only protein 7	Homo sapiens	Encontrado	https://alphafold.ebi.ac.uk/entry/Q8WWI1
LMO7	missense_variant	uncertain significance	1399921006						Q8WWI1	LIM domain only protein 7	Homo sapiens	Encontrado	https://alphafold.ebi.ac.uk/entry/Q8WWI1
LMO7	missense_variant		1399957874						Q8WWI1	LIM domain only protein 7	Homo sapiens	Encontrado	https://alphafold.ebi.ac.uk/entry/Q8WWI1
LMO7	missense_variant		1399976082						Q8WWI1	LIM domain only protein 7	Homo sapiens	Encontrado	https://alphafold.ebi.ac.uk/entry/Q8WWI1
LMO7	missense_variant		1400204269						Q8WWI1	LIM domain only protein 7	Homo sapiens	Encontrado	https://alphafold.ebi.ac.uk/entry/Q8WWI1
LMO7	missense_variant		1401276730						Q8WWI1	LIM domain only protein 7	Homo sapiens	Encontrado	https://alphafold.ebi.ac.uk/entry/Q8WWI1
LMO7	missense_variant	uncertain significance	140162071						Q8WWI1	LIM domain only protein 7	Homo sapiens	Encontrado	https://alphafold.ebi.ac.uk/entry/Q8WWI1
LMO7	missense_variant	likely benign	140368500						Q8WWI1	LIM domain only protein 7	Homo sapiens	Encontrado	https://alphafold.ebi.ac.uk/entry/Q8WWI1
LMO7	missense_variant		1404237287						Q8WWI1	LIM domain only protein 7	Homo sapiens	Encontrado	https://alphafold.ebi.ac.uk/entry/Q8WWI1
LMO7	missense_variant		140446473						Q8WWI1	LIM domain only protein 7	Homo sapiens	Encontrado	https://alphafold.ebi.ac.uk/entry/Q8WWI1
LMO7	missense_variant		1404954957						Q8WWI1	LIM domain only protein 7	Homo sapiens	Encontrado	https://alphafold.ebi.ac.uk/entry/Q8WWI1
LMO7	missense_variant		140498988						Q8WWI1	LIM domain only protein 7	Homo sapiens	Encontrado	https://alphafold.ebi.ac.uk/entry/Q8WWI1
LMO7	missense_variant		1405244724						Q8WWI1	LIM domain only protein 7	Homo sapiens	Encontrado	https://alphafold.ebi.ac.uk/entry/Q8WWI1
LMO7	missense_variant		1405511333						Q8WWI1	LIM domain only protein 7	Homo sapiens	Encontrado	https://alphafold.ebi.ac.uk/entry/Q8WWI1
LMO7	missense_variant		1405626710						Q8WWI1	LIM domain only protein 7	Homo sapiens	Encontrado	https://alphafold.ebi.ac.uk/entry/Q8WWI1
LMO7	missense_variant		1406154514						Q8WWI1	LIM domain only protein 7	Homo sapiens	Encontrado	https://alphafold.ebi.ac.uk/entry/Q8WWI1
LMO7	missense_variant		140649255						Q8WWI1	LIM domain only protein 7	Homo sapiens	Encontrado	https://alphafold.ebi.ac.uk/entry/Q8WWI1
LMO7	missense_variant		1406939347						Q8WWI1	LIM domain only protein 7	Homo sapiens	Encontrado	https://alphafold.ebi.ac.uk/entry/Q8WWI1
LMO7	missense_variant		1407300130						Q8WWI1	LIM domain only protein 7	Homo sapiens	Encontrado	https://alphafold.ebi.ac.uk/entry/Q8WWI1
LMO7	missense_variant		140819212						Q8WWI1	LIM domain only protein 7	Homo sapiens	Encontrado	https://alphafold.ebi.ac.uk/entry/Q8WWI1
LMO7	missense_variant		1409672670						Q8WWI1	LIM domain only protein 7	Homo sapiens	Encontrado	https://alphafold.ebi.ac.uk/entry/Q8WWI1
LMO7	missense_variant	uncertain significance	1410018269						Q8WWI1	LIM domain only protein 7	Homo sapiens	Encontrado	https://alphafold.ebi.ac.uk/entry/Q8WWI1
LMO7	missense_variant		1411849529						Q8WWI1	LIM domain only protein 7	Homo sapiens	Encontrado	https://alphafold.ebi.ac.uk/entry/Q8WWI1
LMO7	missense_variant		1412210272						Q8WWI1	LIM domain only protein 7	Homo sapiens	Encontrado	https://alphafold.ebi.ac.uk/entry/Q8WWI1
LMO7	missense_variant		1412623844						Q8WWI1	LIM domain only protein 7	Homo sapiens	Encontrado	https://alphafold.ebi.ac.uk/entry/Q8WWI1
LMO7	missense_variant	uncertain significance	141386159						Q8WWI1	LIM domain only protein 7	Homo sapiens	Encontrado	https://alphafold.ebi.ac.uk/entry/Q8WWI1
LMO7	missense_variant		1413925076						Q8WWI1	LIM domain only protein 7	Homo sapiens	Encontrado	https://alphafold.ebi.ac.uk/entry/Q8WWI1
LMO7	missense_variant		1414116810						Q8WWI1	LIM domain only protein 7	Homo sapiens	Encontrado	https://alphafold.ebi.ac.uk/entry/Q8WWI1
LMO7	missense_variant		141533439						Q8WWI1	LIM domain only protein 7	Homo sapiens	Encontrado	https://alphafold.ebi.ac.uk/entry/Q8WWI1
LMO7	missense_variant		1415572724						Q8WWI1	LIM domain only protein 7	Homo sapiens	Encontrado	https://alphafold.ebi.ac.uk/entry/Q8WWI1
LMO7	missense_variant		141639630						Q8WWI1	LIM domain only protein 7	Homo sapiens	Encontrado	https://alphafold.ebi.ac.uk/entry/Q8WWI1
LMO7	missense_variant		1416866190						Q8WWI1	LIM domain only protein 7	Homo sapiens	Encontrado	https://alphafold.ebi.ac.uk/entry/Q8WWI1
LMO7	missense_variant		1418435138						Q8WWI1	LIM domain only protein 7	Homo sapiens	Encontrado	https://alphafold.ebi.ac.uk/entry/Q8WWI1
LMO7	missense_variant		1418988556						Q8WWI1	LIM domain only protein 7	Homo sapiens	Encontrado	https://alphafold.ebi.ac.uk/entry/Q8WWI1
LMO7	missense_variant		1418996681						Q8WWI1	LIM domain only protein 7	Homo sapiens	Encontrado	https://alphafold.ebi.ac.uk/entry/Q8WWI1
LMO7	missense_variant		1419061245						Q8WWI1	LIM domain only protein 7	Homo sapiens	Encontrado	https://alphafold.ebi.ac.uk/entry/Q8WWI1
LMO7	missense_variant		1419425480						Q8WWI1	LIM domain only protein 7	Homo sapiens	Encontrado	https://alphafold.ebi.ac.uk/entry/Q8WWI1
LMO7	missense_variant		1422150360						Q8WWI1	LIM domain only protein 7	Homo sapiens	Encontrado	https://alphafold.ebi.ac.uk/entry/Q8WWI1
LMO7	missense_variant		1422786133						Q8WWI1	LIM domain only protein 7	Homo sapiens	Encontrado	https://alphafold.ebi.ac.uk/entry/Q8WWI1
LMO7	missense_variant		1423196898						Q8WWI1	LIM domain only protein 7	Homo sapiens	Encontrado	https://alphafold.ebi.ac.uk/entry/Q8WWI1
LMO7	missense_variant		1423472121						Q8WWI1	LIM domain only protein 7	Homo sapiens	Encontrado	https://alphafold.ebi.ac.uk/entry/Q8WWI1
LMO7	missense_variant		142381519						Q8WWI1	LIM domain only protein 7	Homo sapiens	Encontrado	https://alphafold.ebi.ac.uk/entry/Q8WWI1
LMO7	missense_variant		1423837202						Q8WWI1	LIM domain only protein 7	Homo sapiens	Encontrado	https://alphafold.ebi.ac.uk/entry/Q8WWI1
LMO7	missense_variant		1424874883						Q8WWI1	LIM domain only protein 7	Homo sapiens	Encontrado	https://alphafold.ebi.ac.uk/entry/Q8WWI1
LMO7	missense_variant	uncertain significance	142550237						Q8WWI1	LIM domain only protein 7	Homo sapiens	Encontrado	https://alphafold.ebi.ac.uk/entry/Q8WWI1
LMO7	missense_variant		142562658						Q8WWI1	LIM domain only protein 7	Homo sapiens	Encontrado	https://alphafold.ebi.ac.uk/entry/Q8WWI1
LMO7	missense_variant		1426449266						Q8WWI1	LIM domain only protein 7	Homo sapiens	Encontrado	https://alphafold.ebi.ac.uk/entry/Q8WWI1
LMO7	missense_variant	benign	142687160						Q8WWI1	LIM domain only protein 7	Homo sapiens	Encontrado	https://alphafold.ebi.ac.uk/entry/Q8WWI1
LMO7	missense_variant		1427051302						Q8WWI1	LIM domain only protein 7	Homo sapiens	Encontrado	https://alphafold.ebi.ac.uk/entry/Q8WWI1
LMO7	missense_variant		1429209729						Q8WWI1	LIM domain only protein 7	Homo sapiens	Encontrado	https://alphafold.ebi.ac.uk/entry/Q8WWI1
LMO7	missense_variant		1429604923						Q8WWI1	LIM domain only protein 7	Homo sapiens	Encontrado	https://alphafold.ebi.ac.uk/entry/Q8WWI1
LMO7	missense_variant	benign	142994139						Q8WWI1	LIM domain only protein 7	Homo sapiens	Encontrado	https://alphafold.ebi.ac.uk/entry/Q8WWI1
LMO7	missense_variant		1430362724						Q8WWI1	LIM domain only protein 7	Homo sapiens	Encontrado	https://alphafold.ebi.ac.uk/entry/Q8WWI1
LMO7	missense_variant		1430399070						Q8WWI1	LIM domain only protein 7	Homo sapiens	Encontrado	https://alphafold.ebi.ac.uk/entry/Q8WWI1
LMO7	missense_variant		1430453943						Q8WWI1	LIM domain only protein 7	Homo sapiens	Encontrado	https://alphafold.ebi.ac.uk/entry/Q8WWI1
LMO7	missense_variant		1431079087						Q8WWI1	LIM domain only protein 7	Homo sapiens	Encontrado	https://alphafold.ebi.ac.uk/entry/Q8WWI1
LMO7	missense_variant		1431775195						Q8WWI1	LIM domain only protein 7	Homo sapiens	Encontrado	https://alphafold.ebi.ac.uk/entry/Q8WWI1
LMO7	missense_variant		1432452094						Q8WWI1	LIM domain only protein 7	Homo sapiens	Encontrado	https://alphafold.ebi.ac.uk/entry/Q8WWI1
LMO7	missense_variant		143278199						Q8WWI1	LIM domain only protein 7	Homo sapiens	Encontrado	https://alphafold.ebi.ac.uk/entry/Q8WWI1
LMO7	missense_variant		1433208474						Q8WWI1	LIM domain only protein 7	Homo sapiens	Encontrado	https://alphafold.ebi.ac.uk/entry/Q8WWI1
LMO7	missense_variant		143342743						Q8WWI1	LIM domain only protein 7	Homo sapiens	Encontrado	https://alphafold.ebi.ac.uk/entry/Q8WWI1
LMO7	missense_variant	uncertain significance	143345605						Q8WWI1	LIM domain only protein 7	Homo sapiens	Encontrado	https://alphafold.ebi.ac.uk/entry/Q8WWI1
LMO7	missense_variant		1433983983						Q8WWI1	LIM domain only protein 7	Homo sapiens	Encontrado	https://alphafold.ebi.ac.uk/entry/Q8WWI1
LMO7	missense_variant		1434362826						Q8WWI1	LIM domain only protein 7	Homo sapiens	Encontrado	https://alphafold.ebi.ac.uk/entry/Q8WWI1
LMO7	missense_variant		1435200368						Q8WWI1	LIM domain only protein 7	Homo sapiens	Encontrado	https://alphafold.ebi.ac.uk/entry/Q8WWI1
LMO7	missense_variant		1437102809						Q8WWI1	LIM domain only protein 7	Homo sapiens	Encontrado	https://alphafold.ebi.ac.uk/entry/Q8WWI1
LMO7	missense_variant		143719911						Q8WWI1	LIM domain only protein 7	Homo sapiens	Encontrado	https://alphafold.ebi.ac.uk/entry/Q8WWI1
LMO7	missense_variant		1437222875						Q8WWI1	LIM domain only protein 7	Homo sapiens	Encontrado	https://alphafold.ebi.ac.uk/entry/Q8WWI1
LMO7	missense_variant		1437381652						Q8WWI1	LIM domain only protein 7	Homo sapiens	Encontrado	https://alphafold.ebi.ac.uk/entry/Q8WWI1
LMO7	missense_variant		1437871014						Q8WWI1	LIM domain only protein 7	Homo sapiens	Encontrado	https://alphafold.ebi.ac.uk/entry/Q8WWI1
LMO7	missense_variant		1438061867						Q8WWI1	LIM domain only protein 7	Homo sapiens	Encontrado	https://alphafold.ebi.ac.uk/entry/Q8WWI1
LMO7	missense_variant		1438710787						Q8WWI1	LIM domain only protein 7	Homo sapiens	Encontrado	https://alphafold.ebi.ac.uk/entry/Q8WWI1
LMO7	missense_variant	uncertain significance	143899312						Q8WWI1	LIM domain only protein 7	Homo sapiens	Encontrado	https://alphafold.ebi.ac.uk/entry/Q8WWI1
LMO7	missense_variant	likely benign	144089219						Q8WWI1	LIM domain only protein 7	Homo sapiens	Encontrado	https://alphafold.ebi.ac.uk/entry/Q8WWI1
LMO7	missense_variant		1441163703						Q8WWI1	LIM domain only protein 7	Homo sapiens	Encontrado	https://alphafold.ebi.ac.uk/entry/Q8WWI1
LMO7	missense_variant	uncertain significance	144129171						Q8WWI1	LIM domain only protein 7	Homo sapiens	Encontrado	https://alphafold.ebi.ac.uk/entry/Q8WWI1
LMO7	missense_variant		1441420923						Q8WWI1	LIM domain only protein 7	Homo sapiens	Encontrado	https://alphafold.ebi.ac.uk/entry/Q8WWI1
LMO7	missense_variant		1441875353						Q8WWI1	LIM domain only protein 7	Homo sapiens	Encontrado	https://alphafold.ebi.ac.uk/entry/Q8WWI1
LMO7	missense_variant		144205884						Q8WWI1	LIM domain only protein 7	Homo sapiens	Encontrado	https://alphafold.ebi.ac.uk/entry/Q8WWI1
LMO7	missense_variant		1442514243						Q8WWI1	LIM domain only protein 7	Homo sapiens	Encontrado	https://alphafold.ebi.ac.uk/entry/Q8WWI1
LMO7	missense_variant		1442594795						Q8WWI1	LIM domain only protein 7	Homo sapiens	Encontrado	https://alphafold.ebi.ac.uk/entry/Q8WWI1
LMO7	missense_variant		1443025504						Q8WWI1	LIM domain only protein 7	Homo sapiens	Encontrado	https://alphafold.ebi.ac.uk/entry/Q8WWI1
LMO7	missense_variant		1444898661						Q8WWI1	LIM domain only protein 7	Homo sapiens	Encontrado	https://alphafold.ebi.ac.uk/entry/Q8WWI1
LMO7	missense_variant		1445533311						Q8WWI1	LIM domain only protein 7	Homo sapiens	Encontrado	https://alphafold.ebi.ac.uk/entry/Q8WWI1
LMO7	missense_variant		1446309636						Q8WWI1	LIM domain only protein 7	Homo sapiens	Encontrado	https://alphafold.ebi.ac.uk/entry/Q8WWI1
LMO7	missense_variant		1446454655						Q8WWI1	LIM domain only protein 7	Homo sapiens	Encontrado	https://alphafold.ebi.ac.uk/entry/Q8WWI1
LMO7	missense_variant		1447785094						Q8WWI1	LIM domain only protein 7	Homo sapiens	Encontrado	https://alphafold.ebi.ac.uk/entry/Q8WWI1
LMO7	missense_variant		1447792300						Q8WWI1	LIM domain only protein 7	Homo sapiens	Encontrado	https://alphafold.ebi.ac.uk/entry/Q8WWI1
LMO7	missense_variant		1449175135						Q8WWI1	LIM domain only protein 7	Homo sapiens	Encontrado	https://alphafold.ebi.ac.uk/entry/Q8WWI1
LMO7	missense_variant		144929980						Q8WWI1	LIM domain only protein 7	Homo sapiens	Encontrado	https://alphafold.ebi.ac.uk/entry/Q8WWI1
LMO7	missense_variant		144953704						Q8WWI1	LIM domain only protein 7	Homo sapiens	Encontrado	https://alphafold.ebi.ac.uk/entry/Q8WWI1
LMO7	missense_variant		145177369						Q8WWI1	LIM domain only protein 7	Homo sapiens	Encontrado	https://alphafold.ebi.ac.uk/entry/Q8WWI1
LMO7	missense_variant		1452234810						Q8WWI1	LIM domain only protein 7	Homo sapiens	Encontrado	https://alphafold.ebi.ac.uk/entry/Q8WWI1
LMO7	missense_variant		1452473730						Q8WWI1	LIM domain only protein 7	Homo sapiens	Encontrado	https://alphafold.ebi.ac.uk/entry/Q8WWI1
LMO7	missense_variant		1453297297						Q8WWI1	LIM domain only protein 7	Homo sapiens	Encontrado	https://alphafold.ebi.ac.uk/entry/Q8WWI1
LMO7	missense_variant		1453445524						Q8WWI1	LIM domain only protein 7	Homo sapiens	Encontrado	https://alphafold.ebi.ac.uk/entry/Q8WWI1
LMO7	missense_variant		1454528310						Q8WWI1	LIM domain only protein 7	Homo sapiens	Encontrado	https://alphafold.ebi.ac.uk/entry/Q8WWI1
LMO7	missense_variant		1454820477						Q8WWI1	LIM domain only protein 7	Homo sapiens	Encontrado	https://alphafold.ebi.ac.uk/entry/Q8WWI1
LMO7	missense_variant		1455204421						Q8WWI1	LIM domain only protein 7	Homo sapiens	Encontrado	https://alphafold.ebi.ac.uk/entry/Q8WWI1
LMO7	missense_variant		1455279419						Q8WWI1	LIM domain only protein 7	Homo sapiens	Encontrado	https://alphafold.ebi.ac.uk/entry/Q8WWI1
LMO7	missense_variant		145556173						Q8WWI1	LIM domain only protein 7	Homo sapiens	Encontrado	https://alphafold.ebi.ac.uk/entry/Q8WWI1
LMO7	missense_variant		145591276						Q8WWI1	LIM domain only protein 7	Homo sapiens	Encontrado	https://alphafold.ebi.ac.uk/entry/Q8WWI1
LMO7	missense_variant		145642799						Q8WWI1	LIM domain only protein 7	Homo sapiens	Encontrado	https://alphafold.ebi.ac.uk/entry/Q8WWI1
LMO7	missense_variant		145725046						Q8WWI1	LIM domain only protein 7	Homo sapiens	Encontrado	https://alphafold.ebi.ac.uk/entry/Q8WWI1
LMO7	missense_variant		1457904296						Q8WWI1	LIM domain only protein 7	Homo sapiens	Encontrado	https://alphafold.ebi.ac.uk/entry/Q8WWI1
LMO7	missense_variant		145827460						Q8WWI1	LIM domain only protein 7	Homo sapiens	Encontrado	https://alphafold.ebi.ac.uk/entry/Q8WWI1
LMO7	missense_variant		1459259182						Q8WWI1	LIM domain only protein 7	Homo sapiens	Encontrado	https://alphafold.ebi.ac.uk/entry/Q8WWI1
LMO7	missense_variant		1459641985						Q8WWI1	LIM domain only protein 7	Homo sapiens	Encontrado	https://alphafold.ebi.ac.uk/entry/Q8WWI1
LMO7	missense_variant		1459998568						Q8WWI1	LIM domain only protein 7	Homo sapiens	Encontrado	https://alphafold.ebi.ac.uk/entry/Q8WWI1
LMO7	missense_variant		1460625335						Q8WWI1	LIM domain only protein 7	Homo sapiens	Encontrado	https://alphafold.ebi.ac.uk/entry/Q8WWI1
LMO7	missense_variant		1460970247						Q8WWI1	LIM domain only protein 7	Homo sapiens	Encontrado	https://alphafold.ebi.ac.uk/entry/Q8WWI1
LMO7	missense_variant		1461378680						Q8WWI1	LIM domain only protein 7	Homo sapiens	Encontrado	https://alphafold.ebi.ac.uk/entry/Q8WWI1
LMO7	missense_variant		146168878						Q8WWI1	LIM domain only protein 7	Homo sapiens	Encontrado	https://alphafold.ebi.ac.uk/entry/Q8WWI1
LMO7	missense_variant		1462236071						Q8WWI1	LIM domain only protein 7	Homo sapiens	Encontrado	https://alphafold.ebi.ac.uk/entry/Q8WWI1
LMO7	missense_variant		1463808518						Q8WWI1	LIM domain only protein 7	Homo sapiens	Encontrado	https://alphafold.ebi.ac.uk/entry/Q8WWI1
LMO7	missense_variant		1464479192						Q8WWI1	LIM domain only protein 7	Homo sapiens	Encontrado	https://alphafold.ebi.ac.uk/entry/Q8WWI1
LMO7	missense_variant		1465560401						Q8WWI1	LIM domain only protein 7	Homo sapiens	Encontrado	https://alphafold.ebi.ac.uk/entry/Q8WWI1
LMO7	missense_variant		1466343941						Q8WWI1	LIM domain only protein 7	Homo sapiens	Encontrado	https://alphafold.ebi.ac.uk/entry/Q8WWI1
LMO7	missense_variant	uncertain significance	146636938						Q8WWI1	LIM domain only protein 7	Homo sapiens	Encontrado	https://alphafold.ebi.ac.uk/entry/Q8WWI1
LMO7	missense_variant	uncertain significance	146713281						Q8WWI1	LIM domain only protein 7	Homo sapiens	Encontrado	https://alphafold.ebi.ac.uk/entry/Q8WWI1
LMO7	missense_variant	uncertain significance	146762127						Q8WWI1	LIM domain only protein 7	Homo sapiens	Encontrado	https://alphafold.ebi.ac.uk/entry/Q8WWI1
LMO7	missense_variant		1468367994						Q8WWI1	LIM domain only protein 7	Homo sapiens	Encontrado	https://alphafold.ebi.ac.uk/entry/Q8WWI1
LMO7	missense_variant		1470024316						Q8WWI1	LIM domain only protein 7	Homo sapiens	Encontrado	https://alphafold.ebi.ac.uk/entry/Q8WWI1
LMO7	missense_variant		1470457617						Q8WWI1	LIM domain only protein 7	Homo sapiens	Encontrado	https://alphafold.ebi.ac.uk/entry/Q8WWI1
LMO7	missense_variant	uncertain significance	1471520142						Q8WWI1	LIM domain only protein 7	Homo sapiens	Encontrado	https://alphafold.ebi.ac.uk/entry/Q8WWI1
LMO7	missense_variant		147322352						Q8WWI1	LIM domain only protein 7	Homo sapiens	Encontrado	https://alphafold.ebi.ac.uk/entry/Q8WWI1
LMO7	missense_variant		1473427457						Q8WWI1	LIM domain only protein 7	Homo sapiens	Encontrado	https://alphafold.ebi.ac.uk/entry/Q8WWI1
LMO7	missense_variant		147497616						Q8WWI1	LIM domain only protein 7	Homo sapiens	Encontrado	https://alphafold.ebi.ac.uk/entry/Q8WWI1
LMO7	missense_variant		1475297089						Q8WWI1	LIM domain only protein 7	Homo sapiens	Encontrado	https://alphafold.ebi.ac.uk/entry/Q8WWI1
LMO7	missense_variant	benign	147546485						Q8WWI1	LIM domain only protein 7	Homo sapiens	Encontrado	https://alphafold.ebi.ac.uk/entry/Q8WWI1
LMO7	missense_variant	uncertain significance	1476261503						Q8WWI1	LIM domain only protein 7	Homo sapiens	Encontrado	https://alphafold.ebi.ac.uk/entry/Q8WWI1
LMO7	missense_variant		147656419						Q8WWI1	LIM domain only protein 7	Homo sapiens	Encontrado	https://alphafold.ebi.ac.uk/entry/Q8WWI1
LMO7	missense_variant		147698504						Q8WWI1	LIM domain only protein 7	Homo sapiens	Encontrado	https://alphafold.ebi.ac.uk/entry/Q8WWI1
LMO7	missense_variant		1477162142						Q8WWI1	LIM domain only protein 7	Homo sapiens	Encontrado	https://alphafold.ebi.ac.uk/entry/Q8WWI1
LMO7	missense_variant		1477334590						Q8WWI1	LIM domain only protein 7	Homo sapiens	Encontrado	https://alphafold.ebi.ac.uk/entry/Q8WWI1
LMO7	missense_variant		1477849070						Q8WWI1	LIM domain only protein 7	Homo sapiens	Encontrado	https://alphafold.ebi.ac.uk/entry/Q8WWI1
LMO7	missense_variant		1478157741						Q8WWI1	LIM domain only protein 7	Homo sapiens	Encontrado	https://alphafold.ebi.ac.uk/entry/Q8WWI1
LMO7	missense_variant		1478938112						Q8WWI1	LIM domain only protein 7	Homo sapiens	Encontrado	https://alphafold.ebi.ac.uk/entry/Q8WWI1
LMO7	missense_variant		1479410739						Q8WWI1	LIM domain only protein 7	Homo sapiens	Encontrado	https://alphafold.ebi.ac.uk/entry/Q8WWI1
LMO7	missense_variant		1481487525						Q8WWI1	LIM domain only protein 7	Homo sapiens	Encontrado	https://alphafold.ebi.ac.uk/entry/Q8WWI1
LMO7	missense_variant		1482131326						Q8WWI1	LIM domain only protein 7	Homo sapiens	Encontrado	https://alphafold.ebi.ac.uk/entry/Q8WWI1
LMO7	missense_variant		1482811967						Q8WWI1	LIM domain only protein 7	Homo sapiens	Encontrado	https://alphafold.ebi.ac.uk/entry/Q8WWI1
LMO7	missense_variant	uncertain significance	148348028						Q8WWI1	LIM domain only protein 7	Homo sapiens	Encontrado	https://alphafold.ebi.ac.uk/entry/Q8WWI1
LMO7	missense_variant	uncertain significance	148440316						Q8WWI1	LIM domain only protein 7	Homo sapiens	Encontrado	https://alphafold.ebi.ac.uk/entry/Q8WWI1
LMO7	missense_variant		1484819066						Q8WWI1	LIM domain only protein 7	Homo sapiens	Encontrado	https://alphafold.ebi.ac.uk/entry/Q8WWI1
LMO7	missense_variant		1485453907						Q8WWI1	LIM domain only protein 7	Homo sapiens	Encontrado	https://alphafold.ebi.ac.uk/entry/Q8WWI1
LMO7	missense_variant		1485530073						Q8WWI1	LIM domain only protein 7	Homo sapiens	Encontrado	https://alphafold.ebi.ac.uk/entry/Q8WWI1
LMO7	missense_variant		1485856656						Q8WWI1	LIM domain only protein 7	Homo sapiens	Encontrado	https://alphafold.ebi.ac.uk/entry/Q8WWI1
LMO7	missense_variant		148659145						Q8WWI1	LIM domain only protein 7	Homo sapiens	Encontrado	https://alphafold.ebi.ac.uk/entry/Q8WWI1
LMO7	missense_variant		1487626067						Q8WWI1	LIM domain only protein 7	Homo sapiens	Encontrado	https://alphafold.ebi.ac.uk/entry/Q8WWI1
LMO7	missense_variant	uncertain significance	148787382						Q8WWI1	LIM domain only protein 7	Homo sapiens	Encontrado	https://alphafold.ebi.ac.uk/entry/Q8WWI1
LMO7	missense_variant		148908916						Q8WWI1	LIM domain only protein 7	Homo sapiens	Encontrado	https://alphafold.ebi.ac.uk/entry/Q8WWI1
LMO7	missense_variant		1489678737						Q8WWI1	LIM domain only protein 7	Homo sapiens	Encontrado	https://alphafold.ebi.ac.uk/entry/Q8WWI1
LMO7	missense_variant	uncertain significance	148976908						Q8WWI1	LIM domain only protein 7	Homo sapiens	Encontrado	https://alphafold.ebi.ac.uk/entry/Q8WWI1
LMO7	missense_variant		1489868796						Q8WWI1	LIM domain only protein 7	Homo sapiens	Encontrado	https://alphafold.ebi.ac.uk/entry/Q8WWI1
LMO7	missense_variant		1490537237						Q8WWI1	LIM domain only protein 7	Homo sapiens	Encontrado	https://alphafold.ebi.ac.uk/entry/Q8WWI1
LMO7	missense_variant		1490670959						Q8WWI1	LIM domain only protein 7	Homo sapiens	Encontrado	https://alphafold.ebi.ac.uk/entry/Q8WWI1
LMO7	missense_variant	uncertain significance	1490876355						Q8WWI1	LIM domain only protein 7	Homo sapiens	Encontrado	https://alphafold.ebi.ac.uk/entry/Q8WWI1
LMO7	missense_variant		149099643						Q8WWI1	LIM domain only protein 7	Homo sapiens	Encontrado	https://alphafold.ebi.ac.uk/entry/Q8WWI1
LMO7	missense_variant	uncertain significance	149304325						Q8WWI1	LIM domain only protein 7	Homo sapiens	Encontrado	https://alphafold.ebi.ac.uk/entry/Q8WWI1
LMO7	missense_variant		149414620						Q8WWI1	LIM domain only protein 7	Homo sapiens	Encontrado	https://alphafold.ebi.ac.uk/entry/Q8WWI1
LMO7	missense_variant		149419549						Q8WWI1	LIM domain only protein 7	Homo sapiens	Encontrado	https://alphafold.ebi.ac.uk/entry/Q8WWI1
LMO7	missense_variant		150110750						Q8WWI1	LIM domain only protein 7	Homo sapiens	Encontrado	https://alphafold.ebi.ac.uk/entry/Q8WWI1
LMO7	missense_variant		150476846						Q8WWI1	LIM domain only protein 7	Homo sapiens	Encontrado	https://alphafold.ebi.ac.uk/entry/Q8WWI1
LMO7	missense_variant		150496795						Q8WWI1	LIM domain only protein 7	Homo sapiens	Encontrado	https://alphafold.ebi.ac.uk/entry/Q8WWI1
LMO7	missense_variant		150551801						Q8WWI1	LIM domain only protein 7	Homo sapiens	Encontrado	https://alphafold.ebi.ac.uk/entry/Q8WWI1
LMO7	missense_variant		150803003						Q8WWI1	LIM domain only protein 7	Homo sapiens	Encontrado	https://alphafold.ebi.ac.uk/entry/Q8WWI1
LMO7	missense_variant		150972843						Q8WWI1	LIM domain only protein 7	Homo sapiens	Encontrado	https://alphafold.ebi.ac.uk/entry/Q8WWI1
LMO7	missense_variant	uncertain significance	151245949						Q8WWI1	LIM domain only protein 7	Homo sapiens	Encontrado	https://alphafold.ebi.ac.uk/entry/Q8WWI1
LMO7	missense_variant		1555342355						Q8WWI1	LIM domain only protein 7	Homo sapiens	Encontrado	https://alphafold.ebi.ac.uk/entry/Q8WWI1
LMO7	missense_variant		1555345040						Q8WWI1	LIM domain only protein 7	Homo sapiens	Encontrado	https://alphafold.ebi.ac.uk/entry/Q8WWI1
LMO7	missense_variant		1566356638						Q8WWI1	LIM domain only protein 7	Homo sapiens	Encontrado	https://alphafold.ebi.ac.uk/entry/Q8WWI1
LMO7	missense_variant		1566486949						Q8WWI1	LIM domain only protein 7	Homo sapiens	Encontrado	https://alphafold.ebi.ac.uk/entry/Q8WWI1
LMO7	missense_variant		1566487872						Q8WWI1	LIM domain only protein 7	Homo sapiens	Encontrado	https://alphafold.ebi.ac.uk/entry/Q8WWI1
LMO7	missense_variant		1566499997						Q8WWI1	LIM domain only protein 7	Homo sapiens	Encontrado	https://alphafold.ebi.ac.uk/entry/Q8WWI1
LMO7	missense_variant		1566507451						Q8WWI1	LIM domain only protein 7	Homo sapiens	Encontrado	https://alphafold.ebi.ac.uk/entry/Q8WWI1
LMO7	missense_variant		1566508915						Q8WWI1	LIM domain only protein 7	Homo sapiens	Encontrado	https://alphafold.ebi.ac.uk/entry/Q8WWI1
LMO7	missense_variant		1566512262						Q8WWI1	LIM domain only protein 7	Homo sapiens	Encontrado	https://alphafold.ebi.ac.uk/entry/Q8WWI1
LMO7	missense_variant		1566537739						Q8WWI1	LIM domain only protein 7	Homo sapiens	Encontrado	https://alphafold.ebi.ac.uk/entry/Q8WWI1
LMO7	missense_variant		1566543148						Q8WWI1	LIM domain only protein 7	Homo sapiens	Encontrado	https://alphafold.ebi.ac.uk/entry/Q8WWI1
LMO7	missense_variant		1566550883						Q8WWI1	LIM domain only protein 7	Homo sapiens	Encontrado	https://alphafold.ebi.ac.uk/entry/Q8WWI1
LMO7	missense_variant		1566578259						Q8WWI1	LIM domain only protein 7	Homo sapiens	Encontrado	https://alphafold.ebi.ac.uk/entry/Q8WWI1
LMO7	missense_variant		1566585772						Q8WWI1	LIM domain only protein 7	Homo sapiens	Encontrado	https://alphafold.ebi.ac.uk/entry/Q8WWI1
LMO7	missense_variant		1566596781						Q8WWI1	LIM domain only protein 7	Homo sapiens	Encontrado	https://alphafold.ebi.ac.uk/entry/Q8WWI1
LMO7	missense_variant		1566623573						Q8WWI1	LIM domain only protein 7	Homo sapiens	Encontrado	https://alphafold.ebi.ac.uk/entry/Q8WWI1
LMO7	missense_variant		1566624368						Q8WWI1	LIM domain only protein 7	Homo sapiens	Encontrado	https://alphafold.ebi.ac.uk/entry/Q8WWI1
LMO7	missense_variant		1594781267						Q8WWI1	LIM domain only protein 7	Homo sapiens	Encontrado	https://alphafold.ebi.ac.uk/entry/Q8WWI1
LMO7	missense_variant		1595068916						Q8WWI1	LIM domain only protein 7	Homo sapiens	Encontrado	https://alphafold.ebi.ac.uk/entry/Q8WWI1
LMO7	missense_variant		1595108445						Q8WWI1	LIM domain only protein 7	Homo sapiens	Encontrado	https://alphafold.ebi.ac.uk/entry/Q8WWI1
LMO7	missense_variant		1595108871						Q8WWI1	LIM domain only protein 7	Homo sapiens	Encontrado	https://alphafold.ebi.ac.uk/entry/Q8WWI1
LMO7	missense_variant		1595108935						Q8WWI1	LIM domain only protein 7	Homo sapiens	Encontrado	https://alphafold.ebi.ac.uk/entry/Q8WWI1
LMO7	missense_variant		1595146424						Q8WWI1	LIM domain only protein 7	Homo sapiens	Encontrado	https://alphafold.ebi.ac.uk/entry/Q8WWI1
LMO7	missense_variant		1595146505						Q8WWI1	LIM domain only protein 7	Homo sapiens	Encontrado	https://alphafold.ebi.ac.uk/entry/Q8WWI1
LMO7	missense_variant		1595163414						Q8WWI1	LIM domain only protein 7	Homo sapiens	Encontrado	https://alphafold.ebi.ac.uk/entry/Q8WWI1
LMO7	missense_variant		1595167674						Q8WWI1	LIM domain only protein 7	Homo sapiens	Encontrado	https://alphafold.ebi.ac.uk/entry/Q8WWI1
LMO7	missense_variant		1595168020						Q8WWI1	LIM domain only protein 7	Homo sapiens	Encontrado	https://alphafold.ebi.ac.uk/entry/Q8WWI1
LMO7	missense_variant		1595320465						Q8WWI1	LIM domain only protein 7	Homo sapiens	Encontrado	https://alphafold.ebi.ac.uk/entry/Q8WWI1
LMO7	missense_variant		1595321074						Q8WWI1	LIM domain only protein 7	Homo sapiens	Encontrado	https://alphafold.ebi.ac.uk/entry/Q8WWI1
LMO7	missense_variant		1595413054						Q8WWI1	LIM domain only protein 7	Homo sapiens	Encontrado	https://alphafold.ebi.ac.uk/entry/Q8WWI1
LMO7	missense_variant		1595455460						Q8WWI1	LIM domain only protein 7	Homo sapiens	Encontrado	https://alphafold.ebi.ac.uk/entry/Q8WWI1
LMO7	missense_variant		1595463793						Q8WWI1	LIM domain only protein 7	Homo sapiens	Encontrado	https://alphafold.ebi.ac.uk/entry/Q8WWI1
LMO7	missense_variant		1595464014						Q8WWI1	LIM domain only protein 7	Homo sapiens	Encontrado	https://alphafold.ebi.ac.uk/entry/Q8WWI1
LMO7	missense_variant		1595464449						Q8WWI1	LIM domain only protein 7	Homo sapiens	Encontrado	https://alphafold.ebi.ac.uk/entry/Q8WWI1
LMO7	missense_variant		1595465085						Q8WWI1	LIM domain only protein 7	Homo sapiens	Encontrado	https://alphafold.ebi.ac.uk/entry/Q8WWI1
LMO7	missense_variant		1595522197						Q8WWI1	LIM domain only protein 7	Homo sapiens	Encontrado	https://alphafold.ebi.ac.uk/entry/Q8WWI1
LMO7	missense_variant		1595550443						Q8WWI1	LIM domain only protein 7	Homo sapiens	Encontrado	https://alphafold.ebi.ac.uk/entry/Q8WWI1
LMO7	missense_variant		1595552162						Q8WWI1	LIM domain only protein 7	Homo sapiens	Encontrado	https://alphafold.ebi.ac.uk/entry/Q8WWI1
LMO7	missense_variant		1595566109						Q8WWI1	LIM domain only protein 7	Homo sapiens	Encontrado	https://alphafold.ebi.ac.uk/entry/Q8WWI1
LMO7	missense_variant		1595574934						Q8WWI1	LIM domain only protein 7	Homo sapiens	Encontrado	https://alphafold.ebi.ac.uk/entry/Q8WWI1
LMO7	missense_variant		1595584026						Q8WWI1	LIM domain only protein 7	Homo sapiens	Encontrado	https://alphafold.ebi.ac.uk/entry/Q8WWI1
LMO7	missense_variant		1650466710						Q8WWI1	LIM domain only protein 7	Homo sapiens	Encontrado	https://alphafold.ebi.ac.uk/entry/Q8WWI1
LMO7	missense_variant		1770643037						Q8WWI1	LIM domain only protein 7	Homo sapiens	Encontrado	https://alphafold.ebi.ac.uk/entry/Q8WWI1
LMO7	missense_variant		1785764610						Q8WWI1	LIM domain only protein 7	Homo sapiens	Encontrado	https://alphafold.ebi.ac.uk/entry/Q8WWI1
LMO7	missense_variant		1787288573						Q8WWI1	LIM domain only protein 7	Homo sapiens	Encontrado	https://alphafold.ebi.ac.uk/entry/Q8WWI1
LMO7	missense_variant		180712657						Q8WWI1	LIM domain only protein 7	Homo sapiens	Encontrado	https://alphafold.ebi.ac.uk/entry/Q8WWI1
LMO7	missense_variant		181791501						Q8WWI1	LIM domain only protein 7	Homo sapiens	Encontrado	https://alphafold.ebi.ac.uk/entry/Q8WWI1
LMO7	missense_variant	uncertain significance	182275016						Q8WWI1	LIM domain only protein 7	Homo sapiens	Encontrado	https://alphafold.ebi.ac.uk/entry/Q8WWI1
LMO7	missense_variant	uncertain significance	182631787						Q8WWI1	LIM domain only protein 7	Homo sapiens	Encontrado	https://alphafold.ebi.ac.uk/entry/Q8WWI1
LMO7	missense_variant		182855308						Q8WWI1	LIM domain only protein 7	Homo sapiens	Encontrado	https://alphafold.ebi.ac.uk/entry/Q8WWI1
LMO7	missense_variant		182859725						Q8WWI1	LIM domain only protein 7	Homo sapiens	Encontrado	https://alphafold.ebi.ac.uk/entry/Q8WWI1
LMO7	missense_variant		184524173						Q8WWI1	LIM domain only protein 7	Homo sapiens	Encontrado	https://alphafold.ebi.ac.uk/entry/Q8WWI1
LMO7	missense_variant		185025913						Q8WWI1	LIM domain only protein 7	Homo sapiens	Encontrado	https://alphafold.ebi.ac.uk/entry/Q8WWI1
LMO7	missense_variant		185108401						Q8WWI1	LIM domain only protein 7	Homo sapiens	Encontrado	https://alphafold.ebi.ac.uk/entry/Q8WWI1
LMO7	missense_variant		189733125						Q8WWI1	LIM domain only protein 7	Homo sapiens	Encontrado	https://alphafold.ebi.ac.uk/entry/Q8WWI1
LMO7	missense_variant		190020418						Q8WWI1	LIM domain only protein 7	Homo sapiens	Encontrado	https://alphafold.ebi.ac.uk/entry/Q8WWI1
LMO7	missense_variant		190179934						Q8WWI1	LIM domain only protein 7	Homo sapiens	Encontrado	https://alphafold.ebi.ac.uk/entry/Q8WWI1
LMO7	missense_variant		193043288						Q8WWI1	LIM domain only protein 7	Homo sapiens	Encontrado	https://alphafold.ebi.ac.uk/entry/Q8WWI1
LMO7	missense_variant		199671648						Q8WWI1	LIM domain only protein 7	Homo sapiens	Encontrado	https://alphafold.ebi.ac.uk/entry/Q8WWI1
LMO7	missense_variant		199672954						Q8WWI1	LIM domain only protein 7	Homo sapiens	Encontrado	https://alphafold.ebi.ac.uk/entry/Q8WWI1
LMO7	missense_variant		199685242						Q8WWI1	LIM domain only protein 7	Homo sapiens	Encontrado	https://alphafold.ebi.ac.uk/entry/Q8WWI1
LMO7	missense_variant	likely benign	199772213						Q8WWI1	LIM domain only protein 7	Homo sapiens	Encontrado	https://alphafold.ebi.ac.uk/entry/Q8WWI1
LMO7	missense_variant		199844678						Q8WWI1	LIM domain only protein 7	Homo sapiens	Encontrado	https://alphafold.ebi.ac.uk/entry/Q8WWI1
LMO7	missense_variant	uncertain significance	200211735						Q8WWI1	LIM domain only protein 7	Homo sapiens	Encontrado	https://alphafold.ebi.ac.uk/entry/Q8WWI1
LMO7	missense_variant	uncertain significance	200351536						Q8WWI1	LIM domain only protein 7	Homo sapiens	Encontrado	https://alphafold.ebi.ac.uk/entry/Q8WWI1
LMO7	missense_variant		200358507						Q8WWI1	LIM domain only protein 7	Homo sapiens	Encontrado	https://alphafold.ebi.ac.uk/entry/Q8WWI1
LMO7	missense_variant		200590058						Q8WWI1	LIM domain only protein 7	Homo sapiens	Encontrado	https://alphafold.ebi.ac.uk/entry/Q8WWI1
LMO7	missense_variant		200624466						Q8WWI1	LIM domain only protein 7	Homo sapiens	Encontrado	https://alphafold.ebi.ac.uk/entry/Q8WWI1
LMO7	missense_variant		200676767						Q8WWI1	LIM domain only protein 7	Homo sapiens	Encontrado	https://alphafold.ebi.ac.uk/entry/Q8WWI1
LMO7	missense_variant	uncertain significance	200869696						Q8WWI1	LIM domain only protein 7	Homo sapiens	Encontrado	https://alphafold.ebi.ac.uk/entry/Q8WWI1
LMO7	missense_variant	uncertain significance	200943279						Q8WWI1	LIM domain only protein 7	Homo sapiens	Encontrado	https://alphafold.ebi.ac.uk/entry/Q8WWI1
LMO7	missense_variant		200982945						Q8WWI1	LIM domain only protein 7	Homo sapiens	Encontrado	https://alphafold.ebi.ac.uk/entry/Q8WWI1
LMO7	missense_variant	uncertain significance	200991869						Q8WWI1	LIM domain only protein 7	Homo sapiens	Encontrado	https://alphafold.ebi.ac.uk/entry/Q8WWI1
LMO7	missense_variant		201129826						Q8WWI1	LIM domain only protein 7	Homo sapiens	Encontrado	https://alphafold.ebi.ac.uk/entry/Q8WWI1
LMO7	missense_variant		201239202						Q8WWI1	LIM domain only protein 7	Homo sapiens	Encontrado	https://alphafold.ebi.ac.uk/entry/Q8WWI1
LMO7	missense_variant		201250585						Q8WWI1	LIM domain only protein 7	Homo sapiens	Encontrado	https://alphafold.ebi.ac.uk/entry/Q8WWI1
LMO7	missense_variant	uncertain significance	201346648						Q8WWI1	LIM domain only protein 7	Homo sapiens	Encontrado	https://alphafold.ebi.ac.uk/entry/Q8WWI1
LMO7	missense_variant		201407613						Q8WWI1	LIM domain only protein 7	Homo sapiens	Encontrado	https://alphafold.ebi.ac.uk/entry/Q8WWI1
LMO7	missense_variant		201632819						Q8WWI1	LIM domain only protein 7	Homo sapiens	Encontrado	https://alphafold.ebi.ac.uk/entry/Q8WWI1
LMO7	missense_variant		201635274						Q8WWI1	LIM domain only protein 7	Homo sapiens	Encontrado	https://alphafold.ebi.ac.uk/entry/Q8WWI1
LMO7	missense_variant		201710176						Q8WWI1	LIM domain only protein 7	Homo sapiens	Encontrado	https://alphafold.ebi.ac.uk/entry/Q8WWI1
LMO7	missense_variant		201827055						Q8WWI1	LIM domain only protein 7	Homo sapiens	Encontrado	https://alphafold.ebi.ac.uk/entry/Q8WWI1
LMO7	missense_variant		201836704						Q8WWI1	LIM domain only protein 7	Homo sapiens	Encontrado	https://alphafold.ebi.ac.uk/entry/Q8WWI1
LMO7	missense_variant	uncertain significance	201883792						Q8WWI1	LIM domain only protein 7	Homo sapiens	Encontrado	https://alphafold.ebi.ac.uk/entry/Q8WWI1
LMO7	missense_variant		201904439						Q8WWI1	LIM domain only protein 7	Homo sapiens	Encontrado	https://alphafold.ebi.ac.uk/entry/Q8WWI1
LMO7	missense_variant		201958058						Q8WWI1	LIM domain only protein 7	Homo sapiens	Encontrado	https://alphafold.ebi.ac.uk/entry/Q8WWI1
LMO7	missense_variant	uncertain significance	201965259						Q8WWI1	LIM domain only protein 7	Homo sapiens	Encontrado	https://alphafold.ebi.ac.uk/entry/Q8WWI1
LMO7	missense_variant		202082794						Q8WWI1	LIM domain only protein 7	Homo sapiens	Encontrado	https://alphafold.ebi.ac.uk/entry/Q8WWI1
LMO7	missense_variant		202172099						Q8WWI1	LIM domain only protein 7	Homo sapiens	Encontrado	https://alphafold.ebi.ac.uk/entry/Q8WWI1
LMO7	missense_variant		202190221						Q8WWI1	LIM domain only protein 7	Homo sapiens	Encontrado	https://alphafold.ebi.ac.uk/entry/Q8WWI1
LMO7	missense_variant		2033191711						Q8WWI1	LIM domain only protein 7	Homo sapiens	Encontrado	https://alphafold.ebi.ac.uk/entry/Q8WWI1
LMO7	missense_variant		2033325273						Q8WWI1	LIM domain only protein 7	Homo sapiens	Encontrado	https://alphafold.ebi.ac.uk/entry/Q8WWI1
LMO7	missense_variant	uncertain significance	2033327427						Q8WWI1	LIM domain only protein 7	Homo sapiens	Encontrado	https://alphafold.ebi.ac.uk/entry/Q8WWI1
LMO7	missense_variant		2033327800						Q8WWI1	LIM domain only protein 7	Homo sapiens	Encontrado	https://alphafold.ebi.ac.uk/entry/Q8WWI1
LMO7	missense_variant		2033329952						Q8WWI1	LIM domain only protein 7	Homo sapiens	Encontrado	https://alphafold.ebi.ac.uk/entry/Q8WWI1
LMO7	missense_variant		2033333755						Q8WWI1	LIM domain only protein 7	Homo sapiens	Encontrado	https://alphafold.ebi.ac.uk/entry/Q8WWI1
LMO7	missense_variant		2033334072						Q8WWI1	LIM domain only protein 7	Homo sapiens	Encontrado	https://alphafold.ebi.ac.uk/entry/Q8WWI1
LMO7	missense_variant		2033570640						Q8WWI1	LIM domain only protein 7	Homo sapiens	Encontrado	https://alphafold.ebi.ac.uk/entry/Q8WWI1
LMO7	missense_variant		2035909196						Q8WWI1	LIM domain only protein 7	Homo sapiens	Encontrado	https://alphafold.ebi.ac.uk/entry/Q8WWI1
LMO7	missense_variant		2043260557						Q8WWI1	LIM domain only protein 7	Homo sapiens	Encontrado	https://alphafold.ebi.ac.uk/entry/Q8WWI1
LMO7	missense_variant		2043260653						Q8WWI1	LIM domain only protein 7	Homo sapiens	Encontrado	https://alphafold.ebi.ac.uk/entry/Q8WWI1
LMO7	missense_variant		2043260947						Q8WWI1	LIM domain only protein 7	Homo sapiens	Encontrado	https://alphafold.ebi.ac.uk/entry/Q8WWI1
LMO7	missense_variant		2043260996						Q8WWI1	LIM domain only protein 7	Homo sapiens	Encontrado	https://alphafold.ebi.ac.uk/entry/Q8WWI1
LMO7	missense_variant		2043262702						Q8WWI1	LIM domain only protein 7	Homo sapiens	Encontrado	https://alphafold.ebi.ac.uk/entry/Q8WWI1
LMO7	missense_variant		2044543951						Q8WWI1	LIM domain only protein 7	Homo sapiens	Encontrado	https://alphafold.ebi.ac.uk/entry/Q8WWI1
LMO7	missense_variant		2048149670						Q8WWI1	LIM domain only protein 7	Homo sapiens	Encontrado	https://alphafold.ebi.ac.uk/entry/Q8WWI1
LMO7	missense_variant		2048151251						Q8WWI1	LIM domain only protein 7	Homo sapiens	Encontrado	https://alphafold.ebi.ac.uk/entry/Q8WWI1
LMO7	missense_variant		2048152013						Q8WWI1	LIM domain only protein 7	Homo sapiens	Encontrado	https://alphafold.ebi.ac.uk/entry/Q8WWI1
LMO7	missense_variant		2053864508						Q8WWI1	LIM domain only protein 7	Homo sapiens	Encontrado	https://alphafold.ebi.ac.uk/entry/Q8WWI1
LMO7	missense_variant		2054055702						Q8WWI1	LIM domain only protein 7	Homo sapiens	Encontrado	https://alphafold.ebi.ac.uk/entry/Q8WWI1
LMO7	missense_variant		2054060719						Q8WWI1	LIM domain only protein 7	Homo sapiens	Encontrado	https://alphafold.ebi.ac.uk/entry/Q8WWI1
LMO7	missense_variant		2054061583						Q8WWI1	LIM domain only protein 7	Homo sapiens	Encontrado	https://alphafold.ebi.ac.uk/entry/Q8WWI1
LMO7	missense_variant		2054627976						Q8WWI1	LIM domain only protein 7	Homo sapiens	Encontrado	https://alphafold.ebi.ac.uk/entry/Q8WWI1
LMO7	missense_variant		2054628238						Q8WWI1	LIM domain only protein 7	Homo sapiens	Encontrado	https://alphafold.ebi.ac.uk/entry/Q8WWI1
LMO7	missense_variant		2054628929						Q8WWI1	LIM domain only protein 7	Homo sapiens	Encontrado	https://alphafold.ebi.ac.uk/entry/Q8WWI1
LMO7	missense_variant		2054630282						Q8WWI1	LIM domain only protein 7	Homo sapiens	Encontrado	https://alphafold.ebi.ac.uk/entry/Q8WWI1
LMO7	missense_variant		2054630728						Q8WWI1	LIM domain only protein 7	Homo sapiens	Encontrado	https://alphafold.ebi.ac.uk/entry/Q8WWI1
LMO7	missense_variant		2055161557						Q8WWI1	LIM domain only protein 7	Homo sapiens	Encontrado	https://alphafold.ebi.ac.uk/entry/Q8WWI1
LMO7	missense_variant		2055163079						Q8WWI1	LIM domain only protein 7	Homo sapiens	Encontrado	https://alphafold.ebi.ac.uk/entry/Q8WWI1
LMO7	missense_variant		2055163306						Q8WWI1	LIM domain only protein 7	Homo sapiens	Encontrado	https://alphafold.ebi.ac.uk/entry/Q8WWI1
LMO7	missense_variant		2055164770						Q8WWI1	LIM domain only protein 7	Homo sapiens	Encontrado	https://alphafold.ebi.ac.uk/entry/Q8WWI1
LMO7	missense_variant		2055167455						Q8WWI1	LIM domain only protein 7	Homo sapiens	Encontrado	https://alphafold.ebi.ac.uk/entry/Q8WWI1
LMO7	missense_variant		2055171075						Q8WWI1	LIM domain only protein 7	Homo sapiens	Encontrado	https://alphafold.ebi.ac.uk/entry/Q8WWI1
LMO7	missense_variant		2055171625						Q8WWI1	LIM domain only protein 7	Homo sapiens	Encontrado	https://alphafold.ebi.ac.uk/entry/Q8WWI1
LMO7	missense_variant		2055172930						Q8WWI1	LIM domain only protein 7	Homo sapiens	Encontrado	https://alphafold.ebi.ac.uk/entry/Q8WWI1
LMO7	missense_variant		2055173139						Q8WWI1	LIM domain only protein 7	Homo sapiens	Encontrado	https://alphafold.ebi.ac.uk/entry/Q8WWI1
LMO7	missense_variant		2055173361						Q8WWI1	LIM domain only protein 7	Homo sapiens	Encontrado	https://alphafold.ebi.ac.uk/entry/Q8WWI1
LMO7	missense_variant		2055174033						Q8WWI1	LIM domain only protein 7	Homo sapiens	Encontrado	https://alphafold.ebi.ac.uk/entry/Q8WWI1
LMO7	missense_variant		2055174949						Q8WWI1	LIM domain only protein 7	Homo sapiens	Encontrado	https://alphafold.ebi.ac.uk/entry/Q8WWI1
LMO7	missense_variant		2055180944						Q8WWI1	LIM domain only protein 7	Homo sapiens	Encontrado	https://alphafold.ebi.ac.uk/entry/Q8WWI1
LMO7	missense_variant		2055181272						Q8WWI1	LIM domain only protein 7	Homo sapiens	Encontrado	https://alphafold.ebi.ac.uk/entry/Q8WWI1
LMO7	missense_variant		2055184540						Q8WWI1	LIM domain only protein 7	Homo sapiens	Encontrado	https://alphafold.ebi.ac.uk/entry/Q8WWI1
LMO7	missense_variant		2055329071						Q8WWI1	LIM domain only protein 7	Homo sapiens	Encontrado	https://alphafold.ebi.ac.uk/entry/Q8WWI1
LMO7	missense_variant		2055332710						Q8WWI1	LIM domain only protein 7	Homo sapiens	Encontrado	https://alphafold.ebi.ac.uk/entry/Q8WWI1
LMO7	missense_variant		2055340860						Q8WWI1	LIM domain only protein 7	Homo sapiens	Encontrado	https://alphafold.ebi.ac.uk/entry/Q8WWI1
LMO7	missense_variant		2055351416						Q8WWI1	LIM domain only protein 7	Homo sapiens	Encontrado	https://alphafold.ebi.ac.uk/entry/Q8WWI1
LMO7	missense_variant		2055351703						Q8WWI1	LIM domain only protein 7	Homo sapiens	Encontrado	https://alphafold.ebi.ac.uk/entry/Q8WWI1
LMO7	missense_variant		2055353987						Q8WWI1	LIM domain only protein 7	Homo sapiens	Encontrado	https://alphafold.ebi.ac.uk/entry/Q8WWI1
LMO7	missense_variant		2055355399						Q8WWI1	LIM domain only protein 7	Homo sapiens	Encontrado	https://alphafold.ebi.ac.uk/entry/Q8WWI1
LMO7	missense_variant		2055703311						Q8WWI1	LIM domain only protein 7	Homo sapiens	Encontrado	https://alphafold.ebi.ac.uk/entry/Q8WWI1
LMO7	missense_variant		2055706291						Q8WWI1	LIM domain only protein 7	Homo sapiens	Encontrado	https://alphafold.ebi.ac.uk/entry/Q8WWI1
LMO7	missense_variant		2055719632						Q8WWI1	LIM domain only protein 7	Homo sapiens	Encontrado	https://alphafold.ebi.ac.uk/entry/Q8WWI1
LMO7	missense_variant		2055723796						Q8WWI1	LIM domain only protein 7	Homo sapiens	Encontrado	https://alphafold.ebi.ac.uk/entry/Q8WWI1
LMO7	missense_variant		2055726536						Q8WWI1	LIM domain only protein 7	Homo sapiens	Encontrado	https://alphafold.ebi.ac.uk/entry/Q8WWI1
LMO7	missense_variant		2055742643						Q8WWI1	LIM domain only protein 7	Homo sapiens	Encontrado	https://alphafold.ebi.ac.uk/entry/Q8WWI1
LMO7	missense_variant		2055743853						Q8WWI1	LIM domain only protein 7	Homo sapiens	Encontrado	https://alphafold.ebi.ac.uk/entry/Q8WWI1
LMO7	missense_variant		2055745954						Q8WWI1	LIM domain only protein 7	Homo sapiens	Encontrado	https://alphafold.ebi.ac.uk/entry/Q8WWI1
LMO7	missense_variant		2055748734						Q8WWI1	LIM domain only protein 7	Homo sapiens	Encontrado	https://alphafold.ebi.ac.uk/entry/Q8WWI1
LMO7	missense_variant		2055749637						Q8WWI1	LIM domain only protein 7	Homo sapiens	Encontrado	https://alphafold.ebi.ac.uk/entry/Q8WWI1
LMO7	missense_variant		2055753893						Q8WWI1	LIM domain only protein 7	Homo sapiens	Encontrado	https://alphafold.ebi.ac.uk/entry/Q8WWI1
LMO7	missense_variant		2055756017						Q8WWI1	LIM domain only protein 7	Homo sapiens	Encontrado	https://alphafold.ebi.ac.uk/entry/Q8WWI1
LMO7	missense_variant		2055758996						Q8WWI1	LIM domain only protein 7	Homo sapiens	Encontrado	https://alphafold.ebi.ac.uk/entry/Q8WWI1
LMO7	missense_variant		2055761454						Q8WWI1	LIM domain only protein 7	Homo sapiens	Encontrado	https://alphafold.ebi.ac.uk/entry/Q8WWI1
LMO7	missense_variant		2055762081						Q8WWI1	LIM domain only protein 7	Homo sapiens	Encontrado	https://alphafold.ebi.ac.uk/entry/Q8WWI1
LMO7	missense_variant		2055765529						Q8WWI1	LIM domain only protein 7	Homo sapiens	Encontrado	https://alphafold.ebi.ac.uk/entry/Q8WWI1
LMO7	missense_variant		2055767285						Q8WWI1	LIM domain only protein 7	Homo sapiens	Encontrado	https://alphafold.ebi.ac.uk/entry/Q8WWI1
LMO7	missense_variant		2055768755						Q8WWI1	LIM domain only protein 7	Homo sapiens	Encontrado	https://alphafold.ebi.ac.uk/entry/Q8WWI1
LMO7	missense_variant		2055769509						Q8WWI1	LIM domain only protein 7	Homo sapiens	Encontrado	https://alphafold.ebi.ac.uk/entry/Q8WWI1
LMO7	missense_variant	uncertain significance	2055771501						Q8WWI1	LIM domain only protein 7	Homo sapiens	Encontrado	https://alphafold.ebi.ac.uk/entry/Q8WWI1
LMO7	missense_variant		2055772293						Q8WWI1	LIM domain only protein 7	Homo sapiens	Encontrado	https://alphafold.ebi.ac.uk/entry/Q8WWI1
LMO7	missense_variant		2055779195						Q8WWI1	LIM domain only protein 7	Homo sapiens	Encontrado	https://alphafold.ebi.ac.uk/entry/Q8WWI1
LMO7	missense_variant		2055781852						Q8WWI1	LIM domain only protein 7	Homo sapiens	Encontrado	https://alphafold.ebi.ac.uk/entry/Q8WWI1
LMO7	missense_variant		2055785758						Q8WWI1	LIM domain only protein 7	Homo sapiens	Encontrado	https://alphafold.ebi.ac.uk/entry/Q8WWI1
LMO7	missense_variant		2055786070						Q8WWI1	LIM domain only protein 7	Homo sapiens	Encontrado	https://alphafold.ebi.ac.uk/entry/Q8WWI1
LMO7	missense_variant		2055786291						Q8WWI1	LIM domain only protein 7	Homo sapiens	Encontrado	https://alphafold.ebi.ac.uk/entry/Q8WWI1
LMO7	missense_variant		2055790681						Q8WWI1	LIM domain only protein 7	Homo sapiens	Encontrado	https://alphafold.ebi.ac.uk/entry/Q8WWI1
LMO7	missense_variant		2055790974						Q8WWI1	LIM domain only protein 7	Homo sapiens	Encontrado	https://alphafold.ebi.ac.uk/entry/Q8WWI1
LMO7	missense_variant		2055959578						Q8WWI1	LIM domain only protein 7	Homo sapiens	Encontrado	https://alphafold.ebi.ac.uk/entry/Q8WWI1
LMO7	missense_variant		2055959842						Q8WWI1	LIM domain only protein 7	Homo sapiens	Encontrado	https://alphafold.ebi.ac.uk/entry/Q8WWI1
LMO7	missense_variant		2057100798						Q8WWI1	LIM domain only protein 7	Homo sapiens	Encontrado	https://alphafold.ebi.ac.uk/entry/Q8WWI1
LMO7	missense_variant		2057100978						Q8WWI1	LIM domain only protein 7	Homo sapiens	Encontrado	https://alphafold.ebi.ac.uk/entry/Q8WWI1
LMO7	missense_variant		2057101779						Q8WWI1	LIM domain only protein 7	Homo sapiens	Encontrado	https://alphafold.ebi.ac.uk/entry/Q8WWI1
LMO7	missense_variant		2057104524						Q8WWI1	LIM domain only protein 7	Homo sapiens	Encontrado	https://alphafold.ebi.ac.uk/entry/Q8WWI1
LMO7	missense_variant		2057106379						Q8WWI1	LIM domain only protein 7	Homo sapiens	Encontrado	https://alphafold.ebi.ac.uk/entry/Q8WWI1
LMO7	missense_variant		2057362642						Q8WWI1	LIM domain only protein 7	Homo sapiens	Encontrado	https://alphafold.ebi.ac.uk/entry/Q8WWI1
LMO7	missense_variant		2057364193						Q8WWI1	LIM domain only protein 7	Homo sapiens	Encontrado	https://alphafold.ebi.ac.uk/entry/Q8WWI1
LMO7	missense_variant		2057369917						Q8WWI1	LIM domain only protein 7	Homo sapiens	Encontrado	https://alphafold.ebi.ac.uk/entry/Q8WWI1
LMO7	missense_variant		2057370786						Q8WWI1	LIM domain only protein 7	Homo sapiens	Encontrado	https://alphafold.ebi.ac.uk/entry/Q8WWI1
LMO7	missense_variant	uncertain significance	2057546057						Q8WWI1	LIM domain only protein 7	Homo sapiens	Encontrado	https://alphafold.ebi.ac.uk/entry/Q8WWI1
LMO7	missense_variant		2057555723						Q8WWI1	LIM domain only protein 7	Homo sapiens	Encontrado	https://alphafold.ebi.ac.uk/entry/Q8WWI1
LMO7	missense_variant		2057556045						Q8WWI1	LIM domain only protein 7	Homo sapiens	Encontrado	https://alphafold.ebi.ac.uk/entry/Q8WWI1
LMO7	missense_variant		2057557078						Q8WWI1	LIM domain only protein 7	Homo sapiens	Encontrado	https://alphafold.ebi.ac.uk/entry/Q8WWI1
LMO7	missense_variant		2057558203						Q8WWI1	LIM domain only protein 7	Homo sapiens	Encontrado	https://alphafold.ebi.ac.uk/entry/Q8WWI1
LMO7	missense_variant		2057560218						Q8WWI1	LIM domain only protein 7	Homo sapiens	Encontrado	https://alphafold.ebi.ac.uk/entry/Q8WWI1
LMO7	missense_variant	uncertain significance	2057560949						Q8WWI1	LIM domain only protein 7	Homo sapiens	Encontrado	https://alphafold.ebi.ac.uk/entry/Q8WWI1
LMO7	missense_variant		2057561902						Q8WWI1	LIM domain only protein 7	Homo sapiens	Encontrado	https://alphafold.ebi.ac.uk/entry/Q8WWI1
LMO7	missense_variant		2057562073						Q8WWI1	LIM domain only protein 7	Homo sapiens	Encontrado	https://alphafold.ebi.ac.uk/entry/Q8WWI1
LMO7	missense_variant		2057565290						Q8WWI1	LIM domain only protein 7	Homo sapiens	Encontrado	https://alphafold.ebi.ac.uk/entry/Q8WWI1
LMO7	missense_variant		2057565641						Q8WWI1	LIM domain only protein 7	Homo sapiens	Encontrado	https://alphafold.ebi.ac.uk/entry/Q8WWI1
LMO7	missense_variant		2057567344						Q8WWI1	LIM domain only protein 7	Homo sapiens	Encontrado	https://alphafold.ebi.ac.uk/entry/Q8WWI1
LMO7	missense_variant		2057570933						Q8WWI1	LIM domain only protein 7	Homo sapiens	Encontrado	https://alphafold.ebi.ac.uk/entry/Q8WWI1
LMO7	missense_variant		2057571275						Q8WWI1	LIM domain only protein 7	Homo sapiens	Encontrado	https://alphafold.ebi.ac.uk/entry/Q8WWI1
LMO7	missense_variant		2057573419						Q8WWI1	LIM domain only protein 7	Homo sapiens	Encontrado	https://alphafold.ebi.ac.uk/entry/Q8WWI1
LMO7	missense_variant		2057815359						Q8WWI1	LIM domain only protein 7	Homo sapiens	Encontrado	https://alphafold.ebi.ac.uk/entry/Q8WWI1
LMO7	missense_variant		2057816972						Q8WWI1	LIM domain only protein 7	Homo sapiens	Encontrado	https://alphafold.ebi.ac.uk/entry/Q8WWI1
LMO7	missense_variant		2057817344						Q8WWI1	LIM domain only protein 7	Homo sapiens	Encontrado	https://alphafold.ebi.ac.uk/entry/Q8WWI1
LMO7	missense_variant		2057818347						Q8WWI1	LIM domain only protein 7	Homo sapiens	Encontrado	https://alphafold.ebi.ac.uk/entry/Q8WWI1
LMO7	missense_variant		2057819087						Q8WWI1	LIM domain only protein 7	Homo sapiens	Encontrado	https://alphafold.ebi.ac.uk/entry/Q8WWI1
LMO7	missense_variant		2057823283						Q8WWI1	LIM domain only protein 7	Homo sapiens	Encontrado	https://alphafold.ebi.ac.uk/entry/Q8WWI1
LMO7	missense_variant		2057825090						Q8WWI1	LIM domain only protein 7	Homo sapiens	Encontrado	https://alphafold.ebi.ac.uk/entry/Q8WWI1
LMO7	missense_variant		2057825362						Q8WWI1	LIM domain only protein 7	Homo sapiens	Encontrado	https://alphafold.ebi.ac.uk/entry/Q8WWI1
LMO7	missense_variant		2057829638						Q8WWI1	LIM domain only protein 7	Homo sapiens	Encontrado	https://alphafold.ebi.ac.uk/entry/Q8WWI1
LMO7	missense_variant		2057834276						Q8WWI1	LIM domain only protein 7	Homo sapiens	Encontrado	https://alphafold.ebi.ac.uk/entry/Q8WWI1
LMO7	missense_variant		2057834742						Q8WWI1	LIM domain only protein 7	Homo sapiens	Encontrado	https://alphafold.ebi.ac.uk/entry/Q8WWI1
LMO7	missense_variant		2057835822						Q8WWI1	LIM domain only protein 7	Homo sapiens	Encontrado	https://alphafold.ebi.ac.uk/entry/Q8WWI1
LMO7	missense_variant		2057836523						Q8WWI1	LIM domain only protein 7	Homo sapiens	Encontrado	https://alphafold.ebi.ac.uk/entry/Q8WWI1
LMO7	missense_variant		2057837121						Q8WWI1	LIM domain only protein 7	Homo sapiens	Encontrado	https://alphafold.ebi.ac.uk/entry/Q8WWI1
LMO7	missense_variant		2057837395						Q8WWI1	LIM domain only protein 7	Homo sapiens	Encontrado	https://alphafold.ebi.ac.uk/entry/Q8WWI1
LMO7	missense_variant		2057839867						Q8WWI1	LIM domain only protein 7	Homo sapiens	Encontrado	https://alphafold.ebi.ac.uk/entry/Q8WWI1
LMO7	missense_variant		2058813761						Q8WWI1	LIM domain only protein 7	Homo sapiens	Encontrado	https://alphafold.ebi.ac.uk/entry/Q8WWI1
LMO7	missense_variant		2058814288						Q8WWI1	LIM domain only protein 7	Homo sapiens	Encontrado	https://alphafold.ebi.ac.uk/entry/Q8WWI1
LMO7	missense_variant		2058814759						Q8WWI1	LIM domain only protein 7	Homo sapiens	Encontrado	https://alphafold.ebi.ac.uk/entry/Q8WWI1
LMO7	missense_variant		2058815070						Q8WWI1	LIM domain only protein 7	Homo sapiens	Encontrado	https://alphafold.ebi.ac.uk/entry/Q8WWI1
LMO7	missense_variant		2058815180						Q8WWI1	LIM domain only protein 7	Homo sapiens	Encontrado	https://alphafold.ebi.ac.uk/entry/Q8WWI1
LMO7	missense_variant		2058816616						Q8WWI1	LIM domain only protein 7	Homo sapiens	Encontrado	https://alphafold.ebi.ac.uk/entry/Q8WWI1
LMO7	missense_variant		2058817189						Q8WWI1	LIM domain only protein 7	Homo sapiens	Encontrado	https://alphafold.ebi.ac.uk/entry/Q8WWI1
LMO7	missense_variant		2058817456						Q8WWI1	LIM domain only protein 7	Homo sapiens	Encontrado	https://alphafold.ebi.ac.uk/entry/Q8WWI1
LMO7	missense_variant		2058818312						Q8WWI1	LIM domain only protein 7	Homo sapiens	Encontrado	https://alphafold.ebi.ac.uk/entry/Q8WWI1
LMO7	missense_variant		2058936099						Q8WWI1	LIM domain only protein 7	Homo sapiens	Encontrado	https://alphafold.ebi.ac.uk/entry/Q8WWI1
LMO7	missense_variant		2058941076						Q8WWI1	LIM domain only protein 7	Homo sapiens	Encontrado	https://alphafold.ebi.ac.uk/entry/Q8WWI1
LMO7	missense_variant		2058942118						Q8WWI1	LIM domain only protein 7	Homo sapiens	Encontrado	https://alphafold.ebi.ac.uk/entry/Q8WWI1
LMO7	missense_variant		2059018891						Q8WWI1	LIM domain only protein 7	Homo sapiens	Encontrado	https://alphafold.ebi.ac.uk/entry/Q8WWI1
LMO7	missense_variant		2059019653						Q8WWI1	LIM domain only protein 7	Homo sapiens	Encontrado	https://alphafold.ebi.ac.uk/entry/Q8WWI1
LMO7	missense_variant		2059020350						Q8WWI1	LIM domain only protein 7	Homo sapiens	Encontrado	https://alphafold.ebi.ac.uk/entry/Q8WWI1
LMO7	missense_variant		2059026309						Q8WWI1	LIM domain only protein 7	Homo sapiens	Encontrado	https://alphafold.ebi.ac.uk/entry/Q8WWI1
LMO7	missense_variant		2059028548						Q8WWI1	LIM domain only protein 7	Homo sapiens	Encontrado	https://alphafold.ebi.ac.uk/entry/Q8WWI1
LMO7	missense_variant		2059029196						Q8WWI1	LIM domain only protein 7	Homo sapiens	Encontrado	https://alphafold.ebi.ac.uk/entry/Q8WWI1
LMO7	missense_variant		2059129258						Q8WWI1	LIM domain only protein 7	Homo sapiens	Encontrado	https://alphafold.ebi.ac.uk/entry/Q8WWI1
LMO7	missense_variant		2059451500						Q8WWI1	LIM domain only protein 7	Homo sapiens	Encontrado	https://alphafold.ebi.ac.uk/entry/Q8WWI1
LMO7	missense_variant		2059452112						Q8WWI1	LIM domain only protein 7	Homo sapiens	Encontrado	https://alphafold.ebi.ac.uk/entry/Q8WWI1
LMO7	missense_variant		2059472023						Q8WWI1	LIM domain only protein 7	Homo sapiens	Encontrado	https://alphafold.ebi.ac.uk/entry/Q8WWI1
LMO7	missense_variant	uncertain significance	2059529801						Q8WWI1	LIM domain only protein 7	Homo sapiens	Encontrado	https://alphafold.ebi.ac.uk/entry/Q8WWI1
LMO7	missense_variant		2059530290						Q8WWI1	LIM domain only protein 7	Homo sapiens	Encontrado	https://alphafold.ebi.ac.uk/entry/Q8WWI1
LMO7	missense_variant		2059531040						Q8WWI1	LIM domain only protein 7	Homo sapiens	Encontrado	https://alphafold.ebi.ac.uk/entry/Q8WWI1
LMO7	missense_variant		2059564138						Q8WWI1	LIM domain only protein 7	Homo sapiens	Encontrado	https://alphafold.ebi.ac.uk/entry/Q8WWI1
LMO7	missense_variant		2059565262						Q8WWI1	LIM domain only protein 7	Homo sapiens	Encontrado	https://alphafold.ebi.ac.uk/entry/Q8WWI1
LMO7	missense_variant		2059566414						Q8WWI1	LIM domain only protein 7	Homo sapiens	Encontrado	https://alphafold.ebi.ac.uk/entry/Q8WWI1
LMO7	missense_variant		2059566638						Q8WWI1	LIM domain only protein 7	Homo sapiens	Encontrado	https://alphafold.ebi.ac.uk/entry/Q8WWI1
LMO7	missense_variant		2059569481						Q8WWI1	LIM domain only protein 7	Homo sapiens	Encontrado	https://alphafold.ebi.ac.uk/entry/Q8WWI1
LMO7	missense_variant		2059570310						Q8WWI1	LIM domain only protein 7	Homo sapiens	Encontrado	https://alphafold.ebi.ac.uk/entry/Q8WWI1
LMO7	missense_variant		2059570516						Q8WWI1	LIM domain only protein 7	Homo sapiens	Encontrado	https://alphafold.ebi.ac.uk/entry/Q8WWI1
LMO7	missense_variant		2059573027						Q8WWI1	LIM domain only protein 7	Homo sapiens	Encontrado	https://alphafold.ebi.ac.uk/entry/Q8WWI1
LMO7	missense_variant		2059573719						Q8WWI1	LIM domain only protein 7	Homo sapiens	Encontrado	https://alphafold.ebi.ac.uk/entry/Q8WWI1
LMO7	missense_variant		2059577881						Q8WWI1	LIM domain only protein 7	Homo sapiens	Encontrado	https://alphafold.ebi.ac.uk/entry/Q8WWI1
LMO7	missense_variant		2059578038						Q8WWI1	LIM domain only protein 7	Homo sapiens	Encontrado	https://alphafold.ebi.ac.uk/entry/Q8WWI1
LMO7	missense_variant		2059578751						Q8WWI1	LIM domain only protein 7	Homo sapiens	Encontrado	https://alphafold.ebi.ac.uk/entry/Q8WWI1
LMO7	missense_variant		2059579677						Q8WWI1	LIM domain only protein 7	Homo sapiens	Encontrado	https://alphafold.ebi.ac.uk/entry/Q8WWI1
LMO7	missense_variant		2059581862						Q8WWI1	LIM domain only protein 7	Homo sapiens	Encontrado	https://alphafold.ebi.ac.uk/entry/Q8WWI1
LMO7	missense_variant		2059666549						Q8WWI1	LIM domain only protein 7	Homo sapiens	Encontrado	https://alphafold.ebi.ac.uk/entry/Q8WWI1
LMO7	missense_variant		2060260845						Q8WWI1	LIM domain only protein 7	Homo sapiens	Encontrado	https://alphafold.ebi.ac.uk/entry/Q8WWI1
LMO7	missense_variant		2060262162						Q8WWI1	LIM domain only protein 7	Homo sapiens	Encontrado	https://alphafold.ebi.ac.uk/entry/Q8WWI1
LMO7	missense_variant		2060262488						Q8WWI1	LIM domain only protein 7	Homo sapiens	Encontrado	https://alphafold.ebi.ac.uk/entry/Q8WWI1
LMO7	missense_variant		2060263702						Q8WWI1	LIM domain only protein 7	Homo sapiens	Encontrado	https://alphafold.ebi.ac.uk/entry/Q8WWI1
LMO7	missense_variant		2060267543						Q8WWI1	LIM domain only protein 7	Homo sapiens	Encontrado	https://alphafold.ebi.ac.uk/entry/Q8WWI1
LMO7	missense_variant		2060267956						Q8WWI1	LIM domain only protein 7	Homo sapiens	Encontrado	https://alphafold.ebi.ac.uk/entry/Q8WWI1
LMO7	missense_variant	uncertain significance	2060270591						Q8WWI1	LIM domain only protein 7	Homo sapiens	Encontrado	https://alphafold.ebi.ac.uk/entry/Q8WWI1
LMO7	missense_variant		2060629855						Q8WWI1	LIM domain only protein 7	Homo sapiens	Encontrado	https://alphafold.ebi.ac.uk/entry/Q8WWI1
LMO7	missense_variant		2060637575						Q8WWI1	LIM domain only protein 7	Homo sapiens	Encontrado	https://alphafold.ebi.ac.uk/entry/Q8WWI1
LMO7	missense_variant		2060640579						Q8WWI1	LIM domain only protein 7	Homo sapiens	Encontrado	https://alphafold.ebi.ac.uk/entry/Q8WWI1
LMO7	missense_variant	uncertain significance	2060642630						Q8WWI1	LIM domain only protein 7	Homo sapiens	Encontrado	https://alphafold.ebi.ac.uk/entry/Q8WWI1
LMO7	missense_variant		2060644067						Q8WWI1	LIM domain only protein 7	Homo sapiens	Encontrado	https://alphafold.ebi.ac.uk/entry/Q8WWI1
LMO7	missense_variant		2060645640						Q8WWI1	LIM domain only protein 7	Homo sapiens	Encontrado	https://alphafold.ebi.ac.uk/entry/Q8WWI1
LMO7	missense_variant		2060646303						Q8WWI1	LIM domain only protein 7	Homo sapiens	Encontrado	https://alphafold.ebi.ac.uk/entry/Q8WWI1
LMO7	missense_variant		2060834992						Q8WWI1	LIM domain only protein 7	Homo sapiens	Encontrado	https://alphafold.ebi.ac.uk/entry/Q8WWI1
LMO7	missense_variant		2060836940						Q8WWI1	LIM domain only protein 7	Homo sapiens	Encontrado	https://alphafold.ebi.ac.uk/entry/Q8WWI1
LMO7	missense_variant		2060839189						Q8WWI1	LIM domain only protein 7	Homo sapiens	Encontrado	https://alphafold.ebi.ac.uk/entry/Q8WWI1
LMO7	missense_variant		2060840973						Q8WWI1	LIM domain only protein 7	Homo sapiens	Encontrado	https://alphafold.ebi.ac.uk/entry/Q8WWI1
LMO7	missense_variant		2060973363						Q8WWI1	LIM domain only protein 7	Homo sapiens	Encontrado	https://alphafold.ebi.ac.uk/entry/Q8WWI1
LMO7	missense_variant		2060973754						Q8WWI1	LIM domain only protein 7	Homo sapiens	Encontrado	https://alphafold.ebi.ac.uk/entry/Q8WWI1
LMO7	missense_variant		2060974456						Q8WWI1	LIM domain only protein 7	Homo sapiens	Encontrado	https://alphafold.ebi.ac.uk/entry/Q8WWI1
LMO7	missense_variant		2060975132						Q8WWI1	LIM domain only protein 7	Homo sapiens	Encontrado	https://alphafold.ebi.ac.uk/entry/Q8WWI1
LMO7	missense_variant		2060976750						Q8WWI1	LIM domain only protein 7	Homo sapiens	Encontrado	https://alphafold.ebi.ac.uk/entry/Q8WWI1
LMO7	missense_variant		2060977113						Q8WWI1	LIM domain only protein 7	Homo sapiens	Encontrado	https://alphafold.ebi.ac.uk/entry/Q8WWI1
LMO7	missense_variant		2060978250						Q8WWI1	LIM domain only protein 7	Homo sapiens	Encontrado	https://alphafold.ebi.ac.uk/entry/Q8WWI1
LMO7	missense_variant		2061100031						Q8WWI1	LIM domain only protein 7	Homo sapiens	Encontrado	https://alphafold.ebi.ac.uk/entry/Q8WWI1
LMO7	missense_variant		2061100147						Q8WWI1	LIM domain only protein 7	Homo sapiens	Encontrado	https://alphafold.ebi.ac.uk/entry/Q8WWI1
LMO7	missense_variant		2061101216						Q8WWI1	LIM domain only protein 7	Homo sapiens	Encontrado	https://alphafold.ebi.ac.uk/entry/Q8WWI1
LMO7	missense_variant		2061102358						Q8WWI1	LIM domain only protein 7	Homo sapiens	Encontrado	https://alphafold.ebi.ac.uk/entry/Q8WWI1
LMO7	missense_variant		2061102465						Q8WWI1	LIM domain only protein 7	Homo sapiens	Encontrado	https://alphafold.ebi.ac.uk/entry/Q8WWI1
LMO7	missense_variant		2061104486						Q8WWI1	LIM domain only protein 7	Homo sapiens	Encontrado	https://alphafold.ebi.ac.uk/entry/Q8WWI1
LMO7	missense_variant		2138394290						Q8WWI1	LIM domain only protein 7	Homo sapiens	Encontrado	https://alphafold.ebi.ac.uk/entry/Q8WWI1
LMO7	missense_variant		2138508212						Q8WWI1	LIM domain only protein 7	Homo sapiens	Encontrado	https://alphafold.ebi.ac.uk/entry/Q8WWI1
LMO7	missense_variant	uncertain significance	2138658985						Q8WWI1	LIM domain only protein 7	Homo sapiens	Encontrado	https://alphafold.ebi.ac.uk/entry/Q8WWI1
LMO7	missense_variant		2138939573						Q8WWI1	LIM domain only protein 7	Homo sapiens	Encontrado	https://alphafold.ebi.ac.uk/entry/Q8WWI1
LMO7	missense_variant		2139003040						Q8WWI1	LIM domain only protein 7	Homo sapiens	Encontrado	https://alphafold.ebi.ac.uk/entry/Q8WWI1
LMO7	missense_variant		2139004834						Q8WWI1	LIM domain only protein 7	Homo sapiens	Encontrado	https://alphafold.ebi.ac.uk/entry/Q8WWI1
LMO7	missense_variant		2139006064						Q8WWI1	LIM domain only protein 7	Homo sapiens	Encontrado	https://alphafold.ebi.ac.uk/entry/Q8WWI1
LMO7	missense_variant		2139187876						Q8WWI1	LIM domain only protein 7	Homo sapiens	Encontrado	https://alphafold.ebi.ac.uk/entry/Q8WWI1
LMO7	missense_variant		2139241756						Q8WWI1	LIM domain only protein 7	Homo sapiens	Encontrado	https://alphafold.ebi.ac.uk/entry/Q8WWI1
LMO7	missense_variant		2139243919						Q8WWI1	LIM domain only protein 7	Homo sapiens	Encontrado	https://alphafold.ebi.ac.uk/entry/Q8WWI1
LMO7	missense_variant		2139247036						Q8WWI1	LIM domain only protein 7	Homo sapiens	Encontrado	https://alphafold.ebi.ac.uk/entry/Q8WWI1
LMO7	missense_variant		2139286762						Q8WWI1	LIM domain only protein 7	Homo sapiens	Encontrado	https://alphafold.ebi.ac.uk/entry/Q8WWI1
LMO7	missense_variant		2139287039						Q8WWI1	LIM domain only protein 7	Homo sapiens	Encontrado	https://alphafold.ebi.ac.uk/entry/Q8WWI1
LMO7	missense_variant		2139529068						Q8WWI1	LIM domain only protein 7	Homo sapiens	Encontrado	https://alphafold.ebi.ac.uk/entry/Q8WWI1
LMO7	missense_variant		2139691178						Q8WWI1	LIM domain only protein 7	Homo sapiens	Encontrado	https://alphafold.ebi.ac.uk/entry/Q8WWI1
LMO7	missense_variant		2139691312						Q8WWI1	LIM domain only protein 7	Homo sapiens	Encontrado	https://alphafold.ebi.ac.uk/entry/Q8WWI1
LMO7	missense_variant		2139691700						Q8WWI1	LIM domain only protein 7	Homo sapiens	Encontrado	https://alphafold.ebi.ac.uk/entry/Q8WWI1
LMO7	missense_variant		2140923042						Q8WWI1	LIM domain only protein 7	Homo sapiens	Encontrado	https://alphafold.ebi.ac.uk/entry/Q8WWI1
LMO7	missense_variant		2140998400						Q8WWI1	LIM domain only protein 7	Homo sapiens	Encontrado	https://alphafold.ebi.ac.uk/entry/Q8WWI1
LMO7	missense_variant		2141001127						Q8WWI1	LIM domain only protein 7	Homo sapiens	Encontrado	https://alphafold.ebi.ac.uk/entry/Q8WWI1
LMO7	missense_variant		2141019832						Q8WWI1	LIM domain only protein 7	Homo sapiens	Encontrado	https://alphafold.ebi.ac.uk/entry/Q8WWI1
LMO7	missense_variant		2141065649						Q8WWI1	LIM domain only protein 7	Homo sapiens	Encontrado	https://alphafold.ebi.ac.uk/entry/Q8WWI1
LMO7	missense_variant		2241913						Q8WWI1	LIM domain only protein 7	Homo sapiens	Encontrado	https://alphafold.ebi.ac.uk/entry/Q8WWI1
LMO7	missense_variant		2241914						Q8WWI1	LIM domain only protein 7	Homo sapiens	Encontrado	https://alphafold.ebi.ac.uk/entry/Q8WWI1
LMO7	missense_variant	uncertain significance	2548688696						Q8WWI1	LIM domain only protein 7	Homo sapiens	Encontrado	https://alphafold.ebi.ac.uk/entry/Q8WWI1
LMO7	missense_variant	likely benign	2548885972						Q8WWI1	LIM domain only protein 7	Homo sapiens	Encontrado	https://alphafold.ebi.ac.uk/entry/Q8WWI1
LMO7	missense_variant	uncertain significance	2549027084						Q8WWI1	LIM domain only protein 7	Homo sapiens	Encontrado	https://alphafold.ebi.ac.uk/entry/Q8WWI1
LMO7	missense_variant	uncertain significance	2549204559						Q8WWI1	LIM domain only protein 7	Homo sapiens	Encontrado	https://alphafold.ebi.ac.uk/entry/Q8WWI1
LMO7	missense_variant	uncertain significance	367627741						Q8WWI1	LIM domain only protein 7	Homo sapiens	Encontrado	https://alphafold.ebi.ac.uk/entry/Q8WWI1
LMO7	missense_variant		367779588						Q8WWI1	LIM domain only protein 7	Homo sapiens	Encontrado	https://alphafold.ebi.ac.uk/entry/Q8WWI1
LMO7	missense_variant		367972855						Q8WWI1	LIM domain only protein 7	Homo sapiens	Encontrado	https://alphafold.ebi.ac.uk/entry/Q8WWI1
LMO7	missense_variant	uncertain significance	368045003						Q8WWI1	LIM domain only protein 7	Homo sapiens	Encontrado	https://alphafold.ebi.ac.uk/entry/Q8WWI1
LMO7	missense_variant		368113687						Q8WWI1	LIM domain only protein 7	Homo sapiens	Encontrado	https://alphafold.ebi.ac.uk/entry/Q8WWI1
LMO7	missense_variant		368188917						Q8WWI1	LIM domain only protein 7	Homo sapiens	Encontrado	https://alphafold.ebi.ac.uk/entry/Q8WWI1
LMO7	missense_variant	uncertain significance	368333382						Q8WWI1	LIM domain only protein 7	Homo sapiens	Encontrado	https://alphafold.ebi.ac.uk/entry/Q8WWI1
LMO7	missense_variant		368669150						Q8WWI1	LIM domain only protein 7	Homo sapiens	Encontrado	https://alphafold.ebi.ac.uk/entry/Q8WWI1
LMO7	missense_variant		368766176						Q8WWI1	LIM domain only protein 7	Homo sapiens	Encontrado	https://alphafold.ebi.ac.uk/entry/Q8WWI1
LMO7	missense_variant		368837696						Q8WWI1	LIM domain only protein 7	Homo sapiens	Encontrado	https://alphafold.ebi.ac.uk/entry/Q8WWI1
LMO7	missense_variant	uncertain significance	368850681						Q8WWI1	LIM domain only protein 7	Homo sapiens	Encontrado	https://alphafold.ebi.ac.uk/entry/Q8WWI1
LMO7	missense_variant		368898370						Q8WWI1	LIM domain only protein 7	Homo sapiens	Encontrado	https://alphafold.ebi.ac.uk/entry/Q8WWI1
LMO7	missense_variant	uncertain significance	368955588						Q8WWI1	LIM domain only protein 7	Homo sapiens	Encontrado	https://alphafold.ebi.ac.uk/entry/Q8WWI1
LMO7	missense_variant	uncertain significance	369032047						Q8WWI1	LIM domain only protein 7	Homo sapiens	Encontrado	https://alphafold.ebi.ac.uk/entry/Q8WWI1
LMO7	missense_variant		369232866						Q8WWI1	LIM domain only protein 7	Homo sapiens	Encontrado	https://alphafold.ebi.ac.uk/entry/Q8WWI1
LMO7	missense_variant	uncertain significance	369234596						Q8WWI1	LIM domain only protein 7	Homo sapiens	Encontrado	https://alphafold.ebi.ac.uk/entry/Q8WWI1
LMO7	missense_variant		369370057						Q8WWI1	LIM domain only protein 7	Homo sapiens	Encontrado	https://alphafold.ebi.ac.uk/entry/Q8WWI1
LMO7	missense_variant		369443535						Q8WWI1	LIM domain only protein 7	Homo sapiens	Encontrado	https://alphafold.ebi.ac.uk/entry/Q8WWI1
LMO7	missense_variant	uncertain significance	369455674						Q8WWI1	LIM domain only protein 7	Homo sapiens	Encontrado	https://alphafold.ebi.ac.uk/entry/Q8WWI1
LMO7	missense_variant	uncertain significance	369620389						Q8WWI1	LIM domain only protein 7	Homo sapiens	Encontrado	https://alphafold.ebi.ac.uk/entry/Q8WWI1
LMO7	missense_variant		369724059						Q8WWI1	LIM domain only protein 7	Homo sapiens	Encontrado	https://alphafold.ebi.ac.uk/entry/Q8WWI1
LMO7	missense_variant		369797386						Q8WWI1	LIM domain only protein 7	Homo sapiens	Encontrado	https://alphafold.ebi.ac.uk/entry/Q8WWI1
LMO7	missense_variant		369838218						Q8WWI1	LIM domain only protein 7	Homo sapiens	Encontrado	https://alphafold.ebi.ac.uk/entry/Q8WWI1
LMO7	missense_variant	likely benign	370102429						Q8WWI1	LIM domain only protein 7	Homo sapiens	Encontrado	https://alphafold.ebi.ac.uk/entry/Q8WWI1
LMO7	missense_variant		370187434						Q8WWI1	LIM domain only protein 7	Homo sapiens	Encontrado	https://alphafold.ebi.ac.uk/entry/Q8WWI1
LMO7	missense_variant	uncertain significance	370201649						Q8WWI1	LIM domain only protein 7	Homo sapiens	Encontrado	https://alphafold.ebi.ac.uk/entry/Q8WWI1
LMO7	missense_variant	likely benign	370412695						Q8WWI1	LIM domain only protein 7	Homo sapiens	Encontrado	https://alphafold.ebi.ac.uk/entry/Q8WWI1
LMO7	missense_variant		370413638						Q8WWI1	LIM domain only protein 7	Homo sapiens	Encontrado	https://alphafold.ebi.ac.uk/entry/Q8WWI1
LMO7	missense_variant		370656892						Q8WWI1	LIM domain only protein 7	Homo sapiens	Encontrado	https://alphafold.ebi.ac.uk/entry/Q8WWI1
LMO7	missense_variant	likely benign	370670178						Q8WWI1	LIM domain only protein 7	Homo sapiens	Encontrado	https://alphafold.ebi.ac.uk/entry/Q8WWI1
LMO7	missense_variant		370677963						Q8WWI1	LIM domain only protein 7	Homo sapiens	Encontrado	https://alphafold.ebi.ac.uk/entry/Q8WWI1
LMO7	missense_variant		370712361						Q8WWI1	LIM domain only protein 7	Homo sapiens	Encontrado	https://alphafold.ebi.ac.uk/entry/Q8WWI1
LMO7	missense_variant		370985094						Q8WWI1	LIM domain only protein 7	Homo sapiens	Encontrado	https://alphafold.ebi.ac.uk/entry/Q8WWI1
LMO7	missense_variant		371048028						Q8WWI1	LIM domain only protein 7	Homo sapiens	Encontrado	https://alphafold.ebi.ac.uk/entry/Q8WWI1
LMO7	missense_variant		371072728						Q8WWI1	LIM domain only protein 7	Homo sapiens	Encontrado	https://alphafold.ebi.ac.uk/entry/Q8WWI1
LMO7	missense_variant		371085979						Q8WWI1	LIM domain only protein 7	Homo sapiens	Encontrado	https://alphafold.ebi.ac.uk/entry/Q8WWI1
LMO7	missense_variant	uncertain significance	371465917						Q8WWI1	LIM domain only protein 7	Homo sapiens	Encontrado	https://alphafold.ebi.ac.uk/entry/Q8WWI1
LMO7	missense_variant		371512223						Q8WWI1	LIM domain only protein 7	Homo sapiens	Encontrado	https://alphafold.ebi.ac.uk/entry/Q8WWI1
LMO7	missense_variant	likely benign	371849345						Q8WWI1	LIM domain only protein 7	Homo sapiens	Encontrado	https://alphafold.ebi.ac.uk/entry/Q8WWI1
LMO7	missense_variant	uncertain significance	372046266						Q8WWI1	LIM domain only protein 7	Homo sapiens	Encontrado	https://alphafold.ebi.ac.uk/entry/Q8WWI1
LMO7	missense_variant	uncertain significance	372147235						Q8WWI1	LIM domain only protein 7	Homo sapiens	Encontrado	https://alphafold.ebi.ac.uk/entry/Q8WWI1
LMO7	missense_variant		372209509						Q8WWI1	LIM domain only protein 7	Homo sapiens	Encontrado	https://alphafold.ebi.ac.uk/entry/Q8WWI1
LMO7	missense_variant		372218694						Q8WWI1	LIM domain only protein 7	Homo sapiens	Encontrado	https://alphafold.ebi.ac.uk/entry/Q8WWI1
LMO7	missense_variant	uncertain significance	372308172						Q8WWI1	LIM domain only protein 7	Homo sapiens	Encontrado	https://alphafold.ebi.ac.uk/entry/Q8WWI1
LMO7	missense_variant		372334697						Q8WWI1	LIM domain only protein 7	Homo sapiens	Encontrado	https://alphafold.ebi.ac.uk/entry/Q8WWI1
LMO7	missense_variant		372508711						Q8WWI1	LIM domain only protein 7	Homo sapiens	Encontrado	https://alphafold.ebi.ac.uk/entry/Q8WWI1
LMO7	missense_variant		372689577						Q8WWI1	LIM domain only protein 7	Homo sapiens	Encontrado	https://alphafold.ebi.ac.uk/entry/Q8WWI1
LMO7	missense_variant	uncertain significance	372735020						Q8WWI1	LIM domain only protein 7	Homo sapiens	Encontrado	https://alphafold.ebi.ac.uk/entry/Q8WWI1
LMO7	missense_variant		372757414						Q8WWI1	LIM domain only protein 7	Homo sapiens	Encontrado	https://alphafold.ebi.ac.uk/entry/Q8WWI1
LMO7	missense_variant	likely benign	372811162						Q8WWI1	LIM domain only protein 7	Homo sapiens	Encontrado	https://alphafold.ebi.ac.uk/entry/Q8WWI1
LMO7	missense_variant		372859988						Q8WWI1	LIM domain only protein 7	Homo sapiens	Encontrado	https://alphafold.ebi.ac.uk/entry/Q8WWI1
LMO7	missense_variant		373547478						Q8WWI1	LIM domain only protein 7	Homo sapiens	Encontrado	https://alphafold.ebi.ac.uk/entry/Q8WWI1
LMO7	missense_variant		373556070						Q8WWI1	LIM domain only protein 7	Homo sapiens	Encontrado	https://alphafold.ebi.ac.uk/entry/Q8WWI1
LMO7	missense_variant		373641949						Q8WWI1	LIM domain only protein 7	Homo sapiens	Encontrado	https://alphafold.ebi.ac.uk/entry/Q8WWI1
LMO7	missense_variant	uncertain significance	373742063						Q8WWI1	LIM domain only protein 7	Homo sapiens	Encontrado	https://alphafold.ebi.ac.uk/entry/Q8WWI1
LMO7	missense_variant		373867452						Q8WWI1	LIM domain only protein 7	Homo sapiens	Encontrado	https://alphafold.ebi.ac.uk/entry/Q8WWI1
LMO7	missense_variant	uncertain significance	373943183						Q8WWI1	LIM domain only protein 7	Homo sapiens	Encontrado	https://alphafold.ebi.ac.uk/entry/Q8WWI1
LMO7	missense_variant	uncertain significance	374230301						Q8WWI1	LIM domain only protein 7	Homo sapiens	Encontrado	https://alphafold.ebi.ac.uk/entry/Q8WWI1
LMO7	missense_variant		374771889						Q8WWI1	LIM domain only protein 7	Homo sapiens	Encontrado	https://alphafold.ebi.ac.uk/entry/Q8WWI1
LMO7	missense_variant		374778135						Q8WWI1	LIM domain only protein 7	Homo sapiens	Encontrado	https://alphafold.ebi.ac.uk/entry/Q8WWI1
LMO7	missense_variant		374896424						Q8WWI1	LIM domain only protein 7	Homo sapiens	Encontrado	https://alphafold.ebi.ac.uk/entry/Q8WWI1
LMO7	missense_variant		374917830						Q8WWI1	LIM domain only protein 7	Homo sapiens	Encontrado	https://alphafold.ebi.ac.uk/entry/Q8WWI1
LMO7	missense_variant	uncertain significance	375012849						Q8WWI1	LIM domain only protein 7	Homo sapiens	Encontrado	https://alphafold.ebi.ac.uk/entry/Q8WWI1
LMO7	missense_variant		375023093						Q8WWI1	LIM domain only protein 7	Homo sapiens	Encontrado	https://alphafold.ebi.ac.uk/entry/Q8WWI1
LMO7	missense_variant	uncertain significance	375202957						Q8WWI1	LIM domain only protein 7	Homo sapiens	Encontrado	https://alphafold.ebi.ac.uk/entry/Q8WWI1
LMO7	missense_variant		375314137						Q8WWI1	LIM domain only protein 7	Homo sapiens	Encontrado	https://alphafold.ebi.ac.uk/entry/Q8WWI1
LMO7	missense_variant		375417270						Q8WWI1	LIM domain only protein 7	Homo sapiens	Encontrado	https://alphafold.ebi.ac.uk/entry/Q8WWI1
LMO7	missense_variant		375490228						Q8WWI1	LIM domain only protein 7	Homo sapiens	Encontrado	https://alphafold.ebi.ac.uk/entry/Q8WWI1
LMO7	missense_variant		375674140						Q8WWI1	LIM domain only protein 7	Homo sapiens	Encontrado	https://alphafold.ebi.ac.uk/entry/Q8WWI1
LMO7	missense_variant	uncertain significance	375894473						Q8WWI1	LIM domain only protein 7	Homo sapiens	Encontrado	https://alphafold.ebi.ac.uk/entry/Q8WWI1
LMO7	missense_variant	uncertain significance	376028694						Q8WWI1	LIM domain only protein 7	Homo sapiens	Encontrado	https://alphafold.ebi.ac.uk/entry/Q8WWI1
LMO7	missense_variant	uncertain significance	376108448						Q8WWI1	LIM domain only protein 7	Homo sapiens	Encontrado	https://alphafold.ebi.ac.uk/entry/Q8WWI1
LMO7	missense_variant		376151834						Q8WWI1	LIM domain only protein 7	Homo sapiens	Encontrado	https://alphafold.ebi.ac.uk/entry/Q8WWI1
LMO7	missense_variant		376161452						Q8WWI1	LIM domain only protein 7	Homo sapiens	Encontrado	https://alphafold.ebi.ac.uk/entry/Q8WWI1
LMO7	missense_variant		376207119						Q8WWI1	LIM domain only protein 7	Homo sapiens	Encontrado	https://alphafold.ebi.ac.uk/entry/Q8WWI1
LMO7	missense_variant		376249565						Q8WWI1	LIM domain only protein 7	Homo sapiens	Encontrado	https://alphafold.ebi.ac.uk/entry/Q8WWI1
LMO7	missense_variant	uncertain significance	376296039						Q8WWI1	LIM domain only protein 7	Homo sapiens	Encontrado	https://alphafold.ebi.ac.uk/entry/Q8WWI1
LMO7	missense_variant	uncertain significance	376307236						Q8WWI1	LIM domain only protein 7	Homo sapiens	Encontrado	https://alphafold.ebi.ac.uk/entry/Q8WWI1
LMO7	missense_variant		376633950						Q8WWI1	LIM domain only protein 7	Homo sapiens	Encontrado	https://alphafold.ebi.ac.uk/entry/Q8WWI1
LMO7	missense_variant	uncertain significance	376992150						Q8WWI1	LIM domain only protein 7	Homo sapiens	Encontrado	https://alphafold.ebi.ac.uk/entry/Q8WWI1
LMO7	missense_variant	uncertain significance	377059336						Q8WWI1	LIM domain only protein 7	Homo sapiens	Encontrado	https://alphafold.ebi.ac.uk/entry/Q8WWI1
LMO7	missense_variant		377386353						Q8WWI1	LIM domain only protein 7	Homo sapiens	Encontrado	https://alphafold.ebi.ac.uk/entry/Q8WWI1
LMO7	missense_variant		377420366						Q8WWI1	LIM domain only protein 7	Homo sapiens	Encontrado	https://alphafold.ebi.ac.uk/entry/Q8WWI1
LMO7	missense_variant		377423852						Q8WWI1	LIM domain only protein 7	Homo sapiens	Encontrado	https://alphafold.ebi.ac.uk/entry/Q8WWI1
LMO7	missense_variant	uncertain significance	377551293						Q8WWI1	LIM domain only protein 7	Homo sapiens	Encontrado	https://alphafold.ebi.ac.uk/entry/Q8WWI1
LMO7	missense_variant	uncertain significance	377566014						Q8WWI1	LIM domain only protein 7	Homo sapiens	Encontrado	https://alphafold.ebi.ac.uk/entry/Q8WWI1
LMO7	missense_variant		41286126						Q8WWI1	LIM domain only protein 7	Homo sapiens	Encontrado	https://alphafold.ebi.ac.uk/entry/Q8WWI1
LMO7	missense_variant	uncertain significance	41286128						Q8WWI1	LIM domain only protein 7	Homo sapiens	Encontrado	https://alphafold.ebi.ac.uk/entry/Q8WWI1
LMO7	missense_variant		41287010						Q8WWI1	LIM domain only protein 7	Homo sapiens	Encontrado	https://alphafold.ebi.ac.uk/entry/Q8WWI1
LMO7	missense_variant		45443891						Q8WWI1	LIM domain only protein 7	Homo sapiens	Encontrado	https://alphafold.ebi.ac.uk/entry/Q8WWI1
LMO7	missense_variant		4884021						Q8WWI1	LIM domain only protein 7	Homo sapiens	Encontrado	https://alphafold.ebi.ac.uk/entry/Q8WWI1
LMO7	missense_variant		527587105						Q8WWI1	LIM domain only protein 7	Homo sapiens	Encontrado	https://alphafold.ebi.ac.uk/entry/Q8WWI1
LMO7	missense_variant		529466164						Q8WWI1	LIM domain only protein 7	Homo sapiens	Encontrado	https://alphafold.ebi.ac.uk/entry/Q8WWI1
LMO7	missense_variant		530856280						Q8WWI1	LIM domain only protein 7	Homo sapiens	Encontrado	https://alphafold.ebi.ac.uk/entry/Q8WWI1
LMO7	missense_variant		530913315						Q8WWI1	LIM domain only protein 7	Homo sapiens	Encontrado	https://alphafold.ebi.ac.uk/entry/Q8WWI1
LMO7	missense_variant		532984694						Q8WWI1	LIM domain only protein 7	Homo sapiens	Encontrado	https://alphafold.ebi.ac.uk/entry/Q8WWI1
LMO7	missense_variant		533168163						Q8WWI1	LIM domain only protein 7	Homo sapiens	Encontrado	https://alphafold.ebi.ac.uk/entry/Q8WWI1
LMO7	missense_variant		533571070						Q8WWI1	LIM domain only protein 7	Homo sapiens	Encontrado	https://alphafold.ebi.ac.uk/entry/Q8WWI1
LMO7	missense_variant		534047308						Q8WWI1	LIM domain only protein 7	Homo sapiens	Encontrado	https://alphafold.ebi.ac.uk/entry/Q8WWI1
LMO7	missense_variant		534804134						Q8WWI1	LIM domain only protein 7	Homo sapiens	Encontrado	https://alphafold.ebi.ac.uk/entry/Q8WWI1
LMO7	missense_variant	likely benign	534973931						Q8WWI1	LIM domain only protein 7	Homo sapiens	Encontrado	https://alphafold.ebi.ac.uk/entry/Q8WWI1
LMO7	missense_variant		535529856						Q8WWI1	LIM domain only protein 7	Homo sapiens	Encontrado	https://alphafold.ebi.ac.uk/entry/Q8WWI1
LMO7	missense_variant	uncertain significance	535693336						Q8WWI1	LIM domain only protein 7	Homo sapiens	Encontrado	https://alphafold.ebi.ac.uk/entry/Q8WWI1
LMO7	missense_variant		536002596						Q8WWI1	LIM domain only protein 7	Homo sapiens	Encontrado	https://alphafold.ebi.ac.uk/entry/Q8WWI1
LMO7	missense_variant		537640729						Q8WWI1	LIM domain only protein 7	Homo sapiens	Encontrado	https://alphafold.ebi.ac.uk/entry/Q8WWI1
LMO7	missense_variant	uncertain significance	538276956						Q8WWI1	LIM domain only protein 7	Homo sapiens	Encontrado	https://alphafold.ebi.ac.uk/entry/Q8WWI1
LMO7	missense_variant	uncertain significance	539051277						Q8WWI1	LIM domain only protein 7	Homo sapiens	Encontrado	https://alphafold.ebi.ac.uk/entry/Q8WWI1
LMO7	missense_variant	uncertain significance	545157703						Q8WWI1	LIM domain only protein 7	Homo sapiens	Encontrado	https://alphafold.ebi.ac.uk/entry/Q8WWI1
LMO7	missense_variant		545441191						Q8WWI1	LIM domain only protein 7	Homo sapiens	Encontrado	https://alphafold.ebi.ac.uk/entry/Q8WWI1
LMO7	missense_variant	uncertain significance	545965062						Q8WWI1	LIM domain only protein 7	Homo sapiens	Encontrado	https://alphafold.ebi.ac.uk/entry/Q8WWI1
LMO7	missense_variant		546900651						Q8WWI1	LIM domain only protein 7	Homo sapiens	Encontrado	https://alphafold.ebi.ac.uk/entry/Q8WWI1
LMO7	missense_variant		551685317						Q8WWI1	LIM domain only protein 7	Homo sapiens	Encontrado	https://alphafold.ebi.ac.uk/entry/Q8WWI1
LMO7	missense_variant	uncertain significance	552675352						Q8WWI1	LIM domain only protein 7	Homo sapiens	Encontrado	https://alphafold.ebi.ac.uk/entry/Q8WWI1
LMO7	missense_variant		554432035						Q8WWI1	LIM domain only protein 7	Homo sapiens	Encontrado	https://alphafold.ebi.ac.uk/entry/Q8WWI1
LMO7	missense_variant		555723998						Q8WWI1	LIM domain only protein 7	Homo sapiens	Encontrado	https://alphafold.ebi.ac.uk/entry/Q8WWI1
LMO7	missense_variant	uncertain significance	556560630						Q8WWI1	LIM domain only protein 7	Homo sapiens	Encontrado	https://alphafold.ebi.ac.uk/entry/Q8WWI1
LMO7	missense_variant		557286247						Q8WWI1	LIM domain only protein 7	Homo sapiens	Encontrado	https://alphafold.ebi.ac.uk/entry/Q8WWI1
LMO7	missense_variant		557676539						Q8WWI1	LIM domain only protein 7	Homo sapiens	Encontrado	https://alphafold.ebi.ac.uk/entry/Q8WWI1
LMO7	missense_variant		557778570						Q8WWI1	LIM domain only protein 7	Homo sapiens	Encontrado	https://alphafold.ebi.ac.uk/entry/Q8WWI1
LMO7	missense_variant		558204044						Q8WWI1	LIM domain only protein 7	Homo sapiens	Encontrado	https://alphafold.ebi.ac.uk/entry/Q8WWI1
LMO7	missense_variant		559130944						Q8WWI1	LIM domain only protein 7	Homo sapiens	Encontrado	https://alphafold.ebi.ac.uk/entry/Q8WWI1
LMO7	missense_variant	uncertain significance	564271731						Q8WWI1	LIM domain only protein 7	Homo sapiens	Encontrado	https://alphafold.ebi.ac.uk/entry/Q8WWI1
LMO7	missense_variant		564330268						Q8WWI1	LIM domain only protein 7	Homo sapiens	Encontrado	https://alphafold.ebi.ac.uk/entry/Q8WWI1
LMO7	missense_variant		570013992						Q8WWI1	LIM domain only protein 7	Homo sapiens	Encontrado	https://alphafold.ebi.ac.uk/entry/Q8WWI1
LMO7	missense_variant		570194645						Q8WWI1	LIM domain only protein 7	Homo sapiens	Encontrado	https://alphafold.ebi.ac.uk/entry/Q8WWI1
LMO7	missense_variant		573556174						Q8WWI1	LIM domain only protein 7	Homo sapiens	Encontrado	https://alphafold.ebi.ac.uk/entry/Q8WWI1
LMO7	missense_variant	uncertain significance	573591894						Q8WWI1	LIM domain only protein 7	Homo sapiens	Encontrado	https://alphafold.ebi.ac.uk/entry/Q8WWI1
LMO7	missense_variant		574942982						Q8WWI1	LIM domain only protein 7	Homo sapiens	Encontrado	https://alphafold.ebi.ac.uk/entry/Q8WWI1
LMO7	missense_variant		575166593						Q8WWI1	LIM domain only protein 7	Homo sapiens	Encontrado	https://alphafold.ebi.ac.uk/entry/Q8WWI1
LMO7	missense_variant		575743592						Q8WWI1	LIM domain only protein 7	Homo sapiens	Encontrado	https://alphafold.ebi.ac.uk/entry/Q8WWI1
LMO7	missense_variant		577392151						Q8WWI1	LIM domain only protein 7	Homo sapiens	Encontrado	https://alphafold.ebi.ac.uk/entry/Q8WWI1
LMO7	missense_variant		577836613						Q8WWI1	LIM domain only protein 7	Homo sapiens	Encontrado	https://alphafold.ebi.ac.uk/entry/Q8WWI1
LMO7	missense_variant		577942396						Q8WWI1	LIM domain only protein 7	Homo sapiens	Encontrado	https://alphafold.ebi.ac.uk/entry/Q8WWI1
LMO7	missense_variant		625033						Q8WWI1	LIM domain only protein 7	Homo sapiens	Encontrado	https://alphafold.ebi.ac.uk/entry/Q8WWI1
LMO7	missense_variant		71434812						Q8WWI1	LIM domain only protein 7	Homo sapiens	Encontrado	https://alphafold.ebi.ac.uk/entry/Q8WWI1
LMO7	missense_variant		73229904						Q8WWI1	LIM domain only protein 7	Homo sapiens	Encontrado	https://alphafold.ebi.ac.uk/entry/Q8WWI1
LMO7	missense_variant		745404713						Q8WWI1	LIM domain only protein 7	Homo sapiens	Encontrado	https://alphafold.ebi.ac.uk/entry/Q8WWI1
LMO7	missense_variant	uncertain significance	745409800						Q8WWI1	LIM domain only protein 7	Homo sapiens	Encontrado	https://alphafold.ebi.ac.uk/entry/Q8WWI1
LMO7	missense_variant		745578273						Q8WWI1	LIM domain only protein 7	Homo sapiens	Encontrado	https://alphafold.ebi.ac.uk/entry/Q8WWI1
LMO7	missense_variant		745590878						Q8WWI1	LIM domain only protein 7	Homo sapiens	Encontrado	https://alphafold.ebi.ac.uk/entry/Q8WWI1
LMO7	missense_variant		745646526						Q8WWI1	LIM domain only protein 7	Homo sapiens	Encontrado	https://alphafold.ebi.ac.uk/entry/Q8WWI1
LMO7	missense_variant		745669755						Q8WWI1	LIM domain only protein 7	Homo sapiens	Encontrado	https://alphafold.ebi.ac.uk/entry/Q8WWI1
LMO7	missense_variant		745679946						Q8WWI1	LIM domain only protein 7	Homo sapiens	Encontrado	https://alphafold.ebi.ac.uk/entry/Q8WWI1
LMO7	missense_variant		745796758						Q8WWI1	LIM domain only protein 7	Homo sapiens	Encontrado	https://alphafold.ebi.ac.uk/entry/Q8WWI1
LMO7	missense_variant	likely benign	745910250						Q8WWI1	LIM domain only protein 7	Homo sapiens	Encontrado	https://alphafold.ebi.ac.uk/entry/Q8WWI1
LMO7	missense_variant		745949011						Q8WWI1	LIM domain only protein 7	Homo sapiens	Encontrado	https://alphafold.ebi.ac.uk/entry/Q8WWI1
LMO7	missense_variant		74596180						Q8WWI1	LIM domain only protein 7	Homo sapiens	Encontrado	https://alphafold.ebi.ac.uk/entry/Q8WWI1
LMO7	missense_variant		746043521						Q8WWI1	LIM domain only protein 7	Homo sapiens	Encontrado	https://alphafold.ebi.ac.uk/entry/Q8WWI1
LMO7	missense_variant		746067203						Q8WWI1	LIM domain only protein 7	Homo sapiens	Encontrado	https://alphafold.ebi.ac.uk/entry/Q8WWI1
LMO7	missense_variant		746174184						Q8WWI1	LIM domain only protein 7	Homo sapiens	Encontrado	https://alphafold.ebi.ac.uk/entry/Q8WWI1
LMO7	missense_variant		746185014						Q8WWI1	LIM domain only protein 7	Homo sapiens	Encontrado	https://alphafold.ebi.ac.uk/entry/Q8WWI1
LMO7	missense_variant		746337719						Q8WWI1	LIM domain only protein 7	Homo sapiens	Encontrado	https://alphafold.ebi.ac.uk/entry/Q8WWI1
LMO7	missense_variant		746703058						Q8WWI1	LIM domain only protein 7	Homo sapiens	Encontrado	https://alphafold.ebi.ac.uk/entry/Q8WWI1
LMO7	missense_variant		746764588						Q8WWI1	LIM domain only protein 7	Homo sapiens	Encontrado	https://alphafold.ebi.ac.uk/entry/Q8WWI1
LMO7	missense_variant		746986716						Q8WWI1	LIM domain only protein 7	Homo sapiens	Encontrado	https://alphafold.ebi.ac.uk/entry/Q8WWI1
LMO7	missense_variant		747051266						Q8WWI1	LIM domain only protein 7	Homo sapiens	Encontrado	https://alphafold.ebi.ac.uk/entry/Q8WWI1
LMO7	missense_variant		747084027						Q8WWI1	LIM domain only protein 7	Homo sapiens	Encontrado	https://alphafold.ebi.ac.uk/entry/Q8WWI1
LMO7	missense_variant		747307093						Q8WWI1	LIM domain only protein 7	Homo sapiens	Encontrado	https://alphafold.ebi.ac.uk/entry/Q8WWI1
LMO7	missense_variant		747322234						Q8WWI1	LIM domain only protein 7	Homo sapiens	Encontrado	https://alphafold.ebi.ac.uk/entry/Q8WWI1
LMO7	missense_variant		747438785						Q8WWI1	LIM domain only protein 7	Homo sapiens	Encontrado	https://alphafold.ebi.ac.uk/entry/Q8WWI1
LMO7	missense_variant		747559402						Q8WWI1	LIM domain only protein 7	Homo sapiens	Encontrado	https://alphafold.ebi.ac.uk/entry/Q8WWI1
LMO7	missense_variant		747612209						Q8WWI1	LIM domain only protein 7	Homo sapiens	Encontrado	https://alphafold.ebi.ac.uk/entry/Q8WWI1
LMO7	missense_variant		747612596						Q8WWI1	LIM domain only protein 7	Homo sapiens	Encontrado	https://alphafold.ebi.ac.uk/entry/Q8WWI1
LMO7	missense_variant	uncertain significance	747689599						Q8WWI1	LIM domain only protein 7	Homo sapiens	Encontrado	https://alphafold.ebi.ac.uk/entry/Q8WWI1
LMO7	missense_variant		747708993						Q8WWI1	LIM domain only protein 7	Homo sapiens	Encontrado	https://alphafold.ebi.ac.uk/entry/Q8WWI1
LMO7	missense_variant	uncertain significance	747794496						Q8WWI1	LIM domain only protein 7	Homo sapiens	Encontrado	https://alphafold.ebi.ac.uk/entry/Q8WWI1
LMO7	missense_variant		747937206						Q8WWI1	LIM domain only protein 7	Homo sapiens	Encontrado	https://alphafold.ebi.ac.uk/entry/Q8WWI1
LMO7	missense_variant		748143479						Q8WWI1	LIM domain only protein 7	Homo sapiens	Encontrado	https://alphafold.ebi.ac.uk/entry/Q8WWI1
LMO7	missense_variant		748428918						Q8WWI1	LIM domain only protein 7	Homo sapiens	Encontrado	https://alphafold.ebi.ac.uk/entry/Q8WWI1
LMO7	missense_variant		748531973						Q8WWI1	LIM domain only protein 7	Homo sapiens	Encontrado	https://alphafold.ebi.ac.uk/entry/Q8WWI1
LMO7	missense_variant		748690329						Q8WWI1	LIM domain only protein 7	Homo sapiens	Encontrado	https://alphafold.ebi.ac.uk/entry/Q8WWI1
LMO7	missense_variant		748803322						Q8WWI1	LIM domain only protein 7	Homo sapiens	Encontrado	https://alphafold.ebi.ac.uk/entry/Q8WWI1
LMO7	missense_variant		748893196						Q8WWI1	LIM domain only protein 7	Homo sapiens	Encontrado	https://alphafold.ebi.ac.uk/entry/Q8WWI1
LMO7	missense_variant		749198915						Q8WWI1	LIM domain only protein 7	Homo sapiens	Encontrado	https://alphafold.ebi.ac.uk/entry/Q8WWI1
LMO7	missense_variant		749281197						Q8WWI1	LIM domain only protein 7	Homo sapiens	Encontrado	https://alphafold.ebi.ac.uk/entry/Q8WWI1
LMO7	missense_variant		749296451						Q8WWI1	LIM domain only protein 7	Homo sapiens	Encontrado	https://alphafold.ebi.ac.uk/entry/Q8WWI1
LMO7	missense_variant		749328214						Q8WWI1	LIM domain only protein 7	Homo sapiens	Encontrado	https://alphafold.ebi.ac.uk/entry/Q8WWI1
LMO7	missense_variant		749357751						Q8WWI1	LIM domain only protein 7	Homo sapiens	Encontrado	https://alphafold.ebi.ac.uk/entry/Q8WWI1
LMO7	missense_variant		749368499						Q8WWI1	LIM domain only protein 7	Homo sapiens	Encontrado	https://alphafold.ebi.ac.uk/entry/Q8WWI1
LMO7	missense_variant		749505909						Q8WWI1	LIM domain only protein 7	Homo sapiens	Encontrado	https://alphafold.ebi.ac.uk/entry/Q8WWI1
LMO7	missense_variant		749526009						Q8WWI1	LIM domain only protein 7	Homo sapiens	Encontrado	https://alphafold.ebi.ac.uk/entry/Q8WWI1
LMO7	missense_variant		749567415						Q8WWI1	LIM domain only protein 7	Homo sapiens	Encontrado	https://alphafold.ebi.ac.uk/entry/Q8WWI1
LMO7	missense_variant		749703844						Q8WWI1	LIM domain only protein 7	Homo sapiens	Encontrado	https://alphafold.ebi.ac.uk/entry/Q8WWI1
LMO7	missense_variant		749882893						Q8WWI1	LIM domain only protein 7	Homo sapiens	Encontrado	https://alphafold.ebi.ac.uk/entry/Q8WWI1
LMO7	missense_variant		749926821						Q8WWI1	LIM domain only protein 7	Homo sapiens	Encontrado	https://alphafold.ebi.ac.uk/entry/Q8WWI1
LMO7	missense_variant		749946070						Q8WWI1	LIM domain only protein 7	Homo sapiens	Encontrado	https://alphafold.ebi.ac.uk/entry/Q8WWI1
LMO7	missense_variant		750146380						Q8WWI1	LIM domain only protein 7	Homo sapiens	Encontrado	https://alphafold.ebi.ac.uk/entry/Q8WWI1
LMO7	missense_variant		750238473						Q8WWI1	LIM domain only protein 7	Homo sapiens	Encontrado	https://alphafold.ebi.ac.uk/entry/Q8WWI1
LMO7	missense_variant		750354182						Q8WWI1	LIM domain only protein 7	Homo sapiens	Encontrado	https://alphafold.ebi.ac.uk/entry/Q8WWI1
LMO7	missense_variant	uncertain significance	750361918						Q8WWI1	LIM domain only protein 7	Homo sapiens	Encontrado	https://alphafold.ebi.ac.uk/entry/Q8WWI1
LMO7	missense_variant		750404826						Q8WWI1	LIM domain only protein 7	Homo sapiens	Encontrado	https://alphafold.ebi.ac.uk/entry/Q8WWI1
LMO7	missense_variant		750463971						Q8WWI1	LIM domain only protein 7	Homo sapiens	Encontrado	https://alphafold.ebi.ac.uk/entry/Q8WWI1
LMO7	missense_variant		750577513						Q8WWI1	LIM domain only protein 7	Homo sapiens	Encontrado	https://alphafold.ebi.ac.uk/entry/Q8WWI1
LMO7	missense_variant	uncertain significance	750611685						Q8WWI1	LIM domain only protein 7	Homo sapiens	Encontrado	https://alphafold.ebi.ac.uk/entry/Q8WWI1
LMO7	missense_variant	uncertain significance	750652931						Q8WWI1	LIM domain only protein 7	Homo sapiens	Encontrado	https://alphafold.ebi.ac.uk/entry/Q8WWI1
LMO7	missense_variant		750753512						Q8WWI1	LIM domain only protein 7	Homo sapiens	Encontrado	https://alphafold.ebi.ac.uk/entry/Q8WWI1
LMO7	missense_variant	uncertain significance	750926871						Q8WWI1	LIM domain only protein 7	Homo sapiens	Encontrado	https://alphafold.ebi.ac.uk/entry/Q8WWI1
LMO7	missense_variant		750986193						Q8WWI1	LIM domain only protein 7	Homo sapiens	Encontrado	https://alphafold.ebi.ac.uk/entry/Q8WWI1
LMO7	missense_variant		751069670						Q8WWI1	LIM domain only protein 7	Homo sapiens	Encontrado	https://alphafold.ebi.ac.uk/entry/Q8WWI1
LMO7	missense_variant	uncertain significance	751118448						Q8WWI1	LIM domain only protein 7	Homo sapiens	Encontrado	https://alphafold.ebi.ac.uk/entry/Q8WWI1
LMO7	missense_variant		751146348						Q8WWI1	LIM domain only protein 7	Homo sapiens	Encontrado	https://alphafold.ebi.ac.uk/entry/Q8WWI1
LMO7	missense_variant		751299507						Q8WWI1	LIM domain only protein 7	Homo sapiens	Encontrado	https://alphafold.ebi.ac.uk/entry/Q8WWI1
LMO7	missense_variant	uncertain significance	751387963						Q8WWI1	LIM domain only protein 7	Homo sapiens	Encontrado	https://alphafold.ebi.ac.uk/entry/Q8WWI1
LMO7	missense_variant	uncertain significance	751535892						Q8WWI1	LIM domain only protein 7	Homo sapiens	Encontrado	https://alphafold.ebi.ac.uk/entry/Q8WWI1
LMO7	missense_variant		751631128						Q8WWI1	LIM domain only protein 7	Homo sapiens	Encontrado	https://alphafold.ebi.ac.uk/entry/Q8WWI1
LMO7	missense_variant		751676801						Q8WWI1	LIM domain only protein 7	Homo sapiens	Encontrado	https://alphafold.ebi.ac.uk/entry/Q8WWI1
LMO7	missense_variant		751708838						Q8WWI1	LIM domain only protein 7	Homo sapiens	Encontrado	https://alphafold.ebi.ac.uk/entry/Q8WWI1
LMO7	missense_variant	uncertain significance	751767817						Q8WWI1	LIM domain only protein 7	Homo sapiens	Encontrado	https://alphafold.ebi.ac.uk/entry/Q8WWI1
LMO7	missense_variant		751896130						Q8WWI1	LIM domain only protein 7	Homo sapiens	Encontrado	https://alphafold.ebi.ac.uk/entry/Q8WWI1
LMO7	missense_variant		751913549						Q8WWI1	LIM domain only protein 7	Homo sapiens	Encontrado	https://alphafold.ebi.ac.uk/entry/Q8WWI1
LMO7	missense_variant		752045166						Q8WWI1	LIM domain only protein 7	Homo sapiens	Encontrado	https://alphafold.ebi.ac.uk/entry/Q8WWI1
LMO7	missense_variant		75207717						Q8WWI1	LIM domain only protein 7	Homo sapiens	Encontrado	https://alphafold.ebi.ac.uk/entry/Q8WWI1
LMO7	missense_variant		752195114						Q8WWI1	LIM domain only protein 7	Homo sapiens	Encontrado	https://alphafold.ebi.ac.uk/entry/Q8WWI1
LMO7	missense_variant		752395756						Q8WWI1	LIM domain only protein 7	Homo sapiens	Encontrado	https://alphafold.ebi.ac.uk/entry/Q8WWI1
LMO7	missense_variant		752475701						Q8WWI1	LIM domain only protein 7	Homo sapiens	Encontrado	https://alphafold.ebi.ac.uk/entry/Q8WWI1
LMO7	missense_variant		752648828						Q8WWI1	LIM domain only protein 7	Homo sapiens	Encontrado	https://alphafold.ebi.ac.uk/entry/Q8WWI1
LMO7	missense_variant		752756247						Q8WWI1	LIM domain only protein 7	Homo sapiens	Encontrado	https://alphafold.ebi.ac.uk/entry/Q8WWI1
LMO7	missense_variant		752834433						Q8WWI1	LIM domain only protein 7	Homo sapiens	Encontrado	https://alphafold.ebi.ac.uk/entry/Q8WWI1
LMO7	missense_variant		752841420						Q8WWI1	LIM domain only protein 7	Homo sapiens	Encontrado	https://alphafold.ebi.ac.uk/entry/Q8WWI1
LMO7	missense_variant		753006686						Q8WWI1	LIM domain only protein 7	Homo sapiens	Encontrado	https://alphafold.ebi.ac.uk/entry/Q8WWI1
LMO7	missense_variant		753045576						Q8WWI1	LIM domain only protein 7	Homo sapiens	Encontrado	https://alphafold.ebi.ac.uk/entry/Q8WWI1
LMO7	missense_variant		753183093						Q8WWI1	LIM domain only protein 7	Homo sapiens	Encontrado	https://alphafold.ebi.ac.uk/entry/Q8WWI1
LMO7	missense_variant		75318564						Q8WWI1	LIM domain only protein 7	Homo sapiens	Encontrado	https://alphafold.ebi.ac.uk/entry/Q8WWI1
LMO7	missense_variant		753210635						Q8WWI1	LIM domain only protein 7	Homo sapiens	Encontrado	https://alphafold.ebi.ac.uk/entry/Q8WWI1
LMO7	missense_variant		753317190						Q8WWI1	LIM domain only protein 7	Homo sapiens	Encontrado	https://alphafold.ebi.ac.uk/entry/Q8WWI1
LMO7	missense_variant		753412709						Q8WWI1	LIM domain only protein 7	Homo sapiens	Encontrado	https://alphafold.ebi.ac.uk/entry/Q8WWI1
LMO7	missense_variant		753487268						Q8WWI1	LIM domain only protein 7	Homo sapiens	Encontrado	https://alphafold.ebi.ac.uk/entry/Q8WWI1
LMO7	missense_variant		753500602						Q8WWI1	LIM domain only protein 7	Homo sapiens	Encontrado	https://alphafold.ebi.ac.uk/entry/Q8WWI1
LMO7	missense_variant		753614853						Q8WWI1	LIM domain only protein 7	Homo sapiens	Encontrado	https://alphafold.ebi.ac.uk/entry/Q8WWI1
LMO7	missense_variant		753614919						Q8WWI1	LIM domain only protein 7	Homo sapiens	Encontrado	https://alphafold.ebi.ac.uk/entry/Q8WWI1
LMO7	missense_variant	likely benign	753624038						Q8WWI1	LIM domain only protein 7	Homo sapiens	Encontrado	https://alphafold.ebi.ac.uk/entry/Q8WWI1
LMO7	missense_variant		75375399						Q8WWI1	LIM domain only protein 7	Homo sapiens	Encontrado	https://alphafold.ebi.ac.uk/entry/Q8WWI1
LMO7	missense_variant		75385907						Q8WWI1	LIM domain only protein 7	Homo sapiens	Encontrado	https://alphafold.ebi.ac.uk/entry/Q8WWI1
LMO7	missense_variant		753860229						Q8WWI1	LIM domain only protein 7	Homo sapiens	Encontrado	https://alphafold.ebi.ac.uk/entry/Q8WWI1
LMO7	missense_variant		753872116						Q8WWI1	LIM domain only protein 7	Homo sapiens	Encontrado	https://alphafold.ebi.ac.uk/entry/Q8WWI1
LMO7	missense_variant		753970280						Q8WWI1	LIM domain only protein 7	Homo sapiens	Encontrado	https://alphafold.ebi.ac.uk/entry/Q8WWI1
LMO7	missense_variant		754043846						Q8WWI1	LIM domain only protein 7	Homo sapiens	Encontrado	https://alphafold.ebi.ac.uk/entry/Q8WWI1
LMO7	missense_variant		754225568						Q8WWI1	LIM domain only protein 7	Homo sapiens	Encontrado	https://alphafold.ebi.ac.uk/entry/Q8WWI1
LMO7	missense_variant		754235190						Q8WWI1	LIM domain only protein 7	Homo sapiens	Encontrado	https://alphafold.ebi.ac.uk/entry/Q8WWI1
LMO7	missense_variant		754321330						Q8WWI1	LIM domain only protein 7	Homo sapiens	Encontrado	https://alphafold.ebi.ac.uk/entry/Q8WWI1
LMO7	missense_variant		754395327						Q8WWI1	LIM domain only protein 7	Homo sapiens	Encontrado	https://alphafold.ebi.ac.uk/entry/Q8WWI1
LMO7	missense_variant		754402314						Q8WWI1	LIM domain only protein 7	Homo sapiens	Encontrado	https://alphafold.ebi.ac.uk/entry/Q8WWI1
LMO7	missense_variant		754458398						Q8WWI1	LIM domain only protein 7	Homo sapiens	Encontrado	https://alphafold.ebi.ac.uk/entry/Q8WWI1
LMO7	missense_variant		754630366						Q8WWI1	LIM domain only protein 7	Homo sapiens	Encontrado	https://alphafold.ebi.ac.uk/entry/Q8WWI1
LMO7	missense_variant		754680031						Q8WWI1	LIM domain only protein 7	Homo sapiens	Encontrado	https://alphafold.ebi.ac.uk/entry/Q8WWI1
LMO7	missense_variant		754697717						Q8WWI1	LIM domain only protein 7	Homo sapiens	Encontrado	https://alphafold.ebi.ac.uk/entry/Q8WWI1
LMO7	missense_variant		754729992						Q8WWI1	LIM domain only protein 7	Homo sapiens	Encontrado	https://alphafold.ebi.ac.uk/entry/Q8WWI1
LMO7	missense_variant		754898427						Q8WWI1	LIM domain only protein 7	Homo sapiens	Encontrado	https://alphafold.ebi.ac.uk/entry/Q8WWI1
LMO7	missense_variant		755067327						Q8WWI1	LIM domain only protein 7	Homo sapiens	Encontrado	https://alphafold.ebi.ac.uk/entry/Q8WWI1
LMO7	missense_variant		755110017						Q8WWI1	LIM domain only protein 7	Homo sapiens	Encontrado	https://alphafold.ebi.ac.uk/entry/Q8WWI1
LMO7	missense_variant		755219249						Q8WWI1	LIM domain only protein 7	Homo sapiens	Encontrado	https://alphafold.ebi.ac.uk/entry/Q8WWI1
LMO7	missense_variant		755287300						Q8WWI1	LIM domain only protein 7	Homo sapiens	Encontrado	https://alphafold.ebi.ac.uk/entry/Q8WWI1
LMO7	missense_variant		755416511						Q8WWI1	LIM domain only protein 7	Homo sapiens	Encontrado	https://alphafold.ebi.ac.uk/entry/Q8WWI1
LMO7	missense_variant		755484567						Q8WWI1	LIM domain only protein 7	Homo sapiens	Encontrado	https://alphafold.ebi.ac.uk/entry/Q8WWI1
LMO7	missense_variant		755573781						Q8WWI1	LIM domain only protein 7	Homo sapiens	Encontrado	https://alphafold.ebi.ac.uk/entry/Q8WWI1
LMO7	missense_variant		755633160						Q8WWI1	LIM domain only protein 7	Homo sapiens	Encontrado	https://alphafold.ebi.ac.uk/entry/Q8WWI1
LMO7	missense_variant		755761491						Q8WWI1	LIM domain only protein 7	Homo sapiens	Encontrado	https://alphafold.ebi.ac.uk/entry/Q8WWI1
LMO7	missense_variant	uncertain significance	755801347						Q8WWI1	LIM domain only protein 7	Homo sapiens	Encontrado	https://alphafold.ebi.ac.uk/entry/Q8WWI1
LMO7	missense_variant		755896604						Q8WWI1	LIM domain only protein 7	Homo sapiens	Encontrado	https://alphafold.ebi.ac.uk/entry/Q8WWI1
LMO7	missense_variant		756060057						Q8WWI1	LIM domain only protein 7	Homo sapiens	Encontrado	https://alphafold.ebi.ac.uk/entry/Q8WWI1
LMO7	missense_variant		756144101						Q8WWI1	LIM domain only protein 7	Homo sapiens	Encontrado	https://alphafold.ebi.ac.uk/entry/Q8WWI1
LMO7	missense_variant		756171328						Q8WWI1	LIM domain only protein 7	Homo sapiens	Encontrado	https://alphafold.ebi.ac.uk/entry/Q8WWI1
LMO7	missense_variant		756173243						Q8WWI1	LIM domain only protein 7	Homo sapiens	Encontrado	https://alphafold.ebi.ac.uk/entry/Q8WWI1
LMO7	missense_variant		756400026						Q8WWI1	LIM domain only protein 7	Homo sapiens	Encontrado	https://alphafold.ebi.ac.uk/entry/Q8WWI1
LMO7	missense_variant		756434876						Q8WWI1	LIM domain only protein 7	Homo sapiens	Encontrado	https://alphafold.ebi.ac.uk/entry/Q8WWI1
LMO7	missense_variant		756483135						Q8WWI1	LIM domain only protein 7	Homo sapiens	Encontrado	https://alphafold.ebi.ac.uk/entry/Q8WWI1
LMO7	missense_variant		756627402						Q8WWI1	LIM domain only protein 7	Homo sapiens	Encontrado	https://alphafold.ebi.ac.uk/entry/Q8WWI1
LMO7	missense_variant		756714036						Q8WWI1	LIM domain only protein 7	Homo sapiens	Encontrado	https://alphafold.ebi.ac.uk/entry/Q8WWI1
LMO7	missense_variant		756789897						Q8WWI1	LIM domain only protein 7	Homo sapiens	Encontrado	https://alphafold.ebi.ac.uk/entry/Q8WWI1
LMO7	missense_variant		756856084						Q8WWI1	LIM domain only protein 7	Homo sapiens	Encontrado	https://alphafold.ebi.ac.uk/entry/Q8WWI1
LMO7	missense_variant		756968825						Q8WWI1	LIM domain only protein 7	Homo sapiens	Encontrado	https://alphafold.ebi.ac.uk/entry/Q8WWI1
LMO7	missense_variant		756969726						Q8WWI1	LIM domain only protein 7	Homo sapiens	Encontrado	https://alphafold.ebi.ac.uk/entry/Q8WWI1
LMO7	missense_variant		756997680						Q8WWI1	LIM domain only protein 7	Homo sapiens	Encontrado	https://alphafold.ebi.ac.uk/entry/Q8WWI1
LMO7	missense_variant		757004967						Q8WWI1	LIM domain only protein 7	Homo sapiens	Encontrado	https://alphafold.ebi.ac.uk/entry/Q8WWI1
LMO7	missense_variant		757173349						Q8WWI1	LIM domain only protein 7	Homo sapiens	Encontrado	https://alphafold.ebi.ac.uk/entry/Q8WWI1
LMO7	missense_variant		757258126						Q8WWI1	LIM domain only protein 7	Homo sapiens	Encontrado	https://alphafold.ebi.ac.uk/entry/Q8WWI1
LMO7	missense_variant		757299964						Q8WWI1	LIM domain only protein 7	Homo sapiens	Encontrado	https://alphafold.ebi.ac.uk/entry/Q8WWI1
LMO7	missense_variant		757394297						Q8WWI1	LIM domain only protein 7	Homo sapiens	Encontrado	https://alphafold.ebi.ac.uk/entry/Q8WWI1
LMO7	missense_variant	uncertain significance	757503545						Q8WWI1	LIM domain only protein 7	Homo sapiens	Encontrado	https://alphafold.ebi.ac.uk/entry/Q8WWI1
LMO7	missense_variant		757559296						Q8WWI1	LIM domain only protein 7	Homo sapiens	Encontrado	https://alphafold.ebi.ac.uk/entry/Q8WWI1
LMO7	missense_variant		757584655						Q8WWI1	LIM domain only protein 7	Homo sapiens	Encontrado	https://alphafold.ebi.ac.uk/entry/Q8WWI1
LMO7	missense_variant		757599156						Q8WWI1	LIM domain only protein 7	Homo sapiens	Encontrado	https://alphafold.ebi.ac.uk/entry/Q8WWI1
LMO7	missense_variant		757650476						Q8WWI1	LIM domain only protein 7	Homo sapiens	Encontrado	https://alphafold.ebi.ac.uk/entry/Q8WWI1
LMO7	missense_variant		757797573						Q8WWI1	LIM domain only protein 7	Homo sapiens	Encontrado	https://alphafold.ebi.ac.uk/entry/Q8WWI1
LMO7	missense_variant		757926404						Q8WWI1	LIM domain only protein 7	Homo sapiens	Encontrado	https://alphafold.ebi.ac.uk/entry/Q8WWI1
LMO7	missense_variant		757940072						Q8WWI1	LIM domain only protein 7	Homo sapiens	Encontrado	https://alphafold.ebi.ac.uk/entry/Q8WWI1
LMO7	missense_variant		758199580						Q8WWI1	LIM domain only protein 7	Homo sapiens	Encontrado	https://alphafold.ebi.ac.uk/entry/Q8WWI1
LMO7	missense_variant		758329873						Q8WWI1	LIM domain only protein 7	Homo sapiens	Encontrado	https://alphafold.ebi.ac.uk/entry/Q8WWI1
LMO7	missense_variant		758454347						Q8WWI1	LIM domain only protein 7	Homo sapiens	Encontrado	https://alphafold.ebi.ac.uk/entry/Q8WWI1
LMO7	missense_variant		758481617						Q8WWI1	LIM domain only protein 7	Homo sapiens	Encontrado	https://alphafold.ebi.ac.uk/entry/Q8WWI1
LMO7	missense_variant		758569680						Q8WWI1	LIM domain only protein 7	Homo sapiens	Encontrado	https://alphafold.ebi.ac.uk/entry/Q8WWI1
LMO7	missense_variant		758737689						Q8WWI1	LIM domain only protein 7	Homo sapiens	Encontrado	https://alphafold.ebi.ac.uk/entry/Q8WWI1
LMO7	missense_variant		758823781						Q8WWI1	LIM domain only protein 7	Homo sapiens	Encontrado	https://alphafold.ebi.ac.uk/entry/Q8WWI1
LMO7	missense_variant		758898739						Q8WWI1	LIM domain only protein 7	Homo sapiens	Encontrado	https://alphafold.ebi.ac.uk/entry/Q8WWI1
LMO7	missense_variant		758991524						Q8WWI1	LIM domain only protein 7	Homo sapiens	Encontrado	https://alphafold.ebi.ac.uk/entry/Q8WWI1
LMO7	missense_variant	uncertain significance	758994911						Q8WWI1	LIM domain only protein 7	Homo sapiens	Encontrado	https://alphafold.ebi.ac.uk/entry/Q8WWI1
LMO7	missense_variant		759009915						Q8WWI1	LIM domain only protein 7	Homo sapiens	Encontrado	https://alphafold.ebi.ac.uk/entry/Q8WWI1
LMO7	missense_variant		759168728						Q8WWI1	LIM domain only protein 7	Homo sapiens	Encontrado	https://alphafold.ebi.ac.uk/entry/Q8WWI1
LMO7	missense_variant		759252000						Q8WWI1	LIM domain only protein 7	Homo sapiens	Encontrado	https://alphafold.ebi.ac.uk/entry/Q8WWI1
LMO7	missense_variant		759287235						Q8WWI1	LIM domain only protein 7	Homo sapiens	Encontrado	https://alphafold.ebi.ac.uk/entry/Q8WWI1
LMO7	missense_variant		759380648						Q8WWI1	LIM domain only protein 7	Homo sapiens	Encontrado	https://alphafold.ebi.ac.uk/entry/Q8WWI1
LMO7	missense_variant		759455227						Q8WWI1	LIM domain only protein 7	Homo sapiens	Encontrado	https://alphafold.ebi.ac.uk/entry/Q8WWI1
LMO7	missense_variant		759613441						Q8WWI1	LIM domain only protein 7	Homo sapiens	Encontrado	https://alphafold.ebi.ac.uk/entry/Q8WWI1
LMO7	missense_variant		759644630						Q8WWI1	LIM domain only protein 7	Homo sapiens	Encontrado	https://alphafold.ebi.ac.uk/entry/Q8WWI1
LMO7	missense_variant		759676166						Q8WWI1	LIM domain only protein 7	Homo sapiens	Encontrado	https://alphafold.ebi.ac.uk/entry/Q8WWI1
LMO7	missense_variant		759787878						Q8WWI1	LIM domain only protein 7	Homo sapiens	Encontrado	https://alphafold.ebi.ac.uk/entry/Q8WWI1
LMO7	missense_variant	uncertain significance	759826765						Q8WWI1	LIM domain only protein 7	Homo sapiens	Encontrado	https://alphafold.ebi.ac.uk/entry/Q8WWI1
LMO7	missense_variant		759839836						Q8WWI1	LIM domain only protein 7	Homo sapiens	Encontrado	https://alphafold.ebi.ac.uk/entry/Q8WWI1
LMO7	missense_variant		759842072						Q8WWI1	LIM domain only protein 7	Homo sapiens	Encontrado	https://alphafold.ebi.ac.uk/entry/Q8WWI1
LMO7	missense_variant	uncertain significance, likely benign	759842247						Q8WWI1	LIM domain only protein 7	Homo sapiens	Encontrado	https://alphafold.ebi.ac.uk/entry/Q8WWI1
LMO7	missense_variant		760006861						Q8WWI1	LIM domain only protein 7	Homo sapiens	Encontrado	https://alphafold.ebi.ac.uk/entry/Q8WWI1
LMO7	missense_variant		760036448						Q8WWI1	LIM domain only protein 7	Homo sapiens	Encontrado	https://alphafold.ebi.ac.uk/entry/Q8WWI1
LMO7	missense_variant		760121859						Q8WWI1	LIM domain only protein 7	Homo sapiens	Encontrado	https://alphafold.ebi.ac.uk/entry/Q8WWI1
LMO7	missense_variant		760163444						Q8WWI1	LIM domain only protein 7	Homo sapiens	Encontrado	https://alphafold.ebi.ac.uk/entry/Q8WWI1
LMO7	missense_variant	uncertain significance	760259550						Q8WWI1	LIM domain only protein 7	Homo sapiens	Encontrado	https://alphafold.ebi.ac.uk/entry/Q8WWI1
LMO7	missense_variant		760276700						Q8WWI1	LIM domain only protein 7	Homo sapiens	Encontrado	https://alphafold.ebi.ac.uk/entry/Q8WWI1
LMO7	missense_variant		760375469						Q8WWI1	LIM domain only protein 7	Homo sapiens	Encontrado	https://alphafold.ebi.ac.uk/entry/Q8WWI1
LMO7	missense_variant		760381813						Q8WWI1	LIM domain only protein 7	Homo sapiens	Encontrado	https://alphafold.ebi.ac.uk/entry/Q8WWI1
LMO7	missense_variant	uncertain significance	760433267						Q8WWI1	LIM domain only protein 7	Homo sapiens	Encontrado	https://alphafold.ebi.ac.uk/entry/Q8WWI1
LMO7	missense_variant		760437651						Q8WWI1	LIM domain only protein 7	Homo sapiens	Encontrado	https://alphafold.ebi.ac.uk/entry/Q8WWI1
LMO7	missense_variant		760528614						Q8WWI1	LIM domain only protein 7	Homo sapiens	Encontrado	https://alphafold.ebi.ac.uk/entry/Q8WWI1
LMO7	missense_variant		760530055						Q8WWI1	LIM domain only protein 7	Homo sapiens	Encontrado	https://alphafold.ebi.ac.uk/entry/Q8WWI1
LMO7	missense_variant		760547351						Q8WWI1	LIM domain only protein 7	Homo sapiens	Encontrado	https://alphafold.ebi.ac.uk/entry/Q8WWI1
LMO7	missense_variant		760580919						Q8WWI1	LIM domain only protein 7	Homo sapiens	Encontrado	https://alphafold.ebi.ac.uk/entry/Q8WWI1
LMO7	missense_variant		760667351						Q8WWI1	LIM domain only protein 7	Homo sapiens	Encontrado	https://alphafold.ebi.ac.uk/entry/Q8WWI1
LMO7	missense_variant		760707933						Q8WWI1	LIM domain only protein 7	Homo sapiens	Encontrado	https://alphafold.ebi.ac.uk/entry/Q8WWI1
LMO7	missense_variant		760793490						Q8WWI1	LIM domain only protein 7	Homo sapiens	Encontrado	https://alphafold.ebi.ac.uk/entry/Q8WWI1
LMO7	missense_variant	uncertain significance	760809323						Q8WWI1	LIM domain only protein 7	Homo sapiens	Encontrado	https://alphafold.ebi.ac.uk/entry/Q8WWI1
LMO7	missense_variant		76082815						Q8WWI1	LIM domain only protein 7	Homo sapiens	Encontrado	https://alphafold.ebi.ac.uk/entry/Q8WWI1
LMO7	missense_variant		760864006						Q8WWI1	LIM domain only protein 7	Homo sapiens	Encontrado	https://alphafold.ebi.ac.uk/entry/Q8WWI1
LMO7	missense_variant		760920054						Q8WWI1	LIM domain only protein 7	Homo sapiens	Encontrado	https://alphafold.ebi.ac.uk/entry/Q8WWI1
LMO7	missense_variant		760935363						Q8WWI1	LIM domain only protein 7	Homo sapiens	Encontrado	https://alphafold.ebi.ac.uk/entry/Q8WWI1
LMO7	missense_variant		760953938						Q8WWI1	LIM domain only protein 7	Homo sapiens	Encontrado	https://alphafold.ebi.ac.uk/entry/Q8WWI1
LMO7	missense_variant		761078852						Q8WWI1	LIM domain only protein 7	Homo sapiens	Encontrado	https://alphafold.ebi.ac.uk/entry/Q8WWI1
LMO7	missense_variant		761094563						Q8WWI1	LIM domain only protein 7	Homo sapiens	Encontrado	https://alphafold.ebi.ac.uk/entry/Q8WWI1
LMO7	missense_variant		761122156						Q8WWI1	LIM domain only protein 7	Homo sapiens	Encontrado	https://alphafold.ebi.ac.uk/entry/Q8WWI1
LMO7	missense_variant	uncertain significance	761293278						Q8WWI1	LIM domain only protein 7	Homo sapiens	Encontrado	https://alphafold.ebi.ac.uk/entry/Q8WWI1
LMO7	missense_variant		761303993						Q8WWI1	LIM domain only protein 7	Homo sapiens	Encontrado	https://alphafold.ebi.ac.uk/entry/Q8WWI1
LMO7	missense_variant		761304167						Q8WWI1	LIM domain only protein 7	Homo sapiens	Encontrado	https://alphafold.ebi.ac.uk/entry/Q8WWI1
LMO7	missense_variant		761565762						Q8WWI1	LIM domain only protein 7	Homo sapiens	Encontrado	https://alphafold.ebi.ac.uk/entry/Q8WWI1
LMO7	missense_variant		761623095						Q8WWI1	LIM domain only protein 7	Homo sapiens	Encontrado	https://alphafold.ebi.ac.uk/entry/Q8WWI1
LMO7	missense_variant		761660373						Q8WWI1	LIM domain only protein 7	Homo sapiens	Encontrado	https://alphafold.ebi.ac.uk/entry/Q8WWI1
LMO7	missense_variant		761681656						Q8WWI1	LIM domain only protein 7	Homo sapiens	Encontrado	https://alphafold.ebi.ac.uk/entry/Q8WWI1
LMO7	missense_variant		761734130						Q8WWI1	LIM domain only protein 7	Homo sapiens	Encontrado	https://alphafold.ebi.ac.uk/entry/Q8WWI1
LMO7	missense_variant		761811311						Q8WWI1	LIM domain only protein 7	Homo sapiens	Encontrado	https://alphafold.ebi.ac.uk/entry/Q8WWI1
LMO7	missense_variant		761816584						Q8WWI1	LIM domain only protein 7	Homo sapiens	Encontrado	https://alphafold.ebi.ac.uk/entry/Q8WWI1
LMO7	missense_variant		761910049						Q8WWI1	LIM domain only protein 7	Homo sapiens	Encontrado	https://alphafold.ebi.ac.uk/entry/Q8WWI1
LMO7	missense_variant		762032756						Q8WWI1	LIM domain only protein 7	Homo sapiens	Encontrado	https://alphafold.ebi.ac.uk/entry/Q8WWI1
LMO7	missense_variant		762062880						Q8WWI1	LIM domain only protein 7	Homo sapiens	Encontrado	https://alphafold.ebi.ac.uk/entry/Q8WWI1
LMO7	missense_variant		762148580						Q8WWI1	LIM domain only protein 7	Homo sapiens	Encontrado	https://alphafold.ebi.ac.uk/entry/Q8WWI1
LMO7	missense_variant		762300847						Q8WWI1	LIM domain only protein 7	Homo sapiens	Encontrado	https://alphafold.ebi.ac.uk/entry/Q8WWI1
LMO7	missense_variant		762403088						Q8WWI1	LIM domain only protein 7	Homo sapiens	Encontrado	https://alphafold.ebi.ac.uk/entry/Q8WWI1
LMO7	missense_variant		762474957						Q8WWI1	LIM domain only protein 7	Homo sapiens	Encontrado	https://alphafold.ebi.ac.uk/entry/Q8WWI1
LMO7	missense_variant		762505045						Q8WWI1	LIM domain only protein 7	Homo sapiens	Encontrado	https://alphafold.ebi.ac.uk/entry/Q8WWI1
LMO7	missense_variant		762662594						Q8WWI1	LIM domain only protein 7	Homo sapiens	Encontrado	https://alphafold.ebi.ac.uk/entry/Q8WWI1
LMO7	missense_variant		762679870						Q8WWI1	LIM domain only protein 7	Homo sapiens	Encontrado	https://alphafold.ebi.ac.uk/entry/Q8WWI1
LMO7	missense_variant		762767666						Q8WWI1	LIM domain only protein 7	Homo sapiens	Encontrado	https://alphafold.ebi.ac.uk/entry/Q8WWI1
LMO7	missense_variant		763224538						Q8WWI1	LIM domain only protein 7	Homo sapiens	Encontrado	https://alphafold.ebi.ac.uk/entry/Q8WWI1
LMO7	missense_variant	uncertain significance	763384398						Q8WWI1	LIM domain only protein 7	Homo sapiens	Encontrado	https://alphafold.ebi.ac.uk/entry/Q8WWI1
LMO7	missense_variant		763412001						Q8WWI1	LIM domain only protein 7	Homo sapiens	Encontrado	https://alphafold.ebi.ac.uk/entry/Q8WWI1
LMO7	missense_variant		763453988						Q8WWI1	LIM domain only protein 7	Homo sapiens	Encontrado	https://alphafold.ebi.ac.uk/entry/Q8WWI1
LMO7	missense_variant		763457428						Q8WWI1	LIM domain only protein 7	Homo sapiens	Encontrado	https://alphafold.ebi.ac.uk/entry/Q8WWI1
LMO7	missense_variant		763491008						Q8WWI1	LIM domain only protein 7	Homo sapiens	Encontrado	https://alphafold.ebi.ac.uk/entry/Q8WWI1
LMO7	missense_variant	uncertain significance	763510677						Q8WWI1	LIM domain only protein 7	Homo sapiens	Encontrado	https://alphafold.ebi.ac.uk/entry/Q8WWI1
LMO7	missense_variant		763529086						Q8WWI1	LIM domain only protein 7	Homo sapiens	Encontrado	https://alphafold.ebi.ac.uk/entry/Q8WWI1
LMO7	missense_variant		763536299						Q8WWI1	LIM domain only protein 7	Homo sapiens	Encontrado	https://alphafold.ebi.ac.uk/entry/Q8WWI1
LMO7	missense_variant		763614409						Q8WWI1	LIM domain only protein 7	Homo sapiens	Encontrado	https://alphafold.ebi.ac.uk/entry/Q8WWI1
LMO7	missense_variant		763725582						Q8WWI1	LIM domain only protein 7	Homo sapiens	Encontrado	https://alphafold.ebi.ac.uk/entry/Q8WWI1
LMO7	missense_variant		763727409						Q8WWI1	LIM domain only protein 7	Homo sapiens	Encontrado	https://alphafold.ebi.ac.uk/entry/Q8WWI1
LMO7	missense_variant		763828866						Q8WWI1	LIM domain only protein 7	Homo sapiens	Encontrado	https://alphafold.ebi.ac.uk/entry/Q8WWI1
LMO7	missense_variant		763854453						Q8WWI1	LIM domain only protein 7	Homo sapiens	Encontrado	https://alphafold.ebi.ac.uk/entry/Q8WWI1
LMO7	missense_variant	uncertain significance	763860269						Q8WWI1	LIM domain only protein 7	Homo sapiens	Encontrado	https://alphafold.ebi.ac.uk/entry/Q8WWI1
LMO7	missense_variant	uncertain significance	764070031						Q8WWI1	LIM domain only protein 7	Homo sapiens	Encontrado	https://alphafold.ebi.ac.uk/entry/Q8WWI1
LMO7	missense_variant		764191619						Q8WWI1	LIM domain only protein 7	Homo sapiens	Encontrado	https://alphafold.ebi.ac.uk/entry/Q8WWI1
LMO7	missense_variant		764201515						Q8WWI1	LIM domain only protein 7	Homo sapiens	Encontrado	https://alphafold.ebi.ac.uk/entry/Q8WWI1
LMO7	missense_variant		764457151						Q8WWI1	LIM domain only protein 7	Homo sapiens	Encontrado	https://alphafold.ebi.ac.uk/entry/Q8WWI1
LMO7	missense_variant		764566676						Q8WWI1	LIM domain only protein 7	Homo sapiens	Encontrado	https://alphafold.ebi.ac.uk/entry/Q8WWI1
LMO7	missense_variant		764708557						Q8WWI1	LIM domain only protein 7	Homo sapiens	Encontrado	https://alphafold.ebi.ac.uk/entry/Q8WWI1
LMO7	missense_variant		764906446						Q8WWI1	LIM domain only protein 7	Homo sapiens	Encontrado	https://alphafold.ebi.ac.uk/entry/Q8WWI1
LMO7	missense_variant		765076619						Q8WWI1	LIM domain only protein 7	Homo sapiens	Encontrado	https://alphafold.ebi.ac.uk/entry/Q8WWI1
LMO7	missense_variant		765115601						Q8WWI1	LIM domain only protein 7	Homo sapiens	Encontrado	https://alphafold.ebi.ac.uk/entry/Q8WWI1
LMO7	missense_variant		765187863						Q8WWI1	LIM domain only protein 7	Homo sapiens	Encontrado	https://alphafold.ebi.ac.uk/entry/Q8WWI1
LMO7	missense_variant		765249040						Q8WWI1	LIM domain only protein 7	Homo sapiens	Encontrado	https://alphafold.ebi.ac.uk/entry/Q8WWI1
LMO7	missense_variant		765272942						Q8WWI1	LIM domain only protein 7	Homo sapiens	Encontrado	https://alphafold.ebi.ac.uk/entry/Q8WWI1
LMO7	missense_variant		765284437						Q8WWI1	LIM domain only protein 7	Homo sapiens	Encontrado	https://alphafold.ebi.ac.uk/entry/Q8WWI1
LMO7	missense_variant		765469255						Q8WWI1	LIM domain only protein 7	Homo sapiens	Encontrado	https://alphafold.ebi.ac.uk/entry/Q8WWI1
LMO7	missense_variant		765518862						Q8WWI1	LIM domain only protein 7	Homo sapiens	Encontrado	https://alphafold.ebi.ac.uk/entry/Q8WWI1
LMO7	missense_variant		765556451						Q8WWI1	LIM domain only protein 7	Homo sapiens	Encontrado	https://alphafold.ebi.ac.uk/entry/Q8WWI1
LMO7	missense_variant	uncertain significance	765653292						Q8WWI1	LIM domain only protein 7	Homo sapiens	Encontrado	https://alphafold.ebi.ac.uk/entry/Q8WWI1
LMO7	missense_variant		765823477						Q8WWI1	LIM domain only protein 7	Homo sapiens	Encontrado	https://alphafold.ebi.ac.uk/entry/Q8WWI1
LMO7	missense_variant		765839918						Q8WWI1	LIM domain only protein 7	Homo sapiens	Encontrado	https://alphafold.ebi.ac.uk/entry/Q8WWI1
LMO7	missense_variant		765865348						Q8WWI1	LIM domain only protein 7	Homo sapiens	Encontrado	https://alphafold.ebi.ac.uk/entry/Q8WWI1
LMO7	missense_variant		765946755						Q8WWI1	LIM domain only protein 7	Homo sapiens	Encontrado	https://alphafold.ebi.ac.uk/entry/Q8WWI1
LMO7	missense_variant		765959597						Q8WWI1	LIM domain only protein 7	Homo sapiens	Encontrado	https://alphafold.ebi.ac.uk/entry/Q8WWI1
LMO7	missense_variant		765967125						Q8WWI1	LIM domain only protein 7	Homo sapiens	Encontrado	https://alphafold.ebi.ac.uk/entry/Q8WWI1
LMO7	missense_variant		765977360						Q8WWI1	LIM domain only protein 7	Homo sapiens	Encontrado	https://alphafold.ebi.ac.uk/entry/Q8WWI1
LMO7	missense_variant		766012567						Q8WWI1	LIM domain only protein 7	Homo sapiens	Encontrado	https://alphafold.ebi.ac.uk/entry/Q8WWI1
LMO7	missense_variant		766053836						Q8WWI1	LIM domain only protein 7	Homo sapiens	Encontrado	https://alphafold.ebi.ac.uk/entry/Q8WWI1
LMO7	missense_variant		766126982						Q8WWI1	LIM domain only protein 7	Homo sapiens	Encontrado	https://alphafold.ebi.ac.uk/entry/Q8WWI1
LMO7	missense_variant		766245630						Q8WWI1	LIM domain only protein 7	Homo sapiens	Encontrado	https://alphafold.ebi.ac.uk/entry/Q8WWI1
LMO7	missense_variant		766290026						Q8WWI1	LIM domain only protein 7	Homo sapiens	Encontrado	https://alphafold.ebi.ac.uk/entry/Q8WWI1
LMO7	missense_variant		766446232						Q8WWI1	LIM domain only protein 7	Homo sapiens	Encontrado	https://alphafold.ebi.ac.uk/entry/Q8WWI1
LMO7	missense_variant		766549380						Q8WWI1	LIM domain only protein 7	Homo sapiens	Encontrado	https://alphafold.ebi.ac.uk/entry/Q8WWI1
LMO7	missense_variant		766665512						Q8WWI1	LIM domain only protein 7	Homo sapiens	Encontrado	https://alphafold.ebi.ac.uk/entry/Q8WWI1
LMO7	missense_variant		766738886						Q8WWI1	LIM domain only protein 7	Homo sapiens	Encontrado	https://alphafold.ebi.ac.uk/entry/Q8WWI1
LMO7	missense_variant		766791228						Q8WWI1	LIM domain only protein 7	Homo sapiens	Encontrado	https://alphafold.ebi.ac.uk/entry/Q8WWI1
LMO7	missense_variant		766795824						Q8WWI1	LIM domain only protein 7	Homo sapiens	Encontrado	https://alphafold.ebi.ac.uk/entry/Q8WWI1
LMO7	missense_variant		766825767						Q8WWI1	LIM domain only protein 7	Homo sapiens	Encontrado	https://alphafold.ebi.ac.uk/entry/Q8WWI1
LMO7	missense_variant		767099614						Q8WWI1	LIM domain only protein 7	Homo sapiens	Encontrado	https://alphafold.ebi.ac.uk/entry/Q8WWI1
LMO7	missense_variant		767126372						Q8WWI1	LIM domain only protein 7	Homo sapiens	Encontrado	https://alphafold.ebi.ac.uk/entry/Q8WWI1
LMO7	missense_variant	likely benign	767168979						Q8WWI1	LIM domain only protein 7	Homo sapiens	Encontrado	https://alphafold.ebi.ac.uk/entry/Q8WWI1
LMO7	missense_variant		767176212						Q8WWI1	LIM domain only protein 7	Homo sapiens	Encontrado	https://alphafold.ebi.ac.uk/entry/Q8WWI1
LMO7	missense_variant		767181502						Q8WWI1	LIM domain only protein 7	Homo sapiens	Encontrado	https://alphafold.ebi.ac.uk/entry/Q8WWI1
LMO7	missense_variant		767197380						Q8WWI1	LIM domain only protein 7	Homo sapiens	Encontrado	https://alphafold.ebi.ac.uk/entry/Q8WWI1
LMO7	missense_variant		767375629						Q8WWI1	LIM domain only protein 7	Homo sapiens	Encontrado	https://alphafold.ebi.ac.uk/entry/Q8WWI1
LMO7	missense_variant	uncertain significance	767594976						Q8WWI1	LIM domain only protein 7	Homo sapiens	Encontrado	https://alphafold.ebi.ac.uk/entry/Q8WWI1
LMO7	missense_variant		767693717						Q8WWI1	LIM domain only protein 7	Homo sapiens	Encontrado	https://alphafold.ebi.ac.uk/entry/Q8WWI1
LMO7	missense_variant		767775535						Q8WWI1	LIM domain only protein 7	Homo sapiens	Encontrado	https://alphafold.ebi.ac.uk/entry/Q8WWI1
LMO7	missense_variant		767838134						Q8WWI1	LIM domain only protein 7	Homo sapiens	Encontrado	https://alphafold.ebi.ac.uk/entry/Q8WWI1
LMO7	missense_variant		767878869						Q8WWI1	LIM domain only protein 7	Homo sapiens	Encontrado	https://alphafold.ebi.ac.uk/entry/Q8WWI1
LMO7	missense_variant		767928988						Q8WWI1	LIM domain only protein 7	Homo sapiens	Encontrado	https://alphafold.ebi.ac.uk/entry/Q8WWI1
LMO7	missense_variant		768105995						Q8WWI1	LIM domain only protein 7	Homo sapiens	Encontrado	https://alphafold.ebi.ac.uk/entry/Q8WWI1
LMO7	missense_variant		768233138						Q8WWI1	LIM domain only protein 7	Homo sapiens	Encontrado	https://alphafold.ebi.ac.uk/entry/Q8WWI1
LMO7	missense_variant		768410980						Q8WWI1	LIM domain only protein 7	Homo sapiens	Encontrado	https://alphafold.ebi.ac.uk/entry/Q8WWI1
LMO7	missense_variant	uncertain significance	768424294						Q8WWI1	LIM domain only protein 7	Homo sapiens	Encontrado	https://alphafold.ebi.ac.uk/entry/Q8WWI1
LMO7	missense_variant		768434509						Q8WWI1	LIM domain only protein 7	Homo sapiens	Encontrado	https://alphafold.ebi.ac.uk/entry/Q8WWI1
LMO7	missense_variant	uncertain significance	768549930						Q8WWI1	LIM domain only protein 7	Homo sapiens	Encontrado	https://alphafold.ebi.ac.uk/entry/Q8WWI1
LMO7	missense_variant		768552620						Q8WWI1	LIM domain only protein 7	Homo sapiens	Encontrado	https://alphafold.ebi.ac.uk/entry/Q8WWI1
LMO7	missense_variant		768623176						Q8WWI1	LIM domain only protein 7	Homo sapiens	Encontrado	https://alphafold.ebi.ac.uk/entry/Q8WWI1
LMO7	missense_variant		768673165						Q8WWI1	LIM domain only protein 7	Homo sapiens	Encontrado	https://alphafold.ebi.ac.uk/entry/Q8WWI1
LMO7	missense_variant		768714453						Q8WWI1	LIM domain only protein 7	Homo sapiens	Encontrado	https://alphafold.ebi.ac.uk/entry/Q8WWI1
LMO7	missense_variant		768764671						Q8WWI1	LIM domain only protein 7	Homo sapiens	Encontrado	https://alphafold.ebi.ac.uk/entry/Q8WWI1
LMO7	missense_variant		768831243						Q8WWI1	LIM domain only protein 7	Homo sapiens	Encontrado	https://alphafold.ebi.ac.uk/entry/Q8WWI1
LMO7	missense_variant	uncertain significance	768883595						Q8WWI1	LIM domain only protein 7	Homo sapiens	Encontrado	https://alphafold.ebi.ac.uk/entry/Q8WWI1
LMO7	missense_variant	uncertain significance	769016460						Q8WWI1	LIM domain only protein 7	Homo sapiens	Encontrado	https://alphafold.ebi.ac.uk/entry/Q8WWI1
LMO7	missense_variant		769119852						Q8WWI1	LIM domain only protein 7	Homo sapiens	Encontrado	https://alphafold.ebi.ac.uk/entry/Q8WWI1
LMO7	missense_variant		769194307						Q8WWI1	LIM domain only protein 7	Homo sapiens	Encontrado	https://alphafold.ebi.ac.uk/entry/Q8WWI1
LMO7	missense_variant	uncertain significance	769194549						Q8WWI1	LIM domain only protein 7	Homo sapiens	Encontrado	https://alphafold.ebi.ac.uk/entry/Q8WWI1
LMO7	missense_variant		769212810						Q8WWI1	LIM domain only protein 7	Homo sapiens	Encontrado	https://alphafold.ebi.ac.uk/entry/Q8WWI1
LMO7	missense_variant		769387640						Q8WWI1	LIM domain only protein 7	Homo sapiens	Encontrado	https://alphafold.ebi.ac.uk/entry/Q8WWI1
LMO7	missense_variant		769564323						Q8WWI1	LIM domain only protein 7	Homo sapiens	Encontrado	https://alphafold.ebi.ac.uk/entry/Q8WWI1
LMO7	missense_variant		769638872						Q8WWI1	LIM domain only protein 7	Homo sapiens	Encontrado	https://alphafold.ebi.ac.uk/entry/Q8WWI1
LMO7	missense_variant		769719724						Q8WWI1	LIM domain only protein 7	Homo sapiens	Encontrado	https://alphafold.ebi.ac.uk/entry/Q8WWI1
LMO7	missense_variant		769787890						Q8WWI1	LIM domain only protein 7	Homo sapiens	Encontrado	https://alphafold.ebi.ac.uk/entry/Q8WWI1
LMO7	missense_variant		769915503						Q8WWI1	LIM domain only protein 7	Homo sapiens	Encontrado	https://alphafold.ebi.ac.uk/entry/Q8WWI1
LMO7	missense_variant		769948700						Q8WWI1	LIM domain only protein 7	Homo sapiens	Encontrado	https://alphafold.ebi.ac.uk/entry/Q8WWI1
LMO7	missense_variant		770230486						Q8WWI1	LIM domain only protein 7	Homo sapiens	Encontrado	https://alphafold.ebi.ac.uk/entry/Q8WWI1
LMO7	missense_variant		770237398						Q8WWI1	LIM domain only protein 7	Homo sapiens	Encontrado	https://alphafold.ebi.ac.uk/entry/Q8WWI1
LMO7	missense_variant		770278116						Q8WWI1	LIM domain only protein 7	Homo sapiens	Encontrado	https://alphafold.ebi.ac.uk/entry/Q8WWI1
LMO7	missense_variant		770333253						Q8WWI1	LIM domain only protein 7	Homo sapiens	Encontrado	https://alphafold.ebi.ac.uk/entry/Q8WWI1
LMO7	missense_variant		770512823						Q8WWI1	LIM domain only protein 7	Homo sapiens	Encontrado	https://alphafold.ebi.ac.uk/entry/Q8WWI1
LMO7	missense_variant		770560784						Q8WWI1	LIM domain only protein 7	Homo sapiens	Encontrado	https://alphafold.ebi.ac.uk/entry/Q8WWI1
LMO7	missense_variant	uncertain significance	770634635						Q8WWI1	LIM domain only protein 7	Homo sapiens	Encontrado	https://alphafold.ebi.ac.uk/entry/Q8WWI1
LMO7	missense_variant		770715242						Q8WWI1	LIM domain only protein 7	Homo sapiens	Encontrado	https://alphafold.ebi.ac.uk/entry/Q8WWI1
LMO7	missense_variant		770783273						Q8WWI1	LIM domain only protein 7	Homo sapiens	Encontrado	https://alphafold.ebi.ac.uk/entry/Q8WWI1
LMO7	missense_variant		770786504						Q8WWI1	LIM domain only protein 7	Homo sapiens	Encontrado	https://alphafold.ebi.ac.uk/entry/Q8WWI1
LMO7	missense_variant		770840083						Q8WWI1	LIM domain only protein 7	Homo sapiens	Encontrado	https://alphafold.ebi.ac.uk/entry/Q8WWI1
LMO7	missense_variant		770844200						Q8WWI1	LIM domain only protein 7	Homo sapiens	Encontrado	https://alphafold.ebi.ac.uk/entry/Q8WWI1
LMO7	missense_variant	uncertain significance	770888557						Q8WWI1	LIM domain only protein 7	Homo sapiens	Encontrado	https://alphafold.ebi.ac.uk/entry/Q8WWI1
LMO7	missense_variant		770929283						Q8WWI1	LIM domain only protein 7	Homo sapiens	Encontrado	https://alphafold.ebi.ac.uk/entry/Q8WWI1
LMO7	missense_variant		770966693						Q8WWI1	LIM domain only protein 7	Homo sapiens	Encontrado	https://alphafold.ebi.ac.uk/entry/Q8WWI1
LMO7	missense_variant		771059322						Q8WWI1	LIM domain only protein 7	Homo sapiens	Encontrado	https://alphafold.ebi.ac.uk/entry/Q8WWI1
LMO7	missense_variant		771102599						Q8WWI1	LIM domain only protein 7	Homo sapiens	Encontrado	https://alphafold.ebi.ac.uk/entry/Q8WWI1
LMO7	missense_variant		771258809						Q8WWI1	LIM domain only protein 7	Homo sapiens	Encontrado	https://alphafold.ebi.ac.uk/entry/Q8WWI1
LMO7	missense_variant	uncertain significance	771439389						Q8WWI1	LIM domain only protein 7	Homo sapiens	Encontrado	https://alphafold.ebi.ac.uk/entry/Q8WWI1
LMO7	missense_variant		771519338						Q8WWI1	LIM domain only protein 7	Homo sapiens	Encontrado	https://alphafold.ebi.ac.uk/entry/Q8WWI1
LMO7	missense_variant		771546387						Q8WWI1	LIM domain only protein 7	Homo sapiens	Encontrado	https://alphafold.ebi.ac.uk/entry/Q8WWI1
LMO7	missense_variant		771607927						Q8WWI1	LIM domain only protein 7	Homo sapiens	Encontrado	https://alphafold.ebi.ac.uk/entry/Q8WWI1
LMO7	missense_variant		771860629						Q8WWI1	LIM domain only protein 7	Homo sapiens	Encontrado	https://alphafold.ebi.ac.uk/entry/Q8WWI1
LMO7	missense_variant		771986895						Q8WWI1	LIM domain only protein 7	Homo sapiens	Encontrado	https://alphafold.ebi.ac.uk/entry/Q8WWI1
LMO7	missense_variant		772041632						Q8WWI1	LIM domain only protein 7	Homo sapiens	Encontrado	https://alphafold.ebi.ac.uk/entry/Q8WWI1
LMO7	missense_variant		772131674						Q8WWI1	LIM domain only protein 7	Homo sapiens	Encontrado	https://alphafold.ebi.ac.uk/entry/Q8WWI1
LMO7	missense_variant		772139636						Q8WWI1	LIM domain only protein 7	Homo sapiens	Encontrado	https://alphafold.ebi.ac.uk/entry/Q8WWI1
LMO7	missense_variant	uncertain significance	772186829						Q8WWI1	LIM domain only protein 7	Homo sapiens	Encontrado	https://alphafold.ebi.ac.uk/entry/Q8WWI1
LMO7	missense_variant		772210415						Q8WWI1	LIM domain only protein 7	Homo sapiens	Encontrado	https://alphafold.ebi.ac.uk/entry/Q8WWI1
LMO7	missense_variant		772227775						Q8WWI1	LIM domain only protein 7	Homo sapiens	Encontrado	https://alphafold.ebi.ac.uk/entry/Q8WWI1
LMO7	missense_variant		772273274						Q8WWI1	LIM domain only protein 7	Homo sapiens	Encontrado	https://alphafold.ebi.ac.uk/entry/Q8WWI1
LMO7	missense_variant		772313811						Q8WWI1	LIM domain only protein 7	Homo sapiens	Encontrado	https://alphafold.ebi.ac.uk/entry/Q8WWI1
LMO7	missense_variant		772333699						Q8WWI1	LIM domain only protein 7	Homo sapiens	Encontrado	https://alphafold.ebi.ac.uk/entry/Q8WWI1
LMO7	missense_variant		772389981						Q8WWI1	LIM domain only protein 7	Homo sapiens	Encontrado	https://alphafold.ebi.ac.uk/entry/Q8WWI1
LMO7	missense_variant		772468919						Q8WWI1	LIM domain only protein 7	Homo sapiens	Encontrado	https://alphafold.ebi.ac.uk/entry/Q8WWI1
LMO7	missense_variant		772867604						Q8WWI1	LIM domain only protein 7	Homo sapiens	Encontrado	https://alphafold.ebi.ac.uk/entry/Q8WWI1
LMO7	missense_variant	uncertain significance	772897356						Q8WWI1	LIM domain only protein 7	Homo sapiens	Encontrado	https://alphafold.ebi.ac.uk/entry/Q8WWI1
LMO7	missense_variant		773027687						Q8WWI1	LIM domain only protein 7	Homo sapiens	Encontrado	https://alphafold.ebi.ac.uk/entry/Q8WWI1
LMO7	missense_variant	uncertain significance	773114721						Q8WWI1	LIM domain only protein 7	Homo sapiens	Encontrado	https://alphafold.ebi.ac.uk/entry/Q8WWI1
LMO7	missense_variant		773205412						Q8WWI1	LIM domain only protein 7	Homo sapiens	Encontrado	https://alphafold.ebi.ac.uk/entry/Q8WWI1
LMO7	missense_variant		773226211						Q8WWI1	LIM domain only protein 7	Homo sapiens	Encontrado	https://alphafold.ebi.ac.uk/entry/Q8WWI1
LMO7	missense_variant		773243656						Q8WWI1	LIM domain only protein 7	Homo sapiens	Encontrado	https://alphafold.ebi.ac.uk/entry/Q8WWI1
LMO7	missense_variant		773245388						Q8WWI1	LIM domain only protein 7	Homo sapiens	Encontrado	https://alphafold.ebi.ac.uk/entry/Q8WWI1
LMO7	missense_variant		773245524						Q8WWI1	LIM domain only protein 7	Homo sapiens	Encontrado	https://alphafold.ebi.ac.uk/entry/Q8WWI1
LMO7	missense_variant		773431951						Q8WWI1	LIM domain only protein 7	Homo sapiens	Encontrado	https://alphafold.ebi.ac.uk/entry/Q8WWI1
LMO7	missense_variant		773488909						Q8WWI1	LIM domain only protein 7	Homo sapiens	Encontrado	https://alphafold.ebi.ac.uk/entry/Q8WWI1
LMO7	missense_variant		773606819						Q8WWI1	LIM domain only protein 7	Homo sapiens	Encontrado	https://alphafold.ebi.ac.uk/entry/Q8WWI1
LMO7	missense_variant	uncertain significance	773723066						Q8WWI1	LIM domain only protein 7	Homo sapiens	Encontrado	https://alphafold.ebi.ac.uk/entry/Q8WWI1
LMO7	missense_variant		773782516						Q8WWI1	LIM domain only protein 7	Homo sapiens	Encontrado	https://alphafold.ebi.ac.uk/entry/Q8WWI1
LMO7	missense_variant		773901880						Q8WWI1	LIM domain only protein 7	Homo sapiens	Encontrado	https://alphafold.ebi.ac.uk/entry/Q8WWI1
LMO7	missense_variant		773920440						Q8WWI1	LIM domain only protein 7	Homo sapiens	Encontrado	https://alphafold.ebi.ac.uk/entry/Q8WWI1
LMO7	missense_variant		774002607						Q8WWI1	LIM domain only protein 7	Homo sapiens	Encontrado	https://alphafold.ebi.ac.uk/entry/Q8WWI1
LMO7	missense_variant		774048028						Q8WWI1	LIM domain only protein 7	Homo sapiens	Encontrado	https://alphafold.ebi.ac.uk/entry/Q8WWI1
LMO7	missense_variant		774240349						Q8WWI1	LIM domain only protein 7	Homo sapiens	Encontrado	https://alphafold.ebi.ac.uk/entry/Q8WWI1
LMO7	missense_variant		774346567						Q8WWI1	LIM domain only protein 7	Homo sapiens	Encontrado	https://alphafold.ebi.ac.uk/entry/Q8WWI1
LMO7	missense_variant		774383306						Q8WWI1	LIM domain only protein 7	Homo sapiens	Encontrado	https://alphafold.ebi.ac.uk/entry/Q8WWI1
LMO7	missense_variant		774408164						Q8WWI1	LIM domain only protein 7	Homo sapiens	Encontrado	https://alphafold.ebi.ac.uk/entry/Q8WWI1
LMO7	missense_variant		774606799						Q8WWI1	LIM domain only protein 7	Homo sapiens	Encontrado	https://alphafold.ebi.ac.uk/entry/Q8WWI1
LMO7	missense_variant		774648026						Q8WWI1	LIM domain only protein 7	Homo sapiens	Encontrado	https://alphafold.ebi.ac.uk/entry/Q8WWI1
LMO7	missense_variant		774756205						Q8WWI1	LIM domain only protein 7	Homo sapiens	Encontrado	https://alphafold.ebi.ac.uk/entry/Q8WWI1
LMO7	missense_variant		774821080						Q8WWI1	LIM domain only protein 7	Homo sapiens	Encontrado	https://alphafold.ebi.ac.uk/entry/Q8WWI1
LMO7	missense_variant		774848818						Q8WWI1	LIM domain only protein 7	Homo sapiens	Encontrado	https://alphafold.ebi.ac.uk/entry/Q8WWI1
LMO7	missense_variant		774896315						Q8WWI1	LIM domain only protein 7	Homo sapiens	Encontrado	https://alphafold.ebi.ac.uk/entry/Q8WWI1
LMO7	missense_variant		774961142						Q8WWI1	LIM domain only protein 7	Homo sapiens	Encontrado	https://alphafold.ebi.ac.uk/entry/Q8WWI1
LMO7	missense_variant	uncertain significance	775037319						Q8WWI1	LIM domain only protein 7	Homo sapiens	Encontrado	https://alphafold.ebi.ac.uk/entry/Q8WWI1
LMO7	missense_variant		775046865						Q8WWI1	LIM domain only protein 7	Homo sapiens	Encontrado	https://alphafold.ebi.ac.uk/entry/Q8WWI1
LMO7	missense_variant		775143489						Q8WWI1	LIM domain only protein 7	Homo sapiens	Encontrado	https://alphafold.ebi.ac.uk/entry/Q8WWI1
LMO7	missense_variant		775165601						Q8WWI1	LIM domain only protein 7	Homo sapiens	Encontrado	https://alphafold.ebi.ac.uk/entry/Q8WWI1
LMO7	missense_variant		775209616						Q8WWI1	LIM domain only protein 7	Homo sapiens	Encontrado	https://alphafold.ebi.ac.uk/entry/Q8WWI1
LMO7	missense_variant		775303043						Q8WWI1	LIM domain only protein 7	Homo sapiens	Encontrado	https://alphafold.ebi.ac.uk/entry/Q8WWI1
LMO7	missense_variant		775340927						Q8WWI1	LIM domain only protein 7	Homo sapiens	Encontrado	https://alphafold.ebi.ac.uk/entry/Q8WWI1
LMO7	missense_variant		775456034						Q8WWI1	LIM domain only protein 7	Homo sapiens	Encontrado	https://alphafold.ebi.ac.uk/entry/Q8WWI1
LMO7	missense_variant	uncertain significance	775460867						Q8WWI1	LIM domain only protein 7	Homo sapiens	Encontrado	https://alphafold.ebi.ac.uk/entry/Q8WWI1
LMO7	missense_variant		775510856						Q8WWI1	LIM domain only protein 7	Homo sapiens	Encontrado	https://alphafold.ebi.ac.uk/entry/Q8WWI1
LMO7	missense_variant	uncertain significance	775620229						Q8WWI1	LIM domain only protein 7	Homo sapiens	Encontrado	https://alphafold.ebi.ac.uk/entry/Q8WWI1
LMO7	missense_variant		775633721						Q8WWI1	LIM domain only protein 7	Homo sapiens	Encontrado	https://alphafold.ebi.ac.uk/entry/Q8WWI1
LMO7	missense_variant		775657266						Q8WWI1	LIM domain only protein 7	Homo sapiens	Encontrado	https://alphafold.ebi.ac.uk/entry/Q8WWI1
LMO7	missense_variant		775862986						Q8WWI1	LIM domain only protein 7	Homo sapiens	Encontrado	https://alphafold.ebi.ac.uk/entry/Q8WWI1
LMO7	missense_variant		775927362						Q8WWI1	LIM domain only protein 7	Homo sapiens	Encontrado	https://alphafold.ebi.ac.uk/entry/Q8WWI1
LMO7	missense_variant	uncertain significance	775970006						Q8WWI1	LIM domain only protein 7	Homo sapiens	Encontrado	https://alphafold.ebi.ac.uk/entry/Q8WWI1
LMO7	missense_variant		775979040						Q8WWI1	LIM domain only protein 7	Homo sapiens	Encontrado	https://alphafold.ebi.ac.uk/entry/Q8WWI1
LMO7	missense_variant		776043309						Q8WWI1	LIM domain only protein 7	Homo sapiens	Encontrado	https://alphafold.ebi.ac.uk/entry/Q8WWI1
LMO7	missense_variant		776057984						Q8WWI1	LIM domain only protein 7	Homo sapiens	Encontrado	https://alphafold.ebi.ac.uk/entry/Q8WWI1
LMO7	missense_variant		776071632						Q8WWI1	LIM domain only protein 7	Homo sapiens	Encontrado	https://alphafold.ebi.ac.uk/entry/Q8WWI1
LMO7	missense_variant		776157558						Q8WWI1	LIM domain only protein 7	Homo sapiens	Encontrado	https://alphafold.ebi.ac.uk/entry/Q8WWI1
LMO7	missense_variant		776325790						Q8WWI1	LIM domain only protein 7	Homo sapiens	Encontrado	https://alphafold.ebi.ac.uk/entry/Q8WWI1
LMO7	missense_variant		776380308						Q8WWI1	LIM domain only protein 7	Homo sapiens	Encontrado	https://alphafold.ebi.ac.uk/entry/Q8WWI1
LMO7	missense_variant		776497581						Q8WWI1	LIM domain only protein 7	Homo sapiens	Encontrado	https://alphafold.ebi.ac.uk/entry/Q8WWI1
LMO7	missense_variant		776561433						Q8WWI1	LIM domain only protein 7	Homo sapiens	Encontrado	https://alphafold.ebi.ac.uk/entry/Q8WWI1
LMO7	missense_variant		776606883						Q8WWI1	LIM domain only protein 7	Homo sapiens	Encontrado	https://alphafold.ebi.ac.uk/entry/Q8WWI1
LMO7	missense_variant	uncertain significance	776727033						Q8WWI1	LIM domain only protein 7	Homo sapiens	Encontrado	https://alphafold.ebi.ac.uk/entry/Q8WWI1
LMO7	missense_variant		776852274						Q8WWI1	LIM domain only protein 7	Homo sapiens	Encontrado	https://alphafold.ebi.ac.uk/entry/Q8WWI1
LMO7	missense_variant		776869466						Q8WWI1	LIM domain only protein 7	Homo sapiens	Encontrado	https://alphafold.ebi.ac.uk/entry/Q8WWI1
LMO7	missense_variant		776990229						Q8WWI1	LIM domain only protein 7	Homo sapiens	Encontrado	https://alphafold.ebi.ac.uk/entry/Q8WWI1
LMO7	missense_variant		777006875						Q8WWI1	LIM domain only protein 7	Homo sapiens	Encontrado	https://alphafold.ebi.ac.uk/entry/Q8WWI1
LMO7	missense_variant		777103912						Q8WWI1	LIM domain only protein 7	Homo sapiens	Encontrado	https://alphafold.ebi.ac.uk/entry/Q8WWI1
LMO7	missense_variant		777219599						Q8WWI1	LIM domain only protein 7	Homo sapiens	Encontrado	https://alphafold.ebi.ac.uk/entry/Q8WWI1
LMO7	missense_variant		777224573						Q8WWI1	LIM domain only protein 7	Homo sapiens	Encontrado	https://alphafold.ebi.ac.uk/entry/Q8WWI1
LMO7	missense_variant		777411601						Q8WWI1	LIM domain only protein 7	Homo sapiens	Encontrado	https://alphafold.ebi.ac.uk/entry/Q8WWI1
LMO7	missense_variant		777512245						Q8WWI1	LIM domain only protein 7	Homo sapiens	Encontrado	https://alphafold.ebi.ac.uk/entry/Q8WWI1
LMO7	missense_variant		777517919						Q8WWI1	LIM domain only protein 7	Homo sapiens	Encontrado	https://alphafold.ebi.ac.uk/entry/Q8WWI1
LMO7	missense_variant		777879472						Q8WWI1	LIM domain only protein 7	Homo sapiens	Encontrado	https://alphafold.ebi.ac.uk/entry/Q8WWI1
LMO7	missense_variant		778149502						Q8WWI1	LIM domain only protein 7	Homo sapiens	Encontrado	https://alphafold.ebi.ac.uk/entry/Q8WWI1
LMO7	missense_variant		778170969						Q8WWI1	LIM domain only protein 7	Homo sapiens	Encontrado	https://alphafold.ebi.ac.uk/entry/Q8WWI1
LMO7	missense_variant		778397935						Q8WWI1	LIM domain only protein 7	Homo sapiens	Encontrado	https://alphafold.ebi.ac.uk/entry/Q8WWI1
LMO7	missense_variant		778608916						Q8WWI1	LIM domain only protein 7	Homo sapiens	Encontrado	https://alphafold.ebi.ac.uk/entry/Q8WWI1
LMO7	missense_variant	uncertain significance	778655233						Q8WWI1	LIM domain only protein 7	Homo sapiens	Encontrado	https://alphafold.ebi.ac.uk/entry/Q8WWI1
LMO7	missense_variant		778777383						Q8WWI1	LIM domain only protein 7	Homo sapiens	Encontrado	https://alphafold.ebi.ac.uk/entry/Q8WWI1
LMO7	missense_variant		778797848						Q8WWI1	LIM domain only protein 7	Homo sapiens	Encontrado	https://alphafold.ebi.ac.uk/entry/Q8WWI1
LMO7	missense_variant		778830245						Q8WWI1	LIM domain only protein 7	Homo sapiens	Encontrado	https://alphafold.ebi.ac.uk/entry/Q8WWI1
LMO7	missense_variant	uncertain significance	778989648						Q8WWI1	LIM domain only protein 7	Homo sapiens	Encontrado	https://alphafold.ebi.ac.uk/entry/Q8WWI1
LMO7	missense_variant		779165743						Q8WWI1	LIM domain only protein 7	Homo sapiens	Encontrado	https://alphafold.ebi.ac.uk/entry/Q8WWI1
LMO7	missense_variant		779194697						Q8WWI1	LIM domain only protein 7	Homo sapiens	Encontrado	https://alphafold.ebi.ac.uk/entry/Q8WWI1
LMO7	missense_variant		779291985						Q8WWI1	LIM domain only protein 7	Homo sapiens	Encontrado	https://alphafold.ebi.ac.uk/entry/Q8WWI1
LMO7	missense_variant		779300010						Q8WWI1	LIM domain only protein 7	Homo sapiens	Encontrado	https://alphafold.ebi.ac.uk/entry/Q8WWI1
LMO7	missense_variant		779322171						Q8WWI1	LIM domain only protein 7	Homo sapiens	Encontrado	https://alphafold.ebi.ac.uk/entry/Q8WWI1
LMO7	missense_variant	uncertain significance	779350017						Q8WWI1	LIM domain only protein 7	Homo sapiens	Encontrado	https://alphafold.ebi.ac.uk/entry/Q8WWI1
LMO7	missense_variant		779404038						Q8WWI1	LIM domain only protein 7	Homo sapiens	Encontrado	https://alphafold.ebi.ac.uk/entry/Q8WWI1
LMO7	missense_variant		779421667						Q8WWI1	LIM domain only protein 7	Homo sapiens	Encontrado	https://alphafold.ebi.ac.uk/entry/Q8WWI1
LMO7	missense_variant		779454839						Q8WWI1	LIM domain only protein 7	Homo sapiens	Encontrado	https://alphafold.ebi.ac.uk/entry/Q8WWI1
LMO7	missense_variant		779462944						Q8WWI1	LIM domain only protein 7	Homo sapiens	Encontrado	https://alphafold.ebi.ac.uk/entry/Q8WWI1
LMO7	missense_variant		779569020						Q8WWI1	LIM domain only protein 7	Homo sapiens	Encontrado	https://alphafold.ebi.ac.uk/entry/Q8WWI1
LMO7	missense_variant		779698772						Q8WWI1	LIM domain only protein 7	Homo sapiens	Encontrado	https://alphafold.ebi.ac.uk/entry/Q8WWI1
LMO7	missense_variant		779769550						Q8WWI1	LIM domain only protein 7	Homo sapiens	Encontrado	https://alphafold.ebi.ac.uk/entry/Q8WWI1
LMO7	missense_variant	uncertain significance	779802011						Q8WWI1	LIM domain only protein 7	Homo sapiens	Encontrado	https://alphafold.ebi.ac.uk/entry/Q8WWI1
LMO7	missense_variant	uncertain significance	779833440						Q8WWI1	LIM domain only protein 7	Homo sapiens	Encontrado	https://alphafold.ebi.ac.uk/entry/Q8WWI1
LMO7	missense_variant	uncertain significance	779907419						Q8WWI1	LIM domain only protein 7	Homo sapiens	Encontrado	https://alphafold.ebi.ac.uk/entry/Q8WWI1
LMO7	missense_variant		779936048						Q8WWI1	LIM domain only protein 7	Homo sapiens	Encontrado	https://alphafold.ebi.ac.uk/entry/Q8WWI1
LMO7	missense_variant	uncertain significance	779977216						Q8WWI1	LIM domain only protein 7	Homo sapiens	Encontrado	https://alphafold.ebi.ac.uk/entry/Q8WWI1
LMO7	missense_variant		779989728						Q8WWI1	LIM domain only protein 7	Homo sapiens	Encontrado	https://alphafold.ebi.ac.uk/entry/Q8WWI1
LMO7	missense_variant		780112310						Q8WWI1	LIM domain only protein 7	Homo sapiens	Encontrado	https://alphafold.ebi.ac.uk/entry/Q8WWI1
LMO7	missense_variant		780452298						Q8WWI1	LIM domain only protein 7	Homo sapiens	Encontrado	https://alphafold.ebi.ac.uk/entry/Q8WWI1
LMO7	missense_variant		780560352						Q8WWI1	LIM domain only protein 7	Homo sapiens	Encontrado	https://alphafold.ebi.ac.uk/entry/Q8WWI1
LMO7	missense_variant		780793731						Q8WWI1	LIM domain only protein 7	Homo sapiens	Encontrado	https://alphafold.ebi.ac.uk/entry/Q8WWI1
LMO7	missense_variant		780903939						Q8WWI1	LIM domain only protein 7	Homo sapiens	Encontrado	https://alphafold.ebi.ac.uk/entry/Q8WWI1
LMO7	missense_variant		780928944						Q8WWI1	LIM domain only protein 7	Homo sapiens	Encontrado	https://alphafold.ebi.ac.uk/entry/Q8WWI1
LMO7	missense_variant		780981096						Q8WWI1	LIM domain only protein 7	Homo sapiens	Encontrado	https://alphafold.ebi.ac.uk/entry/Q8WWI1
LMO7	missense_variant		781067358						Q8WWI1	LIM domain only protein 7	Homo sapiens	Encontrado	https://alphafold.ebi.ac.uk/entry/Q8WWI1
LMO7	missense_variant		781069841						Q8WWI1	LIM domain only protein 7	Homo sapiens	Encontrado	https://alphafold.ebi.ac.uk/entry/Q8WWI1
LMO7	missense_variant		781129453						Q8WWI1	LIM domain only protein 7	Homo sapiens	Encontrado	https://alphafold.ebi.ac.uk/entry/Q8WWI1
LMO7	missense_variant		781216120						Q8WWI1	LIM domain only protein 7	Homo sapiens	Encontrado	https://alphafold.ebi.ac.uk/entry/Q8WWI1
LMO7	missense_variant		781219107						Q8WWI1	LIM domain only protein 7	Homo sapiens	Encontrado	https://alphafold.ebi.ac.uk/entry/Q8WWI1
LMO7	missense_variant		781230506						Q8WWI1	LIM domain only protein 7	Homo sapiens	Encontrado	https://alphafold.ebi.ac.uk/entry/Q8WWI1
LMO7	missense_variant		781273729						Q8WWI1	LIM domain only protein 7	Homo sapiens	Encontrado	https://alphafold.ebi.ac.uk/entry/Q8WWI1
LMO7	missense_variant		781310467						Q8WWI1	LIM domain only protein 7	Homo sapiens	Encontrado	https://alphafold.ebi.ac.uk/entry/Q8WWI1
LMO7	missense_variant		781380282						Q8WWI1	LIM domain only protein 7	Homo sapiens	Encontrado	https://alphafold.ebi.ac.uk/entry/Q8WWI1
LMO7	missense_variant	uncertain significance	781391299						Q8WWI1	LIM domain only protein 7	Homo sapiens	Encontrado	https://alphafold.ebi.ac.uk/entry/Q8WWI1
LMO7	missense_variant		781671075						Q8WWI1	LIM domain only protein 7	Homo sapiens	Encontrado	https://alphafold.ebi.ac.uk/entry/Q8WWI1
LMO7	missense_variant		78174524						Q8WWI1	LIM domain only protein 7	Homo sapiens	Encontrado	https://alphafold.ebi.ac.uk/entry/Q8WWI1
LMO7	missense_variant		781769535						Q8WWI1	LIM domain only protein 7	Homo sapiens	Encontrado	https://alphafold.ebi.ac.uk/entry/Q8WWI1
LMO7	missense_variant		79585526						Q8WWI1	LIM domain only protein 7	Homo sapiens	Encontrado	https://alphafold.ebi.ac.uk/entry/Q8WWI1
LMO7	missense_variant	uncertain significance	796774332						Q8WWI1	LIM domain only protein 7	Homo sapiens	Encontrado	https://alphafold.ebi.ac.uk/entry/Q8WWI1
LMO7	missense_variant		7986131						Q8WWI1	LIM domain only protein 7	Homo sapiens	Encontrado	https://alphafold.ebi.ac.uk/entry/Q8WWI1
LMO7	missense_variant		7988661						Q8WWI1	LIM domain only protein 7	Homo sapiens	Encontrado	https://alphafold.ebi.ac.uk/entry/Q8WWI1
LMO7	missense_variant		7988841						Q8WWI1	LIM domain only protein 7	Homo sapiens	Encontrado	https://alphafold.ebi.ac.uk/entry/Q8WWI1
LMO7	missense_variant	uncertain significance	7998249						Q8WWI1	LIM domain only protein 7	Homo sapiens	Encontrado	https://alphafold.ebi.ac.uk/entry/Q8WWI1
LMO7	missense_variant		80038979						Q8WWI1	LIM domain only protein 7	Homo sapiens	Encontrado	https://alphafold.ebi.ac.uk/entry/Q8WWI1
LMO7	missense_variant		866541458						Q8WWI1	LIM domain only protein 7	Homo sapiens	Encontrado	https://alphafold.ebi.ac.uk/entry/Q8WWI1
LMO7	missense_variant		867193596						Q8WWI1	LIM domain only protein 7	Homo sapiens	Encontrado	https://alphafold.ebi.ac.uk/entry/Q8WWI1
LMO7	missense_variant		867722258						Q8WWI1	LIM domain only protein 7	Homo sapiens	Encontrado	https://alphafold.ebi.ac.uk/entry/Q8WWI1
LMO7	missense_variant		867817950						Q8WWI1	LIM domain only protein 7	Homo sapiens	Encontrado	https://alphafold.ebi.ac.uk/entry/Q8WWI1
LMO7	missense_variant		868454498						Q8WWI1	LIM domain only protein 7	Homo sapiens	Encontrado	https://alphafold.ebi.ac.uk/entry/Q8WWI1
LMO7	missense_variant		868671045						Q8WWI1	LIM domain only protein 7	Homo sapiens	Encontrado	https://alphafold.ebi.ac.uk/entry/Q8WWI1
LMO7	missense_variant		892170317						Q8WWI1	LIM domain only protein 7	Homo sapiens	Encontrado	https://alphafold.ebi.ac.uk/entry/Q8WWI1
LMO7	missense_variant		893437311						Q8WWI1	LIM domain only protein 7	Homo sapiens	Encontrado	https://alphafold.ebi.ac.uk/entry/Q8WWI1
LMO7	missense_variant		895100648						Q8WWI1	LIM domain only protein 7	Homo sapiens	Encontrado	https://alphafold.ebi.ac.uk/entry/Q8WWI1
LMO7	missense_variant		896822745						Q8WWI1	LIM domain only protein 7	Homo sapiens	Encontrado	https://alphafold.ebi.ac.uk/entry/Q8WWI1
LMO7	missense_variant		897555626						Q8WWI1	LIM domain only protein 7	Homo sapiens	Encontrado	https://alphafold.ebi.ac.uk/entry/Q8WWI1
LMO7	missense_variant		898379417						Q8WWI1	LIM domain only protein 7	Homo sapiens	Encontrado	https://alphafold.ebi.ac.uk/entry/Q8WWI1
LMO7	missense_variant		903044280						Q8WWI1	LIM domain only protein 7	Homo sapiens	Encontrado	https://alphafold.ebi.ac.uk/entry/Q8WWI1
LMO7	missense_variant		906146087						Q8WWI1	LIM domain only protein 7	Homo sapiens	Encontrado	https://alphafold.ebi.ac.uk/entry/Q8WWI1
LMO7	missense_variant		906883250						Q8WWI1	LIM domain only protein 7	Homo sapiens	Encontrado	https://alphafold.ebi.ac.uk/entry/Q8WWI1
LMO7	missense_variant		907049746						Q8WWI1	LIM domain only protein 7	Homo sapiens	Encontrado	https://alphafold.ebi.ac.uk/entry/Q8WWI1
LMO7	missense_variant		907898876						Q8WWI1	LIM domain only protein 7	Homo sapiens	Encontrado	https://alphafold.ebi.ac.uk/entry/Q8WWI1
LMO7	missense_variant		907973327						Q8WWI1	LIM domain only protein 7	Homo sapiens	Encontrado	https://alphafold.ebi.ac.uk/entry/Q8WWI1
LMO7	missense_variant		909276947						Q8WWI1	LIM domain only protein 7	Homo sapiens	Encontrado	https://alphafold.ebi.ac.uk/entry/Q8WWI1
LMO7	missense_variant		912333102						Q8WWI1	LIM domain only protein 7	Homo sapiens	Encontrado	https://alphafold.ebi.ac.uk/entry/Q8WWI1
LMO7	missense_variant		917734239						Q8WWI1	LIM domain only protein 7	Homo sapiens	Encontrado	https://alphafold.ebi.ac.uk/entry/Q8WWI1
LMO7	missense_variant		918189896						Q8WWI1	LIM domain only protein 7	Homo sapiens	Encontrado	https://alphafold.ebi.ac.uk/entry/Q8WWI1
LMO7	missense_variant		919789559						Q8WWI1	LIM domain only protein 7	Homo sapiens	Encontrado	https://alphafold.ebi.ac.uk/entry/Q8WWI1
LMO7	missense_variant		921237845						Q8WWI1	LIM domain only protein 7	Homo sapiens	Encontrado	https://alphafold.ebi.ac.uk/entry/Q8WWI1
LMO7	missense_variant		922167516						Q8WWI1	LIM domain only protein 7	Homo sapiens	Encontrado	https://alphafold.ebi.ac.uk/entry/Q8WWI1
LMO7	missense_variant		923558314						Q8WWI1	LIM domain only protein 7	Homo sapiens	Encontrado	https://alphafold.ebi.ac.uk/entry/Q8WWI1
LMO7	missense_variant		924947332						Q8WWI1	LIM domain only protein 7	Homo sapiens	Encontrado	https://alphafold.ebi.ac.uk/entry/Q8WWI1
LMO7	missense_variant		925730128						Q8WWI1	LIM domain only protein 7	Homo sapiens	Encontrado	https://alphafold.ebi.ac.uk/entry/Q8WWI1
LMO7	missense_variant		925743842						Q8WWI1	LIM domain only protein 7	Homo sapiens	Encontrado	https://alphafold.ebi.ac.uk/entry/Q8WWI1
LMO7	missense_variant		926048497						Q8WWI1	LIM domain only protein 7	Homo sapiens	Encontrado	https://alphafold.ebi.ac.uk/entry/Q8WWI1
LMO7	missense_variant		928708155						Q8WWI1	LIM domain only protein 7	Homo sapiens	Encontrado	https://alphafold.ebi.ac.uk/entry/Q8WWI1
LMO7	missense_variant		930034619						Q8WWI1	LIM domain only protein 7	Homo sapiens	Encontrado	https://alphafold.ebi.ac.uk/entry/Q8WWI1
LMO7	missense_variant		931185828						Q8WWI1	LIM domain only protein 7	Homo sapiens	Encontrado	https://alphafold.ebi.ac.uk/entry/Q8WWI1
LMO7	missense_variant		931889364						Q8WWI1	LIM domain only protein 7	Homo sapiens	Encontrado	https://alphafold.ebi.ac.uk/entry/Q8WWI1
LMO7	missense_variant		932691128						Q8WWI1	LIM domain only protein 7	Homo sapiens	Encontrado	https://alphafold.ebi.ac.uk/entry/Q8WWI1
LMO7	missense_variant		938813336						Q8WWI1	LIM domain only protein 7	Homo sapiens	Encontrado	https://alphafold.ebi.ac.uk/entry/Q8WWI1
LMO7	missense_variant		939293028						Q8WWI1	LIM domain only protein 7	Homo sapiens	Encontrado	https://alphafold.ebi.ac.uk/entry/Q8WWI1
LMO7	missense_variant		940108970						Q8WWI1	LIM domain only protein 7	Homo sapiens	Encontrado	https://alphafold.ebi.ac.uk/entry/Q8WWI1
LMO7	missense_variant		940864665						Q8WWI1	LIM domain only protein 7	Homo sapiens	Encontrado	https://alphafold.ebi.ac.uk/entry/Q8WWI1
LMO7	missense_variant		943267611						Q8WWI1	LIM domain only protein 7	Homo sapiens	Encontrado	https://alphafold.ebi.ac.uk/entry/Q8WWI1
LMO7	missense_variant	uncertain significance	943901736						Q8WWI1	LIM domain only protein 7	Homo sapiens	Encontrado	https://alphafold.ebi.ac.uk/entry/Q8WWI1
LMO7	missense_variant		944475219						Q8WWI1	LIM domain only protein 7	Homo sapiens	Encontrado	https://alphafold.ebi.ac.uk/entry/Q8WWI1
LMO7	missense_variant		945313677						Q8WWI1	LIM domain only protein 7	Homo sapiens	Encontrado	https://alphafold.ebi.ac.uk/entry/Q8WWI1
LMO7	missense_variant		947839353						Q8WWI1	LIM domain only protein 7	Homo sapiens	Encontrado	https://alphafold.ebi.ac.uk/entry/Q8WWI1
LMO7	missense_variant		948549633						Q8WWI1	LIM domain only protein 7	Homo sapiens	Encontrado	https://alphafold.ebi.ac.uk/entry/Q8WWI1
LMO7	missense_variant		952098608						Q8WWI1	LIM domain only protein 7	Homo sapiens	Encontrado	https://alphafold.ebi.ac.uk/entry/Q8WWI1
LMO7	missense_variant		953104444						Q8WWI1	LIM domain only protein 7	Homo sapiens	Encontrado	https://alphafold.ebi.ac.uk/entry/Q8WWI1
LMO7	missense_variant		9593132						Q8WWI1	LIM domain only protein 7	Homo sapiens	Encontrado	https://alphafold.ebi.ac.uk/entry/Q8WWI1
LMO7	missense_variant	uncertain significance	962289502						Q8WWI1	LIM domain only protein 7	Homo sapiens	Encontrado	https://alphafold.ebi.ac.uk/entry/Q8WWI1
LMO7	missense_variant		964080367						Q8WWI1	LIM domain only protein 7	Homo sapiens	Encontrado	https://alphafold.ebi.ac.uk/entry/Q8WWI1
LMO7	missense_variant		966312714						Q8WWI1	LIM domain only protein 7	Homo sapiens	Encontrado	https://alphafold.ebi.ac.uk/entry/Q8WWI1
LMO7	missense_variant		975909226						Q8WWI1	LIM domain only protein 7	Homo sapiens	Encontrado	https://alphafold.ebi.ac.uk/entry/Q8WWI1
LMO7	missense_variant		978428378						Q8WWI1	LIM domain only protein 7	Homo sapiens	Encontrado	https://alphafold.ebi.ac.uk/entry/Q8WWI1
LMO7	missense_variant		979420441						Q8WWI1	LIM domain only protein 7	Homo sapiens	Encontrado	https://alphafold.ebi.ac.uk/entry/Q8WWI1
LMO7	missense_variant		982874449						Q8WWI1	LIM domain only protein 7	Homo sapiens	Encontrado	https://alphafold.ebi.ac.uk/entry/Q8WWI1
LMO7	missense_variant		985709193						Q8WWI1	LIM domain only protein 7	Homo sapiens	Encontrado	https://alphafold.ebi.ac.uk/entry/Q8WWI1
LMO7	missense_variant		987837205						Q8WWI1	LIM domain only protein 7	Homo sapiens	Encontrado	https://alphafold.ebi.ac.uk/entry/Q8WWI1
LMO7	missense_variant		988665401						Q8WWI1	LIM domain only protein 7	Homo sapiens	Encontrado	https://alphafold.ebi.ac.uk/entry/Q8WWI1
LMO7	missense_variant		994370057						Q8WWI1	LIM domain only protein 7	Homo sapiens	Encontrado	https://alphafold.ebi.ac.uk/entry/Q8WWI1
LMO7	missense_variant		995914220						Q8WWI1	LIM domain only protein 7	Homo sapiens	Encontrado	https://alphafold.ebi.ac.uk/entry/Q8WWI1
LMO7	missense_variant	uncertain significance	999383281						Q8WWI1	LIM domain only protein 7	Homo sapiens	Encontrado	https://alphafold.ebi.ac.uk/entry/Q8WWI1
