Gene	Consequencia	Significancia_Clinica	rs_key	UniProt_ID	rsID_dbSNP	Proteina_Mudanca	AlphaMissense_Score	AlphaMissense_Classificacao	ID_UniProt	Nome_Proteina	Organismo	Status	Link_AlphaFold
PLG	missense_variant	uncertain significance	1003565868	P00747	rs1003565868	A719S	0.701		P00747	Plasminogen	Homo sapiens	Encontrado	https://alphafold.ebi.ac.uk/entry/P00747
PLG	missense_variant	uncertain significance	1003565868	P00747	rs1003565868	A719S	0.03		P00747	Plasminogen	Homo sapiens	Encontrado	https://alphafold.ebi.ac.uk/entry/P00747
PLG	missense_variant	uncertain significance	1003565868	P00747	rs1003565868	A719S	0.612		P00747	Plasminogen	Homo sapiens	Encontrado	https://alphafold.ebi.ac.uk/entry/P00747
PLG	missense_variant	uncertain significance	1003565868	P00747	rs1003565868	A719S	0.01		P00747	Plasminogen	Homo sapiens	Encontrado	https://alphafold.ebi.ac.uk/entry/P00747
PLG	missense_variant		1005601491						P00747	Plasminogen	Homo sapiens	Encontrado	https://alphafold.ebi.ac.uk/entry/P00747
PLG	missense_variant	uncertain significance, likely benign	1007104964						P00747	Plasminogen	Homo sapiens	Encontrado	https://alphafold.ebi.ac.uk/entry/P00747
PLG	missense_variant		1009950355						P00747	Plasminogen	Homo sapiens	Encontrado	https://alphafold.ebi.ac.uk/entry/P00747
PLG	missense_variant		1017097573						P00747	Plasminogen	Homo sapiens	Encontrado	https://alphafold.ebi.ac.uk/entry/P00747
PLG	missense_variant		1022436598						P00747	Plasminogen	Homo sapiens	Encontrado	https://alphafold.ebi.ac.uk/entry/P00747
PLG	missense_variant		1023266621						P00747	Plasminogen	Homo sapiens	Encontrado	https://alphafold.ebi.ac.uk/entry/P00747
PLG	missense_variant		1029044898						P00747	Plasminogen	Homo sapiens	Encontrado	https://alphafold.ebi.ac.uk/entry/P00747
PLG	missense_variant		1035024633	P00747	rs1035024633	A719V	0.277		P00747	Plasminogen	Homo sapiens	Encontrado	https://alphafold.ebi.ac.uk/entry/P00747
PLG	missense_variant		1035024633	P00747	rs1035024633	A719V	0.22		P00747	Plasminogen	Homo sapiens	Encontrado	https://alphafold.ebi.ac.uk/entry/P00747
PLG	missense_variant		1035024633	P00747	rs1035024633	A719V	0.205		P00747	Plasminogen	Homo sapiens	Encontrado	https://alphafold.ebi.ac.uk/entry/P00747
PLG	missense_variant		1035024633	P00747	rs1035024633	A719V	0.14		P00747	Plasminogen	Homo sapiens	Encontrado	https://alphafold.ebi.ac.uk/entry/P00747
PLG	missense_variant	uncertain significance	1037059284						P00747	Plasminogen	Homo sapiens	Encontrado	https://alphafold.ebi.ac.uk/entry/P00747
PLG	missense_variant		1040351872						P00747	Plasminogen	Homo sapiens	Encontrado	https://alphafold.ebi.ac.uk/entry/P00747
PLG	missense_variant	uncertain significance	1042346663						P00747	Plasminogen	Homo sapiens	Encontrado	https://alphafold.ebi.ac.uk/entry/P00747
PLG	missense_variant	uncertain significance	1043808323	P00747	rs1043808323	N788Y	0.413		P00747	Plasminogen	Homo sapiens	Encontrado	https://alphafold.ebi.ac.uk/entry/P00747
PLG	missense_variant	uncertain significance	1043808323	P00747	rs1043808323	N788Y	0.03		P00747	Plasminogen	Homo sapiens	Encontrado	https://alphafold.ebi.ac.uk/entry/P00747
PLG	missense_variant	uncertain significance	1049573						P00747	Plasminogen	Homo sapiens	Encontrado	https://alphafold.ebi.ac.uk/entry/P00747
PLG	missense_variant	uncertain significance	1050635507	P00747	rs1050635507	K528N	0.222		P00747	Plasminogen	Homo sapiens	Encontrado	https://alphafold.ebi.ac.uk/entry/P00747
PLG	missense_variant	uncertain significance	1050635507	P00747	rs1050635507	K528N	0.14		P00747	Plasminogen	Homo sapiens	Encontrado	https://alphafold.ebi.ac.uk/entry/P00747
PLG	missense_variant		1050859768						P00747	Plasminogen	Homo sapiens	Encontrado	https://alphafold.ebi.ac.uk/entry/P00747
PLG	missense_variant	uncertain significance	1051644668	P00747	rs1051644668	Q29P	0.136		P00747	Plasminogen	Homo sapiens	Encontrado	https://alphafold.ebi.ac.uk/entry/P00747
PLG	missense_variant	uncertain significance	1051644668	P00747	rs1051644668	Q29P	0.0		P00747	Plasminogen	Homo sapiens	Encontrado	https://alphafold.ebi.ac.uk/entry/P00747
PLG	missense_variant		1054291747						P00747	Plasminogen	Homo sapiens	Encontrado	https://alphafold.ebi.ac.uk/entry/P00747
PLG	missense_variant	benign	1130656						P00747	Plasminogen	Homo sapiens	Encontrado	https://alphafold.ebi.ac.uk/entry/P00747
PLG	missense_variant		1156634127						P00747	Plasminogen	Homo sapiens	Encontrado	https://alphafold.ebi.ac.uk/entry/P00747
PLG	missense_variant	uncertain significance	1157597692	P00747	rs1157597692	P265S	0.013		P00747	Plasminogen	Homo sapiens	Encontrado	https://alphafold.ebi.ac.uk/entry/P00747
PLG	missense_variant	uncertain significance	1157597692	P00747	rs1157597692	P265S	0.12		P00747	Plasminogen	Homo sapiens	Encontrado	https://alphafold.ebi.ac.uk/entry/P00747
PLG	missense_variant	uncertain significance	1157597692	P00747	rs1157597692	P265S	0.019		P00747	Plasminogen	Homo sapiens	Encontrado	https://alphafold.ebi.ac.uk/entry/P00747
PLG	missense_variant	uncertain significance	1157597692	P00747	rs1157597692	P265S	0.15		P00747	Plasminogen	Homo sapiens	Encontrado	https://alphafold.ebi.ac.uk/entry/P00747
PLG	missense_variant		1159797802						P00747	Plasminogen	Homo sapiens	Encontrado	https://alphafold.ebi.ac.uk/entry/P00747
PLG	missense_variant		1160237733						P00747	Plasminogen	Homo sapiens	Encontrado	https://alphafold.ebi.ac.uk/entry/P00747
PLG	missense_variant		1161974096						P00747	Plasminogen	Homo sapiens	Encontrado	https://alphafold.ebi.ac.uk/entry/P00747
PLG	missense_variant		1161983157						P00747	Plasminogen	Homo sapiens	Encontrado	https://alphafold.ebi.ac.uk/entry/P00747
PLG	missense_variant		1162726917						P00747	Plasminogen	Homo sapiens	Encontrado	https://alphafold.ebi.ac.uk/entry/P00747
PLG	missense_variant		1163231651						P00747	Plasminogen	Homo sapiens	Encontrado	https://alphafold.ebi.ac.uk/entry/P00747
PLG	missense_variant		1165160280						P00747	Plasminogen	Homo sapiens	Encontrado	https://alphafold.ebi.ac.uk/entry/P00747
PLG	missense_variant		1165555516						P00747	Plasminogen	Homo sapiens	Encontrado	https://alphafold.ebi.ac.uk/entry/P00747
PLG	missense_variant	benign	116573785	P00747	rs116573785	S460R	0.095		P00747	Plasminogen	Homo sapiens	Encontrado	https://alphafold.ebi.ac.uk/entry/P00747
PLG	missense_variant	benign	116573785	P00747	rs116573785	S460R	0.25		P00747	Plasminogen	Homo sapiens	Encontrado	https://alphafold.ebi.ac.uk/entry/P00747
PLG	missense_variant	uncertain significance	1166718485	P00747	rs1166718485	R239S	0.018		P00747	Plasminogen	Homo sapiens	Encontrado	https://alphafold.ebi.ac.uk/entry/P00747
PLG	missense_variant	uncertain significance	1166718485	P00747	rs1166718485	R239S	0.01		P00747	Plasminogen	Homo sapiens	Encontrado	https://alphafold.ebi.ac.uk/entry/P00747
PLG	missense_variant		1169384520						P00747	Plasminogen	Homo sapiens	Encontrado	https://alphafold.ebi.ac.uk/entry/P00747
PLG	missense_variant	uncertain significance	1169453533	P00747	rs1169453533	G714D	0.992		P00747	Plasminogen	Homo sapiens	Encontrado	https://alphafold.ebi.ac.uk/entry/P00747
PLG	missense_variant	uncertain significance	1169453533	P00747	rs1169453533	G714D	0.0		P00747	Plasminogen	Homo sapiens	Encontrado	https://alphafold.ebi.ac.uk/entry/P00747
PLG	missense_variant		1172563001						P00747	Plasminogen	Homo sapiens	Encontrado	https://alphafold.ebi.ac.uk/entry/P00747
PLG	missense_variant		1174183392						P00747	Plasminogen	Homo sapiens	Encontrado	https://alphafold.ebi.ac.uk/entry/P00747
PLG	missense_variant		1176311067						P00747	Plasminogen	Homo sapiens	Encontrado	https://alphafold.ebi.ac.uk/entry/P00747
PLG	missense_variant	uncertain significance	1177581207	P00747	rs1177581207	Q410K	0.005		P00747	Plasminogen	Homo sapiens	Encontrado	https://alphafold.ebi.ac.uk/entry/P00747
PLG	missense_variant	uncertain significance	1177581207	P00747	rs1177581207	Q410K	0.43		P00747	Plasminogen	Homo sapiens	Encontrado	https://alphafold.ebi.ac.uk/entry/P00747
PLG	missense_variant		1179334255						P00747	Plasminogen	Homo sapiens	Encontrado	https://alphafold.ebi.ac.uk/entry/P00747
PLG	missense_variant	uncertain significance	1179474632	P00747	rs1179474632	M482T	0.358		P00747	Plasminogen	Homo sapiens	Encontrado	https://alphafold.ebi.ac.uk/entry/P00747
PLG	missense_variant	uncertain significance	1179474632	P00747	rs1179474632	M482T	0.28		P00747	Plasminogen	Homo sapiens	Encontrado	https://alphafold.ebi.ac.uk/entry/P00747
PLG	missense_variant		1181367164						P00747	Plasminogen	Homo sapiens	Encontrado	https://alphafold.ebi.ac.uk/entry/P00747
PLG	missense_variant		1189622247						P00747	Plasminogen	Homo sapiens	Encontrado	https://alphafold.ebi.ac.uk/entry/P00747
PLG	missense_variant		1189990610						P00747	Plasminogen	Homo sapiens	Encontrado	https://alphafold.ebi.ac.uk/entry/P00747
PLG	missense_variant		1191471710						P00747	Plasminogen	Homo sapiens	Encontrado	https://alphafold.ebi.ac.uk/entry/P00747
PLG	missense_variant	uncertain significance	1193655028						P00747	Plasminogen	Homo sapiens	Encontrado	https://alphafold.ebi.ac.uk/entry/P00747
PLG	missense_variant		1195612891						P00747	Plasminogen	Homo sapiens	Encontrado	https://alphafold.ebi.ac.uk/entry/P00747
PLG	missense_variant		1196634490						P00747	Plasminogen	Homo sapiens	Encontrado	https://alphafold.ebi.ac.uk/entry/P00747
PLG	missense_variant		1199347313						P00747	Plasminogen	Homo sapiens	Encontrado	https://alphafold.ebi.ac.uk/entry/P00747
PLG	missense_variant	uncertain significance	1202259118	P00747	rs1202259118	T141I	0.194		P00747	Plasminogen	Homo sapiens	Encontrado	https://alphafold.ebi.ac.uk/entry/P00747
PLG	missense_variant	uncertain significance	1202259118	P00747	rs1202259118	T141I	0.02		P00747	Plasminogen	Homo sapiens	Encontrado	https://alphafold.ebi.ac.uk/entry/P00747
PLG	missense_variant		1208363713						P00747	Plasminogen	Homo sapiens	Encontrado	https://alphafold.ebi.ac.uk/entry/P00747
PLG	missense_variant		1208956621						P00747	Plasminogen	Homo sapiens	Encontrado	https://alphafold.ebi.ac.uk/entry/P00747
PLG	missense_variant		1210482855						P00747	Plasminogen	Homo sapiens	Encontrado	https://alphafold.ebi.ac.uk/entry/P00747
PLG	missense_variant		1212778525						P00747	Plasminogen	Homo sapiens	Encontrado	https://alphafold.ebi.ac.uk/entry/P00747
PLG	missense_variant	uncertain significance, benign, likely benign, pathogenic	121918027						P00747	Plasminogen	Homo sapiens	Encontrado	https://alphafold.ebi.ac.uk/entry/P00747
PLG	missense_variant	pathogenic	121918028						P00747	Plasminogen	Homo sapiens	Encontrado	https://alphafold.ebi.ac.uk/entry/P00747
PLG	missense_variant	pathogenic	121918029						P00747	Plasminogen	Homo sapiens	Encontrado	https://alphafold.ebi.ac.uk/entry/P00747
PLG	missense_variant	pathogenic	121918030						P00747	Plasminogen	Homo sapiens	Encontrado	https://alphafold.ebi.ac.uk/entry/P00747
PLG	missense_variant	uncertain significance, pathogenic	121918033						P00747	Plasminogen	Homo sapiens	Encontrado	https://alphafold.ebi.ac.uk/entry/P00747
PLG	missense_variant		1221561439						P00747	Plasminogen	Homo sapiens	Encontrado	https://alphafold.ebi.ac.uk/entry/P00747
PLG	missense_variant		1221648749						P00747	Plasminogen	Homo sapiens	Encontrado	https://alphafold.ebi.ac.uk/entry/P00747
PLG	missense_variant		1221707771						P00747	Plasminogen	Homo sapiens	Encontrado	https://alphafold.ebi.ac.uk/entry/P00747
PLG	missense_variant		1223522211						P00747	Plasminogen	Homo sapiens	Encontrado	https://alphafold.ebi.ac.uk/entry/P00747
PLG	missense_variant		1228035650						P00747	Plasminogen	Homo sapiens	Encontrado	https://alphafold.ebi.ac.uk/entry/P00747
PLG	missense_variant		1228855762						P00747	Plasminogen	Homo sapiens	Encontrado	https://alphafold.ebi.ac.uk/entry/P00747
PLG	missense_variant	likely benign	1230107747						P00747	Plasminogen	Homo sapiens	Encontrado	https://alphafold.ebi.ac.uk/entry/P00747
PLG	missense_variant		1232305777	P00747	rs1232305777	I803T	0.984		P00747	Plasminogen	Homo sapiens	Encontrado	https://alphafold.ebi.ac.uk/entry/P00747
PLG	missense_variant		1232305777	P00747	rs1232305777	I803T	0.0		P00747	Plasminogen	Homo sapiens	Encontrado	https://alphafold.ebi.ac.uk/entry/P00747
PLG	missense_variant		1232305777	P00747	rs1232305777	I803T	0.998		P00747	Plasminogen	Homo sapiens	Encontrado	https://alphafold.ebi.ac.uk/entry/P00747
PLG	missense_variant		1232305777	P00747	rs1232305777	I803T	0.01		P00747	Plasminogen	Homo sapiens	Encontrado	https://alphafold.ebi.ac.uk/entry/P00747
PLG	missense_variant	uncertain significance	1235641340	P00747	rs1235641340	P162L	0.987		P00747	Plasminogen	Homo sapiens	Encontrado	https://alphafold.ebi.ac.uk/entry/P00747
PLG	missense_variant	uncertain significance	1235641340	P00747	rs1235641340	P162L	0.0		P00747	Plasminogen	Homo sapiens	Encontrado	https://alphafold.ebi.ac.uk/entry/P00747
PLG	missense_variant	uncertain significance	1237212056						P00747	Plasminogen	Homo sapiens	Encontrado	https://alphafold.ebi.ac.uk/entry/P00747
PLG	missense_variant		1237479945	P00747	rs1237479945	G709S	0.995		P00747	Plasminogen	Homo sapiens	Encontrado	https://alphafold.ebi.ac.uk/entry/P00747
PLG	missense_variant		1237479945	P00747	rs1237479945	G709S	0.0		P00747	Plasminogen	Homo sapiens	Encontrado	https://alphafold.ebi.ac.uk/entry/P00747
PLG	missense_variant		1237479945	P00747	rs1237479945	G709S	0.985		P00747	Plasminogen	Homo sapiens	Encontrado	https://alphafold.ebi.ac.uk/entry/P00747
PLG	missense_variant		1237479945	P00747	rs1237479945	G709S	0.0		P00747	Plasminogen	Homo sapiens	Encontrado	https://alphafold.ebi.ac.uk/entry/P00747
PLG	missense_variant		1238042902						P00747	Plasminogen	Homo sapiens	Encontrado	https://alphafold.ebi.ac.uk/entry/P00747
PLG	missense_variant		1241291652						P00747	Plasminogen	Homo sapiens	Encontrado	https://alphafold.ebi.ac.uk/entry/P00747
PLG	missense_variant		1246019299	P00747	rs1246019299	E615K	0.021		P00747	Plasminogen	Homo sapiens	Encontrado	https://alphafold.ebi.ac.uk/entry/P00747
PLG	missense_variant		1246019299	P00747	rs1246019299	E615K	0.11		P00747	Plasminogen	Homo sapiens	Encontrado	https://alphafold.ebi.ac.uk/entry/P00747
PLG	missense_variant		1246019299	P00747	rs1246019299	E615K	0.028		P00747	Plasminogen	Homo sapiens	Encontrado	https://alphafold.ebi.ac.uk/entry/P00747
PLG	missense_variant		1246019299	P00747	rs1246019299	E615K	0.03		P00747	Plasminogen	Homo sapiens	Encontrado	https://alphafold.ebi.ac.uk/entry/P00747
PLG	missense_variant		1247349903						P00747	Plasminogen	Homo sapiens	Encontrado	https://alphafold.ebi.ac.uk/entry/P00747
PLG	missense_variant		1248996915						P00747	Plasminogen	Homo sapiens	Encontrado	https://alphafold.ebi.ac.uk/entry/P00747
PLG	missense_variant	uncertain significance	1252256392	P00747	rs1252256392	A431T	0.325		P00747	Plasminogen	Homo sapiens	Encontrado	https://alphafold.ebi.ac.uk/entry/P00747
PLG	missense_variant	uncertain significance	1252256392	P00747	rs1252256392	A431T	0.0		P00747	Plasminogen	Homo sapiens	Encontrado	https://alphafold.ebi.ac.uk/entry/P00747
PLG	missense_variant		1253275627						P00747	Plasminogen	Homo sapiens	Encontrado	https://alphafold.ebi.ac.uk/entry/P00747
PLG	missense_variant		1255238080	P00747	rs1255238080	N809D	0.0		P00747	Plasminogen	Homo sapiens	Encontrado	https://alphafold.ebi.ac.uk/entry/P00747
PLG	missense_variant		1255238080	P00747	rs1255238080	N809D	0.19		P00747	Plasminogen	Homo sapiens	Encontrado	https://alphafold.ebi.ac.uk/entry/P00747
PLG	missense_variant		1255238080	P00747	rs1255238080	N809D	0.003		P00747	Plasminogen	Homo sapiens	Encontrado	https://alphafold.ebi.ac.uk/entry/P00747
PLG	missense_variant		1255238080	P00747	rs1255238080	N809D	0.47		P00747	Plasminogen	Homo sapiens	Encontrado	https://alphafold.ebi.ac.uk/entry/P00747
PLG	missense_variant		1255650536						P00747	Plasminogen	Homo sapiens	Encontrado	https://alphafold.ebi.ac.uk/entry/P00747
PLG	missense_variant		1256331629						P00747	Plasminogen	Homo sapiens	Encontrado	https://alphafold.ebi.ac.uk/entry/P00747
PLG	missense_variant		1256849634						P00747	Plasminogen	Homo sapiens	Encontrado	https://alphafold.ebi.ac.uk/entry/P00747
PLG	missense_variant		1261821465	P00747	rs1261821465	R284C	0.994		P00747	Plasminogen	Homo sapiens	Encontrado	https://alphafold.ebi.ac.uk/entry/P00747
PLG	missense_variant		1261821465	P00747	rs1261821465	R284C	0.0		P00747	Plasminogen	Homo sapiens	Encontrado	https://alphafold.ebi.ac.uk/entry/P00747
PLG	missense_variant		1261821465	P00747	rs1261821465	R284C	0.999		P00747	Plasminogen	Homo sapiens	Encontrado	https://alphafold.ebi.ac.uk/entry/P00747
PLG	missense_variant		1261821465	P00747	rs1261821465	R284C	0.0		P00747	Plasminogen	Homo sapiens	Encontrado	https://alphafold.ebi.ac.uk/entry/P00747
PLG	missense_variant	uncertain significance	1262077328						P00747	Plasminogen	Homo sapiens	Encontrado	https://alphafold.ebi.ac.uk/entry/P00747
PLG	missense_variant		1264178560						P00747	Plasminogen	Homo sapiens	Encontrado	https://alphafold.ebi.ac.uk/entry/P00747
PLG	missense_variant		1269244223						P00747	Plasminogen	Homo sapiens	Encontrado	https://alphafold.ebi.ac.uk/entry/P00747
PLG	missense_variant		1272293625						P00747	Plasminogen	Homo sapiens	Encontrado	https://alphafold.ebi.ac.uk/entry/P00747
PLG	missense_variant		1272328144						P00747	Plasminogen	Homo sapiens	Encontrado	https://alphafold.ebi.ac.uk/entry/P00747
PLG	missense_variant		1272635597						P00747	Plasminogen	Homo sapiens	Encontrado	https://alphafold.ebi.ac.uk/entry/P00747
PLG	missense_variant		1276247151						P00747	Plasminogen	Homo sapiens	Encontrado	https://alphafold.ebi.ac.uk/entry/P00747
PLG	missense_variant		1280701256						P00747	Plasminogen	Homo sapiens	Encontrado	https://alphafold.ebi.ac.uk/entry/P00747
PLG	missense_variant		1281388937						P00747	Plasminogen	Homo sapiens	Encontrado	https://alphafold.ebi.ac.uk/entry/P00747
PLG	missense_variant		1281703061						P00747	Plasminogen	Homo sapiens	Encontrado	https://alphafold.ebi.ac.uk/entry/P00747
PLG	missense_variant	uncertain significance	1283157058						P00747	Plasminogen	Homo sapiens	Encontrado	https://alphafold.ebi.ac.uk/entry/P00747
PLG	missense_variant		1283788889						P00747	Plasminogen	Homo sapiens	Encontrado	https://alphafold.ebi.ac.uk/entry/P00747
PLG	missense_variant		1286073994						P00747	Plasminogen	Homo sapiens	Encontrado	https://alphafold.ebi.ac.uk/entry/P00747
PLG	missense_variant		1287616999						P00747	Plasminogen	Homo sapiens	Encontrado	https://alphafold.ebi.ac.uk/entry/P00747
PLG	missense_variant		1288548252						P00747	Plasminogen	Homo sapiens	Encontrado	https://alphafold.ebi.ac.uk/entry/P00747
PLG	missense_variant		1289270869						P00747	Plasminogen	Homo sapiens	Encontrado	https://alphafold.ebi.ac.uk/entry/P00747
PLG	missense_variant		1291392787						P00747	Plasminogen	Homo sapiens	Encontrado	https://alphafold.ebi.ac.uk/entry/P00747
PLG	missense_variant		1291818105						P00747	Plasminogen	Homo sapiens	Encontrado	https://alphafold.ebi.ac.uk/entry/P00747
PLG	missense_variant	uncertain significance	1292241977						P00747	Plasminogen	Homo sapiens	Encontrado	https://alphafold.ebi.ac.uk/entry/P00747
PLG	missense_variant		1295605722						P00747	Plasminogen	Homo sapiens	Encontrado	https://alphafold.ebi.ac.uk/entry/P00747
PLG	missense_variant		1296048001						P00747	Plasminogen	Homo sapiens	Encontrado	https://alphafold.ebi.ac.uk/entry/P00747
PLG	missense_variant		1296384450						P00747	Plasminogen	Homo sapiens	Encontrado	https://alphafold.ebi.ac.uk/entry/P00747
PLG	missense_variant		1298822690						P00747	Plasminogen	Homo sapiens	Encontrado	https://alphafold.ebi.ac.uk/entry/P00747
PLG	missense_variant		1300396789						P00747	Plasminogen	Homo sapiens	Encontrado	https://alphafold.ebi.ac.uk/entry/P00747
PLG	missense_variant		1301596905						P00747	Plasminogen	Homo sapiens	Encontrado	https://alphafold.ebi.ac.uk/entry/P00747
PLG	missense_variant		1301941248						P00747	Plasminogen	Homo sapiens	Encontrado	https://alphafold.ebi.ac.uk/entry/P00747
PLG	missense_variant		1303446376	P00747	rs1303446376	E205K	0.007		P00747	Plasminogen	Homo sapiens	Encontrado	https://alphafold.ebi.ac.uk/entry/P00747
PLG	missense_variant		1303446376	P00747	rs1303446376	E205K	0.38		P00747	Plasminogen	Homo sapiens	Encontrado	https://alphafold.ebi.ac.uk/entry/P00747
PLG	missense_variant		1303446376	P00747	rs1303446376	E205K	0.011		P00747	Plasminogen	Homo sapiens	Encontrado	https://alphafold.ebi.ac.uk/entry/P00747
PLG	missense_variant		1303446376	P00747	rs1303446376	E205K	0.23		P00747	Plasminogen	Homo sapiens	Encontrado	https://alphafold.ebi.ac.uk/entry/P00747
PLG	missense_variant		1303918420						P00747	Plasminogen	Homo sapiens	Encontrado	https://alphafold.ebi.ac.uk/entry/P00747
PLG	missense_variant		1305657652						P00747	Plasminogen	Homo sapiens	Encontrado	https://alphafold.ebi.ac.uk/entry/P00747
PLG	missense_variant		1305689118						P00747	Plasminogen	Homo sapiens	Encontrado	https://alphafold.ebi.ac.uk/entry/P00747
PLG	missense_variant		1307330101						P00747	Plasminogen	Homo sapiens	Encontrado	https://alphafold.ebi.ac.uk/entry/P00747
PLG	missense_variant		1309558304						P00747	Plasminogen	Homo sapiens	Encontrado	https://alphafold.ebi.ac.uk/entry/P00747
PLG	missense_variant		1312399602						P00747	Plasminogen	Homo sapiens	Encontrado	https://alphafold.ebi.ac.uk/entry/P00747
PLG	missense_variant		1312706315						P00747	Plasminogen	Homo sapiens	Encontrado	https://alphafold.ebi.ac.uk/entry/P00747
PLG	missense_variant		1316052493						P00747	Plasminogen	Homo sapiens	Encontrado	https://alphafold.ebi.ac.uk/entry/P00747
PLG	missense_variant		1316958127						P00747	Plasminogen	Homo sapiens	Encontrado	https://alphafold.ebi.ac.uk/entry/P00747
PLG	missense_variant		1319600834						P00747	Plasminogen	Homo sapiens	Encontrado	https://alphafold.ebi.ac.uk/entry/P00747
PLG	missense_variant		1320407712	P00747	rs1320407712	G146R	0.984		P00747	Plasminogen	Homo sapiens	Encontrado	https://alphafold.ebi.ac.uk/entry/P00747
PLG	missense_variant		1320407712	P00747	rs1320407712	G146R	0.0		P00747	Plasminogen	Homo sapiens	Encontrado	https://alphafold.ebi.ac.uk/entry/P00747
PLG	missense_variant		1320407712	P00747	rs1320407712	G146R	0.974		P00747	Plasminogen	Homo sapiens	Encontrado	https://alphafold.ebi.ac.uk/entry/P00747
PLG	missense_variant		1320407712	P00747	rs1320407712	G146R	0.0		P00747	Plasminogen	Homo sapiens	Encontrado	https://alphafold.ebi.ac.uk/entry/P00747
PLG	missense_variant	uncertain significance	1322872399						P00747	Plasminogen	Homo sapiens	Encontrado	https://alphafold.ebi.ac.uk/entry/P00747
PLG	missense_variant		1322996384						P00747	Plasminogen	Homo sapiens	Encontrado	https://alphafold.ebi.ac.uk/entry/P00747
PLG	missense_variant		1323624812						P00747	Plasminogen	Homo sapiens	Encontrado	https://alphafold.ebi.ac.uk/entry/P00747
PLG	missense_variant		1324182062						P00747	Plasminogen	Homo sapiens	Encontrado	https://alphafold.ebi.ac.uk/entry/P00747
PLG	missense_variant		1324283833						P00747	Plasminogen	Homo sapiens	Encontrado	https://alphafold.ebi.ac.uk/entry/P00747
PLG	missense_variant		1324350158						P00747	Plasminogen	Homo sapiens	Encontrado	https://alphafold.ebi.ac.uk/entry/P00747
PLG	missense_variant		1330682622						P00747	Plasminogen	Homo sapiens	Encontrado	https://alphafold.ebi.ac.uk/entry/P00747
PLG	missense_variant		1332712628						P00747	Plasminogen	Homo sapiens	Encontrado	https://alphafold.ebi.ac.uk/entry/P00747
PLG	missense_variant		1333040061						P00747	Plasminogen	Homo sapiens	Encontrado	https://alphafold.ebi.ac.uk/entry/P00747
PLG	missense_variant	uncertain significance	1333528760	P00747	rs1333528760	V473A	0.0		P00747	Plasminogen	Homo sapiens	Encontrado	https://alphafold.ebi.ac.uk/entry/P00747
PLG	missense_variant	uncertain significance	1333528760	P00747	rs1333528760	V473A	0.62		P00747	Plasminogen	Homo sapiens	Encontrado	https://alphafold.ebi.ac.uk/entry/P00747
PLG	missense_variant		1337792154						P00747	Plasminogen	Homo sapiens	Encontrado	https://alphafold.ebi.ac.uk/entry/P00747
PLG	missense_variant		1338042369						P00747	Plasminogen	Homo sapiens	Encontrado	https://alphafold.ebi.ac.uk/entry/P00747
PLG	missense_variant	uncertain significance	1339857891	P00747	rs1339857891	V6M	0.372		P00747	Plasminogen	Homo sapiens	Encontrado	https://alphafold.ebi.ac.uk/entry/P00747
PLG	missense_variant	uncertain significance	1339857891	P00747	rs1339857891	V6M	0.13		P00747	Plasminogen	Homo sapiens	Encontrado	https://alphafold.ebi.ac.uk/entry/P00747
PLG	missense_variant		1342003791						P00747	Plasminogen	Homo sapiens	Encontrado	https://alphafold.ebi.ac.uk/entry/P00747
PLG	missense_variant		1342038607						P00747	Plasminogen	Homo sapiens	Encontrado	https://alphafold.ebi.ac.uk/entry/P00747
PLG	missense_variant		1342159858						P00747	Plasminogen	Homo sapiens	Encontrado	https://alphafold.ebi.ac.uk/entry/P00747
PLG	missense_variant		1343563307						P00747	Plasminogen	Homo sapiens	Encontrado	https://alphafold.ebi.ac.uk/entry/P00747
PLG	missense_variant		1344834500						P00747	Plasminogen	Homo sapiens	Encontrado	https://alphafold.ebi.ac.uk/entry/P00747
PLG	missense_variant	uncertain significance	1350365768						P00747	Plasminogen	Homo sapiens	Encontrado	https://alphafold.ebi.ac.uk/entry/P00747
PLG	missense_variant		1350996334						P00747	Plasminogen	Homo sapiens	Encontrado	https://alphafold.ebi.ac.uk/entry/P00747
PLG	missense_variant		1351685222						P00747	Plasminogen	Homo sapiens	Encontrado	https://alphafold.ebi.ac.uk/entry/P00747
PLG	missense_variant		1353611375	P00747	rs1353611375	E240G	0.894		P00747	Plasminogen	Homo sapiens	Encontrado	https://alphafold.ebi.ac.uk/entry/P00747
PLG	missense_variant		1353611375	P00747	rs1353611375	E240G	0.0		P00747	Plasminogen	Homo sapiens	Encontrado	https://alphafold.ebi.ac.uk/entry/P00747
PLG	missense_variant		1353611375	P00747	rs1353611375	E240G	0.978		P00747	Plasminogen	Homo sapiens	Encontrado	https://alphafold.ebi.ac.uk/entry/P00747
PLG	missense_variant		1353611375	P00747	rs1353611375	E240G	0.01		P00747	Plasminogen	Homo sapiens	Encontrado	https://alphafold.ebi.ac.uk/entry/P00747
PLG	missense_variant		1354335535						P00747	Plasminogen	Homo sapiens	Encontrado	https://alphafold.ebi.ac.uk/entry/P00747
PLG	missense_variant		1358874591						P00747	Plasminogen	Homo sapiens	Encontrado	https://alphafold.ebi.ac.uk/entry/P00747
PLG	missense_variant		1361692072						P00747	Plasminogen	Homo sapiens	Encontrado	https://alphafold.ebi.ac.uk/entry/P00747
PLG	missense_variant		1363441194						P00747	Plasminogen	Homo sapiens	Encontrado	https://alphafold.ebi.ac.uk/entry/P00747
PLG	missense_variant		1363922004						P00747	Plasminogen	Homo sapiens	Encontrado	https://alphafold.ebi.ac.uk/entry/P00747
PLG	missense_variant		1364071447						P00747	Plasminogen	Homo sapiens	Encontrado	https://alphafold.ebi.ac.uk/entry/P00747
PLG	missense_variant		1365231896						P00747	Plasminogen	Homo sapiens	Encontrado	https://alphafold.ebi.ac.uk/entry/P00747
PLG	missense_variant		1366356992						P00747	Plasminogen	Homo sapiens	Encontrado	https://alphafold.ebi.ac.uk/entry/P00747
PLG	missense_variant		1372558217						P00747	Plasminogen	Homo sapiens	Encontrado	https://alphafold.ebi.ac.uk/entry/P00747
PLG	missense_variant		1373200727						P00747	Plasminogen	Homo sapiens	Encontrado	https://alphafold.ebi.ac.uk/entry/P00747
PLG	missense_variant		1373540093						P00747	Plasminogen	Homo sapiens	Encontrado	https://alphafold.ebi.ac.uk/entry/P00747
PLG	missense_variant		1373648907						P00747	Plasminogen	Homo sapiens	Encontrado	https://alphafold.ebi.ac.uk/entry/P00747
PLG	missense_variant		1378508170						P00747	Plasminogen	Homo sapiens	Encontrado	https://alphafold.ebi.ac.uk/entry/P00747
PLG	missense_variant		1379409334						P00747	Plasminogen	Homo sapiens	Encontrado	https://alphafold.ebi.ac.uk/entry/P00747
PLG	missense_variant		1379955714						P00747	Plasminogen	Homo sapiens	Encontrado	https://alphafold.ebi.ac.uk/entry/P00747
PLG	missense_variant	uncertain significance	138011858	P00747	rs138011858	A507S	0.043		P00747	Plasminogen	Homo sapiens	Encontrado	https://alphafold.ebi.ac.uk/entry/P00747
PLG	missense_variant	uncertain significance	138011858	P00747	rs138011858	A507S	1.0		P00747	Plasminogen	Homo sapiens	Encontrado	https://alphafold.ebi.ac.uk/entry/P00747
PLG	missense_variant	uncertain significance	138051887	P00747	rs138051887	Q341H	0.065		P00747	Plasminogen	Homo sapiens	Encontrado	https://alphafold.ebi.ac.uk/entry/P00747
PLG	missense_variant	uncertain significance	138051887	P00747	rs138051887	Q341H	0.05		P00747	Plasminogen	Homo sapiens	Encontrado	https://alphafold.ebi.ac.uk/entry/P00747
PLG	missense_variant	uncertain significance	138051887	P00747	rs138051887	Q341H	0.044		P00747	Plasminogen	Homo sapiens	Encontrado	https://alphafold.ebi.ac.uk/entry/P00747
PLG	missense_variant	uncertain significance	138051887	P00747	rs138051887	Q341H	0.02		P00747	Plasminogen	Homo sapiens	Encontrado	https://alphafold.ebi.ac.uk/entry/P00747
PLG	missense_variant		1380916375						P00747	Plasminogen	Homo sapiens	Encontrado	https://alphafold.ebi.ac.uk/entry/P00747
PLG	missense_variant	uncertain significance	1382198611	P00747	rs1382198611	G329R	0.17		P00747	Plasminogen	Homo sapiens	Encontrado	https://alphafold.ebi.ac.uk/entry/P00747
PLG	missense_variant	uncertain significance	1382198611	P00747	rs1382198611	G329R	0.03		P00747	Plasminogen	Homo sapiens	Encontrado	https://alphafold.ebi.ac.uk/entry/P00747
PLG	missense_variant	uncertain significance	1382198611	P00747	rs1382198611	G329R	0.067		P00747	Plasminogen	Homo sapiens	Encontrado	https://alphafold.ebi.ac.uk/entry/P00747
PLG	missense_variant	uncertain significance	1382198611	P00747	rs1382198611	G329R	0.01		P00747	Plasminogen	Homo sapiens	Encontrado	https://alphafold.ebi.ac.uk/entry/P00747
PLG	missense_variant	uncertain significance	138242513						P00747	Plasminogen	Homo sapiens	Encontrado	https://alphafold.ebi.ac.uk/entry/P00747
PLG	missense_variant		138277465						P00747	Plasminogen	Homo sapiens	Encontrado	https://alphafold.ebi.ac.uk/entry/P00747
PLG	missense_variant	uncertain significance	138353396	P00747	rs138353396	K39Q	0.114		P00747	Plasminogen	Homo sapiens	Encontrado	https://alphafold.ebi.ac.uk/entry/P00747
PLG	missense_variant	uncertain significance	138353396	P00747	rs138353396	K39Q	0.81		P00747	Plasminogen	Homo sapiens	Encontrado	https://alphafold.ebi.ac.uk/entry/P00747
PLG	missense_variant		1386678949						P00747	Plasminogen	Homo sapiens	Encontrado	https://alphafold.ebi.ac.uk/entry/P00747
PLG	missense_variant		1387117714						P00747	Plasminogen	Homo sapiens	Encontrado	https://alphafold.ebi.ac.uk/entry/P00747
PLG	missense_variant	uncertain significance	138728014	P00747	rs138728014	G579R	0.296		P00747	Plasminogen	Homo sapiens	Encontrado	https://alphafold.ebi.ac.uk/entry/P00747
PLG	missense_variant	uncertain significance	138728014	P00747	rs138728014	G579R	0.0		P00747	Plasminogen	Homo sapiens	Encontrado	https://alphafold.ebi.ac.uk/entry/P00747
PLG	missense_variant		1389840330						P00747	Plasminogen	Homo sapiens	Encontrado	https://alphafold.ebi.ac.uk/entry/P00747
PLG	missense_variant	uncertain significance	139012522	P00747	rs139012522	T248I	0.136		P00747	Plasminogen	Homo sapiens	Encontrado	https://alphafold.ebi.ac.uk/entry/P00747
PLG	missense_variant	uncertain significance	139012522	P00747	rs139012522	T248I	0.01		P00747	Plasminogen	Homo sapiens	Encontrado	https://alphafold.ebi.ac.uk/entry/P00747
PLG	missense_variant	uncertain significance	139012522	P00747	rs139012522	T248I	0.176		P00747	Plasminogen	Homo sapiens	Encontrado	https://alphafold.ebi.ac.uk/entry/P00747
PLG	missense_variant	uncertain significance	139012522	P00747	rs139012522	T248I	0.0		P00747	Plasminogen	Homo sapiens	Encontrado	https://alphafold.ebi.ac.uk/entry/P00747
PLG	missense_variant		1390255719						P00747	Plasminogen	Homo sapiens	Encontrado	https://alphafold.ebi.ac.uk/entry/P00747
PLG	missense_variant		1390346255						P00747	Plasminogen	Homo sapiens	Encontrado	https://alphafold.ebi.ac.uk/entry/P00747
PLG	missense_variant	uncertain significance, likely benign	139071351	P00747	rs139071351	G420D	0.111		P00747	Plasminogen	Homo sapiens	Encontrado	https://alphafold.ebi.ac.uk/entry/P00747
PLG	missense_variant	uncertain significance, likely benign	139071351	P00747	rs139071351	G420D	1.0		P00747	Plasminogen	Homo sapiens	Encontrado	https://alphafold.ebi.ac.uk/entry/P00747
PLG	missense_variant		1391886247						P00747	Plasminogen	Homo sapiens	Encontrado	https://alphafold.ebi.ac.uk/entry/P00747
PLG	missense_variant		1392405082						P00747	Plasminogen	Homo sapiens	Encontrado	https://alphafold.ebi.ac.uk/entry/P00747
PLG	missense_variant	uncertain significance	139357983	P00747	rs139357983	T114M	0.971		P00747	Plasminogen	Homo sapiens	Encontrado	https://alphafold.ebi.ac.uk/entry/P00747
PLG	missense_variant	uncertain significance	139357983	P00747	rs139357983	T114M	0.07		P00747	Plasminogen	Homo sapiens	Encontrado	https://alphafold.ebi.ac.uk/entry/P00747
PLG	missense_variant	uncertain significance	139357983	P00747	rs139357983	T114M	0.955		P00747	Plasminogen	Homo sapiens	Encontrado	https://alphafold.ebi.ac.uk/entry/P00747
PLG	missense_variant	uncertain significance	139357983	P00747	rs139357983	T114M	0.05		P00747	Plasminogen	Homo sapiens	Encontrado	https://alphafold.ebi.ac.uk/entry/P00747
PLG	missense_variant	uncertain significance	1394466422	P00747	rs1394466422	D695E	0.01		P00747	Plasminogen	Homo sapiens	Encontrado	https://alphafold.ebi.ac.uk/entry/P00747
PLG	missense_variant	uncertain significance	1394466422	P00747	rs1394466422	D695E	0.08		P00747	Plasminogen	Homo sapiens	Encontrado	https://alphafold.ebi.ac.uk/entry/P00747
PLG	missense_variant		1397098781						P00747	Plasminogen	Homo sapiens	Encontrado	https://alphafold.ebi.ac.uk/entry/P00747
PLG	missense_variant	uncertain significance	139828885	P00747	rs139828885	Y165H	1.0		P00747	Plasminogen	Homo sapiens	Encontrado	https://alphafold.ebi.ac.uk/entry/P00747
PLG	missense_variant	uncertain significance	139828885	P00747	rs139828885	Y165H	0.0		P00747	Plasminogen	Homo sapiens	Encontrado	https://alphafold.ebi.ac.uk/entry/P00747
PLG	missense_variant		1398457672						P00747	Plasminogen	Homo sapiens	Encontrado	https://alphafold.ebi.ac.uk/entry/P00747
PLG	missense_variant	uncertain significance, likely benign	140537724	P00747	rs140537724	R490Q	0.953		P00747	Plasminogen	Homo sapiens	Encontrado	https://alphafold.ebi.ac.uk/entry/P00747
PLG	missense_variant	uncertain significance, likely benign	140537724	P00747	rs140537724	R490Q	0.03		P00747	Plasminogen	Homo sapiens	Encontrado	https://alphafold.ebi.ac.uk/entry/P00747
PLG	missense_variant		1406084073						P00747	Plasminogen	Homo sapiens	Encontrado	https://alphafold.ebi.ac.uk/entry/P00747
PLG	missense_variant		1406843665						P00747	Plasminogen	Homo sapiens	Encontrado	https://alphafold.ebi.ac.uk/entry/P00747
PLG	missense_variant		140789621						P00747	Plasminogen	Homo sapiens	Encontrado	https://alphafold.ebi.ac.uk/entry/P00747
PLG	missense_variant		1408106784						P00747	Plasminogen	Homo sapiens	Encontrado	https://alphafold.ebi.ac.uk/entry/P00747
PLG	missense_variant	uncertain significance	140970354	P00747	rs140970354	T500M	0.157		P00747	Plasminogen	Homo sapiens	Encontrado	https://alphafold.ebi.ac.uk/entry/P00747
PLG	missense_variant	uncertain significance	140970354	P00747	rs140970354	T500M	0.07		P00747	Plasminogen	Homo sapiens	Encontrado	https://alphafold.ebi.ac.uk/entry/P00747
PLG	missense_variant		141045811	P00747	rs141045811	D158N	0.592		P00747	Plasminogen	Homo sapiens	Encontrado	https://alphafold.ebi.ac.uk/entry/P00747
PLG	missense_variant		141045811	P00747	rs141045811	D158N	0.07		P00747	Plasminogen	Homo sapiens	Encontrado	https://alphafold.ebi.ac.uk/entry/P00747
PLG	missense_variant		141045811	P00747	rs141045811	D158N	0.323		P00747	Plasminogen	Homo sapiens	Encontrado	https://alphafold.ebi.ac.uk/entry/P00747
PLG	missense_variant		141045811	P00747	rs141045811	D158N	0.02		P00747	Plasminogen	Homo sapiens	Encontrado	https://alphafold.ebi.ac.uk/entry/P00747
PLG	missense_variant		1412139108						P00747	Plasminogen	Homo sapiens	Encontrado	https://alphafold.ebi.ac.uk/entry/P00747
PLG	missense_variant		1412369136						P00747	Plasminogen	Homo sapiens	Encontrado	https://alphafold.ebi.ac.uk/entry/P00747
PLG	missense_variant	uncertain significance	141284301	P00747	rs141284301	G106W	0.998		P00747	Plasminogen	Homo sapiens	Encontrado	https://alphafold.ebi.ac.uk/entry/P00747
PLG	missense_variant	uncertain significance	141284301	P00747	rs141284301	G106W	0.0		P00747	Plasminogen	Homo sapiens	Encontrado	https://alphafold.ebi.ac.uk/entry/P00747
PLG	missense_variant	uncertain significance	1413137211	P00747	rs1413137211	A524E	0.651		P00747	Plasminogen	Homo sapiens	Encontrado	https://alphafold.ebi.ac.uk/entry/P00747
PLG	missense_variant	uncertain significance	1413137211	P00747	rs1413137211	A524E	0.07		P00747	Plasminogen	Homo sapiens	Encontrado	https://alphafold.ebi.ac.uk/entry/P00747
PLG	missense_variant	uncertain significance	1413137211	P00747	rs1413137211	A524V	0.902		P00747	Plasminogen	Homo sapiens	Encontrado	https://alphafold.ebi.ac.uk/entry/P00747
PLG	missense_variant	uncertain significance	1413137211	P00747	rs1413137211	A524V	0.01		P00747	Plasminogen	Homo sapiens	Encontrado	https://alphafold.ebi.ac.uk/entry/P00747
PLG	missense_variant		1414167907						P00747	Plasminogen	Homo sapiens	Encontrado	https://alphafold.ebi.ac.uk/entry/P00747
PLG	missense_variant	uncertain significance	1414183737	P00747	rs1414183737	T707I	0.934		P00747	Plasminogen	Homo sapiens	Encontrado	https://alphafold.ebi.ac.uk/entry/P00747
PLG	missense_variant	uncertain significance	1414183737	P00747	rs1414183737	T707I	0.0		P00747	Plasminogen	Homo sapiens	Encontrado	https://alphafold.ebi.ac.uk/entry/P00747
PLG	missense_variant	uncertain significance	1414183737	P00747	rs1414183737	T707I	0.833		P00747	Plasminogen	Homo sapiens	Encontrado	https://alphafold.ebi.ac.uk/entry/P00747
PLG	missense_variant	uncertain significance	1414183737	P00747	rs1414183737	T707I	0.02		P00747	Plasminogen	Homo sapiens	Encontrado	https://alphafold.ebi.ac.uk/entry/P00747
PLG	missense_variant		1414789853						P00747	Plasminogen	Homo sapiens	Encontrado	https://alphafold.ebi.ac.uk/entry/P00747
PLG	missense_variant		1418948029						P00747	Plasminogen	Homo sapiens	Encontrado	https://alphafold.ebi.ac.uk/entry/P00747
PLG	missense_variant		1419415735						P00747	Plasminogen	Homo sapiens	Encontrado	https://alphafold.ebi.ac.uk/entry/P00747
PLG	missense_variant		1419759880						P00747	Plasminogen	Homo sapiens	Encontrado	https://alphafold.ebi.ac.uk/entry/P00747
PLG	missense_variant		142086839						P00747	Plasminogen	Homo sapiens	Encontrado	https://alphafold.ebi.ac.uk/entry/P00747
PLG	missense_variant	likely benign	1424400636						P00747	Plasminogen	Homo sapiens	Encontrado	https://alphafold.ebi.ac.uk/entry/P00747
PLG	missense_variant	uncertain significance	142551860	P00747	rs142551860	V676I	0.0		P00747	Plasminogen	Homo sapiens	Encontrado	https://alphafold.ebi.ac.uk/entry/P00747
PLG	missense_variant	uncertain significance	142551860	P00747	rs142551860	V676I	0.93		P00747	Plasminogen	Homo sapiens	Encontrado	https://alphafold.ebi.ac.uk/entry/P00747
PLG	missense_variant	uncertain significance	142565890	P00747	rs142565890	V462A	0.0		P00747	Plasminogen	Homo sapiens	Encontrado	https://alphafold.ebi.ac.uk/entry/P00747
PLG	missense_variant	uncertain significance	142565890	P00747	rs142565890	V462A	0.87		P00747	Plasminogen	Homo sapiens	Encontrado	https://alphafold.ebi.ac.uk/entry/P00747
PLG	missense_variant		142604256						P00747	Plasminogen	Homo sapiens	Encontrado	https://alphafold.ebi.ac.uk/entry/P00747
PLG	missense_variant	uncertain significance	142647215	P00747	rs142647215	R343W	0.993		P00747	Plasminogen	Homo sapiens	Encontrado	https://alphafold.ebi.ac.uk/entry/P00747
PLG	missense_variant	uncertain significance	142647215	P00747	rs142647215	R343W	0.0		P00747	Plasminogen	Homo sapiens	Encontrado	https://alphafold.ebi.ac.uk/entry/P00747
PLG	missense_variant	uncertain significance, likely benign	143034754	P00747	rs143034754	R253H	0.779		P00747	Plasminogen	Homo sapiens	Encontrado	https://alphafold.ebi.ac.uk/entry/P00747
PLG	missense_variant	uncertain significance, likely benign	143034754	P00747	rs143034754	R253H	0.0		P00747	Plasminogen	Homo sapiens	Encontrado	https://alphafold.ebi.ac.uk/entry/P00747
PLG	missense_variant	uncertain significance, benign	143079629	P00747	rs143079629	R89T	0.017		P00747	Plasminogen	Homo sapiens	Encontrado	https://alphafold.ebi.ac.uk/entry/P00747
PLG	missense_variant	uncertain significance, benign	143079629	P00747	rs143079629	R89T	1.0		P00747	Plasminogen	Homo sapiens	Encontrado	https://alphafold.ebi.ac.uk/entry/P00747
PLG	missense_variant	uncertain significance	1431132194						P00747	Plasminogen	Homo sapiens	Encontrado	https://alphafold.ebi.ac.uk/entry/P00747
PLG	missense_variant	uncertain significance	143256245	P00747	rs143256245	P169T	0.926		P00747	Plasminogen	Homo sapiens	Encontrado	https://alphafold.ebi.ac.uk/entry/P00747
PLG	missense_variant	uncertain significance	143256245	P00747	rs143256245	P169T	0.0		P00747	Plasminogen	Homo sapiens	Encontrado	https://alphafold.ebi.ac.uk/entry/P00747
PLG	missense_variant	uncertain significance	143256245	P00747	rs143256245	P169T	0.945		P00747	Plasminogen	Homo sapiens	Encontrado	https://alphafold.ebi.ac.uk/entry/P00747
PLG	missense_variant	uncertain significance	143256245	P00747	rs143256245	P169T	0.0		P00747	Plasminogen	Homo sapiens	Encontrado	https://alphafold.ebi.ac.uk/entry/P00747
PLG	missense_variant	uncertain significance	1432666633						P00747	Plasminogen	Homo sapiens	Encontrado	https://alphafold.ebi.ac.uk/entry/P00747
PLG	missense_variant		1435341698						P00747	Plasminogen	Homo sapiens	Encontrado	https://alphafold.ebi.ac.uk/entry/P00747
PLG	missense_variant		1435443096						P00747	Plasminogen	Homo sapiens	Encontrado	https://alphafold.ebi.ac.uk/entry/P00747
PLG	missense_variant		1436286560						P00747	Plasminogen	Homo sapiens	Encontrado	https://alphafold.ebi.ac.uk/entry/P00747
PLG	missense_variant		1442548621						P00747	Plasminogen	Homo sapiens	Encontrado	https://alphafold.ebi.ac.uk/entry/P00747
PLG	missense_variant		1442647032						P00747	Plasminogen	Homo sapiens	Encontrado	https://alphafold.ebi.ac.uk/entry/P00747
PLG	missense_variant		1444303715						P00747	Plasminogen	Homo sapiens	Encontrado	https://alphafold.ebi.ac.uk/entry/P00747
PLG	missense_variant		1444733120						P00747	Plasminogen	Homo sapiens	Encontrado	https://alphafold.ebi.ac.uk/entry/P00747
PLG	missense_variant		1444904699						P00747	Plasminogen	Homo sapiens	Encontrado	https://alphafold.ebi.ac.uk/entry/P00747
PLG	missense_variant		1445523751						P00747	Plasminogen	Homo sapiens	Encontrado	https://alphafold.ebi.ac.uk/entry/P00747
PLG	missense_variant		1445892890						P00747	Plasminogen	Homo sapiens	Encontrado	https://alphafold.ebi.ac.uk/entry/P00747
PLG	missense_variant		1445995699						P00747	Plasminogen	Homo sapiens	Encontrado	https://alphafold.ebi.ac.uk/entry/P00747
PLG	missense_variant		1447257350						P00747	Plasminogen	Homo sapiens	Encontrado	https://alphafold.ebi.ac.uk/entry/P00747
PLG	missense_variant	likely benign	144747470						P00747	Plasminogen	Homo sapiens	Encontrado	https://alphafold.ebi.ac.uk/entry/P00747
PLG	missense_variant	uncertain significance, likely benign	144869703	P00747	rs144869703	R696W	0.052		P00747	Plasminogen	Homo sapiens	Encontrado	https://alphafold.ebi.ac.uk/entry/P00747
PLG	missense_variant	uncertain significance, likely benign	144869703	P00747	rs144869703	R696W	0.1		P00747	Plasminogen	Homo sapiens	Encontrado	https://alphafold.ebi.ac.uk/entry/P00747
PLG	missense_variant	uncertain significance, likely benign	144869703	P00747	rs144869703	R696W	0.019		P00747	Plasminogen	Homo sapiens	Encontrado	https://alphafold.ebi.ac.uk/entry/P00747
PLG	missense_variant	uncertain significance, likely benign	144869703	P00747	rs144869703	R696W	0.07		P00747	Plasminogen	Homo sapiens	Encontrado	https://alphafold.ebi.ac.uk/entry/P00747
PLG	missense_variant		1449922438						P00747	Plasminogen	Homo sapiens	Encontrado	https://alphafold.ebi.ac.uk/entry/P00747
PLG	missense_variant		1449922781						P00747	Plasminogen	Homo sapiens	Encontrado	https://alphafold.ebi.ac.uk/entry/P00747
PLG	missense_variant	uncertain significance	145177652	P00747	rs145177652	Y732H	0.053		P00747	Plasminogen	Homo sapiens	Encontrado	https://alphafold.ebi.ac.uk/entry/P00747
PLG	missense_variant	uncertain significance	145177652	P00747	rs145177652	Y732H	0.52		P00747	Plasminogen	Homo sapiens	Encontrado	https://alphafold.ebi.ac.uk/entry/P00747
PLG	missense_variant	uncertain significance	145177652	P00747	rs145177652	Y732H	0.339		P00747	Plasminogen	Homo sapiens	Encontrado	https://alphafold.ebi.ac.uk/entry/P00747
PLG	missense_variant	uncertain significance	145177652	P00747	rs145177652	Y732H	0.06		P00747	Plasminogen	Homo sapiens	Encontrado	https://alphafold.ebi.ac.uk/entry/P00747
PLG	missense_variant	benign, likely benign	145192723						P00747	Plasminogen	Homo sapiens	Encontrado	https://alphafold.ebi.ac.uk/entry/P00747
PLG	missense_variant	uncertain significance	1453366737						P00747	Plasminogen	Homo sapiens	Encontrado	https://alphafold.ebi.ac.uk/entry/P00747
PLG	missense_variant		1453410534						P00747	Plasminogen	Homo sapiens	Encontrado	https://alphafold.ebi.ac.uk/entry/P00747
PLG	missense_variant		1453718325						P00747	Plasminogen	Homo sapiens	Encontrado	https://alphafold.ebi.ac.uk/entry/P00747
PLG	missense_variant	uncertain significance	145535174	P00747	rs145535174	R172G	1.0		P00747	Plasminogen	Homo sapiens	Encontrado	https://alphafold.ebi.ac.uk/entry/P00747
PLG	missense_variant	uncertain significance	145535174	P00747	rs145535174	R172G	0.0		P00747	Plasminogen	Homo sapiens	Encontrado	https://alphafold.ebi.ac.uk/entry/P00747
PLG	missense_variant		1456851397						P00747	Plasminogen	Homo sapiens	Encontrado	https://alphafold.ebi.ac.uk/entry/P00747
PLG	missense_variant		1457215139						P00747	Plasminogen	Homo sapiens	Encontrado	https://alphafold.ebi.ac.uk/entry/P00747
PLG	missense_variant		1458039408						P00747	Plasminogen	Homo sapiens	Encontrado	https://alphafold.ebi.ac.uk/entry/P00747
PLG	missense_variant		1458278778						P00747	Plasminogen	Homo sapiens	Encontrado	https://alphafold.ebi.ac.uk/entry/P00747
PLG	missense_variant	uncertain significance	1459528455	P00747	rs1459528455	P466L	0.007		P00747	Plasminogen	Homo sapiens	Encontrado	https://alphafold.ebi.ac.uk/entry/P00747
PLG	missense_variant	uncertain significance	1459528455	P00747	rs1459528455	P466L	0.06		P00747	Plasminogen	Homo sapiens	Encontrado	https://alphafold.ebi.ac.uk/entry/P00747
PLG	missense_variant	uncertain significance	1459528455	P00747	rs1459528455	P466L	0.007		P00747	Plasminogen	Homo sapiens	Encontrado	https://alphafold.ebi.ac.uk/entry/P00747
PLG	missense_variant	uncertain significance	1459528455	P00747	rs1459528455	P466L	0.04		P00747	Plasminogen	Homo sapiens	Encontrado	https://alphafold.ebi.ac.uk/entry/P00747
PLG	missense_variant	uncertain significance	1459528455	P00747	rs1459528455	P466R	0.095		P00747	Plasminogen	Homo sapiens	Encontrado	https://alphafold.ebi.ac.uk/entry/P00747
PLG	missense_variant	uncertain significance	1459528455	P00747	rs1459528455	P466R	0.04		P00747	Plasminogen	Homo sapiens	Encontrado	https://alphafold.ebi.ac.uk/entry/P00747
PLG	missense_variant		1459884645	P00747	rs1459884645	T359M	0.046		P00747	Plasminogen	Homo sapiens	Encontrado	https://alphafold.ebi.ac.uk/entry/P00747
PLG	missense_variant		1459884645	P00747	rs1459884645	T359M	0.17		P00747	Plasminogen	Homo sapiens	Encontrado	https://alphafold.ebi.ac.uk/entry/P00747
PLG	missense_variant		1459884645	P00747	rs1459884645	T359M	0.045		P00747	Plasminogen	Homo sapiens	Encontrado	https://alphafold.ebi.ac.uk/entry/P00747
PLG	missense_variant		1459884645	P00747	rs1459884645	T359M	0.07		P00747	Plasminogen	Homo sapiens	Encontrado	https://alphafold.ebi.ac.uk/entry/P00747
PLG	missense_variant		1461375995						P00747	Plasminogen	Homo sapiens	Encontrado	https://alphafold.ebi.ac.uk/entry/P00747
PLG	missense_variant	uncertain significance	146415258	P00747	rs146415258	D156E	0.522		P00747	Plasminogen	Homo sapiens	Encontrado	https://alphafold.ebi.ac.uk/entry/P00747
PLG	missense_variant	uncertain significance	146415258	P00747	rs146415258	D156E	0.02		P00747	Plasminogen	Homo sapiens	Encontrado	https://alphafold.ebi.ac.uk/entry/P00747
PLG	missense_variant		1464266121						P00747	Plasminogen	Homo sapiens	Encontrado	https://alphafold.ebi.ac.uk/entry/P00747
PLG	missense_variant		1464777247						P00747	Plasminogen	Homo sapiens	Encontrado	https://alphafold.ebi.ac.uk/entry/P00747
PLG	missense_variant	uncertain significance	146910079						P00747	Plasminogen	Homo sapiens	Encontrado	https://alphafold.ebi.ac.uk/entry/P00747
PLG	missense_variant		1471502425						P00747	Plasminogen	Homo sapiens	Encontrado	https://alphafold.ebi.ac.uk/entry/P00747
PLG	missense_variant	uncertain significance, likely benign	147175166	P00747	rs147175166	I682N	0.983		P00747	Plasminogen	Homo sapiens	Encontrado	https://alphafold.ebi.ac.uk/entry/P00747
PLG	missense_variant	uncertain significance, likely benign	147175166	P00747	rs147175166	I682N	0.03		P00747	Plasminogen	Homo sapiens	Encontrado	https://alphafold.ebi.ac.uk/entry/P00747
PLG	missense_variant	uncertain significance	1472238075	P00747	rs1472238075	A419V	0.986		P00747	Plasminogen	Homo sapiens	Encontrado	https://alphafold.ebi.ac.uk/entry/P00747
PLG	missense_variant	uncertain significance	1472238075	P00747	rs1472238075	A419V	0.01		P00747	Plasminogen	Homo sapiens	Encontrado	https://alphafold.ebi.ac.uk/entry/P00747
PLG	missense_variant	uncertain significance	1472238075	P00747	rs1472238075	A419V	0.985		P00747	Plasminogen	Homo sapiens	Encontrado	https://alphafold.ebi.ac.uk/entry/P00747
PLG	missense_variant	uncertain significance	1472238075	P00747	rs1472238075	A419V	0.0		P00747	Plasminogen	Homo sapiens	Encontrado	https://alphafold.ebi.ac.uk/entry/P00747
PLG	missense_variant		1472715196						P00747	Plasminogen	Homo sapiens	Encontrado	https://alphafold.ebi.ac.uk/entry/P00747
PLG	missense_variant	likely benign	147930532	P00747	rs147930532	R696Q	0.035		P00747	Plasminogen	Homo sapiens	Encontrado	https://alphafold.ebi.ac.uk/entry/P00747
PLG	missense_variant	likely benign	147930532	P00747	rs147930532	R696Q	0.46		P00747	Plasminogen	Homo sapiens	Encontrado	https://alphafold.ebi.ac.uk/entry/P00747
PLG	missense_variant		1480538631						P00747	Plasminogen	Homo sapiens	Encontrado	https://alphafold.ebi.ac.uk/entry/P00747
PLG	missense_variant	uncertain significance	1481481942	P00747	rs1481481942	P364L	0.007		P00747	Plasminogen	Homo sapiens	Encontrado	https://alphafold.ebi.ac.uk/entry/P00747
PLG	missense_variant	uncertain significance	1481481942	P00747	rs1481481942	P364L	0.02		P00747	Plasminogen	Homo sapiens	Encontrado	https://alphafold.ebi.ac.uk/entry/P00747
PLG	missense_variant	uncertain significance	1481792306	P00747	rs1481792306	V586A	0.994		P00747	Plasminogen	Homo sapiens	Encontrado	https://alphafold.ebi.ac.uk/entry/P00747
PLG	missense_variant	uncertain significance	1481792306	P00747	rs1481792306	V586A	0.04		P00747	Plasminogen	Homo sapiens	Encontrado	https://alphafold.ebi.ac.uk/entry/P00747
PLG	missense_variant		1482023926						P00747	Plasminogen	Homo sapiens	Encontrado	https://alphafold.ebi.ac.uk/entry/P00747
PLG	missense_variant	uncertain significance	1483681591	P00747	rs1483681591	T778I	0.95		P00747	Plasminogen	Homo sapiens	Encontrado	https://alphafold.ebi.ac.uk/entry/P00747
PLG	missense_variant	uncertain significance	1483681591	P00747	rs1483681591	T778I	0.02		P00747	Plasminogen	Homo sapiens	Encontrado	https://alphafold.ebi.ac.uk/entry/P00747
PLG	missense_variant		1486025916						P00747	Plasminogen	Homo sapiens	Encontrado	https://alphafold.ebi.ac.uk/entry/P00747
PLG	missense_variant		1486724553						P00747	Plasminogen	Homo sapiens	Encontrado	https://alphafold.ebi.ac.uk/entry/P00747
PLG	missense_variant		1487865275						P00747	Plasminogen	Homo sapiens	Encontrado	https://alphafold.ebi.ac.uk/entry/P00747
PLG	missense_variant		1489213406						P00747	Plasminogen	Homo sapiens	Encontrado	https://alphafold.ebi.ac.uk/entry/P00747
PLG	missense_variant	uncertain significance	1489362564						P00747	Plasminogen	Homo sapiens	Encontrado	https://alphafold.ebi.ac.uk/entry/P00747
PLG	missense_variant		1489809035						P00747	Plasminogen	Homo sapiens	Encontrado	https://alphafold.ebi.ac.uk/entry/P00747
PLG	missense_variant		1490110246	P00747	rs1490110246	Y530H	0.948		P00747	Plasminogen	Homo sapiens	Encontrado	https://alphafold.ebi.ac.uk/entry/P00747
PLG	missense_variant		1490110246	P00747	rs1490110246	Y530H	0.03		P00747	Plasminogen	Homo sapiens	Encontrado	https://alphafold.ebi.ac.uk/entry/P00747
PLG	missense_variant		1490110246	P00747	rs1490110246	Y530H	0.95		P00747	Plasminogen	Homo sapiens	Encontrado	https://alphafold.ebi.ac.uk/entry/P00747
PLG	missense_variant		1490110246	P00747	rs1490110246	Y530H	0.06		P00747	Plasminogen	Homo sapiens	Encontrado	https://alphafold.ebi.ac.uk/entry/P00747
PLG	missense_variant	uncertain significance	149145958	P00747	rs149145958	T200A	0.959		P00747	Plasminogen	Homo sapiens	Encontrado	https://alphafold.ebi.ac.uk/entry/P00747
PLG	missense_variant	uncertain significance	149145958	P00747	rs149145958	T200A	0.0		P00747	Plasminogen	Homo sapiens	Encontrado	https://alphafold.ebi.ac.uk/entry/P00747
PLG	missense_variant		149148300						P00747	Plasminogen	Homo sapiens	Encontrado	https://alphafold.ebi.ac.uk/entry/P00747
PLG	missense_variant	uncertain significance	150065136	P00747	rs150065136	R731H	0.167		P00747	Plasminogen	Homo sapiens	Encontrado	https://alphafold.ebi.ac.uk/entry/P00747
PLG	missense_variant	uncertain significance	150065136	P00747	rs150065136	R731H	0.04		P00747	Plasminogen	Homo sapiens	Encontrado	https://alphafold.ebi.ac.uk/entry/P00747
PLG	missense_variant	benign	150072546	P00747	rs150072546	D194V	0.003		P00747	Plasminogen	Homo sapiens	Encontrado	https://alphafold.ebi.ac.uk/entry/P00747
PLG	missense_variant	benign	150072546	P00747	rs150072546	D194V	0.03		P00747	Plasminogen	Homo sapiens	Encontrado	https://alphafold.ebi.ac.uk/entry/P00747
PLG	missense_variant	uncertain significance	151092364	P00747	rs151092364	Y219H	0.999		P00747	Plasminogen	Homo sapiens	Encontrado	https://alphafold.ebi.ac.uk/entry/P00747
PLG	missense_variant	uncertain significance	151092364	P00747	rs151092364	Y219H	0.0		P00747	Plasminogen	Homo sapiens	Encontrado	https://alphafold.ebi.ac.uk/entry/P00747
PLG	missense_variant		1562373654						P00747	Plasminogen	Homo sapiens	Encontrado	https://alphafold.ebi.ac.uk/entry/P00747
PLG	missense_variant		1562374234						P00747	Plasminogen	Homo sapiens	Encontrado	https://alphafold.ebi.ac.uk/entry/P00747
PLG	missense_variant		1562374788						P00747	Plasminogen	Homo sapiens	Encontrado	https://alphafold.ebi.ac.uk/entry/P00747
PLG	missense_variant		1562376086						P00747	Plasminogen	Homo sapiens	Encontrado	https://alphafold.ebi.ac.uk/entry/P00747
PLG	missense_variant		1562380016						P00747	Plasminogen	Homo sapiens	Encontrado	https://alphafold.ebi.ac.uk/entry/P00747
PLG	missense_variant		1562385232						P00747	Plasminogen	Homo sapiens	Encontrado	https://alphafold.ebi.ac.uk/entry/P00747
PLG	missense_variant		1582931120						P00747	Plasminogen	Homo sapiens	Encontrado	https://alphafold.ebi.ac.uk/entry/P00747
PLG	missense_variant		1582931136						P00747	Plasminogen	Homo sapiens	Encontrado	https://alphafold.ebi.ac.uk/entry/P00747
PLG	missense_variant		1582937909						P00747	Plasminogen	Homo sapiens	Encontrado	https://alphafold.ebi.ac.uk/entry/P00747
PLG	missense_variant		1582937944						P00747	Plasminogen	Homo sapiens	Encontrado	https://alphafold.ebi.ac.uk/entry/P00747
PLG	missense_variant		1582938282						P00747	Plasminogen	Homo sapiens	Encontrado	https://alphafold.ebi.ac.uk/entry/P00747
PLG	missense_variant	uncertain significance	1582940083	P00747	rs1582940083	P406Q	1.0		P00747	Plasminogen	Homo sapiens	Encontrado	https://alphafold.ebi.ac.uk/entry/P00747
PLG	missense_variant	uncertain significance	1582940083	P00747	rs1582940083	P406Q	0.0		P00747	Plasminogen	Homo sapiens	Encontrado	https://alphafold.ebi.ac.uk/entry/P00747
PLG	missense_variant		1582943973						P00747	Plasminogen	Homo sapiens	Encontrado	https://alphafold.ebi.ac.uk/entry/P00747
PLG	missense_variant		1582947060						P00747	Plasminogen	Homo sapiens	Encontrado	https://alphafold.ebi.ac.uk/entry/P00747
PLG	missense_variant		1582949492						P00747	Plasminogen	Homo sapiens	Encontrado	https://alphafold.ebi.ac.uk/entry/P00747
PLG	missense_variant	not provided, pathogenic	1582955358						P00747	Plasminogen	Homo sapiens	Encontrado	https://alphafold.ebi.ac.uk/entry/P00747
PLG	missense_variant	uncertain significance	1582955692	P00747	rs1582955692	S760G	0.987		P00747	Plasminogen	Homo sapiens	Encontrado	https://alphafold.ebi.ac.uk/entry/P00747
PLG	missense_variant	uncertain significance	1582955692	P00747	rs1582955692	S760G	0.0		P00747	Plasminogen	Homo sapiens	Encontrado	https://alphafold.ebi.ac.uk/entry/P00747
PLG	missense_variant		1777431694						P00747	Plasminogen	Homo sapiens	Encontrado	https://alphafold.ebi.ac.uk/entry/P00747
PLG	missense_variant		1777432703						P00747	Plasminogen	Homo sapiens	Encontrado	https://alphafold.ebi.ac.uk/entry/P00747
PLG	missense_variant		1777525076						P00747	Plasminogen	Homo sapiens	Encontrado	https://alphafold.ebi.ac.uk/entry/P00747
PLG	missense_variant		1777525302						P00747	Plasminogen	Homo sapiens	Encontrado	https://alphafold.ebi.ac.uk/entry/P00747
PLG	missense_variant		1777525600						P00747	Plasminogen	Homo sapiens	Encontrado	https://alphafold.ebi.ac.uk/entry/P00747
PLG	missense_variant		1777526507						P00747	Plasminogen	Homo sapiens	Encontrado	https://alphafold.ebi.ac.uk/entry/P00747
PLG	missense_variant		1777527831						P00747	Plasminogen	Homo sapiens	Encontrado	https://alphafold.ebi.ac.uk/entry/P00747
PLG	missense_variant		1777528007						P00747	Plasminogen	Homo sapiens	Encontrado	https://alphafold.ebi.ac.uk/entry/P00747
PLG	missense_variant		1777528154						P00747	Plasminogen	Homo sapiens	Encontrado	https://alphafold.ebi.ac.uk/entry/P00747
PLG	missense_variant		1777528527						P00747	Plasminogen	Homo sapiens	Encontrado	https://alphafold.ebi.ac.uk/entry/P00747
PLG	missense_variant		1777529318						P00747	Plasminogen	Homo sapiens	Encontrado	https://alphafold.ebi.ac.uk/entry/P00747
PLG	missense_variant		1777529422						P00747	Plasminogen	Homo sapiens	Encontrado	https://alphafold.ebi.ac.uk/entry/P00747
PLG	missense_variant		1777555697						P00747	Plasminogen	Homo sapiens	Encontrado	https://alphafold.ebi.ac.uk/entry/P00747
PLG	missense_variant		1777556394						P00747	Plasminogen	Homo sapiens	Encontrado	https://alphafold.ebi.ac.uk/entry/P00747
PLG	missense_variant		1777556437						P00747	Plasminogen	Homo sapiens	Encontrado	https://alphafold.ebi.ac.uk/entry/P00747
PLG	missense_variant		1777556736						P00747	Plasminogen	Homo sapiens	Encontrado	https://alphafold.ebi.ac.uk/entry/P00747
PLG	missense_variant		1777557121						P00747	Plasminogen	Homo sapiens	Encontrado	https://alphafold.ebi.ac.uk/entry/P00747
PLG	missense_variant		1777557350						P00747	Plasminogen	Homo sapiens	Encontrado	https://alphafold.ebi.ac.uk/entry/P00747
PLG	missense_variant		1777632174						P00747	Plasminogen	Homo sapiens	Encontrado	https://alphafold.ebi.ac.uk/entry/P00747
PLG	missense_variant		1777632448						P00747	Plasminogen	Homo sapiens	Encontrado	https://alphafold.ebi.ac.uk/entry/P00747
PLG	missense_variant		1777633526						P00747	Plasminogen	Homo sapiens	Encontrado	https://alphafold.ebi.ac.uk/entry/P00747
PLG	missense_variant		1777633766						P00747	Plasminogen	Homo sapiens	Encontrado	https://alphafold.ebi.ac.uk/entry/P00747
PLG	missense_variant		1777633996						P00747	Plasminogen	Homo sapiens	Encontrado	https://alphafold.ebi.ac.uk/entry/P00747
PLG	missense_variant		1777671201						P00747	Plasminogen	Homo sapiens	Encontrado	https://alphafold.ebi.ac.uk/entry/P00747
PLG	missense_variant		1777671351						P00747	Plasminogen	Homo sapiens	Encontrado	https://alphafold.ebi.ac.uk/entry/P00747
PLG	missense_variant		1777671545						P00747	Plasminogen	Homo sapiens	Encontrado	https://alphafold.ebi.ac.uk/entry/P00747
PLG	missense_variant		1777671666						P00747	Plasminogen	Homo sapiens	Encontrado	https://alphafold.ebi.ac.uk/entry/P00747
PLG	missense_variant		1777671935						P00747	Plasminogen	Homo sapiens	Encontrado	https://alphafold.ebi.ac.uk/entry/P00747
PLG	missense_variant		1777672536						P00747	Plasminogen	Homo sapiens	Encontrado	https://alphafold.ebi.ac.uk/entry/P00747
PLG	missense_variant		1777672581						P00747	Plasminogen	Homo sapiens	Encontrado	https://alphafold.ebi.ac.uk/entry/P00747
PLG	missense_variant		1777672621						P00747	Plasminogen	Homo sapiens	Encontrado	https://alphafold.ebi.ac.uk/entry/P00747
PLG	missense_variant		1777673213						P00747	Plasminogen	Homo sapiens	Encontrado	https://alphafold.ebi.ac.uk/entry/P00747
PLG	missense_variant		1777673874						P00747	Plasminogen	Homo sapiens	Encontrado	https://alphafold.ebi.ac.uk/entry/P00747
PLG	missense_variant		1777702968						P00747	Plasminogen	Homo sapiens	Encontrado	https://alphafold.ebi.ac.uk/entry/P00747
PLG	missense_variant		1777703314						P00747	Plasminogen	Homo sapiens	Encontrado	https://alphafold.ebi.ac.uk/entry/P00747
PLG	missense_variant		1777703615						P00747	Plasminogen	Homo sapiens	Encontrado	https://alphafold.ebi.ac.uk/entry/P00747
PLG	missense_variant	uncertain significance	1777704467	P00747	rs1777704467	D210E	0.165		P00747	Plasminogen	Homo sapiens	Encontrado	https://alphafold.ebi.ac.uk/entry/P00747
PLG	missense_variant	uncertain significance	1777704467	P00747	rs1777704467	D210E	0.01		P00747	Plasminogen	Homo sapiens	Encontrado	https://alphafold.ebi.ac.uk/entry/P00747
PLG	missense_variant		1777704652						P00747	Plasminogen	Homo sapiens	Encontrado	https://alphafold.ebi.ac.uk/entry/P00747
PLG	missense_variant		1777704742						P00747	Plasminogen	Homo sapiens	Encontrado	https://alphafold.ebi.ac.uk/entry/P00747
PLG	missense_variant		1777705311						P00747	Plasminogen	Homo sapiens	Encontrado	https://alphafold.ebi.ac.uk/entry/P00747
PLG	missense_variant		1777737064						P00747	Plasminogen	Homo sapiens	Encontrado	https://alphafold.ebi.ac.uk/entry/P00747
PLG	missense_variant		1777737361						P00747	Plasminogen	Homo sapiens	Encontrado	https://alphafold.ebi.ac.uk/entry/P00747
PLG	missense_variant		1777737427						P00747	Plasminogen	Homo sapiens	Encontrado	https://alphafold.ebi.ac.uk/entry/P00747
PLG	missense_variant		1777739769						P00747	Plasminogen	Homo sapiens	Encontrado	https://alphafold.ebi.ac.uk/entry/P00747
PLG	missense_variant		1777740276						P00747	Plasminogen	Homo sapiens	Encontrado	https://alphafold.ebi.ac.uk/entry/P00747
PLG	missense_variant		1777740301						P00747	Plasminogen	Homo sapiens	Encontrado	https://alphafold.ebi.ac.uk/entry/P00747
PLG	missense_variant		1777740418						P00747	Plasminogen	Homo sapiens	Encontrado	https://alphafold.ebi.ac.uk/entry/P00747
PLG	missense_variant		1777740590						P00747	Plasminogen	Homo sapiens	Encontrado	https://alphafold.ebi.ac.uk/entry/P00747
PLG	missense_variant		1777740758						P00747	Plasminogen	Homo sapiens	Encontrado	https://alphafold.ebi.ac.uk/entry/P00747
PLG	missense_variant		1777740874						P00747	Plasminogen	Homo sapiens	Encontrado	https://alphafold.ebi.ac.uk/entry/P00747
PLG	missense_variant		1777740971						P00747	Plasminogen	Homo sapiens	Encontrado	https://alphafold.ebi.ac.uk/entry/P00747
PLG	missense_variant		1777775360						P00747	Plasminogen	Homo sapiens	Encontrado	https://alphafold.ebi.ac.uk/entry/P00747
PLG	missense_variant		1777775659						P00747	Plasminogen	Homo sapiens	Encontrado	https://alphafold.ebi.ac.uk/entry/P00747
PLG	missense_variant		1777775918						P00747	Plasminogen	Homo sapiens	Encontrado	https://alphafold.ebi.ac.uk/entry/P00747
PLG	missense_variant	uncertain significance	1777777024	P00747	rs1777777024	A288S	0.018		P00747	Plasminogen	Homo sapiens	Encontrado	https://alphafold.ebi.ac.uk/entry/P00747
PLG	missense_variant	uncertain significance	1777777024	P00747	rs1777777024	A288S	0.42		P00747	Plasminogen	Homo sapiens	Encontrado	https://alphafold.ebi.ac.uk/entry/P00747
PLG	missense_variant		1777777471						P00747	Plasminogen	Homo sapiens	Encontrado	https://alphafold.ebi.ac.uk/entry/P00747
PLG	missense_variant	pathogenic	1777777927	P00747	rs1777777927	C296G	1.0		P00747	Plasminogen	Homo sapiens	Encontrado	https://alphafold.ebi.ac.uk/entry/P00747
PLG	missense_variant	pathogenic	1777777927	P00747	rs1777777927	C296G	0.0		P00747	Plasminogen	Homo sapiens	Encontrado	https://alphafold.ebi.ac.uk/entry/P00747
PLG	missense_variant		1777778320						P00747	Plasminogen	Homo sapiens	Encontrado	https://alphafold.ebi.ac.uk/entry/P00747
PLG	missense_variant		1777779806						P00747	Plasminogen	Homo sapiens	Encontrado	https://alphafold.ebi.ac.uk/entry/P00747
PLG	missense_variant		1777784187						P00747	Plasminogen	Homo sapiens	Encontrado	https://alphafold.ebi.ac.uk/entry/P00747
PLG	missense_variant		1777784416						P00747	Plasminogen	Homo sapiens	Encontrado	https://alphafold.ebi.ac.uk/entry/P00747
PLG	missense_variant		1777785090						P00747	Plasminogen	Homo sapiens	Encontrado	https://alphafold.ebi.ac.uk/entry/P00747
PLG	missense_variant		1777786160						P00747	Plasminogen	Homo sapiens	Encontrado	https://alphafold.ebi.ac.uk/entry/P00747
PLG	missense_variant		1777786630						P00747	Plasminogen	Homo sapiens	Encontrado	https://alphafold.ebi.ac.uk/entry/P00747
PLG	missense_variant		1777787178						P00747	Plasminogen	Homo sapiens	Encontrado	https://alphafold.ebi.ac.uk/entry/P00747
PLG	missense_variant		1777787587						P00747	Plasminogen	Homo sapiens	Encontrado	https://alphafold.ebi.ac.uk/entry/P00747
PLG	missense_variant		1777787960						P00747	Plasminogen	Homo sapiens	Encontrado	https://alphafold.ebi.ac.uk/entry/P00747
PLG	missense_variant		1777846556						P00747	Plasminogen	Homo sapiens	Encontrado	https://alphafold.ebi.ac.uk/entry/P00747
PLG	missense_variant		1777846913						P00747	Plasminogen	Homo sapiens	Encontrado	https://alphafold.ebi.ac.uk/entry/P00747
PLG	missense_variant		1777847256						P00747	Plasminogen	Homo sapiens	Encontrado	https://alphafold.ebi.ac.uk/entry/P00747
PLG	missense_variant		1777847562						P00747	Plasminogen	Homo sapiens	Encontrado	https://alphafold.ebi.ac.uk/entry/P00747
PLG	missense_variant		1777847612						P00747	Plasminogen	Homo sapiens	Encontrado	https://alphafold.ebi.ac.uk/entry/P00747
PLG	missense_variant		1777847921						P00747	Plasminogen	Homo sapiens	Encontrado	https://alphafold.ebi.ac.uk/entry/P00747
PLG	missense_variant		1777850275						P00747	Plasminogen	Homo sapiens	Encontrado	https://alphafold.ebi.ac.uk/entry/P00747
PLG	missense_variant		1777850432						P00747	Plasminogen	Homo sapiens	Encontrado	https://alphafold.ebi.ac.uk/entry/P00747
PLG	missense_variant		1777850493						P00747	Plasminogen	Homo sapiens	Encontrado	https://alphafold.ebi.ac.uk/entry/P00747
PLG	missense_variant		1777850906						P00747	Plasminogen	Homo sapiens	Encontrado	https://alphafold.ebi.ac.uk/entry/P00747
PLG	missense_variant		1777851045						P00747	Plasminogen	Homo sapiens	Encontrado	https://alphafold.ebi.ac.uk/entry/P00747
PLG	missense_variant		1777851194						P00747	Plasminogen	Homo sapiens	Encontrado	https://alphafold.ebi.ac.uk/entry/P00747
PLG	missense_variant		1777851823						P00747	Plasminogen	Homo sapiens	Encontrado	https://alphafold.ebi.ac.uk/entry/P00747
PLG	missense_variant		1777852304						P00747	Plasminogen	Homo sapiens	Encontrado	https://alphafold.ebi.ac.uk/entry/P00747
PLG	missense_variant		1777991275						P00747	Plasminogen	Homo sapiens	Encontrado	https://alphafold.ebi.ac.uk/entry/P00747
PLG	missense_variant		1777991410						P00747	Plasminogen	Homo sapiens	Encontrado	https://alphafold.ebi.ac.uk/entry/P00747
PLG	missense_variant		1777992262						P00747	Plasminogen	Homo sapiens	Encontrado	https://alphafold.ebi.ac.uk/entry/P00747
PLG	missense_variant		1777992821						P00747	Plasminogen	Homo sapiens	Encontrado	https://alphafold.ebi.ac.uk/entry/P00747
PLG	missense_variant		1777993117						P00747	Plasminogen	Homo sapiens	Encontrado	https://alphafold.ebi.ac.uk/entry/P00747
PLG	missense_variant		1777993299						P00747	Plasminogen	Homo sapiens	Encontrado	https://alphafold.ebi.ac.uk/entry/P00747
PLG	missense_variant		1777994752						P00747	Plasminogen	Homo sapiens	Encontrado	https://alphafold.ebi.ac.uk/entry/P00747
PLG	missense_variant		1778002654						P00747	Plasminogen	Homo sapiens	Encontrado	https://alphafold.ebi.ac.uk/entry/P00747
PLG	missense_variant		1778003239						P00747	Plasminogen	Homo sapiens	Encontrado	https://alphafold.ebi.ac.uk/entry/P00747
PLG	missense_variant		1778004059						P00747	Plasminogen	Homo sapiens	Encontrado	https://alphafold.ebi.ac.uk/entry/P00747
PLG	missense_variant		1778004701						P00747	Plasminogen	Homo sapiens	Encontrado	https://alphafold.ebi.ac.uk/entry/P00747
PLG	missense_variant		1778004749						P00747	Plasminogen	Homo sapiens	Encontrado	https://alphafold.ebi.ac.uk/entry/P00747
PLG	missense_variant		1778005166						P00747	Plasminogen	Homo sapiens	Encontrado	https://alphafold.ebi.ac.uk/entry/P00747
PLG	missense_variant		1778005350						P00747	Plasminogen	Homo sapiens	Encontrado	https://alphafold.ebi.ac.uk/entry/P00747
PLG	missense_variant	uncertain significance	1778005702	P00747	rs1778005702	A524T	0.867		P00747	Plasminogen	Homo sapiens	Encontrado	https://alphafold.ebi.ac.uk/entry/P00747
PLG	missense_variant	uncertain significance	1778005702	P00747	rs1778005702	A524T	0.01		P00747	Plasminogen	Homo sapiens	Encontrado	https://alphafold.ebi.ac.uk/entry/P00747
PLG	missense_variant	uncertain significance	1778047240						P00747	Plasminogen	Homo sapiens	Encontrado	https://alphafold.ebi.ac.uk/entry/P00747
PLG	missense_variant		1778048203						P00747	Plasminogen	Homo sapiens	Encontrado	https://alphafold.ebi.ac.uk/entry/P00747
PLG	missense_variant		1778048389						P00747	Plasminogen	Homo sapiens	Encontrado	https://alphafold.ebi.ac.uk/entry/P00747
PLG	missense_variant		1778048436						P00747	Plasminogen	Homo sapiens	Encontrado	https://alphafold.ebi.ac.uk/entry/P00747
PLG	missense_variant		1778090805						P00747	Plasminogen	Homo sapiens	Encontrado	https://alphafold.ebi.ac.uk/entry/P00747
PLG	missense_variant		1778091271						P00747	Plasminogen	Homo sapiens	Encontrado	https://alphafold.ebi.ac.uk/entry/P00747
PLG	missense_variant		1778091717						P00747	Plasminogen	Homo sapiens	Encontrado	https://alphafold.ebi.ac.uk/entry/P00747
PLG	missense_variant		1778094870						P00747	Plasminogen	Homo sapiens	Encontrado	https://alphafold.ebi.ac.uk/entry/P00747
PLG	missense_variant	uncertain significance	1778095001	P00747	rs1778095001	V582A	1.0		P00747	Plasminogen	Homo sapiens	Encontrado	https://alphafold.ebi.ac.uk/entry/P00747
PLG	missense_variant	uncertain significance	1778095001	P00747	rs1778095001	V582A	0.0		P00747	Plasminogen	Homo sapiens	Encontrado	https://alphafold.ebi.ac.uk/entry/P00747
PLG	missense_variant		1778095043						P00747	Plasminogen	Homo sapiens	Encontrado	https://alphafold.ebi.ac.uk/entry/P00747
PLG	missense_variant		1778095558						P00747	Plasminogen	Homo sapiens	Encontrado	https://alphafold.ebi.ac.uk/entry/P00747
PLG	missense_variant		1778096281						P00747	Plasminogen	Homo sapiens	Encontrado	https://alphafold.ebi.ac.uk/entry/P00747
PLG	missense_variant		1778128259						P00747	Plasminogen	Homo sapiens	Encontrado	https://alphafold.ebi.ac.uk/entry/P00747
PLG	missense_variant		1778129951						P00747	Plasminogen	Homo sapiens	Encontrado	https://alphafold.ebi.ac.uk/entry/P00747
PLG	missense_variant		1778140412						P00747	Plasminogen	Homo sapiens	Encontrado	https://alphafold.ebi.ac.uk/entry/P00747
PLG	missense_variant		1778140918						P00747	Plasminogen	Homo sapiens	Encontrado	https://alphafold.ebi.ac.uk/entry/P00747
PLG	missense_variant		1778141968						P00747	Plasminogen	Homo sapiens	Encontrado	https://alphafold.ebi.ac.uk/entry/P00747
PLG	missense_variant	uncertain significance	1778142096						P00747	Plasminogen	Homo sapiens	Encontrado	https://alphafold.ebi.ac.uk/entry/P00747
PLG	missense_variant		1778143071						P00747	Plasminogen	Homo sapiens	Encontrado	https://alphafold.ebi.ac.uk/entry/P00747
PLG	missense_variant		1778143114						P00747	Plasminogen	Homo sapiens	Encontrado	https://alphafold.ebi.ac.uk/entry/P00747
PLG	missense_variant		1778143180						P00747	Plasminogen	Homo sapiens	Encontrado	https://alphafold.ebi.ac.uk/entry/P00747
PLG	missense_variant		1778143215						P00747	Plasminogen	Homo sapiens	Encontrado	https://alphafold.ebi.ac.uk/entry/P00747
PLG	missense_variant		1778190087						P00747	Plasminogen	Homo sapiens	Encontrado	https://alphafold.ebi.ac.uk/entry/P00747
PLG	missense_variant	uncertain significance	1778190495						P00747	Plasminogen	Homo sapiens	Encontrado	https://alphafold.ebi.ac.uk/entry/P00747
PLG	missense_variant		1778192538						P00747	Plasminogen	Homo sapiens	Encontrado	https://alphafold.ebi.ac.uk/entry/P00747
PLG	missense_variant		1778193072						P00747	Plasminogen	Homo sapiens	Encontrado	https://alphafold.ebi.ac.uk/entry/P00747
PLG	missense_variant		1778414856						P00747	Plasminogen	Homo sapiens	Encontrado	https://alphafold.ebi.ac.uk/entry/P00747
PLG	missense_variant		1778415443						P00747	Plasminogen	Homo sapiens	Encontrado	https://alphafold.ebi.ac.uk/entry/P00747
PLG	missense_variant	uncertain significance	1778416234	P00747	rs1778416234	S755G	0.971		P00747	Plasminogen	Homo sapiens	Encontrado	https://alphafold.ebi.ac.uk/entry/P00747
PLG	missense_variant	uncertain significance	1778416234	P00747	rs1778416234	S755G	0.0		P00747	Plasminogen	Homo sapiens	Encontrado	https://alphafold.ebi.ac.uk/entry/P00747
PLG	missense_variant	uncertain significance	1778432114	P00747	rs1778432114	Y793C	0.986		P00747	Plasminogen	Homo sapiens	Encontrado	https://alphafold.ebi.ac.uk/entry/P00747
PLG	missense_variant	uncertain significance	1778432114	P00747	rs1778432114	Y793C	0.0		P00747	Plasminogen	Homo sapiens	Encontrado	https://alphafold.ebi.ac.uk/entry/P00747
PLG	missense_variant		1778432202						P00747	Plasminogen	Homo sapiens	Encontrado	https://alphafold.ebi.ac.uk/entry/P00747
PLG	missense_variant		1778432283						P00747	Plasminogen	Homo sapiens	Encontrado	https://alphafold.ebi.ac.uk/entry/P00747
PLG	missense_variant		1778432455						P00747	Plasminogen	Homo sapiens	Encontrado	https://alphafold.ebi.ac.uk/entry/P00747
PLG	missense_variant		1778432714						P00747	Plasminogen	Homo sapiens	Encontrado	https://alphafold.ebi.ac.uk/entry/P00747
PLG	missense_variant		17857492						P00747	Plasminogen	Homo sapiens	Encontrado	https://alphafold.ebi.ac.uk/entry/P00747
PLG	missense_variant		1804181						P00747	Plasminogen	Homo sapiens	Encontrado	https://alphafold.ebi.ac.uk/entry/P00747
PLG	missense_variant		181030365						P00747	Plasminogen	Homo sapiens	Encontrado	https://alphafold.ebi.ac.uk/entry/P00747
PLG	missense_variant	uncertain significance	182937977	P00747	rs182937977	D553N	0.971		P00747	Plasminogen	Homo sapiens	Encontrado	https://alphafold.ebi.ac.uk/entry/P00747
PLG	missense_variant	uncertain significance	182937977	P00747	rs182937977	D553N	0.0		P00747	Plasminogen	Homo sapiens	Encontrado	https://alphafold.ebi.ac.uk/entry/P00747
PLG	missense_variant	uncertain significance	182937977	P00747	rs182937977	D553N	0.971		P00747	Plasminogen	Homo sapiens	Encontrado	https://alphafold.ebi.ac.uk/entry/P00747
PLG	missense_variant	uncertain significance	182937977	P00747	rs182937977	D553N	0.02		P00747	Plasminogen	Homo sapiens	Encontrado	https://alphafold.ebi.ac.uk/entry/P00747
PLG	missense_variant		184284982						P00747	Plasminogen	Homo sapiens	Encontrado	https://alphafold.ebi.ac.uk/entry/P00747
PLG	missense_variant	uncertain significance	187157735	P00747	rs187157735	P647L	0.018		P00747	Plasminogen	Homo sapiens	Encontrado	https://alphafold.ebi.ac.uk/entry/P00747
PLG	missense_variant	uncertain significance	187157735	P00747	rs187157735	P647L	0.15		P00747	Plasminogen	Homo sapiens	Encontrado	https://alphafold.ebi.ac.uk/entry/P00747
PLG	missense_variant	uncertain significance	189824042	P00747	rs189824042	M88I	0.114		P00747	Plasminogen	Homo sapiens	Encontrado	https://alphafold.ebi.ac.uk/entry/P00747
PLG	missense_variant	uncertain significance	189824042	P00747	rs189824042	M88I	0.02		P00747	Plasminogen	Homo sapiens	Encontrado	https://alphafold.ebi.ac.uk/entry/P00747
PLG	missense_variant		190498540						P00747	Plasminogen	Homo sapiens	Encontrado	https://alphafold.ebi.ac.uk/entry/P00747
PLG	missense_variant	uncertain significance	199619244	P00747	rs199619244	E768K	0.093		P00747	Plasminogen	Homo sapiens	Encontrado	https://alphafold.ebi.ac.uk/entry/P00747
PLG	missense_variant	uncertain significance	199619244	P00747	rs199619244	E768K	0.13		P00747	Plasminogen	Homo sapiens	Encontrado	https://alphafold.ebi.ac.uk/entry/P00747
PLG	missense_variant	likely benign	199771790	P00747	rs199771790	V342M	0.109		P00747	Plasminogen	Homo sapiens	Encontrado	https://alphafold.ebi.ac.uk/entry/P00747
PLG	missense_variant	likely benign	199771790	P00747	rs199771790	V342M	0.01		P00747	Plasminogen	Homo sapiens	Encontrado	https://alphafold.ebi.ac.uk/entry/P00747
PLG	missense_variant	uncertain significance	199833895	P00747	rs199833895	P135S	0.914		P00747	Plasminogen	Homo sapiens	Encontrado	https://alphafold.ebi.ac.uk/entry/P00747
PLG	missense_variant	uncertain significance	199833895	P00747	rs199833895	P135S	0.02		P00747	Plasminogen	Homo sapiens	Encontrado	https://alphafold.ebi.ac.uk/entry/P00747
PLG	missense_variant		200604924						P00747	Plasminogen	Homo sapiens	Encontrado	https://alphafold.ebi.ac.uk/entry/P00747
PLG	missense_variant	uncertain significance, likely benign	200731501	P00747	rs200731501	Q720R	0.001		P00747	Plasminogen	Homo sapiens	Encontrado	https://alphafold.ebi.ac.uk/entry/P00747
PLG	missense_variant	uncertain significance, likely benign	200731501	P00747	rs200731501	Q720R	0.05		P00747	Plasminogen	Homo sapiens	Encontrado	https://alphafold.ebi.ac.uk/entry/P00747
PLG	missense_variant	uncertain significance	200857824	P00747	rs200857824	R786C	0.709		P00747	Plasminogen	Homo sapiens	Encontrado	https://alphafold.ebi.ac.uk/entry/P00747
PLG	missense_variant	uncertain significance	200857824	P00747	rs200857824	R786C	0.04		P00747	Plasminogen	Homo sapiens	Encontrado	https://alphafold.ebi.ac.uk/entry/P00747
PLG	missense_variant		201014517						P00747	Plasminogen	Homo sapiens	Encontrado	https://alphafold.ebi.ac.uk/entry/P00747
PLG	missense_variant		201323384	P00747	rs201323384	E698K	0.478		P00747	Plasminogen	Homo sapiens	Encontrado	https://alphafold.ebi.ac.uk/entry/P00747
PLG	missense_variant		201323384	P00747	rs201323384	E698K	0.51		P00747	Plasminogen	Homo sapiens	Encontrado	https://alphafold.ebi.ac.uk/entry/P00747
PLG	missense_variant		201323384	P00747	rs201323384	E698K	0.363		P00747	Plasminogen	Homo sapiens	Encontrado	https://alphafold.ebi.ac.uk/entry/P00747
PLG	missense_variant		201323384	P00747	rs201323384	E698K	0.04		P00747	Plasminogen	Homo sapiens	Encontrado	https://alphafold.ebi.ac.uk/entry/P00747
PLG	missense_variant	uncertain significance	201792453	P00747	rs201792453	P159L	0.001		P00747	Plasminogen	Homo sapiens	Encontrado	https://alphafold.ebi.ac.uk/entry/P00747
PLG	missense_variant	uncertain significance	201792453	P00747	rs201792453	P159L	0.16		P00747	Plasminogen	Homo sapiens	Encontrado	https://alphafold.ebi.ac.uk/entry/P00747
PLG	missense_variant	uncertain significance	201973253						P00747	Plasminogen	Homo sapiens	Encontrado	https://alphafold.ebi.ac.uk/entry/P00747
PLG	missense_variant	uncertain significance	202074006	P00747	rs202074006	G712R	0.96		P00747	Plasminogen	Homo sapiens	Encontrado	https://alphafold.ebi.ac.uk/entry/P00747
PLG	missense_variant	uncertain significance	202074006	P00747	rs202074006	G712R	0.01		P00747	Plasminogen	Homo sapiens	Encontrado	https://alphafold.ebi.ac.uk/entry/P00747
PLG	missense_variant	uncertain significance	202141531						P00747	Plasminogen	Homo sapiens	Encontrado	https://alphafold.ebi.ac.uk/entry/P00747
PLG	missense_variant		2040297739						P00747	Plasminogen	Homo sapiens	Encontrado	https://alphafold.ebi.ac.uk/entry/P00747
PLG	missense_variant		2115150494						P00747	Plasminogen	Homo sapiens	Encontrado	https://alphafold.ebi.ac.uk/entry/P00747
PLG	missense_variant		2115156067						P00747	Plasminogen	Homo sapiens	Encontrado	https://alphafold.ebi.ac.uk/entry/P00747
PLG	missense_variant	uncertain significance	2115163630	P00747	rs2115163630	Y283C	1.0		P00747	Plasminogen	Homo sapiens	Encontrado	https://alphafold.ebi.ac.uk/entry/P00747
PLG	missense_variant	uncertain significance	2115163630	P00747	rs2115163630	Y283C	0.0		P00747	Plasminogen	Homo sapiens	Encontrado	https://alphafold.ebi.ac.uk/entry/P00747
PLG	missense_variant		2115163709						P00747	Plasminogen	Homo sapiens	Encontrado	https://alphafold.ebi.ac.uk/entry/P00747
PLG	missense_variant		2115167121						P00747	Plasminogen	Homo sapiens	Encontrado	https://alphafold.ebi.ac.uk/entry/P00747
PLG	missense_variant		2115173359						P00747	Plasminogen	Homo sapiens	Encontrado	https://alphafold.ebi.ac.uk/entry/P00747
PLG	missense_variant		2115173526						P00747	Plasminogen	Homo sapiens	Encontrado	https://alphafold.ebi.ac.uk/entry/P00747
PLG	missense_variant		2115175927						P00747	Plasminogen	Homo sapiens	Encontrado	https://alphafold.ebi.ac.uk/entry/P00747
PLG	missense_variant		2115180093						P00747	Plasminogen	Homo sapiens	Encontrado	https://alphafold.ebi.ac.uk/entry/P00747
PLG	missense_variant		2115181768						P00747	Plasminogen	Homo sapiens	Encontrado	https://alphafold.ebi.ac.uk/entry/P00747
PLG	missense_variant		2115190203						P00747	Plasminogen	Homo sapiens	Encontrado	https://alphafold.ebi.ac.uk/entry/P00747
PLG	missense_variant		2340665						P00747	Plasminogen	Homo sapiens	Encontrado	https://alphafold.ebi.ac.uk/entry/P00747
PLG	missense_variant	uncertain significance	2484311027						P00747	Plasminogen	Homo sapiens	Encontrado	https://alphafold.ebi.ac.uk/entry/P00747
PLG	missense_variant	uncertain significance	2484330483						P00747	Plasminogen	Homo sapiens	Encontrado	https://alphafold.ebi.ac.uk/entry/P00747
PLG	missense_variant	uncertain significance	2484330748						P00747	Plasminogen	Homo sapiens	Encontrado	https://alphafold.ebi.ac.uk/entry/P00747
PLG	missense_variant	uncertain significance	2484330750						P00747	Plasminogen	Homo sapiens	Encontrado	https://alphafold.ebi.ac.uk/entry/P00747
PLG	missense_variant	uncertain significance	2484330912						P00747	Plasminogen	Homo sapiens	Encontrado	https://alphafold.ebi.ac.uk/entry/P00747
PLG	missense_variant	uncertain significance	2484336820						P00747	Plasminogen	Homo sapiens	Encontrado	https://alphafold.ebi.ac.uk/entry/P00747
PLG	missense_variant	uncertain significance	2484337019						P00747	Plasminogen	Homo sapiens	Encontrado	https://alphafold.ebi.ac.uk/entry/P00747
PLG	missense_variant	likely benign	2484342145						P00747	Plasminogen	Homo sapiens	Encontrado	https://alphafold.ebi.ac.uk/entry/P00747
PLG	missense_variant	uncertain significance	2484342306						P00747	Plasminogen	Homo sapiens	Encontrado	https://alphafold.ebi.ac.uk/entry/P00747
PLG	missense_variant	uncertain significance	2484342477						P00747	Plasminogen	Homo sapiens	Encontrado	https://alphafold.ebi.ac.uk/entry/P00747
PLG	missense_variant	uncertain significance	2484348960						P00747	Plasminogen	Homo sapiens	Encontrado	https://alphafold.ebi.ac.uk/entry/P00747
PLG	missense_variant	uncertain significance	2484349380	P00747	rs2484349380	E360K	0.345		P00747	Plasminogen	Homo sapiens	Encontrado	https://alphafold.ebi.ac.uk/entry/P00747
PLG	missense_variant	uncertain significance	2484349380	P00747	rs2484349380	E360K	0.1		P00747	Plasminogen	Homo sapiens	Encontrado	https://alphafold.ebi.ac.uk/entry/P00747
PLG	missense_variant	uncertain significance	2484358357						P00747	Plasminogen	Homo sapiens	Encontrado	https://alphafold.ebi.ac.uk/entry/P00747
PLG	missense_variant	uncertain significance	2484376485						P00747	Plasminogen	Homo sapiens	Encontrado	https://alphafold.ebi.ac.uk/entry/P00747
PLG	missense_variant	uncertain significance	2484378213						P00747	Plasminogen	Homo sapiens	Encontrado	https://alphafold.ebi.ac.uk/entry/P00747
PLG	missense_variant	uncertain significance	2484382867						P00747	Plasminogen	Homo sapiens	Encontrado	https://alphafold.ebi.ac.uk/entry/P00747
PLG	missense_variant	uncertain significance	2484390270						P00747	Plasminogen	Homo sapiens	Encontrado	https://alphafold.ebi.ac.uk/entry/P00747
PLG	missense_variant	uncertain significance	2484397321						P00747	Plasminogen	Homo sapiens	Encontrado	https://alphafold.ebi.ac.uk/entry/P00747
PLG	missense_variant	uncertain significance	2484397612						P00747	Plasminogen	Homo sapiens	Encontrado	https://alphafold.ebi.ac.uk/entry/P00747
PLG	missense_variant	uncertain significance	2484402665						P00747	Plasminogen	Homo sapiens	Encontrado	https://alphafold.ebi.ac.uk/entry/P00747
PLG	missense_variant		369196761	P00747	rs369196761	E646K	0.757		P00747	Plasminogen	Homo sapiens	Encontrado	https://alphafold.ebi.ac.uk/entry/P00747
PLG	missense_variant		369196761	P00747	rs369196761	E646K	0.02		P00747	Plasminogen	Homo sapiens	Encontrado	https://alphafold.ebi.ac.uk/entry/P00747
PLG	missense_variant		369196761	P00747	rs369196761	E646K	0.506		P00747	Plasminogen	Homo sapiens	Encontrado	https://alphafold.ebi.ac.uk/entry/P00747
PLG	missense_variant		369196761	P00747	rs369196761	E646K	0.0		P00747	Plasminogen	Homo sapiens	Encontrado	https://alphafold.ebi.ac.uk/entry/P00747
PLG	missense_variant	uncertain significance	369353385	P00747	rs369353385	E180K	0.049		P00747	Plasminogen	Homo sapiens	Encontrado	https://alphafold.ebi.ac.uk/entry/P00747
PLG	missense_variant	uncertain significance	369353385	P00747	rs369353385	E180K	0.04		P00747	Plasminogen	Homo sapiens	Encontrado	https://alphafold.ebi.ac.uk/entry/P00747
PLG	missense_variant		369616186						P00747	Plasminogen	Homo sapiens	Encontrado	https://alphafold.ebi.ac.uk/entry/P00747
PLG	missense_variant		370326625						P00747	Plasminogen	Homo sapiens	Encontrado	https://alphafold.ebi.ac.uk/entry/P00747
PLG	missense_variant		370807852						P00747	Plasminogen	Homo sapiens	Encontrado	https://alphafold.ebi.ac.uk/entry/P00747
PLG	missense_variant	uncertain significance	370856655	P00747	rs370856655	T123I	0.019		P00747	Plasminogen	Homo sapiens	Encontrado	https://alphafold.ebi.ac.uk/entry/P00747
PLG	missense_variant	uncertain significance	370856655	P00747	rs370856655	T123I	0.2		P00747	Plasminogen	Homo sapiens	Encontrado	https://alphafold.ebi.ac.uk/entry/P00747
PLG	missense_variant	uncertain significance	370856655	P00747	rs370856655	T123N	0.812		P00747	Plasminogen	Homo sapiens	Encontrado	https://alphafold.ebi.ac.uk/entry/P00747
PLG	missense_variant	uncertain significance	370856655	P00747	rs370856655	T123N	0.21		P00747	Plasminogen	Homo sapiens	Encontrado	https://alphafold.ebi.ac.uk/entry/P00747
PLG	missense_variant		371498483						P00747	Plasminogen	Homo sapiens	Encontrado	https://alphafold.ebi.ac.uk/entry/P00747
PLG	missense_variant	uncertain significance, benign	371661937	P00747	rs371661937	R445S	0.936		P00747	Plasminogen	Homo sapiens	Encontrado	https://alphafold.ebi.ac.uk/entry/P00747
PLG	missense_variant	uncertain significance, benign	371661937	P00747	rs371661937	R445S	0.0		P00747	Plasminogen	Homo sapiens	Encontrado	https://alphafold.ebi.ac.uk/entry/P00747
PLG	missense_variant		371746732	P00747	rs371746732	R284H	0.974		P00747	Plasminogen	Homo sapiens	Encontrado	https://alphafold.ebi.ac.uk/entry/P00747
PLG	missense_variant		371746732	P00747	rs371746732	R284H	0.01		P00747	Plasminogen	Homo sapiens	Encontrado	https://alphafold.ebi.ac.uk/entry/P00747
PLG	missense_variant		371746732	P00747	rs371746732	R284H	0.977		P00747	Plasminogen	Homo sapiens	Encontrado	https://alphafold.ebi.ac.uk/entry/P00747
PLG	missense_variant		371746732	P00747	rs371746732	R284H	0.0		P00747	Plasminogen	Homo sapiens	Encontrado	https://alphafold.ebi.ac.uk/entry/P00747
PLG	missense_variant	uncertain significance	372026592	P00747	rs372026592	P250L	0.404		P00747	Plasminogen	Homo sapiens	Encontrado	https://alphafold.ebi.ac.uk/entry/P00747
PLG	missense_variant	uncertain significance	372026592	P00747	rs372026592	P250L	0.08		P00747	Plasminogen	Homo sapiens	Encontrado	https://alphafold.ebi.ac.uk/entry/P00747
PLG	missense_variant	uncertain significance	372520102	P00747	rs372520102	V596G	0.949		P00747	Plasminogen	Homo sapiens	Encontrado	https://alphafold.ebi.ac.uk/entry/P00747
PLG	missense_variant	uncertain significance	372520102	P00747	rs372520102	V596G	0.0		P00747	Plasminogen	Homo sapiens	Encontrado	https://alphafold.ebi.ac.uk/entry/P00747
PLG	missense_variant	uncertain significance	372603134	P00747	rs372603134	A507V	0.379		P00747	Plasminogen	Homo sapiens	Encontrado	https://alphafold.ebi.ac.uk/entry/P00747
PLG	missense_variant	uncertain significance	372603134	P00747	rs372603134	A507V	0.0		P00747	Plasminogen	Homo sapiens	Encontrado	https://alphafold.ebi.ac.uk/entry/P00747
PLG	missense_variant		372999008						P00747	Plasminogen	Homo sapiens	Encontrado	https://alphafold.ebi.ac.uk/entry/P00747
PLG	missense_variant		373442935						P00747	Plasminogen	Homo sapiens	Encontrado	https://alphafold.ebi.ac.uk/entry/P00747
PLG	missense_variant	uncertain significance	374234922	P00747	rs374234922	A216T	0.023		P00747	Plasminogen	Homo sapiens	Encontrado	https://alphafold.ebi.ac.uk/entry/P00747
PLG	missense_variant	uncertain significance	374234922	P00747	rs374234922	A216T	0.43		P00747	Plasminogen	Homo sapiens	Encontrado	https://alphafold.ebi.ac.uk/entry/P00747
PLG	missense_variant	likely benign	374419416						P00747	Plasminogen	Homo sapiens	Encontrado	https://alphafold.ebi.ac.uk/entry/P00747
PLG	missense_variant		374619723						P00747	Plasminogen	Homo sapiens	Encontrado	https://alphafold.ebi.ac.uk/entry/P00747
PLG	missense_variant		374635068						P00747	Plasminogen	Homo sapiens	Encontrado	https://alphafold.ebi.ac.uk/entry/P00747
PLG	missense_variant	uncertain significance	374903528	P00747	rs374903528	D177N	0.003		P00747	Plasminogen	Homo sapiens	Encontrado	https://alphafold.ebi.ac.uk/entry/P00747
PLG	missense_variant	uncertain significance	374903528	P00747	rs374903528	D177N	1.0		P00747	Plasminogen	Homo sapiens	Encontrado	https://alphafold.ebi.ac.uk/entry/P00747
PLG	missense_variant	uncertain significance	374903528	P00747	rs374903528	D177N	0.001		P00747	Plasminogen	Homo sapiens	Encontrado	https://alphafold.ebi.ac.uk/entry/P00747
PLG	missense_variant	uncertain significance	374903528	P00747	rs374903528	D177N	1.0		P00747	Plasminogen	Homo sapiens	Encontrado	https://alphafold.ebi.ac.uk/entry/P00747
PLG	missense_variant	uncertain significance	374995543	P00747	rs374995543	P465L	0.042		P00747	Plasminogen	Homo sapiens	Encontrado	https://alphafold.ebi.ac.uk/entry/P00747
PLG	missense_variant	uncertain significance	374995543	P00747	rs374995543	P465L	0.02		P00747	Plasminogen	Homo sapiens	Encontrado	https://alphafold.ebi.ac.uk/entry/P00747
PLG	missense_variant	uncertain significance	376140019	P00747	rs376140019	R786H	0.912		P00747	Plasminogen	Homo sapiens	Encontrado	https://alphafold.ebi.ac.uk/entry/P00747
PLG	missense_variant	uncertain significance	376140019	P00747	rs376140019	R786H	0.02		P00747	Plasminogen	Homo sapiens	Encontrado	https://alphafold.ebi.ac.uk/entry/P00747
PLG	missense_variant		376572197						P00747	Plasminogen	Homo sapiens	Encontrado	https://alphafold.ebi.ac.uk/entry/P00747
PLG	missense_variant	uncertain significance	377016135						P00747	Plasminogen	Homo sapiens	Encontrado	https://alphafold.ebi.ac.uk/entry/P00747
PLG	missense_variant	uncertain significance	377265821	P00747	rs377265821	T517I	0.717		P00747	Plasminogen	Homo sapiens	Encontrado	https://alphafold.ebi.ac.uk/entry/P00747
PLG	missense_variant	uncertain significance	377265821	P00747	rs377265821	T517I	0.01		P00747	Plasminogen	Homo sapiens	Encontrado	https://alphafold.ebi.ac.uk/entry/P00747
PLG	missense_variant	uncertain significance	377275189	P00747	rs377275189	K119N	0.047		P00747	Plasminogen	Homo sapiens	Encontrado	https://alphafold.ebi.ac.uk/entry/P00747
PLG	missense_variant	uncertain significance	377275189	P00747	rs377275189	K119N	0.09		P00747	Plasminogen	Homo sapiens	Encontrado	https://alphafold.ebi.ac.uk/entry/P00747
PLG	missense_variant		377537611						P00747	Plasminogen	Homo sapiens	Encontrado	https://alphafold.ebi.ac.uk/entry/P00747
PLG	missense_variant	benign	4252119						P00747	Plasminogen	Homo sapiens	Encontrado	https://alphafold.ebi.ac.uk/entry/P00747
PLG	missense_variant	benign	4252125						P00747	Plasminogen	Homo sapiens	Encontrado	https://alphafold.ebi.ac.uk/entry/P00747
PLG	missense_variant	uncertain significance, benign	4252128						P00747	Plasminogen	Homo sapiens	Encontrado	https://alphafold.ebi.ac.uk/entry/P00747
PLG	missense_variant	benign, likely benign	4252129						P00747	Plasminogen	Homo sapiens	Encontrado	https://alphafold.ebi.ac.uk/entry/P00747
PLG	missense_variant	uncertain significance	4252186	P00747	rs4252186	H133Q	0.998		P00747	Plasminogen	Homo sapiens	Encontrado	https://alphafold.ebi.ac.uk/entry/P00747
PLG	missense_variant	uncertain significance	4252186	P00747	rs4252186	H133Q	0.04		P00747	Plasminogen	Homo sapiens	Encontrado	https://alphafold.ebi.ac.uk/entry/P00747
PLG	missense_variant	uncertain significance, likely benign	4252187						P00747	Plasminogen	Homo sapiens	Encontrado	https://alphafold.ebi.ac.uk/entry/P00747
PLG	missense_variant	uncertain significance	532027310	P00747	rs532027310	D249N	0.023		P00747	Plasminogen	Homo sapiens	Encontrado	https://alphafold.ebi.ac.uk/entry/P00747
PLG	missense_variant	uncertain significance	532027310	P00747	rs532027310	D249N	0.32		P00747	Plasminogen	Homo sapiens	Encontrado	https://alphafold.ebi.ac.uk/entry/P00747
PLG	missense_variant	uncertain significance	532027310	P00747	rs532027310	D249Y	0.974		P00747	Plasminogen	Homo sapiens	Encontrado	https://alphafold.ebi.ac.uk/entry/P00747
PLG	missense_variant	uncertain significance	532027310	P00747	rs532027310	D249Y	0.0		P00747	Plasminogen	Homo sapiens	Encontrado	https://alphafold.ebi.ac.uk/entry/P00747
PLG	missense_variant	uncertain significance, likely benign	532399913	P00747	rs532399913	E478D	0.134		P00747	Plasminogen	Homo sapiens	Encontrado	https://alphafold.ebi.ac.uk/entry/P00747
PLG	missense_variant	uncertain significance, likely benign	532399913	P00747	rs532399913	E478D	0.26		P00747	Plasminogen	Homo sapiens	Encontrado	https://alphafold.ebi.ac.uk/entry/P00747
PLG	missense_variant		533258034						P00747	Plasminogen	Homo sapiens	Encontrado	https://alphafold.ebi.ac.uk/entry/P00747
PLG	missense_variant		535713437						P00747	Plasminogen	Homo sapiens	Encontrado	https://alphafold.ebi.ac.uk/entry/P00747
PLG	missense_variant		540661824						P00747	Plasminogen	Homo sapiens	Encontrado	https://alphafold.ebi.ac.uk/entry/P00747
PLG	missense_variant	uncertain significance	545865924						P00747	Plasminogen	Homo sapiens	Encontrado	https://alphafold.ebi.ac.uk/entry/P00747
PLG	missense_variant		549550780						P00747	Plasminogen	Homo sapiens	Encontrado	https://alphafold.ebi.ac.uk/entry/P00747
PLG	missense_variant	uncertain significance	551058645	P00747	rs551058645	G583A	0.848		P00747	Plasminogen	Homo sapiens	Encontrado	https://alphafold.ebi.ac.uk/entry/P00747
PLG	missense_variant	uncertain significance	551058645	P00747	rs551058645	G583A	0.13		P00747	Plasminogen	Homo sapiens	Encontrado	https://alphafold.ebi.ac.uk/entry/P00747
PLG	missense_variant	uncertain significance	551058645	P00747	rs551058645	G583E	0.999		P00747	Plasminogen	Homo sapiens	Encontrado	https://alphafold.ebi.ac.uk/entry/P00747
PLG	missense_variant	uncertain significance	551058645	P00747	rs551058645	G583E	0.01		P00747	Plasminogen	Homo sapiens	Encontrado	https://alphafold.ebi.ac.uk/entry/P00747
PLG	missense_variant	likely benign	564003153	P00747	rs564003153	V291M	0.299		P00747	Plasminogen	Homo sapiens	Encontrado	https://alphafold.ebi.ac.uk/entry/P00747
PLG	missense_variant	likely benign	564003153	P00747	rs564003153	V291M	0.09		P00747	Plasminogen	Homo sapiens	Encontrado	https://alphafold.ebi.ac.uk/entry/P00747
PLG	missense_variant		565890939						P00747	Plasminogen	Homo sapiens	Encontrado	https://alphafold.ebi.ac.uk/entry/P00747
PLG	missense_variant		566440089						P00747	Plasminogen	Homo sapiens	Encontrado	https://alphafold.ebi.ac.uk/entry/P00747
PLG	missense_variant		569278081						P00747	Plasminogen	Homo sapiens	Encontrado	https://alphafold.ebi.ac.uk/entry/P00747
PLG	missense_variant	uncertain significance	574500945	P00747	rs574500945	V444I	0.327		P00747	Plasminogen	Homo sapiens	Encontrado	https://alphafold.ebi.ac.uk/entry/P00747
PLG	missense_variant	uncertain significance	574500945	P00747	rs574500945	V444I	0.04		P00747	Plasminogen	Homo sapiens	Encontrado	https://alphafold.ebi.ac.uk/entry/P00747
PLG	missense_variant	uncertain significance	574500945	P00747	rs574500945	V444I	0.323		P00747	Plasminogen	Homo sapiens	Encontrado	https://alphafold.ebi.ac.uk/entry/P00747
PLG	missense_variant	uncertain significance	574500945	P00747	rs574500945	V444I	0.01		P00747	Plasminogen	Homo sapiens	Encontrado	https://alphafold.ebi.ac.uk/entry/P00747
PLG	missense_variant		576700968						P00747	Plasminogen	Homo sapiens	Encontrado	https://alphafold.ebi.ac.uk/entry/P00747
PLG	missense_variant		576737789	P00747	rs576737789	R663Q	0.038		P00747	Plasminogen	Homo sapiens	Encontrado	https://alphafold.ebi.ac.uk/entry/P00747
PLG	missense_variant		576737789	P00747	rs576737789	R663Q	0.61		P00747	Plasminogen	Homo sapiens	Encontrado	https://alphafold.ebi.ac.uk/entry/P00747
PLG	missense_variant		576737789	P00747	rs576737789	R663Q	0.042		P00747	Plasminogen	Homo sapiens	Encontrado	https://alphafold.ebi.ac.uk/entry/P00747
PLG	missense_variant		576737789	P00747	rs576737789	R663Q	0.1		P00747	Plasminogen	Homo sapiens	Encontrado	https://alphafold.ebi.ac.uk/entry/P00747
PLG	missense_variant		61731706						P00747	Plasminogen	Homo sapiens	Encontrado	https://alphafold.ebi.ac.uk/entry/P00747
PLG	missense_variant	likely pathogenic, pathogenic	73015965						P00747	Plasminogen	Homo sapiens	Encontrado	https://alphafold.ebi.ac.uk/entry/P00747
PLG	missense_variant		745737842						P00747	Plasminogen	Homo sapiens	Encontrado	https://alphafold.ebi.ac.uk/entry/P00747
PLG	missense_variant		745842913						P00747	Plasminogen	Homo sapiens	Encontrado	https://alphafold.ebi.ac.uk/entry/P00747
PLG	missense_variant		746201137						P00747	Plasminogen	Homo sapiens	Encontrado	https://alphafold.ebi.ac.uk/entry/P00747
PLG	missense_variant		746222696						P00747	Plasminogen	Homo sapiens	Encontrado	https://alphafold.ebi.ac.uk/entry/P00747
PLG	missense_variant	uncertain significance	746314667						P00747	Plasminogen	Homo sapiens	Encontrado	https://alphafold.ebi.ac.uk/entry/P00747
PLG	missense_variant		746578884						P00747	Plasminogen	Homo sapiens	Encontrado	https://alphafold.ebi.ac.uk/entry/P00747
PLG	missense_variant		746781558						P00747	Plasminogen	Homo sapiens	Encontrado	https://alphafold.ebi.ac.uk/entry/P00747
PLG	missense_variant	uncertain significance	746890698	P00747	rs746890698	R242Q	0.237		P00747	Plasminogen	Homo sapiens	Encontrado	https://alphafold.ebi.ac.uk/entry/P00747
PLG	missense_variant	uncertain significance	746890698	P00747	rs746890698	R242Q	0.06		P00747	Plasminogen	Homo sapiens	Encontrado	https://alphafold.ebi.ac.uk/entry/P00747
PLG	missense_variant	uncertain significance	746890698	P00747	rs746890698	R242Q	0.411		P00747	Plasminogen	Homo sapiens	Encontrado	https://alphafold.ebi.ac.uk/entry/P00747
PLG	missense_variant	uncertain significance	746890698	P00747	rs746890698	R242Q	0.05		P00747	Plasminogen	Homo sapiens	Encontrado	https://alphafold.ebi.ac.uk/entry/P00747
PLG	missense_variant		746995108						P00747	Plasminogen	Homo sapiens	Encontrado	https://alphafold.ebi.ac.uk/entry/P00747
PLG	missense_variant		747055991						P00747	Plasminogen	Homo sapiens	Encontrado	https://alphafold.ebi.ac.uk/entry/P00747
PLG	missense_variant		747105638						P00747	Plasminogen	Homo sapiens	Encontrado	https://alphafold.ebi.ac.uk/entry/P00747
PLG	missense_variant		747448179						P00747	Plasminogen	Homo sapiens	Encontrado	https://alphafold.ebi.ac.uk/entry/P00747
PLG	missense_variant		747572282						P00747	Plasminogen	Homo sapiens	Encontrado	https://alphafold.ebi.ac.uk/entry/P00747
PLG	missense_variant		747875226						P00747	Plasminogen	Homo sapiens	Encontrado	https://alphafold.ebi.ac.uk/entry/P00747
PLG	missense_variant		748115521						P00747	Plasminogen	Homo sapiens	Encontrado	https://alphafold.ebi.ac.uk/entry/P00747
PLG	missense_variant	uncertain significance	748537055	P00747	rs748537055	E478K	0.101		P00747	Plasminogen	Homo sapiens	Encontrado	https://alphafold.ebi.ac.uk/entry/P00747
PLG	missense_variant	uncertain significance	748537055	P00747	rs748537055	E478K	0.37		P00747	Plasminogen	Homo sapiens	Encontrado	https://alphafold.ebi.ac.uk/entry/P00747
PLG	missense_variant		748555046						P00747	Plasminogen	Homo sapiens	Encontrado	https://alphafold.ebi.ac.uk/entry/P00747
PLG	missense_variant		748865566						P00747	Plasminogen	Homo sapiens	Encontrado	https://alphafold.ebi.ac.uk/entry/P00747
PLG	missense_variant		748894824						P00747	Plasminogen	Homo sapiens	Encontrado	https://alphafold.ebi.ac.uk/entry/P00747
PLG	missense_variant	uncertain significance	748980932	P00747	rs748980932	D472E	0.02		P00747	Plasminogen	Homo sapiens	Encontrado	https://alphafold.ebi.ac.uk/entry/P00747
PLG	missense_variant	uncertain significance	748980932	P00747	rs748980932	D472E	0.32		P00747	Plasminogen	Homo sapiens	Encontrado	https://alphafold.ebi.ac.uk/entry/P00747
PLG	missense_variant	uncertain significance	749021358						P00747	Plasminogen	Homo sapiens	Encontrado	https://alphafold.ebi.ac.uk/entry/P00747
PLG	missense_variant		749375422						P00747	Plasminogen	Homo sapiens	Encontrado	https://alphafold.ebi.ac.uk/entry/P00747
PLG	missense_variant		749552173						P00747	Plasminogen	Homo sapiens	Encontrado	https://alphafold.ebi.ac.uk/entry/P00747
PLG	missense_variant	uncertain significance	749693342	P00747	rs749693342	P225R	0.994		P00747	Plasminogen	Homo sapiens	Encontrado	https://alphafold.ebi.ac.uk/entry/P00747
PLG	missense_variant	uncertain significance	749693342	P00747	rs749693342	P225R	0.0		P00747	Plasminogen	Homo sapiens	Encontrado	https://alphafold.ebi.ac.uk/entry/P00747
PLG	missense_variant		749750806	P00747	rs749750806	R172I	0.987		P00747	Plasminogen	Homo sapiens	Encontrado	https://alphafold.ebi.ac.uk/entry/P00747
PLG	missense_variant		749750806	P00747	rs749750806	R172I	0.0		P00747	Plasminogen	Homo sapiens	Encontrado	https://alphafold.ebi.ac.uk/entry/P00747
PLG	missense_variant		749750806	P00747	rs749750806	R172I	1.0		P00747	Plasminogen	Homo sapiens	Encontrado	https://alphafold.ebi.ac.uk/entry/P00747
PLG	missense_variant		749750806	P00747	rs749750806	R172I	0.0		P00747	Plasminogen	Homo sapiens	Encontrado	https://alphafold.ebi.ac.uk/entry/P00747
PLG	missense_variant		750128891						P00747	Plasminogen	Homo sapiens	Encontrado	https://alphafold.ebi.ac.uk/entry/P00747
PLG	missense_variant	uncertain significance, likely benign	750185991	P00747	rs750185991	T105A	0.094		P00747	Plasminogen	Homo sapiens	Encontrado	https://alphafold.ebi.ac.uk/entry/P00747
PLG	missense_variant	uncertain significance, likely benign	750185991	P00747	rs750185991	T105A	0.34		P00747	Plasminogen	Homo sapiens	Encontrado	https://alphafold.ebi.ac.uk/entry/P00747
PLG	missense_variant		750240361						P00747	Plasminogen	Homo sapiens	Encontrado	https://alphafold.ebi.ac.uk/entry/P00747
PLG	missense_variant		750784310	P00747	rs750784310	S355Y	0.373		P00747	Plasminogen	Homo sapiens	Encontrado	https://alphafold.ebi.ac.uk/entry/P00747
PLG	missense_variant		750784310	P00747	rs750784310	S355Y	0.01		P00747	Plasminogen	Homo sapiens	Encontrado	https://alphafold.ebi.ac.uk/entry/P00747
PLG	missense_variant		750784310	P00747	rs750784310	S355Y	0.383		P00747	Plasminogen	Homo sapiens	Encontrado	https://alphafold.ebi.ac.uk/entry/P00747
PLG	missense_variant		750784310	P00747	rs750784310	S355Y	0.03		P00747	Plasminogen	Homo sapiens	Encontrado	https://alphafold.ebi.ac.uk/entry/P00747
PLG	missense_variant		750924392						P00747	Plasminogen	Homo sapiens	Encontrado	https://alphafold.ebi.ac.uk/entry/P00747
PLG	missense_variant	uncertain significance	751081547						P00747	Plasminogen	Homo sapiens	Encontrado	https://alphafold.ebi.ac.uk/entry/P00747
PLG	missense_variant	uncertain significance	751122910	P00747	rs751122910	P143S	0.999		P00747	Plasminogen	Homo sapiens	Encontrado	https://alphafold.ebi.ac.uk/entry/P00747
PLG	missense_variant	uncertain significance	751122910	P00747	rs751122910	P143S	0.01		P00747	Plasminogen	Homo sapiens	Encontrado	https://alphafold.ebi.ac.uk/entry/P00747
PLG	missense_variant		751173845						P00747	Plasminogen	Homo sapiens	Encontrado	https://alphafold.ebi.ac.uk/entry/P00747
PLG	missense_variant	uncertain significance	751602282						P00747	Plasminogen	Homo sapiens	Encontrado	https://alphafold.ebi.ac.uk/entry/P00747
PLG	missense_variant		751682018						P00747	Plasminogen	Homo sapiens	Encontrado	https://alphafold.ebi.ac.uk/entry/P00747
PLG	missense_variant		751773919						P00747	Plasminogen	Homo sapiens	Encontrado	https://alphafold.ebi.ac.uk/entry/P00747
PLG	missense_variant		751836569						P00747	Plasminogen	Homo sapiens	Encontrado	https://alphafold.ebi.ac.uk/entry/P00747
PLG	missense_variant		752070023						P00747	Plasminogen	Homo sapiens	Encontrado	https://alphafold.ebi.ac.uk/entry/P00747
PLG	missense_variant		752244249						P00747	Plasminogen	Homo sapiens	Encontrado	https://alphafold.ebi.ac.uk/entry/P00747
PLG	missense_variant		752373837	P00747	rs752373837	R731C	0.932		P00747	Plasminogen	Homo sapiens	Encontrado	https://alphafold.ebi.ac.uk/entry/P00747
PLG	missense_variant		752373837	P00747	rs752373837	R731C	0.0		P00747	Plasminogen	Homo sapiens	Encontrado	https://alphafold.ebi.ac.uk/entry/P00747
PLG	missense_variant		752373837	P00747	rs752373837	R731C	0.998		P00747	Plasminogen	Homo sapiens	Encontrado	https://alphafold.ebi.ac.uk/entry/P00747
PLG	missense_variant		752373837	P00747	rs752373837	R731C	0.01		P00747	Plasminogen	Homo sapiens	Encontrado	https://alphafold.ebi.ac.uk/entry/P00747
PLG	missense_variant		752552388						P00747	Plasminogen	Homo sapiens	Encontrado	https://alphafold.ebi.ac.uk/entry/P00747
PLG	missense_variant		752807651						P00747	Plasminogen	Homo sapiens	Encontrado	https://alphafold.ebi.ac.uk/entry/P00747
PLG	missense_variant		753109342						P00747	Plasminogen	Homo sapiens	Encontrado	https://alphafold.ebi.ac.uk/entry/P00747
PLG	missense_variant		753294113						P00747	Plasminogen	Homo sapiens	Encontrado	https://alphafold.ebi.ac.uk/entry/P00747
PLG	missense_variant	uncertain significance	753395776						P00747	Plasminogen	Homo sapiens	Encontrado	https://alphafold.ebi.ac.uk/entry/P00747
PLG	missense_variant	uncertain significance	753483846	P00747	rs753483846	M482I	0.006		P00747	Plasminogen	Homo sapiens	Encontrado	https://alphafold.ebi.ac.uk/entry/P00747
PLG	missense_variant	uncertain significance	753483846	P00747	rs753483846	M482I	0.33		P00747	Plasminogen	Homo sapiens	Encontrado	https://alphafold.ebi.ac.uk/entry/P00747
PLG	missense_variant		753493236						P00747	Plasminogen	Homo sapiens	Encontrado	https://alphafold.ebi.ac.uk/entry/P00747
PLG	missense_variant	uncertain significance	753547888	P00747	rs753547888	G19A	0.178		P00747	Plasminogen	Homo sapiens	Encontrado	https://alphafold.ebi.ac.uk/entry/P00747
PLG	missense_variant	uncertain significance	753547888	P00747	rs753547888	G19A	0.19		P00747	Plasminogen	Homo sapiens	Encontrado	https://alphafold.ebi.ac.uk/entry/P00747
PLG	missense_variant		753879928						P00747	Plasminogen	Homo sapiens	Encontrado	https://alphafold.ebi.ac.uk/entry/P00747
PLG	missense_variant		754051719						P00747	Plasminogen	Homo sapiens	Encontrado	https://alphafold.ebi.ac.uk/entry/P00747
PLG	missense_variant		754054583						P00747	Plasminogen	Homo sapiens	Encontrado	https://alphafold.ebi.ac.uk/entry/P00747
PLG	missense_variant		754160565						P00747	Plasminogen	Homo sapiens	Encontrado	https://alphafold.ebi.ac.uk/entry/P00747
PLG	missense_variant	uncertain significance	754325596						P00747	Plasminogen	Homo sapiens	Encontrado	https://alphafold.ebi.ac.uk/entry/P00747
PLG	missense_variant	uncertain significance	754598185	P00747	rs754598185	T272A	0.009		P00747	Plasminogen	Homo sapiens	Encontrado	https://alphafold.ebi.ac.uk/entry/P00747
PLG	missense_variant	uncertain significance	754598185	P00747	rs754598185	T272A	0.44		P00747	Plasminogen	Homo sapiens	Encontrado	https://alphafold.ebi.ac.uk/entry/P00747
PLG	missense_variant	uncertain significance	754598185	P00747	rs754598185	T272P	0.038		P00747	Plasminogen	Homo sapiens	Encontrado	https://alphafold.ebi.ac.uk/entry/P00747
PLG	missense_variant	uncertain significance	754598185	P00747	rs754598185	T272P	0.16		P00747	Plasminogen	Homo sapiens	Encontrado	https://alphafold.ebi.ac.uk/entry/P00747
PLG	missense_variant		755235233	P00747	rs755235233	I773V	0.015		P00747	Plasminogen	Homo sapiens	Encontrado	https://alphafold.ebi.ac.uk/entry/P00747
PLG	missense_variant		755235233	P00747	rs755235233	I773V	0.83		P00747	Plasminogen	Homo sapiens	Encontrado	https://alphafold.ebi.ac.uk/entry/P00747
PLG	missense_variant		755235233	P00747	rs755235233	I773V	0.021		P00747	Plasminogen	Homo sapiens	Encontrado	https://alphafold.ebi.ac.uk/entry/P00747
PLG	missense_variant		755235233	P00747	rs755235233	I773V	1.0		P00747	Plasminogen	Homo sapiens	Encontrado	https://alphafold.ebi.ac.uk/entry/P00747
PLG	missense_variant		755313936						P00747	Plasminogen	Homo sapiens	Encontrado	https://alphafold.ebi.ac.uk/entry/P00747
PLG	missense_variant	uncertain significance	755339005	P00747	rs755339005	A675V	0.626		P00747	Plasminogen	Homo sapiens	Encontrado	https://alphafold.ebi.ac.uk/entry/P00747
PLG	missense_variant	uncertain significance	755339005	P00747	rs755339005	A675V	0.29		P00747	Plasminogen	Homo sapiens	Encontrado	https://alphafold.ebi.ac.uk/entry/P00747
PLG	missense_variant	uncertain significance	755339005	P00747	rs755339005	A675V	0.37		P00747	Plasminogen	Homo sapiens	Encontrado	https://alphafold.ebi.ac.uk/entry/P00747
PLG	missense_variant	uncertain significance	755339005	P00747	rs755339005	A675V	0.26		P00747	Plasminogen	Homo sapiens	Encontrado	https://alphafold.ebi.ac.uk/entry/P00747
PLG	missense_variant	uncertain significance	755349893						P00747	Plasminogen	Homo sapiens	Encontrado	https://alphafold.ebi.ac.uk/entry/P00747
PLG	missense_variant		755535647						P00747	Plasminogen	Homo sapiens	Encontrado	https://alphafold.ebi.ac.uk/entry/P00747
PLG	missense_variant	uncertain significance	755657852	P00747	rs755657852	G17V	0.03		P00747	Plasminogen	Homo sapiens	Encontrado	https://alphafold.ebi.ac.uk/entry/P00747
PLG	missense_variant	uncertain significance	755657852	P00747	rs755657852	G17V	0.59		P00747	Plasminogen	Homo sapiens	Encontrado	https://alphafold.ebi.ac.uk/entry/P00747
PLG	missense_variant		755731990						P00747	Plasminogen	Homo sapiens	Encontrado	https://alphafold.ebi.ac.uk/entry/P00747
PLG	missense_variant		755814893						P00747	Plasminogen	Homo sapiens	Encontrado	https://alphafold.ebi.ac.uk/entry/P00747
PLG	missense_variant		756007372						P00747	Plasminogen	Homo sapiens	Encontrado	https://alphafold.ebi.ac.uk/entry/P00747
PLG	missense_variant		756169141						P00747	Plasminogen	Homo sapiens	Encontrado	https://alphafold.ebi.ac.uk/entry/P00747
PLG	missense_variant	risk factor	756287836	P00747	rs756287836	D238N	0.965		P00747	Plasminogen	Homo sapiens	Encontrado	https://alphafold.ebi.ac.uk/entry/P00747
PLG	missense_variant	risk factor	756287836	P00747	rs756287836	D238N	0.02		P00747	Plasminogen	Homo sapiens	Encontrado	https://alphafold.ebi.ac.uk/entry/P00747
PLG	missense_variant	uncertain significance	756533019	P00747	rs756533019	D156N	0.373		P00747	Plasminogen	Homo sapiens	Encontrado	https://alphafold.ebi.ac.uk/entry/P00747
PLG	missense_variant	uncertain significance	756533019	P00747	rs756533019	D156N	0.03		P00747	Plasminogen	Homo sapiens	Encontrado	https://alphafold.ebi.ac.uk/entry/P00747
PLG	missense_variant	uncertain significance	756670030	P00747	rs756670030	S443R	0.035		P00747	Plasminogen	Homo sapiens	Encontrado	https://alphafold.ebi.ac.uk/entry/P00747
PLG	missense_variant	uncertain significance	756670030	P00747	rs756670030	S443R	0.22		P00747	Plasminogen	Homo sapiens	Encontrado	https://alphafold.ebi.ac.uk/entry/P00747
PLG	missense_variant	uncertain significance	756944864						P00747	Plasminogen	Homo sapiens	Encontrado	https://alphafold.ebi.ac.uk/entry/P00747
PLG	missense_variant		757014437						P00747	Plasminogen	Homo sapiens	Encontrado	https://alphafold.ebi.ac.uk/entry/P00747
PLG	missense_variant		757121130						P00747	Plasminogen	Homo sapiens	Encontrado	https://alphafold.ebi.ac.uk/entry/P00747
PLG	missense_variant		757219403	P00747	rs757219403	P465S	0.009		P00747	Plasminogen	Homo sapiens	Encontrado	https://alphafold.ebi.ac.uk/entry/P00747
PLG	missense_variant		757219403	P00747	rs757219403	P465S	0.2		P00747	Plasminogen	Homo sapiens	Encontrado	https://alphafold.ebi.ac.uk/entry/P00747
PLG	missense_variant		757219403	P00747	rs757219403	P465S	0.009		P00747	Plasminogen	Homo sapiens	Encontrado	https://alphafold.ebi.ac.uk/entry/P00747
PLG	missense_variant		757219403	P00747	rs757219403	P465S	0.18		P00747	Plasminogen	Homo sapiens	Encontrado	https://alphafold.ebi.ac.uk/entry/P00747
PLG	missense_variant		757377776						P00747	Plasminogen	Homo sapiens	Encontrado	https://alphafold.ebi.ac.uk/entry/P00747
PLG	missense_variant	uncertain significance	757425055	P00747	rs757425055	Q410R	0.01		P00747	Plasminogen	Homo sapiens	Encontrado	https://alphafold.ebi.ac.uk/entry/P00747
PLG	missense_variant	uncertain significance	757425055	P00747	rs757425055	Q410R	0.36		P00747	Plasminogen	Homo sapiens	Encontrado	https://alphafold.ebi.ac.uk/entry/P00747
PLG	missense_variant	uncertain significance	757425055	P00747	rs757425055	Q410R	0.01		P00747	Plasminogen	Homo sapiens	Encontrado	https://alphafold.ebi.ac.uk/entry/P00747
PLG	missense_variant	uncertain significance	757425055	P00747	rs757425055	Q410R	0.18		P00747	Plasminogen	Homo sapiens	Encontrado	https://alphafold.ebi.ac.uk/entry/P00747
PLG	missense_variant		757465792						P00747	Plasminogen	Homo sapiens	Encontrado	https://alphafold.ebi.ac.uk/entry/P00747
PLG	missense_variant		757573859						P00747	Plasminogen	Homo sapiens	Encontrado	https://alphafold.ebi.ac.uk/entry/P00747
PLG	missense_variant	uncertain significance	757693607	P00747	rs757693607	E743K	0.999		P00747	Plasminogen	Homo sapiens	Encontrado	https://alphafold.ebi.ac.uk/entry/P00747
PLG	missense_variant	uncertain significance	757693607	P00747	rs757693607	E743K	0.0		P00747	Plasminogen	Homo sapiens	Encontrado	https://alphafold.ebi.ac.uk/entry/P00747
PLG	missense_variant	uncertain significance	757693607	P00747	rs757693607	E743K	0.996		P00747	Plasminogen	Homo sapiens	Encontrado	https://alphafold.ebi.ac.uk/entry/P00747
PLG	missense_variant	uncertain significance	757693607	P00747	rs757693607	E743K	0.01		P00747	Plasminogen	Homo sapiens	Encontrado	https://alphafold.ebi.ac.uk/entry/P00747
PLG	missense_variant		757799843						P00747	Plasminogen	Homo sapiens	Encontrado	https://alphafold.ebi.ac.uk/entry/P00747
PLG	missense_variant	uncertain significance	758158723	P00747	rs758158723	R242W	0.974		P00747	Plasminogen	Homo sapiens	Encontrado	https://alphafold.ebi.ac.uk/entry/P00747
PLG	missense_variant	uncertain significance	758158723	P00747	rs758158723	R242W	0.0		P00747	Plasminogen	Homo sapiens	Encontrado	https://alphafold.ebi.ac.uk/entry/P00747
PLG	missense_variant		758250276						P00747	Plasminogen	Homo sapiens	Encontrado	https://alphafold.ebi.ac.uk/entry/P00747
PLG	missense_variant	uncertain significance	758508931	P00747	rs758508931	M404I	0.593		P00747	Plasminogen	Homo sapiens	Encontrado	https://alphafold.ebi.ac.uk/entry/P00747
PLG	missense_variant	uncertain significance	758508931	P00747	rs758508931	M404I	0.01		P00747	Plasminogen	Homo sapiens	Encontrado	https://alphafold.ebi.ac.uk/entry/P00747
PLG	missense_variant		758551184						P00747	Plasminogen	Homo sapiens	Encontrado	https://alphafold.ebi.ac.uk/entry/P00747
PLG	missense_variant	uncertain significance	758597842	P00747	rs758597842	P372A	0.06		P00747	Plasminogen	Homo sapiens	Encontrado	https://alphafold.ebi.ac.uk/entry/P00747
PLG	missense_variant	uncertain significance	758597842	P00747	rs758597842	P372A	0.04		P00747	Plasminogen	Homo sapiens	Encontrado	https://alphafold.ebi.ac.uk/entry/P00747
PLG	missense_variant		758627124						P00747	Plasminogen	Homo sapiens	Encontrado	https://alphafold.ebi.ac.uk/entry/P00747
PLG	missense_variant		758842289						P00747	Plasminogen	Homo sapiens	Encontrado	https://alphafold.ebi.ac.uk/entry/P00747
PLG	missense_variant		759147567						P00747	Plasminogen	Homo sapiens	Encontrado	https://alphafold.ebi.ac.uk/entry/P00747
PLG	missense_variant		759288464						P00747	Plasminogen	Homo sapiens	Encontrado	https://alphafold.ebi.ac.uk/entry/P00747
PLG	missense_variant	uncertain significance	759510598						P00747	Plasminogen	Homo sapiens	Encontrado	https://alphafold.ebi.ac.uk/entry/P00747
PLG	missense_variant		760118758						P00747	Plasminogen	Homo sapiens	Encontrado	https://alphafold.ebi.ac.uk/entry/P00747
PLG	missense_variant	uncertain significance	760167202						P00747	Plasminogen	Homo sapiens	Encontrado	https://alphafold.ebi.ac.uk/entry/P00747
PLG	missense_variant	uncertain significance	760457084						P00747	Plasminogen	Homo sapiens	Encontrado	https://alphafold.ebi.ac.uk/entry/P00747
PLG	missense_variant		760544829						P00747	Plasminogen	Homo sapiens	Encontrado	https://alphafold.ebi.ac.uk/entry/P00747
PLG	missense_variant		760649328						P00747	Plasminogen	Homo sapiens	Encontrado	https://alphafold.ebi.ac.uk/entry/P00747
PLG	missense_variant		761016779						P00747	Plasminogen	Homo sapiens	Encontrado	https://alphafold.ebi.ac.uk/entry/P00747
PLG	missense_variant	uncertain significance	761689224	P00747	rs761689224	E191G	0.979		P00747	Plasminogen	Homo sapiens	Encontrado	https://alphafold.ebi.ac.uk/entry/P00747
PLG	missense_variant	uncertain significance	761689224	P00747	rs761689224	E191G	0.01		P00747	Plasminogen	Homo sapiens	Encontrado	https://alphafold.ebi.ac.uk/entry/P00747
PLG	missense_variant		761700164						P00747	Plasminogen	Homo sapiens	Encontrado	https://alphafold.ebi.ac.uk/entry/P00747
PLG	missense_variant		761768856						P00747	Plasminogen	Homo sapiens	Encontrado	https://alphafold.ebi.ac.uk/entry/P00747
PLG	missense_variant		76192728						P00747	Plasminogen	Homo sapiens	Encontrado	https://alphafold.ebi.ac.uk/entry/P00747
PLG	missense_variant	uncertain significance	762034623	P00747	rs762034623	G805R	0.0		P00747	Plasminogen	Homo sapiens	Encontrado	https://alphafold.ebi.ac.uk/entry/P00747
PLG	missense_variant	uncertain significance	762034623	P00747	rs762034623	G805R	1.0		P00747	Plasminogen	Homo sapiens	Encontrado	https://alphafold.ebi.ac.uk/entry/P00747
PLG	missense_variant		762347588						P00747	Plasminogen	Homo sapiens	Encontrado	https://alphafold.ebi.ac.uk/entry/P00747
PLG	missense_variant	uncertain significance	762405404						P00747	Plasminogen	Homo sapiens	Encontrado	https://alphafold.ebi.ac.uk/entry/P00747
PLG	missense_variant		762605639						P00747	Plasminogen	Homo sapiens	Encontrado	https://alphafold.ebi.ac.uk/entry/P00747
PLG	missense_variant	uncertain significance	762765275	P00747	rs762765275	N690D	0.009		P00747	Plasminogen	Homo sapiens	Encontrado	https://alphafold.ebi.ac.uk/entry/P00747
PLG	missense_variant	uncertain significance	762765275	P00747	rs762765275	N690D	1.0		P00747	Plasminogen	Homo sapiens	Encontrado	https://alphafold.ebi.ac.uk/entry/P00747
PLG	missense_variant		763477607						P00747	Plasminogen	Homo sapiens	Encontrado	https://alphafold.ebi.ac.uk/entry/P00747
PLG	missense_variant	uncertain significance	763543916	P00747	rs763543916	P350S	0.607		P00747	Plasminogen	Homo sapiens	Encontrado	https://alphafold.ebi.ac.uk/entry/P00747
PLG	missense_variant	uncertain significance	763543916	P00747	rs763543916	P350S	0.01		P00747	Plasminogen	Homo sapiens	Encontrado	https://alphafold.ebi.ac.uk/entry/P00747
PLG	missense_variant	uncertain significance	763808748	P00747	rs763808748	R261C	0.965		P00747	Plasminogen	Homo sapiens	Encontrado	https://alphafold.ebi.ac.uk/entry/P00747
PLG	missense_variant	uncertain significance	763808748	P00747	rs763808748	R261C	0.0		P00747	Plasminogen	Homo sapiens	Encontrado	https://alphafold.ebi.ac.uk/entry/P00747
PLG	missense_variant	uncertain significance	763808748	P00747	rs763808748	R261C	0.998		P00747	Plasminogen	Homo sapiens	Encontrado	https://alphafold.ebi.ac.uk/entry/P00747
PLG	missense_variant	uncertain significance	763808748	P00747	rs763808748	R261C	0.01		P00747	Plasminogen	Homo sapiens	Encontrado	https://alphafold.ebi.ac.uk/entry/P00747
PLG	missense_variant		763815176						P00747	Plasminogen	Homo sapiens	Encontrado	https://alphafold.ebi.ac.uk/entry/P00747
PLG	missense_variant		763975431						P00747	Plasminogen	Homo sapiens	Encontrado	https://alphafold.ebi.ac.uk/entry/P00747
PLG	missense_variant	uncertain significance	764121149	P00747	rs764121149	V6A	0.137		P00747	Plasminogen	Homo sapiens	Encontrado	https://alphafold.ebi.ac.uk/entry/P00747
PLG	missense_variant	uncertain significance	764121149	P00747	rs764121149	V6A	1.0		P00747	Plasminogen	Homo sapiens	Encontrado	https://alphafold.ebi.ac.uk/entry/P00747
PLG	missense_variant		764292529						P00747	Plasminogen	Homo sapiens	Encontrado	https://alphafold.ebi.ac.uk/entry/P00747
PLG	missense_variant	uncertain significance	764647453	P00747	rs764647453	I666T	1.0		P00747	Plasminogen	Homo sapiens	Encontrado	https://alphafold.ebi.ac.uk/entry/P00747
PLG	missense_variant	uncertain significance	764647453	P00747	rs764647453	I666T	0.0		P00747	Plasminogen	Homo sapiens	Encontrado	https://alphafold.ebi.ac.uk/entry/P00747
PLG	missense_variant		764925493						P00747	Plasminogen	Homo sapiens	Encontrado	https://alphafold.ebi.ac.uk/entry/P00747
PLG	missense_variant		764948729						P00747	Plasminogen	Homo sapiens	Encontrado	https://alphafold.ebi.ac.uk/entry/P00747
PLG	missense_variant		765041629						P00747	Plasminogen	Homo sapiens	Encontrado	https://alphafold.ebi.ac.uk/entry/P00747
PLG	missense_variant		765815120						P00747	Plasminogen	Homo sapiens	Encontrado	https://alphafold.ebi.ac.uk/entry/P00747
PLG	missense_variant		765921106						P00747	Plasminogen	Homo sapiens	Encontrado	https://alphafold.ebi.ac.uk/entry/P00747
PLG	missense_variant		765923801						P00747	Plasminogen	Homo sapiens	Encontrado	https://alphafold.ebi.ac.uk/entry/P00747
PLG	missense_variant		766685527						P00747	Plasminogen	Homo sapiens	Encontrado	https://alphafold.ebi.ac.uk/entry/P00747
PLG	missense_variant		767246436						P00747	Plasminogen	Homo sapiens	Encontrado	https://alphafold.ebi.ac.uk/entry/P00747
PLG	missense_variant	uncertain significance	767801113	P00747	rs767801113	S355P	0.009		P00747	Plasminogen	Homo sapiens	Encontrado	https://alphafold.ebi.ac.uk/entry/P00747
PLG	missense_variant	uncertain significance	767801113	P00747	rs767801113	S355P	0.25		P00747	Plasminogen	Homo sapiens	Encontrado	https://alphafold.ebi.ac.uk/entry/P00747
PLG	missense_variant		767857630						P00747	Plasminogen	Homo sapiens	Encontrado	https://alphafold.ebi.ac.uk/entry/P00747
PLG	missense_variant	uncertain significance	767909495	P00747	rs767909495	R253C	0.998		P00747	Plasminogen	Homo sapiens	Encontrado	https://alphafold.ebi.ac.uk/entry/P00747
PLG	missense_variant	uncertain significance	767909495	P00747	rs767909495	R253C	0.0		P00747	Plasminogen	Homo sapiens	Encontrado	https://alphafold.ebi.ac.uk/entry/P00747
PLG	missense_variant	uncertain significance	767909495	P00747	rs767909495	R253C	1.0		P00747	Plasminogen	Homo sapiens	Encontrado	https://alphafold.ebi.ac.uk/entry/P00747
PLG	missense_variant	uncertain significance	767909495	P00747	rs767909495	R253C	0.0		P00747	Plasminogen	Homo sapiens	Encontrado	https://alphafold.ebi.ac.uk/entry/P00747
PLG	missense_variant	uncertain significance	767955927	P00747	rs767955927	G805E	0.0		P00747	Plasminogen	Homo sapiens	Encontrado	https://alphafold.ebi.ac.uk/entry/P00747
PLG	missense_variant	uncertain significance	767955927	P00747	rs767955927	G805E	0.67		P00747	Plasminogen	Homo sapiens	Encontrado	https://alphafold.ebi.ac.uk/entry/P00747
PLG	missense_variant		768183951						P00747	Plasminogen	Homo sapiens	Encontrado	https://alphafold.ebi.ac.uk/entry/P00747
PLG	missense_variant		768201749						P00747	Plasminogen	Homo sapiens	Encontrado	https://alphafold.ebi.ac.uk/entry/P00747
PLG	missense_variant		768381731						P00747	Plasminogen	Homo sapiens	Encontrado	https://alphafold.ebi.ac.uk/entry/P00747
PLG	missense_variant		768527258	P00747	rs768527258	Q29H	0.421		P00747	Plasminogen	Homo sapiens	Encontrado	https://alphafold.ebi.ac.uk/entry/P00747
PLG	missense_variant		768527258	P00747	rs768527258	Q29H	0.02		P00747	Plasminogen	Homo sapiens	Encontrado	https://alphafold.ebi.ac.uk/entry/P00747
PLG	missense_variant		768527258	P00747	rs768527258	Q29H	0.431		P00747	Plasminogen	Homo sapiens	Encontrado	https://alphafold.ebi.ac.uk/entry/P00747
PLG	missense_variant		768527258	P00747	rs768527258	Q29H	0.01		P00747	Plasminogen	Homo sapiens	Encontrado	https://alphafold.ebi.ac.uk/entry/P00747
PLG	missense_variant		768855743						P00747	Plasminogen	Homo sapiens	Encontrado	https://alphafold.ebi.ac.uk/entry/P00747
PLG	missense_variant	uncertain significance	768997330	P00747	rs768997330	T546I	0.869		P00747	Plasminogen	Homo sapiens	Encontrado	https://alphafold.ebi.ac.uk/entry/P00747
PLG	missense_variant	uncertain significance	768997330	P00747	rs768997330	T546I	0.01		P00747	Plasminogen	Homo sapiens	Encontrado	https://alphafold.ebi.ac.uk/entry/P00747
PLG	missense_variant	uncertain significance	768997330	P00747	rs768997330	T546R	0.527		P00747	Plasminogen	Homo sapiens	Encontrado	https://alphafold.ebi.ac.uk/entry/P00747
PLG	missense_variant	uncertain significance	768997330	P00747	rs768997330	T546R	0.0		P00747	Plasminogen	Homo sapiens	Encontrado	https://alphafold.ebi.ac.uk/entry/P00747
PLG	missense_variant		769278141						P00747	Plasminogen	Homo sapiens	Encontrado	https://alphafold.ebi.ac.uk/entry/P00747
PLG	missense_variant	uncertain significance	769564214						P00747	Plasminogen	Homo sapiens	Encontrado	https://alphafold.ebi.ac.uk/entry/P00747
PLG	missense_variant		769578807						P00747	Plasminogen	Homo sapiens	Encontrado	https://alphafold.ebi.ac.uk/entry/P00747
PLG	missense_variant	uncertain significance	769663919						P00747	Plasminogen	Homo sapiens	Encontrado	https://alphafold.ebi.ac.uk/entry/P00747
PLG	missense_variant		769824406						P00747	Plasminogen	Homo sapiens	Encontrado	https://alphafold.ebi.ac.uk/entry/P00747
PLG	missense_variant		770158666						P00747	Plasminogen	Homo sapiens	Encontrado	https://alphafold.ebi.ac.uk/entry/P00747
PLG	missense_variant		770198253						P00747	Plasminogen	Homo sapiens	Encontrado	https://alphafold.ebi.ac.uk/entry/P00747
PLG	missense_variant		770409778						P00747	Plasminogen	Homo sapiens	Encontrado	https://alphafold.ebi.ac.uk/entry/P00747
PLG	missense_variant	uncertain significance	770460362	P00747	rs770460362	D432H	0.985		P00747	Plasminogen	Homo sapiens	Encontrado	https://alphafold.ebi.ac.uk/entry/P00747
PLG	missense_variant	uncertain significance	770460362	P00747	rs770460362	D432H	0.01		P00747	Plasminogen	Homo sapiens	Encontrado	https://alphafold.ebi.ac.uk/entry/P00747
PLG	missense_variant	uncertain significance	770460362	P00747	rs770460362	D432H	0.973		P00747	Plasminogen	Homo sapiens	Encontrado	https://alphafold.ebi.ac.uk/entry/P00747
PLG	missense_variant	uncertain significance	770460362	P00747	rs770460362	D432H	0.0		P00747	Plasminogen	Homo sapiens	Encontrado	https://alphafold.ebi.ac.uk/entry/P00747
PLG	missense_variant	uncertain significance	770460362	P00747	rs770460362	D432N	0.274		P00747	Plasminogen	Homo sapiens	Encontrado	https://alphafold.ebi.ac.uk/entry/P00747
PLG	missense_variant	uncertain significance	770460362	P00747	rs770460362	D432N	0.02		P00747	Plasminogen	Homo sapiens	Encontrado	https://alphafold.ebi.ac.uk/entry/P00747
PLG	missense_variant	uncertain significance	770460362	P00747	rs770460362	D432N	0.27		P00747	Plasminogen	Homo sapiens	Encontrado	https://alphafold.ebi.ac.uk/entry/P00747
PLG	missense_variant	uncertain significance	770460362	P00747	rs770460362	D432N	0.02		P00747	Plasminogen	Homo sapiens	Encontrado	https://alphafold.ebi.ac.uk/entry/P00747
PLG	missense_variant	uncertain significance	770480023	P00747	rs770480023	P221L	0.655		P00747	Plasminogen	Homo sapiens	Encontrado	https://alphafold.ebi.ac.uk/entry/P00747
PLG	missense_variant	uncertain significance	770480023	P00747	rs770480023	P221L	0.09		P00747	Plasminogen	Homo sapiens	Encontrado	https://alphafold.ebi.ac.uk/entry/P00747
PLG	missense_variant	uncertain significance	770768604	P00747	rs770768604	M76L	0.007		P00747	Plasminogen	Homo sapiens	Encontrado	https://alphafold.ebi.ac.uk/entry/P00747
PLG	missense_variant	uncertain significance	770768604	P00747	rs770768604	M76L	1.0		P00747	Plasminogen	Homo sapiens	Encontrado	https://alphafold.ebi.ac.uk/entry/P00747
PLG	missense_variant		770804626						P00747	Plasminogen	Homo sapiens	Encontrado	https://alphafold.ebi.ac.uk/entry/P00747
PLG	missense_variant		770942860						P00747	Plasminogen	Homo sapiens	Encontrado	https://alphafold.ebi.ac.uk/entry/P00747
PLG	missense_variant		771191021						P00747	Plasminogen	Homo sapiens	Encontrado	https://alphafold.ebi.ac.uk/entry/P00747
PLG	missense_variant		771304689						P00747	Plasminogen	Homo sapiens	Encontrado	https://alphafold.ebi.ac.uk/entry/P00747
PLG	missense_variant		771422389						P00747	Plasminogen	Homo sapiens	Encontrado	https://alphafold.ebi.ac.uk/entry/P00747
PLG	missense_variant	uncertain significance	771575586	P00747	rs771575586	A459G	0.0		P00747	Plasminogen	Homo sapiens	Encontrado	https://alphafold.ebi.ac.uk/entry/P00747
PLG	missense_variant	uncertain significance	771575586	P00747	rs771575586	A459G	0.41		P00747	Plasminogen	Homo sapiens	Encontrado	https://alphafold.ebi.ac.uk/entry/P00747
PLG	missense_variant	uncertain significance	771575586	P00747	rs771575586	A459V	0.018		P00747	Plasminogen	Homo sapiens	Encontrado	https://alphafold.ebi.ac.uk/entry/P00747
PLG	missense_variant	uncertain significance	771575586	P00747	rs771575586	A459V	0.31		P00747	Plasminogen	Homo sapiens	Encontrado	https://alphafold.ebi.ac.uk/entry/P00747
PLG	missense_variant	uncertain significance	771575586	P00747	rs771575586	A459V	0.018		P00747	Plasminogen	Homo sapiens	Encontrado	https://alphafold.ebi.ac.uk/entry/P00747
PLG	missense_variant	uncertain significance	771575586	P00747	rs771575586	A459V	0.3		P00747	Plasminogen	Homo sapiens	Encontrado	https://alphafold.ebi.ac.uk/entry/P00747
PLG	missense_variant	uncertain significance	772811538	P00747	rs772811538	R386Q	0.999		P00747	Plasminogen	Homo sapiens	Encontrado	https://alphafold.ebi.ac.uk/entry/P00747
PLG	missense_variant	uncertain significance	772811538	P00747	rs772811538	R386Q	0.03		P00747	Plasminogen	Homo sapiens	Encontrado	https://alphafold.ebi.ac.uk/entry/P00747
PLG	missense_variant	uncertain significance	772811538	P00747	rs772811538	R386Q	0.999		P00747	Plasminogen	Homo sapiens	Encontrado	https://alphafold.ebi.ac.uk/entry/P00747
PLG	missense_variant	uncertain significance	772811538	P00747	rs772811538	R386Q	0.01		P00747	Plasminogen	Homo sapiens	Encontrado	https://alphafold.ebi.ac.uk/entry/P00747
PLG	missense_variant		773226077						P00747	Plasminogen	Homo sapiens	Encontrado	https://alphafold.ebi.ac.uk/entry/P00747
PLG	missense_variant		773236077						P00747	Plasminogen	Homo sapiens	Encontrado	https://alphafold.ebi.ac.uk/entry/P00747
PLG	missense_variant	uncertain significance	773286811						P00747	Plasminogen	Homo sapiens	Encontrado	https://alphafold.ebi.ac.uk/entry/P00747
PLG	missense_variant	uncertain significance	773350034						P00747	Plasminogen	Homo sapiens	Encontrado	https://alphafold.ebi.ac.uk/entry/P00747
PLG	missense_variant	uncertain significance	773525076	P00747	rs773525076	M807T	0.841		P00747	Plasminogen	Homo sapiens	Encontrado	https://alphafold.ebi.ac.uk/entry/P00747
PLG	missense_variant	uncertain significance	773525076	P00747	rs773525076	M807T	0.01		P00747	Plasminogen	Homo sapiens	Encontrado	https://alphafold.ebi.ac.uk/entry/P00747
PLG	missense_variant		774103177						P00747	Plasminogen	Homo sapiens	Encontrado	https://alphafold.ebi.ac.uk/entry/P00747
PLG	missense_variant		774217296						P00747	Plasminogen	Homo sapiens	Encontrado	https://alphafold.ebi.ac.uk/entry/P00747
PLG	missense_variant	uncertain significance	774229224						P00747	Plasminogen	Homo sapiens	Encontrado	https://alphafold.ebi.ac.uk/entry/P00747
PLG	missense_variant		774484989						P00747	Plasminogen	Homo sapiens	Encontrado	https://alphafold.ebi.ac.uk/entry/P00747
PLG	missense_variant		774596197						P00747	Plasminogen	Homo sapiens	Encontrado	https://alphafold.ebi.ac.uk/entry/P00747
PLG	missense_variant		774683115						P00747	Plasminogen	Homo sapiens	Encontrado	https://alphafold.ebi.ac.uk/entry/P00747
PLG	missense_variant	uncertain significance	774872002						P00747	Plasminogen	Homo sapiens	Encontrado	https://alphafold.ebi.ac.uk/entry/P00747
PLG	missense_variant	uncertain significance	774881372						P00747	Plasminogen	Homo sapiens	Encontrado	https://alphafold.ebi.ac.uk/entry/P00747
PLG	missense_variant		774970398						P00747	Plasminogen	Homo sapiens	Encontrado	https://alphafold.ebi.ac.uk/entry/P00747
PLG	missense_variant		774970719						P00747	Plasminogen	Homo sapiens	Encontrado	https://alphafold.ebi.ac.uk/entry/P00747
PLG	missense_variant	uncertain significance	775335671	P00747	rs775335671	R343L	0.165		P00747	Plasminogen	Homo sapiens	Encontrado	https://alphafold.ebi.ac.uk/entry/P00747
PLG	missense_variant	uncertain significance	775335671	P00747	rs775335671	R343L	0.07		P00747	Plasminogen	Homo sapiens	Encontrado	https://alphafold.ebi.ac.uk/entry/P00747
PLG	missense_variant	uncertain significance	775335671	P00747	rs775335671	R343L	0.818		P00747	Plasminogen	Homo sapiens	Encontrado	https://alphafold.ebi.ac.uk/entry/P00747
PLG	missense_variant	uncertain significance	775335671	P00747	rs775335671	R343L	0.0		P00747	Plasminogen	Homo sapiens	Encontrado	https://alphafold.ebi.ac.uk/entry/P00747
PLG	missense_variant	uncertain significance	775543829						P00747	Plasminogen	Homo sapiens	Encontrado	https://alphafold.ebi.ac.uk/entry/P00747
PLG	missense_variant		775557740						P00747	Plasminogen	Homo sapiens	Encontrado	https://alphafold.ebi.ac.uk/entry/P00747
PLG	missense_variant	uncertain significance	775647219	P00747	rs775647219	N286T	0.0		P00747	Plasminogen	Homo sapiens	Encontrado	https://alphafold.ebi.ac.uk/entry/P00747
PLG	missense_variant	uncertain significance	775647219	P00747	rs775647219	N286T	1.0		P00747	Plasminogen	Homo sapiens	Encontrado	https://alphafold.ebi.ac.uk/entry/P00747
PLG	missense_variant		776753449						P00747	Plasminogen	Homo sapiens	Encontrado	https://alphafold.ebi.ac.uk/entry/P00747
PLG	missense_variant		777216349						P00747	Plasminogen	Homo sapiens	Encontrado	https://alphafold.ebi.ac.uk/entry/P00747
PLG	missense_variant		777232742						P00747	Plasminogen	Homo sapiens	Encontrado	https://alphafold.ebi.ac.uk/entry/P00747
PLG	missense_variant		777253416						P00747	Plasminogen	Homo sapiens	Encontrado	https://alphafold.ebi.ac.uk/entry/P00747
PLG	missense_variant		777354540						P00747	Plasminogen	Homo sapiens	Encontrado	https://alphafold.ebi.ac.uk/entry/P00747
PLG	missense_variant		777359514						P00747	Plasminogen	Homo sapiens	Encontrado	https://alphafold.ebi.ac.uk/entry/P00747
PLG	missense_variant	uncertain significance	777371711	P00747	rs777371711	H142Q	0.868		P00747	Plasminogen	Homo sapiens	Encontrado	https://alphafold.ebi.ac.uk/entry/P00747
PLG	missense_variant	uncertain significance	777371711	P00747	rs777371711	H142Q	0.0		P00747	Plasminogen	Homo sapiens	Encontrado	https://alphafold.ebi.ac.uk/entry/P00747
PLG	missense_variant		777552429	P00747	rs777552429	D441N	0.85		P00747	Plasminogen	Homo sapiens	Encontrado	https://alphafold.ebi.ac.uk/entry/P00747
PLG	missense_variant		777552429	P00747	rs777552429	D441N	0.13		P00747	Plasminogen	Homo sapiens	Encontrado	https://alphafold.ebi.ac.uk/entry/P00747
PLG	missense_variant		777552429	P00747	rs777552429	D441N	0.855		P00747	Plasminogen	Homo sapiens	Encontrado	https://alphafold.ebi.ac.uk/entry/P00747
PLG	missense_variant		777552429	P00747	rs777552429	D441N	0.04		P00747	Plasminogen	Homo sapiens	Encontrado	https://alphafold.ebi.ac.uk/entry/P00747
PLG	missense_variant		777646481						P00747	Plasminogen	Homo sapiens	Encontrado	https://alphafold.ebi.ac.uk/entry/P00747
PLG	missense_variant		778073217						P00747	Plasminogen	Homo sapiens	Encontrado	https://alphafold.ebi.ac.uk/entry/P00747
PLG	missense_variant	likely benign	778225357						P00747	Plasminogen	Homo sapiens	Encontrado	https://alphafold.ebi.ac.uk/entry/P00747
PLG	missense_variant		778315137						P00747	Plasminogen	Homo sapiens	Encontrado	https://alphafold.ebi.ac.uk/entry/P00747
PLG	missense_variant	uncertain significance	778597933						P00747	Plasminogen	Homo sapiens	Encontrado	https://alphafold.ebi.ac.uk/entry/P00747
PLG	missense_variant	uncertain significance	778599053	P00747	rs778599053	G106A	0.54		P00747	Plasminogen	Homo sapiens	Encontrado	https://alphafold.ebi.ac.uk/entry/P00747
PLG	missense_variant	uncertain significance	778599053	P00747	rs778599053	G106A	0.01		P00747	Plasminogen	Homo sapiens	Encontrado	https://alphafold.ebi.ac.uk/entry/P00747
PLG	missense_variant		778686781						P00747	Plasminogen	Homo sapiens	Encontrado	https://alphafold.ebi.ac.uk/entry/P00747
PLG	missense_variant		778725428						P00747	Plasminogen	Homo sapiens	Encontrado	https://alphafold.ebi.ac.uk/entry/P00747
PLG	missense_variant		778793621						P00747	Plasminogen	Homo sapiens	Encontrado	https://alphafold.ebi.ac.uk/entry/P00747
PLG	missense_variant		779290753						P00747	Plasminogen	Homo sapiens	Encontrado	https://alphafold.ebi.ac.uk/entry/P00747
PLG	missense_variant	uncertain significance	780012024	P00747	rs780012024	C543R	0.999		P00747	Plasminogen	Homo sapiens	Encontrado	https://alphafold.ebi.ac.uk/entry/P00747
PLG	missense_variant	uncertain significance	780012024	P00747	rs780012024	C543R	0.0		P00747	Plasminogen	Homo sapiens	Encontrado	https://alphafold.ebi.ac.uk/entry/P00747
PLG	missense_variant		780520011						P00747	Plasminogen	Homo sapiens	Encontrado	https://alphafold.ebi.ac.uk/entry/P00747
PLG	missense_variant		780849993						P00747	Plasminogen	Homo sapiens	Encontrado	https://alphafold.ebi.ac.uk/entry/P00747
PLG	missense_variant	uncertain significance	780940385	P00747	rs780940385	T371I	0.384		P00747	Plasminogen	Homo sapiens	Encontrado	https://alphafold.ebi.ac.uk/entry/P00747
PLG	missense_variant	uncertain significance	780940385	P00747	rs780940385	T371I	0.18		P00747	Plasminogen	Homo sapiens	Encontrado	https://alphafold.ebi.ac.uk/entry/P00747
PLG	missense_variant		780956197						P00747	Plasminogen	Homo sapiens	Encontrado	https://alphafold.ebi.ac.uk/entry/P00747
PLG	missense_variant		780964619						P00747	Plasminogen	Homo sapiens	Encontrado	https://alphafold.ebi.ac.uk/entry/P00747
PLG	missense_variant	uncertain significance	781084043	P00747	rs781084043	A77T	0.196		P00747	Plasminogen	Homo sapiens	Encontrado	https://alphafold.ebi.ac.uk/entry/P00747
PLG	missense_variant	uncertain significance	781084043	P00747	rs781084043	A77T	0.14		P00747	Plasminogen	Homo sapiens	Encontrado	https://alphafold.ebi.ac.uk/entry/P00747
PLG	missense_variant	uncertain significance	781343369	P00747	rs781343369	E145D	0.009		P00747	Plasminogen	Homo sapiens	Encontrado	https://alphafold.ebi.ac.uk/entry/P00747
PLG	missense_variant	uncertain significance	781343369	P00747	rs781343369	E145D	0.02		P00747	Plasminogen	Homo sapiens	Encontrado	https://alphafold.ebi.ac.uk/entry/P00747
PLG	missense_variant		781424107						P00747	Plasminogen	Homo sapiens	Encontrado	https://alphafold.ebi.ac.uk/entry/P00747
PLG	missense_variant	uncertain significance	781448572	P00747	rs781448572	E54K	0.571		P00747	Plasminogen	Homo sapiens	Encontrado	https://alphafold.ebi.ac.uk/entry/P00747
PLG	missense_variant	uncertain significance	781448572	P00747	rs781448572	E54K	0.01		P00747	Plasminogen	Homo sapiens	Encontrado	https://alphafold.ebi.ac.uk/entry/P00747
PLG	missense_variant	uncertain significance	781540328	P00747	rs781540328	H215Q	0.939		P00747	Plasminogen	Homo sapiens	Encontrado	https://alphafold.ebi.ac.uk/entry/P00747
PLG	missense_variant	uncertain significance	781540328	P00747	rs781540328	H215Q	0.04		P00747	Plasminogen	Homo sapiens	Encontrado	https://alphafold.ebi.ac.uk/entry/P00747
PLG	missense_variant	uncertain significance	781540328	P00747	rs781540328	H215Q	0.918		P00747	Plasminogen	Homo sapiens	Encontrado	https://alphafold.ebi.ac.uk/entry/P00747
PLG	missense_variant	uncertain significance	781540328	P00747	rs781540328	H215Q	0.08		P00747	Plasminogen	Homo sapiens	Encontrado	https://alphafold.ebi.ac.uk/entry/P00747
PLG	missense_variant		781542891						P00747	Plasminogen	Homo sapiens	Encontrado	https://alphafold.ebi.ac.uk/entry/P00747
PLG	missense_variant		781616117						P00747	Plasminogen	Homo sapiens	Encontrado	https://alphafold.ebi.ac.uk/entry/P00747
PLG	missense_variant		781757563						P00747	Plasminogen	Homo sapiens	Encontrado	https://alphafold.ebi.ac.uk/entry/P00747
PLG	missense_variant		796509928						P00747	Plasminogen	Homo sapiens	Encontrado	https://alphafold.ebi.ac.uk/entry/P00747
PLG	missense_variant		866980132						P00747	Plasminogen	Homo sapiens	Encontrado	https://alphafold.ebi.ac.uk/entry/P00747
PLG	missense_variant		867615094						P00747	Plasminogen	Homo sapiens	Encontrado	https://alphafold.ebi.ac.uk/entry/P00747
PLG	missense_variant		868033172						P00747	Plasminogen	Homo sapiens	Encontrado	https://alphafold.ebi.ac.uk/entry/P00747
PLG	missense_variant		868176321	P00747	rs868176321	G195D	0.999		P00747	Plasminogen	Homo sapiens	Encontrado	https://alphafold.ebi.ac.uk/entry/P00747
PLG	missense_variant		868176321	P00747	rs868176321	G195D	0.01		P00747	Plasminogen	Homo sapiens	Encontrado	https://alphafold.ebi.ac.uk/entry/P00747
PLG	missense_variant		868176321	P00747	rs868176321	G195D	0.998		P00747	Plasminogen	Homo sapiens	Encontrado	https://alphafold.ebi.ac.uk/entry/P00747
PLG	missense_variant		868176321	P00747	rs868176321	G195D	0.0		P00747	Plasminogen	Homo sapiens	Encontrado	https://alphafold.ebi.ac.uk/entry/P00747
PLG	missense_variant	uncertain significance	886555174	P00747	rs886555174	A713T	0.012		P00747	Plasminogen	Homo sapiens	Encontrado	https://alphafold.ebi.ac.uk/entry/P00747
PLG	missense_variant	uncertain significance	886555174	P00747	rs886555174	A713T	0.11		P00747	Plasminogen	Homo sapiens	Encontrado	https://alphafold.ebi.ac.uk/entry/P00747
PLG	missense_variant		887194617						P00747	Plasminogen	Homo sapiens	Encontrado	https://alphafold.ebi.ac.uk/entry/P00747
PLG	missense_variant	pathogenic	889957249						P00747	Plasminogen	Homo sapiens	Encontrado	https://alphafold.ebi.ac.uk/entry/P00747
PLG	missense_variant	uncertain significance	896552124	P00747	rs896552124	P522S	0.913		P00747	Plasminogen	Homo sapiens	Encontrado	https://alphafold.ebi.ac.uk/entry/P00747
PLG	missense_variant	uncertain significance	896552124	P00747	rs896552124	P522S	0.02		P00747	Plasminogen	Homo sapiens	Encontrado	https://alphafold.ebi.ac.uk/entry/P00747
PLG	missense_variant	uncertain significance	896552124	P00747	rs896552124	P522S	0.916		P00747	Plasminogen	Homo sapiens	Encontrado	https://alphafold.ebi.ac.uk/entry/P00747
PLG	missense_variant	uncertain significance	896552124	P00747	rs896552124	P522S	0.01		P00747	Plasminogen	Homo sapiens	Encontrado	https://alphafold.ebi.ac.uk/entry/P00747
PLG	missense_variant	uncertain significance	901543025	P00747	rs901543025	D430E	0.99		P00747	Plasminogen	Homo sapiens	Encontrado	https://alphafold.ebi.ac.uk/entry/P00747
PLG	missense_variant	uncertain significance	901543025	P00747	rs901543025	D430E	0.04		P00747	Plasminogen	Homo sapiens	Encontrado	https://alphafold.ebi.ac.uk/entry/P00747
PLG	missense_variant		904476117						P00747	Plasminogen	Homo sapiens	Encontrado	https://alphafold.ebi.ac.uk/entry/P00747
PLG	missense_variant	uncertain significance	915467370	P00747	rs915467370	G783S	0.998		P00747	Plasminogen	Homo sapiens	Encontrado	https://alphafold.ebi.ac.uk/entry/P00747
PLG	missense_variant	uncertain significance	915467370	P00747	rs915467370	G783S	0.01		P00747	Plasminogen	Homo sapiens	Encontrado	https://alphafold.ebi.ac.uk/entry/P00747
PLG	missense_variant		918584674						P00747	Plasminogen	Homo sapiens	Encontrado	https://alphafold.ebi.ac.uk/entry/P00747
PLG	missense_variant	uncertain significance	921482295						P00747	Plasminogen	Homo sapiens	Encontrado	https://alphafold.ebi.ac.uk/entry/P00747
PLG	missense_variant	uncertain significance	923055542						P00747	Plasminogen	Homo sapiens	Encontrado	https://alphafold.ebi.ac.uk/entry/P00747
PLG	missense_variant	uncertain significance	925281451						P00747	Plasminogen	Homo sapiens	Encontrado	https://alphafold.ebi.ac.uk/entry/P00747
PLG	missense_variant		927936303						P00747	Plasminogen	Homo sapiens	Encontrado	https://alphafold.ebi.ac.uk/entry/P00747
PLG	missense_variant		932497528						P00747	Plasminogen	Homo sapiens	Encontrado	https://alphafold.ebi.ac.uk/entry/P00747
PLG	missense_variant	uncertain significance	940368459	P00747	rs940368459	E5K	0.001		P00747	Plasminogen	Homo sapiens	Encontrado	https://alphafold.ebi.ac.uk/entry/P00747
PLG	missense_variant	uncertain significance	940368459	P00747	rs940368459	E5K	1.0		P00747	Plasminogen	Homo sapiens	Encontrado	https://alphafold.ebi.ac.uk/entry/P00747
PLG	missense_variant	uncertain significance	940368459	P00747	rs940368459	E5K	0.001		P00747	Plasminogen	Homo sapiens	Encontrado	https://alphafold.ebi.ac.uk/entry/P00747
PLG	missense_variant	uncertain significance	940368459	P00747	rs940368459	E5K	1.0		P00747	Plasminogen	Homo sapiens	Encontrado	https://alphafold.ebi.ac.uk/entry/P00747
PLG	missense_variant	uncertain significance	943490846						P00747	Plasminogen	Homo sapiens	Encontrado	https://alphafold.ebi.ac.uk/entry/P00747
PLG	missense_variant		945677338						P00747	Plasminogen	Homo sapiens	Encontrado	https://alphafold.ebi.ac.uk/entry/P00747
PLG	missense_variant	uncertain significance	954213031	P00747	rs954213031	K277Q	0.102		P00747	Plasminogen	Homo sapiens	Encontrado	https://alphafold.ebi.ac.uk/entry/P00747
PLG	missense_variant	uncertain significance	954213031	P00747	rs954213031	K277Q	0.1		P00747	Plasminogen	Homo sapiens	Encontrado	https://alphafold.ebi.ac.uk/entry/P00747
PLG	missense_variant		955514370						P00747	Plasminogen	Homo sapiens	Encontrado	https://alphafold.ebi.ac.uk/entry/P00747
PLG	missense_variant		956684218						P00747	Plasminogen	Homo sapiens	Encontrado	https://alphafold.ebi.ac.uk/entry/P00747
PLG	missense_variant		961449882	P00747	rs961449882	S358F	0.379		P00747	Plasminogen	Homo sapiens	Encontrado	https://alphafold.ebi.ac.uk/entry/P00747
PLG	missense_variant		961449882	P00747	rs961449882	S358F	0.04		P00747	Plasminogen	Homo sapiens	Encontrado	https://alphafold.ebi.ac.uk/entry/P00747
PLG	missense_variant		961449882	P00747	rs961449882	S358F	0.389		P00747	Plasminogen	Homo sapiens	Encontrado	https://alphafold.ebi.ac.uk/entry/P00747
PLG	missense_variant		961449882	P00747	rs961449882	S358F	0.02		P00747	Plasminogen	Homo sapiens	Encontrado	https://alphafold.ebi.ac.uk/entry/P00747
PLG	missense_variant		962786799						P00747	Plasminogen	Homo sapiens	Encontrado	https://alphafold.ebi.ac.uk/entry/P00747
PLG	missense_variant		963203064						P00747	Plasminogen	Homo sapiens	Encontrado	https://alphafold.ebi.ac.uk/entry/P00747
PLG	missense_variant		965939583						P00747	Plasminogen	Homo sapiens	Encontrado	https://alphafold.ebi.ac.uk/entry/P00747
PLG	missense_variant		967061131						P00747	Plasminogen	Homo sapiens	Encontrado	https://alphafold.ebi.ac.uk/entry/P00747
PLG	missense_variant		968596889						P00747	Plasminogen	Homo sapiens	Encontrado	https://alphafold.ebi.ac.uk/entry/P00747
PLG	missense_variant	uncertain significance	969828765	P00747	rs969828765	K396N	0.783		P00747	Plasminogen	Homo sapiens	Encontrado	https://alphafold.ebi.ac.uk/entry/P00747
PLG	missense_variant	uncertain significance	969828765	P00747	rs969828765	K396N	0.0		P00747	Plasminogen	Homo sapiens	Encontrado	https://alphafold.ebi.ac.uk/entry/P00747
PLG	missense_variant	uncertain significance	976246020						P00747	Plasminogen	Homo sapiens	Encontrado	https://alphafold.ebi.ac.uk/entry/P00747
PLG	missense_variant		977078197						P00747	Plasminogen	Homo sapiens	Encontrado	https://alphafold.ebi.ac.uk/entry/P00747
PLG	missense_variant		978720852						P00747	Plasminogen	Homo sapiens	Encontrado	https://alphafold.ebi.ac.uk/entry/P00747
PLG	missense_variant		978990566						P00747	Plasminogen	Homo sapiens	Encontrado	https://alphafold.ebi.ac.uk/entry/P00747
PLG	missense_variant		982446880	P00747	rs982446880	P350L	0.91		P00747	Plasminogen	Homo sapiens	Encontrado	https://alphafold.ebi.ac.uk/entry/P00747
PLG	missense_variant		982446880	P00747	rs982446880	P350L	0.01		P00747	Plasminogen	Homo sapiens	Encontrado	https://alphafold.ebi.ac.uk/entry/P00747
PLG	missense_variant		982446880	P00747	rs982446880	P350L	0.779		P00747	Plasminogen	Homo sapiens	Encontrado	https://alphafold.ebi.ac.uk/entry/P00747
PLG	missense_variant		982446880	P00747	rs982446880	P350L	0.0		P00747	Plasminogen	Homo sapiens	Encontrado	https://alphafold.ebi.ac.uk/entry/P00747
PLG	missense_variant		982507401						P00747	Plasminogen	Homo sapiens	Encontrado	https://alphafold.ebi.ac.uk/entry/P00747
PLG	missense_variant		984811486						P00747	Plasminogen	Homo sapiens	Encontrado	https://alphafold.ebi.ac.uk/entry/P00747
PLG	missense_variant		986204828						P00747	Plasminogen	Homo sapiens	Encontrado	https://alphafold.ebi.ac.uk/entry/P00747
PLG	missense_variant		989462625						P00747	Plasminogen	Homo sapiens	Encontrado	https://alphafold.ebi.ac.uk/entry/P00747
PLG	missense_variant		990943130	P00747	rs990943130	E651K	0.052		P00747	Plasminogen	Homo sapiens	Encontrado	https://alphafold.ebi.ac.uk/entry/P00747
PLG	missense_variant		990943130	P00747	rs990943130	E651K	0.78		P00747	Plasminogen	Homo sapiens	Encontrado	https://alphafold.ebi.ac.uk/entry/P00747
PLG	missense_variant		990943130	P00747	rs990943130	E651K	0.009		P00747	Plasminogen	Homo sapiens	Encontrado	https://alphafold.ebi.ac.uk/entry/P00747
PLG	missense_variant		990943130	P00747	rs990943130	E651K	0.64		P00747	Plasminogen	Homo sapiens	Encontrado	https://alphafold.ebi.ac.uk/entry/P00747
PLG	missense_variant		992762965						P00747	Plasminogen	Homo sapiens	Encontrado	https://alphafold.ebi.ac.uk/entry/P00747
PLG	missense_variant		995613132						P00747	Plasminogen	Homo sapiens	Encontrado	https://alphafold.ebi.ac.uk/entry/P00747
PLG	missense_variant		997162056						P00747	Plasminogen	Homo sapiens	Encontrado	https://alphafold.ebi.ac.uk/entry/P00747
PLG	missense_variant		997624380						P00747	Plasminogen	Homo sapiens	Encontrado	https://alphafold.ebi.ac.uk/entry/P00747
