Gene	Consequencia	Significancia_Clinica	rs_key	UniProt_ID	rsID_dbSNP	Proteina_Mudanca	AlphaMissense_Score	AlphaMissense_Classificacao	ID_UniProt	Nome_Proteina	Organismo	Status	Link_AlphaFold
NLRP3	missense_variant	uncertain significance	1003706636						Q96P20	NACHT, LRR and PYD domains-containing protein 3	Homo sapiens	Encontrado	https://alphafold.ebi.ac.uk/entry/Q96P20
NLRP3	missense_variant		1005499495						Q96P20	NACHT, LRR and PYD domains-containing protein 3	Homo sapiens	Encontrado	https://alphafold.ebi.ac.uk/entry/Q96P20
NLRP3	missense_variant		1008911988						Q96P20	NACHT, LRR and PYD domains-containing protein 3	Homo sapiens	Encontrado	https://alphafold.ebi.ac.uk/entry/Q96P20
NLRP3	missense_variant	uncertain significance	1015704407						Q96P20	NACHT, LRR and PYD domains-containing protein 3	Homo sapiens	Encontrado	https://alphafold.ebi.ac.uk/entry/Q96P20
NLRP3	missense_variant	uncertain significance	1019344995						Q96P20	NACHT, LRR and PYD domains-containing protein 3	Homo sapiens	Encontrado	https://alphafold.ebi.ac.uk/entry/Q96P20
NLRP3	missense_variant	uncertain significance	1024570390						Q96P20	NACHT, LRR and PYD domains-containing protein 3	Homo sapiens	Encontrado	https://alphafold.ebi.ac.uk/entry/Q96P20
NLRP3	missense_variant	uncertain significance	1024627542						Q96P20	NACHT, LRR and PYD domains-containing protein 3	Homo sapiens	Encontrado	https://alphafold.ebi.ac.uk/entry/Q96P20
NLRP3	missense_variant	uncertain significance	1027062725						Q96P20	NACHT, LRR and PYD domains-containing protein 3	Homo sapiens	Encontrado	https://alphafold.ebi.ac.uk/entry/Q96P20
NLRP3	missense_variant	uncertain significance	1033902069						Q96P20	NACHT, LRR and PYD domains-containing protein 3	Homo sapiens	Encontrado	https://alphafold.ebi.ac.uk/entry/Q96P20
NLRP3	missense_variant		1036789973						Q96P20	NACHT, LRR and PYD domains-containing protein 3	Homo sapiens	Encontrado	https://alphafold.ebi.ac.uk/entry/Q96P20
NLRP3	missense_variant	uncertain significance	1041570007						Q96P20	NACHT, LRR and PYD domains-containing protein 3	Homo sapiens	Encontrado	https://alphafold.ebi.ac.uk/entry/Q96P20
NLRP3	missense_variant	uncertain significance	1041601343						Q96P20	NACHT, LRR and PYD domains-containing protein 3	Homo sapiens	Encontrado	https://alphafold.ebi.ac.uk/entry/Q96P20
NLRP3	missense_variant	likely benign	1043912541						Q96P20	NACHT, LRR and PYD domains-containing protein 3	Homo sapiens	Encontrado	https://alphafold.ebi.ac.uk/entry/Q96P20
NLRP3	missense_variant	likely pathogenic, pathogenic	104895389						Q96P20	NACHT, LRR and PYD domains-containing protein 3	Homo sapiens	Encontrado	https://alphafold.ebi.ac.uk/entry/Q96P20
NLRP3	missense_variant	not provided, likely pathogenic	104895392						Q96P20	NACHT, LRR and PYD domains-containing protein 3	Homo sapiens	Encontrado	https://alphafold.ebi.ac.uk/entry/Q96P20
NLRP3	missense_variant	not provided	104895414						Q96P20	NACHT, LRR and PYD domains-containing protein 3	Homo sapiens	Encontrado	https://alphafold.ebi.ac.uk/entry/Q96P20
NLRP3	missense_variant		1051292177						Q96P20	NACHT, LRR and PYD domains-containing protein 3	Homo sapiens	Encontrado	https://alphafold.ebi.ac.uk/entry/Q96P20
NLRP3	missense_variant		1056449235						Q96P20	NACHT, LRR and PYD domains-containing protein 3	Homo sapiens	Encontrado	https://alphafold.ebi.ac.uk/entry/Q96P20
NLRP3	missense_variant	uncertain significance	1057515488						Q96P20	NACHT, LRR and PYD domains-containing protein 3	Homo sapiens	Encontrado	https://alphafold.ebi.ac.uk/entry/Q96P20
NLRP3	missense_variant	likely pathogenic	1057518827						Q96P20	NACHT, LRR and PYD domains-containing protein 3	Homo sapiens	Encontrado	https://alphafold.ebi.ac.uk/entry/Q96P20
NLRP3	missense_variant	likely pathogenic	1057524777						Q96P20	NACHT, LRR and PYD domains-containing protein 3	Homo sapiens	Encontrado	https://alphafold.ebi.ac.uk/entry/Q96P20
NLRP3	missense_variant	uncertain significance	1064797023						Q96P20	NACHT, LRR and PYD domains-containing protein 3	Homo sapiens	Encontrado	https://alphafold.ebi.ac.uk/entry/Q96P20
NLRP3	missense_variant	likely benign, pathogenic	1131691298						Q96P20	NACHT, LRR and PYD domains-containing protein 3	Homo sapiens	Encontrado	https://alphafold.ebi.ac.uk/entry/Q96P20
NLRP3	missense_variant	uncertain significance	1131691891						Q96P20	NACHT, LRR and PYD domains-containing protein 3	Homo sapiens	Encontrado	https://alphafold.ebi.ac.uk/entry/Q96P20
NLRP3	missense_variant	uncertain significance, likely benign	114158404						Q96P20	NACHT, LRR and PYD domains-containing protein 3	Homo sapiens	Encontrado	https://alphafold.ebi.ac.uk/entry/Q96P20
NLRP3	missense_variant	uncertain significance	1157282902						Q96P20	NACHT, LRR and PYD domains-containing protein 3	Homo sapiens	Encontrado	https://alphafold.ebi.ac.uk/entry/Q96P20
NLRP3	missense_variant		1162803038						Q96P20	NACHT, LRR and PYD domains-containing protein 3	Homo sapiens	Encontrado	https://alphafold.ebi.ac.uk/entry/Q96P20
NLRP3	missense_variant		1162852496						Q96P20	NACHT, LRR and PYD domains-containing protein 3	Homo sapiens	Encontrado	https://alphafold.ebi.ac.uk/entry/Q96P20
NLRP3	missense_variant	uncertain significance	1165301516						Q96P20	NACHT, LRR and PYD domains-containing protein 3	Homo sapiens	Encontrado	https://alphafold.ebi.ac.uk/entry/Q96P20
NLRP3	missense_variant		1167712298						Q96P20	NACHT, LRR and PYD domains-containing protein 3	Homo sapiens	Encontrado	https://alphafold.ebi.ac.uk/entry/Q96P20
NLRP3	missense_variant	uncertain significance	1171805245						Q96P20	NACHT, LRR and PYD domains-containing protein 3	Homo sapiens	Encontrado	https://alphafold.ebi.ac.uk/entry/Q96P20
NLRP3	missense_variant		1172036975						Q96P20	NACHT, LRR and PYD domains-containing protein 3	Homo sapiens	Encontrado	https://alphafold.ebi.ac.uk/entry/Q96P20
NLRP3	missense_variant	uncertain significance, benign, likely benign	117287351						Q96P20	NACHT, LRR and PYD domains-containing protein 3	Homo sapiens	Encontrado	https://alphafold.ebi.ac.uk/entry/Q96P20
NLRP3	missense_variant	uncertain significance	1173511224						Q96P20	NACHT, LRR and PYD domains-containing protein 3	Homo sapiens	Encontrado	https://alphafold.ebi.ac.uk/entry/Q96P20
NLRP3	missense_variant		1175903290						Q96P20	NACHT, LRR and PYD domains-containing protein 3	Homo sapiens	Encontrado	https://alphafold.ebi.ac.uk/entry/Q96P20
NLRP3	missense_variant	uncertain significance	1176676245						Q96P20	NACHT, LRR and PYD domains-containing protein 3	Homo sapiens	Encontrado	https://alphafold.ebi.ac.uk/entry/Q96P20
NLRP3	missense_variant		1177203459						Q96P20	NACHT, LRR and PYD domains-containing protein 3	Homo sapiens	Encontrado	https://alphafold.ebi.ac.uk/entry/Q96P20
NLRP3	missense_variant		1178937944						Q96P20	NACHT, LRR and PYD domains-containing protein 3	Homo sapiens	Encontrado	https://alphafold.ebi.ac.uk/entry/Q96P20
NLRP3	missense_variant		1183987278						Q96P20	NACHT, LRR and PYD domains-containing protein 3	Homo sapiens	Encontrado	https://alphafold.ebi.ac.uk/entry/Q96P20
NLRP3	missense_variant		1184182938						Q96P20	NACHT, LRR and PYD domains-containing protein 3	Homo sapiens	Encontrado	https://alphafold.ebi.ac.uk/entry/Q96P20
NLRP3	missense_variant		1186536604						Q96P20	NACHT, LRR and PYD domains-containing protein 3	Homo sapiens	Encontrado	https://alphafold.ebi.ac.uk/entry/Q96P20
NLRP3	missense_variant		1189005585						Q96P20	NACHT, LRR and PYD domains-containing protein 3	Homo sapiens	Encontrado	https://alphafold.ebi.ac.uk/entry/Q96P20
NLRP3	missense_variant		1191237426						Q96P20	NACHT, LRR and PYD domains-containing protein 3	Homo sapiens	Encontrado	https://alphafold.ebi.ac.uk/entry/Q96P20
NLRP3	missense_variant		1191599576						Q96P20	NACHT, LRR and PYD domains-containing protein 3	Homo sapiens	Encontrado	https://alphafold.ebi.ac.uk/entry/Q96P20
NLRP3	missense_variant		1192179361						Q96P20	NACHT, LRR and PYD domains-containing protein 3	Homo sapiens	Encontrado	https://alphafold.ebi.ac.uk/entry/Q96P20
NLRP3	missense_variant	uncertain significance	1193199652						Q96P20	NACHT, LRR and PYD domains-containing protein 3	Homo sapiens	Encontrado	https://alphafold.ebi.ac.uk/entry/Q96P20
NLRP3	missense_variant	uncertain significance	1194598798						Q96P20	NACHT, LRR and PYD domains-containing protein 3	Homo sapiens	Encontrado	https://alphafold.ebi.ac.uk/entry/Q96P20
NLRP3	missense_variant		1198060022						Q96P20	NACHT, LRR and PYD domains-containing protein 3	Homo sapiens	Encontrado	https://alphafold.ebi.ac.uk/entry/Q96P20
NLRP3	missense_variant		1199320924						Q96P20	NACHT, LRR and PYD domains-containing protein 3	Homo sapiens	Encontrado	https://alphafold.ebi.ac.uk/entry/Q96P20
NLRP3	missense_variant	uncertain significance	1200248311						Q96P20	NACHT, LRR and PYD domains-containing protein 3	Homo sapiens	Encontrado	https://alphafold.ebi.ac.uk/entry/Q96P20
NLRP3	missense_variant		1201864980						Q96P20	NACHT, LRR and PYD domains-containing protein 3	Homo sapiens	Encontrado	https://alphafold.ebi.ac.uk/entry/Q96P20
NLRP3	missense_variant		1204135596						Q96P20	NACHT, LRR and PYD domains-containing protein 3	Homo sapiens	Encontrado	https://alphafold.ebi.ac.uk/entry/Q96P20
NLRP3	missense_variant		1205496292						Q96P20	NACHT, LRR and PYD domains-containing protein 3	Homo sapiens	Encontrado	https://alphafold.ebi.ac.uk/entry/Q96P20
NLRP3	missense_variant		1208629868						Q96P20	NACHT, LRR and PYD domains-containing protein 3	Homo sapiens	Encontrado	https://alphafold.ebi.ac.uk/entry/Q96P20
NLRP3	missense_variant	uncertain significance	1209709155						Q96P20	NACHT, LRR and PYD domains-containing protein 3	Homo sapiens	Encontrado	https://alphafold.ebi.ac.uk/entry/Q96P20
NLRP3	missense_variant		1211214074						Q96P20	NACHT, LRR and PYD domains-containing protein 3	Homo sapiens	Encontrado	https://alphafold.ebi.ac.uk/entry/Q96P20
NLRP3	missense_variant		1211247365						Q96P20	NACHT, LRR and PYD domains-containing protein 3	Homo sapiens	Encontrado	https://alphafold.ebi.ac.uk/entry/Q96P20
NLRP3	missense_variant		1211356582						Q96P20	NACHT, LRR and PYD domains-containing protein 3	Homo sapiens	Encontrado	https://alphafold.ebi.ac.uk/entry/Q96P20
NLRP3	missense_variant		1213082528						Q96P20	NACHT, LRR and PYD domains-containing protein 3	Homo sapiens	Encontrado	https://alphafold.ebi.ac.uk/entry/Q96P20
NLRP3	missense_variant		1213691470						Q96P20	NACHT, LRR and PYD domains-containing protein 3	Homo sapiens	Encontrado	https://alphafold.ebi.ac.uk/entry/Q96P20
NLRP3	missense_variant		1215735358						Q96P20	NACHT, LRR and PYD domains-containing protein 3	Homo sapiens	Encontrado	https://alphafold.ebi.ac.uk/entry/Q96P20
NLRP3	missense_variant		1216049752						Q96P20	NACHT, LRR and PYD domains-containing protein 3	Homo sapiens	Encontrado	https://alphafold.ebi.ac.uk/entry/Q96P20
NLRP3	missense_variant	likely pathogenic, pathogenic	121908146						Q96P20	NACHT, LRR and PYD domains-containing protein 3	Homo sapiens	Encontrado	https://alphafold.ebi.ac.uk/entry/Q96P20
NLRP3	missense_variant	uncertain significance, benign, likely benign	121908147						Q96P20	NACHT, LRR and PYD domains-containing protein 3	Homo sapiens	Encontrado	https://alphafold.ebi.ac.uk/entry/Q96P20
NLRP3	missense_variant	likely pathogenic, pathogenic	121908148						Q96P20	NACHT, LRR and PYD domains-containing protein 3	Homo sapiens	Encontrado	https://alphafold.ebi.ac.uk/entry/Q96P20
NLRP3	missense_variant	not provided, likely pathogenic, pathogenic	121908149						Q96P20	NACHT, LRR and PYD domains-containing protein 3	Homo sapiens	Encontrado	https://alphafold.ebi.ac.uk/entry/Q96P20
NLRP3	missense_variant	not provided, likely pathogenic, pathogenic	121908151						Q96P20	NACHT, LRR and PYD domains-containing protein 3	Homo sapiens	Encontrado	https://alphafold.ebi.ac.uk/entry/Q96P20
NLRP3	missense_variant	not provided, pathogenic	121908152						Q96P20	NACHT, LRR and PYD domains-containing protein 3	Homo sapiens	Encontrado	https://alphafold.ebi.ac.uk/entry/Q96P20
NLRP3	missense_variant	not provided, pathogenic	121908153						Q96P20	NACHT, LRR and PYD domains-containing protein 3	Homo sapiens	Encontrado	https://alphafold.ebi.ac.uk/entry/Q96P20
NLRP3	missense_variant	not provided, pathogenic	121908154						Q96P20	NACHT, LRR and PYD domains-containing protein 3	Homo sapiens	Encontrado	https://alphafold.ebi.ac.uk/entry/Q96P20
NLRP3	missense_variant		1219334346						Q96P20	NACHT, LRR and PYD domains-containing protein 3	Homo sapiens	Encontrado	https://alphafold.ebi.ac.uk/entry/Q96P20
NLRP3	missense_variant		1219605554						Q96P20	NACHT, LRR and PYD domains-containing protein 3	Homo sapiens	Encontrado	https://alphafold.ebi.ac.uk/entry/Q96P20
NLRP3	missense_variant		1221841498						Q96P20	NACHT, LRR and PYD domains-containing protein 3	Homo sapiens	Encontrado	https://alphafold.ebi.ac.uk/entry/Q96P20
NLRP3	missense_variant		1223692249						Q96P20	NACHT, LRR and PYD domains-containing protein 3	Homo sapiens	Encontrado	https://alphafold.ebi.ac.uk/entry/Q96P20
NLRP3	missense_variant		1228893229						Q96P20	NACHT, LRR and PYD domains-containing protein 3	Homo sapiens	Encontrado	https://alphafold.ebi.ac.uk/entry/Q96P20
NLRP3	missense_variant	uncertain significance	1230268213						Q96P20	NACHT, LRR and PYD domains-containing protein 3	Homo sapiens	Encontrado	https://alphafold.ebi.ac.uk/entry/Q96P20
NLRP3	missense_variant	uncertain significance	1230537648						Q96P20	NACHT, LRR and PYD domains-containing protein 3	Homo sapiens	Encontrado	https://alphafold.ebi.ac.uk/entry/Q96P20
NLRP3	missense_variant	uncertain significance	1232525308						Q96P20	NACHT, LRR and PYD domains-containing protein 3	Homo sapiens	Encontrado	https://alphafold.ebi.ac.uk/entry/Q96P20
NLRP3	missense_variant	uncertain significance	1233969205						Q96P20	NACHT, LRR and PYD domains-containing protein 3	Homo sapiens	Encontrado	https://alphafold.ebi.ac.uk/entry/Q96P20
NLRP3	missense_variant		1236958426						Q96P20	NACHT, LRR and PYD domains-containing protein 3	Homo sapiens	Encontrado	https://alphafold.ebi.ac.uk/entry/Q96P20
NLRP3	missense_variant		1238100497						Q96P20	NACHT, LRR and PYD domains-containing protein 3	Homo sapiens	Encontrado	https://alphafold.ebi.ac.uk/entry/Q96P20
NLRP3	missense_variant		1244421162						Q96P20	NACHT, LRR and PYD domains-containing protein 3	Homo sapiens	Encontrado	https://alphafold.ebi.ac.uk/entry/Q96P20
NLRP3	missense_variant		1245624789						Q96P20	NACHT, LRR and PYD domains-containing protein 3	Homo sapiens	Encontrado	https://alphafold.ebi.ac.uk/entry/Q96P20
NLRP3	missense_variant		1246017059						Q96P20	NACHT, LRR and PYD domains-containing protein 3	Homo sapiens	Encontrado	https://alphafold.ebi.ac.uk/entry/Q96P20
NLRP3	missense_variant	uncertain significance	1247641472						Q96P20	NACHT, LRR and PYD domains-containing protein 3	Homo sapiens	Encontrado	https://alphafold.ebi.ac.uk/entry/Q96P20
NLRP3	missense_variant		1247658925						Q96P20	NACHT, LRR and PYD domains-containing protein 3	Homo sapiens	Encontrado	https://alphafold.ebi.ac.uk/entry/Q96P20
NLRP3	missense_variant	uncertain significance	1248885910						Q96P20	NACHT, LRR and PYD domains-containing protein 3	Homo sapiens	Encontrado	https://alphafold.ebi.ac.uk/entry/Q96P20
NLRP3	missense_variant		1250535025						Q96P20	NACHT, LRR and PYD domains-containing protein 3	Homo sapiens	Encontrado	https://alphafold.ebi.ac.uk/entry/Q96P20
NLRP3	missense_variant		1250796373						Q96P20	NACHT, LRR and PYD domains-containing protein 3	Homo sapiens	Encontrado	https://alphafold.ebi.ac.uk/entry/Q96P20
NLRP3	missense_variant		1251052599						Q96P20	NACHT, LRR and PYD domains-containing protein 3	Homo sapiens	Encontrado	https://alphafold.ebi.ac.uk/entry/Q96P20
NLRP3	missense_variant	uncertain significance	1251162109						Q96P20	NACHT, LRR and PYD domains-containing protein 3	Homo sapiens	Encontrado	https://alphafold.ebi.ac.uk/entry/Q96P20
NLRP3	missense_variant	uncertain significance	1251625197						Q96P20	NACHT, LRR and PYD domains-containing protein 3	Homo sapiens	Encontrado	https://alphafold.ebi.ac.uk/entry/Q96P20
NLRP3	missense_variant		1264236206						Q96P20	NACHT, LRR and PYD domains-containing protein 3	Homo sapiens	Encontrado	https://alphafold.ebi.ac.uk/entry/Q96P20
NLRP3	missense_variant		1267293210						Q96P20	NACHT, LRR and PYD domains-containing protein 3	Homo sapiens	Encontrado	https://alphafold.ebi.ac.uk/entry/Q96P20
NLRP3	missense_variant	uncertain significance	1268001415						Q96P20	NACHT, LRR and PYD domains-containing protein 3	Homo sapiens	Encontrado	https://alphafold.ebi.ac.uk/entry/Q96P20
NLRP3	missense_variant		1270426409						Q96P20	NACHT, LRR and PYD domains-containing protein 3	Homo sapiens	Encontrado	https://alphafold.ebi.ac.uk/entry/Q96P20
NLRP3	missense_variant		1270513720						Q96P20	NACHT, LRR and PYD domains-containing protein 3	Homo sapiens	Encontrado	https://alphafold.ebi.ac.uk/entry/Q96P20
NLRP3	missense_variant	uncertain significance	1270637307						Q96P20	NACHT, LRR and PYD domains-containing protein 3	Homo sapiens	Encontrado	https://alphafold.ebi.ac.uk/entry/Q96P20
NLRP3	missense_variant	uncertain significance	1272621702						Q96P20	NACHT, LRR and PYD domains-containing protein 3	Homo sapiens	Encontrado	https://alphafold.ebi.ac.uk/entry/Q96P20
NLRP3	missense_variant		1273239453						Q96P20	NACHT, LRR and PYD domains-containing protein 3	Homo sapiens	Encontrado	https://alphafold.ebi.ac.uk/entry/Q96P20
NLRP3	missense_variant		1274029823						Q96P20	NACHT, LRR and PYD domains-containing protein 3	Homo sapiens	Encontrado	https://alphafold.ebi.ac.uk/entry/Q96P20
NLRP3	missense_variant	uncertain significance	1275885000						Q96P20	NACHT, LRR and PYD domains-containing protein 3	Homo sapiens	Encontrado	https://alphafold.ebi.ac.uk/entry/Q96P20
NLRP3	missense_variant		1276366377						Q96P20	NACHT, LRR and PYD domains-containing protein 3	Homo sapiens	Encontrado	https://alphafold.ebi.ac.uk/entry/Q96P20
NLRP3	missense_variant	uncertain significance	1278514134						Q96P20	NACHT, LRR and PYD domains-containing protein 3	Homo sapiens	Encontrado	https://alphafold.ebi.ac.uk/entry/Q96P20
NLRP3	missense_variant	uncertain significance	1278737134						Q96P20	NACHT, LRR and PYD domains-containing protein 3	Homo sapiens	Encontrado	https://alphafold.ebi.ac.uk/entry/Q96P20
NLRP3	missense_variant		1279907747						Q96P20	NACHT, LRR and PYD domains-containing protein 3	Homo sapiens	Encontrado	https://alphafold.ebi.ac.uk/entry/Q96P20
NLRP3	missense_variant		1280545491						Q96P20	NACHT, LRR and PYD domains-containing protein 3	Homo sapiens	Encontrado	https://alphafold.ebi.ac.uk/entry/Q96P20
NLRP3	missense_variant	uncertain significance	1284696978						Q96P20	NACHT, LRR and PYD domains-containing protein 3	Homo sapiens	Encontrado	https://alphafold.ebi.ac.uk/entry/Q96P20
NLRP3	missense_variant		1286037594						Q96P20	NACHT, LRR and PYD domains-containing protein 3	Homo sapiens	Encontrado	https://alphafold.ebi.ac.uk/entry/Q96P20
NLRP3	missense_variant		1289792646						Q96P20	NACHT, LRR and PYD domains-containing protein 3	Homo sapiens	Encontrado	https://alphafold.ebi.ac.uk/entry/Q96P20
NLRP3	missense_variant		1289795734						Q96P20	NACHT, LRR and PYD domains-containing protein 3	Homo sapiens	Encontrado	https://alphafold.ebi.ac.uk/entry/Q96P20
NLRP3	missense_variant		1290294652						Q96P20	NACHT, LRR and PYD domains-containing protein 3	Homo sapiens	Encontrado	https://alphafold.ebi.ac.uk/entry/Q96P20
NLRP3	missense_variant	likely benign	1290616353						Q96P20	NACHT, LRR and PYD domains-containing protein 3	Homo sapiens	Encontrado	https://alphafold.ebi.ac.uk/entry/Q96P20
NLRP3	missense_variant		1293526713						Q96P20	NACHT, LRR and PYD domains-containing protein 3	Homo sapiens	Encontrado	https://alphafold.ebi.ac.uk/entry/Q96P20
NLRP3	missense_variant		1295269678						Q96P20	NACHT, LRR and PYD domains-containing protein 3	Homo sapiens	Encontrado	https://alphafold.ebi.ac.uk/entry/Q96P20
NLRP3	missense_variant	uncertain significance	1296620309						Q96P20	NACHT, LRR and PYD domains-containing protein 3	Homo sapiens	Encontrado	https://alphafold.ebi.ac.uk/entry/Q96P20
NLRP3	missense_variant	uncertain significance	1297130802						Q96P20	NACHT, LRR and PYD domains-containing protein 3	Homo sapiens	Encontrado	https://alphafold.ebi.ac.uk/entry/Q96P20
NLRP3	missense_variant	uncertain significance	1298618908						Q96P20	NACHT, LRR and PYD domains-containing protein 3	Homo sapiens	Encontrado	https://alphafold.ebi.ac.uk/entry/Q96P20
NLRP3	missense_variant	uncertain significance	1298944048						Q96P20	NACHT, LRR and PYD domains-containing protein 3	Homo sapiens	Encontrado	https://alphafold.ebi.ac.uk/entry/Q96P20
NLRP3	missense_variant	uncertain significance	1299635566						Q96P20	NACHT, LRR and PYD domains-containing protein 3	Homo sapiens	Encontrado	https://alphafold.ebi.ac.uk/entry/Q96P20
NLRP3	missense_variant	uncertain significance	1303141754						Q96P20	NACHT, LRR and PYD domains-containing protein 3	Homo sapiens	Encontrado	https://alphafold.ebi.ac.uk/entry/Q96P20
NLRP3	missense_variant	uncertain significance	1303772293						Q96P20	NACHT, LRR and PYD domains-containing protein 3	Homo sapiens	Encontrado	https://alphafold.ebi.ac.uk/entry/Q96P20
NLRP3	missense_variant	uncertain significance	1305028279						Q96P20	NACHT, LRR and PYD domains-containing protein 3	Homo sapiens	Encontrado	https://alphafold.ebi.ac.uk/entry/Q96P20
NLRP3	missense_variant	uncertain significance	1307114721						Q96P20	NACHT, LRR and PYD domains-containing protein 3	Homo sapiens	Encontrado	https://alphafold.ebi.ac.uk/entry/Q96P20
NLRP3	missense_variant	uncertain significance	1309582315						Q96P20	NACHT, LRR and PYD domains-containing protein 3	Homo sapiens	Encontrado	https://alphafold.ebi.ac.uk/entry/Q96P20
NLRP3	missense_variant	uncertain significance	1311500550						Q96P20	NACHT, LRR and PYD domains-containing protein 3	Homo sapiens	Encontrado	https://alphafold.ebi.ac.uk/entry/Q96P20
NLRP3	missense_variant	uncertain significance	1314931946						Q96P20	NACHT, LRR and PYD domains-containing protein 3	Homo sapiens	Encontrado	https://alphafold.ebi.ac.uk/entry/Q96P20
NLRP3	missense_variant		1315159568						Q96P20	NACHT, LRR and PYD domains-containing protein 3	Homo sapiens	Encontrado	https://alphafold.ebi.ac.uk/entry/Q96P20
NLRP3	missense_variant		1315428749						Q96P20	NACHT, LRR and PYD domains-containing protein 3	Homo sapiens	Encontrado	https://alphafold.ebi.ac.uk/entry/Q96P20
NLRP3	missense_variant		1315982035						Q96P20	NACHT, LRR and PYD domains-containing protein 3	Homo sapiens	Encontrado	https://alphafold.ebi.ac.uk/entry/Q96P20
NLRP3	missense_variant		1319341580						Q96P20	NACHT, LRR and PYD domains-containing protein 3	Homo sapiens	Encontrado	https://alphafold.ebi.ac.uk/entry/Q96P20
NLRP3	missense_variant		1319976626						Q96P20	NACHT, LRR and PYD domains-containing protein 3	Homo sapiens	Encontrado	https://alphafold.ebi.ac.uk/entry/Q96P20
NLRP3	missense_variant		1321316409						Q96P20	NACHT, LRR and PYD domains-containing protein 3	Homo sapiens	Encontrado	https://alphafold.ebi.ac.uk/entry/Q96P20
NLRP3	missense_variant		1322407305						Q96P20	NACHT, LRR and PYD domains-containing protein 3	Homo sapiens	Encontrado	https://alphafold.ebi.ac.uk/entry/Q96P20
NLRP3	missense_variant		1323429138						Q96P20	NACHT, LRR and PYD domains-containing protein 3	Homo sapiens	Encontrado	https://alphafold.ebi.ac.uk/entry/Q96P20
NLRP3	missense_variant		1326407288						Q96P20	NACHT, LRR and PYD domains-containing protein 3	Homo sapiens	Encontrado	https://alphafold.ebi.ac.uk/entry/Q96P20
NLRP3	missense_variant	uncertain significance	1329217260						Q96P20	NACHT, LRR and PYD domains-containing protein 3	Homo sapiens	Encontrado	https://alphafold.ebi.ac.uk/entry/Q96P20
NLRP3	missense_variant		1329505273						Q96P20	NACHT, LRR and PYD domains-containing protein 3	Homo sapiens	Encontrado	https://alphafold.ebi.ac.uk/entry/Q96P20
NLRP3	missense_variant		1332074159						Q96P20	NACHT, LRR and PYD domains-containing protein 3	Homo sapiens	Encontrado	https://alphafold.ebi.ac.uk/entry/Q96P20
NLRP3	missense_variant		1337706688						Q96P20	NACHT, LRR and PYD domains-containing protein 3	Homo sapiens	Encontrado	https://alphafold.ebi.ac.uk/entry/Q96P20
NLRP3	missense_variant		1338829885						Q96P20	NACHT, LRR and PYD domains-containing protein 3	Homo sapiens	Encontrado	https://alphafold.ebi.ac.uk/entry/Q96P20
NLRP3	missense_variant	uncertain significance	1338960862						Q96P20	NACHT, LRR and PYD domains-containing protein 3	Homo sapiens	Encontrado	https://alphafold.ebi.ac.uk/entry/Q96P20
NLRP3	missense_variant		1340978043						Q96P20	NACHT, LRR and PYD domains-containing protein 3	Homo sapiens	Encontrado	https://alphafold.ebi.ac.uk/entry/Q96P20
NLRP3	missense_variant		1342526621						Q96P20	NACHT, LRR and PYD domains-containing protein 3	Homo sapiens	Encontrado	https://alphafold.ebi.ac.uk/entry/Q96P20
NLRP3	missense_variant	uncertain significance, likely benign	1342790456						Q96P20	NACHT, LRR and PYD domains-containing protein 3	Homo sapiens	Encontrado	https://alphafold.ebi.ac.uk/entry/Q96P20
NLRP3	missense_variant		1342822265						Q96P20	NACHT, LRR and PYD domains-containing protein 3	Homo sapiens	Encontrado	https://alphafold.ebi.ac.uk/entry/Q96P20
NLRP3	missense_variant	uncertain significance	1343071282						Q96P20	NACHT, LRR and PYD domains-containing protein 3	Homo sapiens	Encontrado	https://alphafold.ebi.ac.uk/entry/Q96P20
NLRP3	missense_variant		1349233648						Q96P20	NACHT, LRR and PYD domains-containing protein 3	Homo sapiens	Encontrado	https://alphafold.ebi.ac.uk/entry/Q96P20
NLRP3	missense_variant		1352140282						Q96P20	NACHT, LRR and PYD domains-containing protein 3	Homo sapiens	Encontrado	https://alphafold.ebi.ac.uk/entry/Q96P20
NLRP3	missense_variant		1354839878						Q96P20	NACHT, LRR and PYD domains-containing protein 3	Homo sapiens	Encontrado	https://alphafold.ebi.ac.uk/entry/Q96P20
NLRP3	missense_variant	uncertain significance	1356074810						Q96P20	NACHT, LRR and PYD domains-containing protein 3	Homo sapiens	Encontrado	https://alphafold.ebi.ac.uk/entry/Q96P20
NLRP3	missense_variant		1364721246						Q96P20	NACHT, LRR and PYD domains-containing protein 3	Homo sapiens	Encontrado	https://alphafold.ebi.ac.uk/entry/Q96P20
NLRP3	missense_variant		1364827467						Q96P20	NACHT, LRR and PYD domains-containing protein 3	Homo sapiens	Encontrado	https://alphafold.ebi.ac.uk/entry/Q96P20
NLRP3	missense_variant		1366316812						Q96P20	NACHT, LRR and PYD domains-containing protein 3	Homo sapiens	Encontrado	https://alphafold.ebi.ac.uk/entry/Q96P20
NLRP3	missense_variant	uncertain significance	1366541794						Q96P20	NACHT, LRR and PYD domains-containing protein 3	Homo sapiens	Encontrado	https://alphafold.ebi.ac.uk/entry/Q96P20
NLRP3	missense_variant		1368219988						Q96P20	NACHT, LRR and PYD domains-containing protein 3	Homo sapiens	Encontrado	https://alphafold.ebi.ac.uk/entry/Q96P20
NLRP3	missense_variant		1369269327						Q96P20	NACHT, LRR and PYD domains-containing protein 3	Homo sapiens	Encontrado	https://alphafold.ebi.ac.uk/entry/Q96P20
NLRP3	missense_variant		1374273720						Q96P20	NACHT, LRR and PYD domains-containing protein 3	Homo sapiens	Encontrado	https://alphafold.ebi.ac.uk/entry/Q96P20
NLRP3	missense_variant		1374519501						Q96P20	NACHT, LRR and PYD domains-containing protein 3	Homo sapiens	Encontrado	https://alphafold.ebi.ac.uk/entry/Q96P20
NLRP3	missense_variant		1379403157						Q96P20	NACHT, LRR and PYD domains-containing protein 3	Homo sapiens	Encontrado	https://alphafold.ebi.ac.uk/entry/Q96P20
NLRP3	missense_variant	uncertain significance	138061418						Q96P20	NACHT, LRR and PYD domains-containing protein 3	Homo sapiens	Encontrado	https://alphafold.ebi.ac.uk/entry/Q96P20
NLRP3	missense_variant		1381740580						Q96P20	NACHT, LRR and PYD domains-containing protein 3	Homo sapiens	Encontrado	https://alphafold.ebi.ac.uk/entry/Q96P20
NLRP3	missense_variant	uncertain significance	1384776701						Q96P20	NACHT, LRR and PYD domains-containing protein 3	Homo sapiens	Encontrado	https://alphafold.ebi.ac.uk/entry/Q96P20
NLRP3	missense_variant		1387258822						Q96P20	NACHT, LRR and PYD domains-containing protein 3	Homo sapiens	Encontrado	https://alphafold.ebi.ac.uk/entry/Q96P20
NLRP3	missense_variant		1387489224						Q96P20	NACHT, LRR and PYD domains-containing protein 3	Homo sapiens	Encontrado	https://alphafold.ebi.ac.uk/entry/Q96P20
NLRP3	missense_variant		138802458						Q96P20	NACHT, LRR and PYD domains-containing protein 3	Homo sapiens	Encontrado	https://alphafold.ebi.ac.uk/entry/Q96P20
NLRP3	missense_variant		1388779397						Q96P20	NACHT, LRR and PYD domains-containing protein 3	Homo sapiens	Encontrado	https://alphafold.ebi.ac.uk/entry/Q96P20
NLRP3	missense_variant	uncertain significance, likely benign	138946894						Q96P20	NACHT, LRR and PYD domains-containing protein 3	Homo sapiens	Encontrado	https://alphafold.ebi.ac.uk/entry/Q96P20
NLRP3	missense_variant		1390072107						Q96P20	NACHT, LRR and PYD domains-containing protein 3	Homo sapiens	Encontrado	https://alphafold.ebi.ac.uk/entry/Q96P20
NLRP3	missense_variant		1391493367						Q96P20	NACHT, LRR and PYD domains-containing protein 3	Homo sapiens	Encontrado	https://alphafold.ebi.ac.uk/entry/Q96P20
NLRP3	missense_variant	uncertain significance	1391865802						Q96P20	NACHT, LRR and PYD domains-containing protein 3	Homo sapiens	Encontrado	https://alphafold.ebi.ac.uk/entry/Q96P20
NLRP3	missense_variant		1395271150						Q96P20	NACHT, LRR and PYD domains-containing protein 3	Homo sapiens	Encontrado	https://alphafold.ebi.ac.uk/entry/Q96P20
NLRP3	missense_variant		1395442276						Q96P20	NACHT, LRR and PYD domains-containing protein 3	Homo sapiens	Encontrado	https://alphafold.ebi.ac.uk/entry/Q96P20
NLRP3	missense_variant	uncertain significance	1395644058						Q96P20	NACHT, LRR and PYD domains-containing protein 3	Homo sapiens	Encontrado	https://alphafold.ebi.ac.uk/entry/Q96P20
NLRP3	missense_variant	uncertain significance	1395728949						Q96P20	NACHT, LRR and PYD domains-containing protein 3	Homo sapiens	Encontrado	https://alphafold.ebi.ac.uk/entry/Q96P20
NLRP3	missense_variant	uncertain significance, likely benign	139814109						Q96P20	NACHT, LRR and PYD domains-containing protein 3	Homo sapiens	Encontrado	https://alphafold.ebi.ac.uk/entry/Q96P20
NLRP3	missense_variant	uncertain significance, likely benign	139833874						Q96P20	NACHT, LRR and PYD domains-containing protein 3	Homo sapiens	Encontrado	https://alphafold.ebi.ac.uk/entry/Q96P20
NLRP3	missense_variant		1402076908						Q96P20	NACHT, LRR and PYD domains-containing protein 3	Homo sapiens	Encontrado	https://alphafold.ebi.ac.uk/entry/Q96P20
NLRP3	missense_variant	uncertain significance	1408232607						Q96P20	NACHT, LRR and PYD domains-containing protein 3	Homo sapiens	Encontrado	https://alphafold.ebi.ac.uk/entry/Q96P20
NLRP3	missense_variant	uncertain significance	1409419107						Q96P20	NACHT, LRR and PYD domains-containing protein 3	Homo sapiens	Encontrado	https://alphafold.ebi.ac.uk/entry/Q96P20
NLRP3	missense_variant		1409875652						Q96P20	NACHT, LRR and PYD domains-containing protein 3	Homo sapiens	Encontrado	https://alphafold.ebi.ac.uk/entry/Q96P20
NLRP3	missense_variant		1412367967						Q96P20	NACHT, LRR and PYD domains-containing protein 3	Homo sapiens	Encontrado	https://alphafold.ebi.ac.uk/entry/Q96P20
NLRP3	missense_variant		141349813						Q96P20	NACHT, LRR and PYD domains-containing protein 3	Homo sapiens	Encontrado	https://alphafold.ebi.ac.uk/entry/Q96P20
NLRP3	missense_variant	uncertain significance, benign, likely benign	141389711						Q96P20	NACHT, LRR and PYD domains-containing protein 3	Homo sapiens	Encontrado	https://alphafold.ebi.ac.uk/entry/Q96P20
NLRP3	missense_variant		1414704576						Q96P20	NACHT, LRR and PYD domains-containing protein 3	Homo sapiens	Encontrado	https://alphafold.ebi.ac.uk/entry/Q96P20
NLRP3	missense_variant		1415851362						Q96P20	NACHT, LRR and PYD domains-containing protein 3	Homo sapiens	Encontrado	https://alphafold.ebi.ac.uk/entry/Q96P20
NLRP3	missense_variant		141906483						Q96P20	NACHT, LRR and PYD domains-containing protein 3	Homo sapiens	Encontrado	https://alphafold.ebi.ac.uk/entry/Q96P20
NLRP3	missense_variant	uncertain significance	1419256697						Q96P20	NACHT, LRR and PYD domains-containing protein 3	Homo sapiens	Encontrado	https://alphafold.ebi.ac.uk/entry/Q96P20
NLRP3	missense_variant		1422883098						Q96P20	NACHT, LRR and PYD domains-containing protein 3	Homo sapiens	Encontrado	https://alphafold.ebi.ac.uk/entry/Q96P20
NLRP3	missense_variant	uncertain significance	1423219952						Q96P20	NACHT, LRR and PYD domains-containing protein 3	Homo sapiens	Encontrado	https://alphafold.ebi.ac.uk/entry/Q96P20
NLRP3	missense_variant		1423796642						Q96P20	NACHT, LRR and PYD domains-containing protein 3	Homo sapiens	Encontrado	https://alphafold.ebi.ac.uk/entry/Q96P20
NLRP3	missense_variant		1424785713						Q96P20	NACHT, LRR and PYD domains-containing protein 3	Homo sapiens	Encontrado	https://alphafold.ebi.ac.uk/entry/Q96P20
NLRP3	missense_variant	uncertain significance	1426037593						Q96P20	NACHT, LRR and PYD domains-containing protein 3	Homo sapiens	Encontrado	https://alphafold.ebi.ac.uk/entry/Q96P20
NLRP3	missense_variant		142624094						Q96P20	NACHT, LRR and PYD domains-containing protein 3	Homo sapiens	Encontrado	https://alphafold.ebi.ac.uk/entry/Q96P20
NLRP3	missense_variant	uncertain significance	142651552						Q96P20	NACHT, LRR and PYD domains-containing protein 3	Homo sapiens	Encontrado	https://alphafold.ebi.ac.uk/entry/Q96P20
NLRP3	missense_variant		1426657130						Q96P20	NACHT, LRR and PYD domains-containing protein 3	Homo sapiens	Encontrado	https://alphafold.ebi.ac.uk/entry/Q96P20
NLRP3	missense_variant	uncertain significance	1428174026						Q96P20	NACHT, LRR and PYD domains-containing protein 3	Homo sapiens	Encontrado	https://alphafold.ebi.ac.uk/entry/Q96P20
NLRP3	missense_variant		1429470625						Q96P20	NACHT, LRR and PYD domains-containing protein 3	Homo sapiens	Encontrado	https://alphafold.ebi.ac.uk/entry/Q96P20
NLRP3	missense_variant		143052767						Q96P20	NACHT, LRR and PYD domains-containing protein 3	Homo sapiens	Encontrado	https://alphafold.ebi.ac.uk/entry/Q96P20
NLRP3	missense_variant		1432252750						Q96P20	NACHT, LRR and PYD domains-containing protein 3	Homo sapiens	Encontrado	https://alphafold.ebi.ac.uk/entry/Q96P20
NLRP3	missense_variant	uncertain significance	143438018						Q96P20	NACHT, LRR and PYD domains-containing protein 3	Homo sapiens	Encontrado	https://alphafold.ebi.ac.uk/entry/Q96P20
NLRP3	missense_variant	uncertain significance, likely benign	143548979						Q96P20	NACHT, LRR and PYD domains-containing protein 3	Homo sapiens	Encontrado	https://alphafold.ebi.ac.uk/entry/Q96P20
NLRP3	missense_variant		143591293						Q96P20	NACHT, LRR and PYD domains-containing protein 3	Homo sapiens	Encontrado	https://alphafold.ebi.ac.uk/entry/Q96P20
NLRP3	missense_variant		1440488961						Q96P20	NACHT, LRR and PYD domains-containing protein 3	Homo sapiens	Encontrado	https://alphafold.ebi.ac.uk/entry/Q96P20
NLRP3	missense_variant		1440936445						Q96P20	NACHT, LRR and PYD domains-containing protein 3	Homo sapiens	Encontrado	https://alphafold.ebi.ac.uk/entry/Q96P20
NLRP3	missense_variant		1441181465						Q96P20	NACHT, LRR and PYD domains-containing protein 3	Homo sapiens	Encontrado	https://alphafold.ebi.ac.uk/entry/Q96P20
NLRP3	missense_variant		1441284257						Q96P20	NACHT, LRR and PYD domains-containing protein 3	Homo sapiens	Encontrado	https://alphafold.ebi.ac.uk/entry/Q96P20
NLRP3	missense_variant	uncertain significance, benign, likely benign	144469697						Q96P20	NACHT, LRR and PYD domains-containing protein 3	Homo sapiens	Encontrado	https://alphafold.ebi.ac.uk/entry/Q96P20
NLRP3	missense_variant	uncertain significance	1445433098						Q96P20	NACHT, LRR and PYD domains-containing protein 3	Homo sapiens	Encontrado	https://alphafold.ebi.ac.uk/entry/Q96P20
NLRP3	missense_variant	uncertain significance	1449410815						Q96P20	NACHT, LRR and PYD domains-containing protein 3	Homo sapiens	Encontrado	https://alphafold.ebi.ac.uk/entry/Q96P20
NLRP3	missense_variant		1450413049						Q96P20	NACHT, LRR and PYD domains-containing protein 3	Homo sapiens	Encontrado	https://alphafold.ebi.ac.uk/entry/Q96P20
NLRP3	missense_variant	uncertain significance	145092553						Q96P20	NACHT, LRR and PYD domains-containing protein 3	Homo sapiens	Encontrado	https://alphafold.ebi.ac.uk/entry/Q96P20
NLRP3	missense_variant		1452010312						Q96P20	NACHT, LRR and PYD domains-containing protein 3	Homo sapiens	Encontrado	https://alphafold.ebi.ac.uk/entry/Q96P20
NLRP3	missense_variant	uncertain significance	1452158799						Q96P20	NACHT, LRR and PYD domains-containing protein 3	Homo sapiens	Encontrado	https://alphafold.ebi.ac.uk/entry/Q96P20
NLRP3	missense_variant	uncertain significance, benign, likely benign	145268073						Q96P20	NACHT, LRR and PYD domains-containing protein 3	Homo sapiens	Encontrado	https://alphafold.ebi.ac.uk/entry/Q96P20
NLRP3	missense_variant	uncertain significance, likely benign	145774400						Q96P20	NACHT, LRR and PYD domains-containing protein 3	Homo sapiens	Encontrado	https://alphafold.ebi.ac.uk/entry/Q96P20
NLRP3	missense_variant	uncertain significance	1459653470						Q96P20	NACHT, LRR and PYD domains-containing protein 3	Homo sapiens	Encontrado	https://alphafold.ebi.ac.uk/entry/Q96P20
NLRP3	missense_variant		1460608330						Q96P20	NACHT, LRR and PYD domains-containing protein 3	Homo sapiens	Encontrado	https://alphafold.ebi.ac.uk/entry/Q96P20
NLRP3	missense_variant		1461642011						Q96P20	NACHT, LRR and PYD domains-containing protein 3	Homo sapiens	Encontrado	https://alphafold.ebi.ac.uk/entry/Q96P20
NLRP3	missense_variant		1463276072						Q96P20	NACHT, LRR and PYD domains-containing protein 3	Homo sapiens	Encontrado	https://alphafold.ebi.ac.uk/entry/Q96P20
NLRP3	missense_variant	benign, likely benign	146442638						Q96P20	NACHT, LRR and PYD domains-containing protein 3	Homo sapiens	Encontrado	https://alphafold.ebi.ac.uk/entry/Q96P20
NLRP3	missense_variant	uncertain significance	1464620030						Q96P20	NACHT, LRR and PYD domains-containing protein 3	Homo sapiens	Encontrado	https://alphafold.ebi.ac.uk/entry/Q96P20
NLRP3	missense_variant	uncertain significance, likely benign	146606931						Q96P20	NACHT, LRR and PYD domains-containing protein 3	Homo sapiens	Encontrado	https://alphafold.ebi.ac.uk/entry/Q96P20
NLRP3	missense_variant	uncertain significance	1466728317						Q96P20	NACHT, LRR and PYD domains-containing protein 3	Homo sapiens	Encontrado	https://alphafold.ebi.ac.uk/entry/Q96P20
NLRP3	missense_variant	uncertain significance	1467336862						Q96P20	NACHT, LRR and PYD domains-containing protein 3	Homo sapiens	Encontrado	https://alphafold.ebi.ac.uk/entry/Q96P20
NLRP3	missense_variant		1467961073						Q96P20	NACHT, LRR and PYD domains-containing protein 3	Homo sapiens	Encontrado	https://alphafold.ebi.ac.uk/entry/Q96P20
NLRP3	missense_variant		146999738						Q96P20	NACHT, LRR and PYD domains-containing protein 3	Homo sapiens	Encontrado	https://alphafold.ebi.ac.uk/entry/Q96P20
NLRP3	missense_variant	uncertain significance	147296592						Q96P20	NACHT, LRR and PYD domains-containing protein 3	Homo sapiens	Encontrado	https://alphafold.ebi.ac.uk/entry/Q96P20
NLRP3	missense_variant		1473588642						Q96P20	NACHT, LRR and PYD domains-containing protein 3	Homo sapiens	Encontrado	https://alphafold.ebi.ac.uk/entry/Q96P20
NLRP3	missense_variant		1475329208						Q96P20	NACHT, LRR and PYD domains-containing protein 3	Homo sapiens	Encontrado	https://alphafold.ebi.ac.uk/entry/Q96P20
NLRP3	missense_variant	uncertain significance, benign, likely benign	147559626						Q96P20	NACHT, LRR and PYD domains-containing protein 3	Homo sapiens	Encontrado	https://alphafold.ebi.ac.uk/entry/Q96P20
NLRP3	missense_variant	uncertain significance, likely benign	1475761802						Q96P20	NACHT, LRR and PYD domains-containing protein 3	Homo sapiens	Encontrado	https://alphafold.ebi.ac.uk/entry/Q96P20
NLRP3	missense_variant		1475824860						Q96P20	NACHT, LRR and PYD domains-containing protein 3	Homo sapiens	Encontrado	https://alphafold.ebi.ac.uk/entry/Q96P20
NLRP3	missense_variant		1476137321						Q96P20	NACHT, LRR and PYD domains-containing protein 3	Homo sapiens	Encontrado	https://alphafold.ebi.ac.uk/entry/Q96P20
NLRP3	missense_variant	uncertain significance, benign, likely benign	147631017						Q96P20	NACHT, LRR and PYD domains-containing protein 3	Homo sapiens	Encontrado	https://alphafold.ebi.ac.uk/entry/Q96P20
NLRP3	missense_variant	uncertain significance, likely benign	1477164195						Q96P20	NACHT, LRR and PYD domains-containing protein 3	Homo sapiens	Encontrado	https://alphafold.ebi.ac.uk/entry/Q96P20
NLRP3	missense_variant		1477178442						Q96P20	NACHT, LRR and PYD domains-containing protein 3	Homo sapiens	Encontrado	https://alphafold.ebi.ac.uk/entry/Q96P20
NLRP3	missense_variant		1477422925						Q96P20	NACHT, LRR and PYD domains-containing protein 3	Homo sapiens	Encontrado	https://alphafold.ebi.ac.uk/entry/Q96P20
NLRP3	missense_variant	uncertain significance, benign, likely benign	147946775						Q96P20	NACHT, LRR and PYD domains-containing protein 3	Homo sapiens	Encontrado	https://alphafold.ebi.ac.uk/entry/Q96P20
NLRP3	missense_variant		1480921250						Q96P20	NACHT, LRR and PYD domains-containing protein 3	Homo sapiens	Encontrado	https://alphafold.ebi.ac.uk/entry/Q96P20
NLRP3	missense_variant		1481393703						Q96P20	NACHT, LRR and PYD domains-containing protein 3	Homo sapiens	Encontrado	https://alphafold.ebi.ac.uk/entry/Q96P20
NLRP3	missense_variant	uncertain significance, likely benign	148150585						Q96P20	NACHT, LRR and PYD domains-containing protein 3	Homo sapiens	Encontrado	https://alphafold.ebi.ac.uk/entry/Q96P20
NLRP3	missense_variant		1483233527						Q96P20	NACHT, LRR and PYD domains-containing protein 3	Homo sapiens	Encontrado	https://alphafold.ebi.ac.uk/entry/Q96P20
NLRP3	missense_variant		1484215825						Q96P20	NACHT, LRR and PYD domains-containing protein 3	Homo sapiens	Encontrado	https://alphafold.ebi.ac.uk/entry/Q96P20
NLRP3	missense_variant	uncertain significance, benign, likely benign	148590318						Q96P20	NACHT, LRR and PYD domains-containing protein 3	Homo sapiens	Encontrado	https://alphafold.ebi.ac.uk/entry/Q96P20
NLRP3	missense_variant		1489421968						Q96P20	NACHT, LRR and PYD domains-containing protein 3	Homo sapiens	Encontrado	https://alphafold.ebi.ac.uk/entry/Q96P20
NLRP3	missense_variant		149331727						Q96P20	NACHT, LRR and PYD domains-containing protein 3	Homo sapiens	Encontrado	https://alphafold.ebi.ac.uk/entry/Q96P20
NLRP3	missense_variant		149709470						Q96P20	NACHT, LRR and PYD domains-containing protein 3	Homo sapiens	Encontrado	https://alphafold.ebi.ac.uk/entry/Q96P20
NLRP3	missense_variant		150070125						Q96P20	NACHT, LRR and PYD domains-containing protein 3	Homo sapiens	Encontrado	https://alphafold.ebi.ac.uk/entry/Q96P20
NLRP3	missense_variant		150388694						Q96P20	NACHT, LRR and PYD domains-containing protein 3	Homo sapiens	Encontrado	https://alphafold.ebi.ac.uk/entry/Q96P20
NLRP3	missense_variant	uncertain significance, likely benign	150396172						Q96P20	NACHT, LRR and PYD domains-containing protein 3	Homo sapiens	Encontrado	https://alphafold.ebi.ac.uk/entry/Q96P20
NLRP3	missense_variant		151043442						Q96P20	NACHT, LRR and PYD domains-containing protein 3	Homo sapiens	Encontrado	https://alphafold.ebi.ac.uk/entry/Q96P20
NLRP3	missense_variant	uncertain significance, likely benign	151205016						Q96P20	NACHT, LRR and PYD domains-containing protein 3	Homo sapiens	Encontrado	https://alphafold.ebi.ac.uk/entry/Q96P20
NLRP3	missense_variant	not provided, pathogenic	151344629						Q96P20	NACHT, LRR and PYD domains-containing protein 3	Homo sapiens	Encontrado	https://alphafold.ebi.ac.uk/entry/Q96P20
NLRP3	missense_variant	uncertain significance	1553286385						Q96P20	NACHT, LRR and PYD domains-containing protein 3	Homo sapiens	Encontrado	https://alphafold.ebi.ac.uk/entry/Q96P20
NLRP3	missense_variant	uncertain significance	1553286687						Q96P20	NACHT, LRR and PYD domains-containing protein 3	Homo sapiens	Encontrado	https://alphafold.ebi.ac.uk/entry/Q96P20
NLRP3	missense_variant	likely pathogenic	1553287287						Q96P20	NACHT, LRR and PYD domains-containing protein 3	Homo sapiens	Encontrado	https://alphafold.ebi.ac.uk/entry/Q96P20
NLRP3	missense_variant	uncertain significance, likely pathogenic, pathogenic	1553293095						Q96P20	NACHT, LRR and PYD domains-containing protein 3	Homo sapiens	Encontrado	https://alphafold.ebi.ac.uk/entry/Q96P20
NLRP3	missense_variant		1558185300						Q96P20	NACHT, LRR and PYD domains-containing protein 3	Homo sapiens	Encontrado	https://alphafold.ebi.ac.uk/entry/Q96P20
NLRP3	missense_variant		1558185391						Q96P20	NACHT, LRR and PYD domains-containing protein 3	Homo sapiens	Encontrado	https://alphafold.ebi.ac.uk/entry/Q96P20
NLRP3	missense_variant		1558189580						Q96P20	NACHT, LRR and PYD domains-containing protein 3	Homo sapiens	Encontrado	https://alphafold.ebi.ac.uk/entry/Q96P20
NLRP3	missense_variant	uncertain significance	1558189985						Q96P20	NACHT, LRR and PYD domains-containing protein 3	Homo sapiens	Encontrado	https://alphafold.ebi.ac.uk/entry/Q96P20
NLRP3	missense_variant		1558189998						Q96P20	NACHT, LRR and PYD domains-containing protein 3	Homo sapiens	Encontrado	https://alphafold.ebi.ac.uk/entry/Q96P20
NLRP3	missense_variant	uncertain significance	1558190430						Q96P20	NACHT, LRR and PYD domains-containing protein 3	Homo sapiens	Encontrado	https://alphafold.ebi.ac.uk/entry/Q96P20
NLRP3	missense_variant	uncertain significance	1558190529						Q96P20	NACHT, LRR and PYD domains-containing protein 3	Homo sapiens	Encontrado	https://alphafold.ebi.ac.uk/entry/Q96P20
NLRP3	missense_variant	uncertain significance	1558190827						Q96P20	NACHT, LRR and PYD domains-containing protein 3	Homo sapiens	Encontrado	https://alphafold.ebi.ac.uk/entry/Q96P20
NLRP3	missense_variant		1558191322						Q96P20	NACHT, LRR and PYD domains-containing protein 3	Homo sapiens	Encontrado	https://alphafold.ebi.ac.uk/entry/Q96P20
NLRP3	missense_variant		1558192160						Q96P20	NACHT, LRR and PYD domains-containing protein 3	Homo sapiens	Encontrado	https://alphafold.ebi.ac.uk/entry/Q96P20
NLRP3	missense_variant		1558192397						Q96P20	NACHT, LRR and PYD domains-containing protein 3	Homo sapiens	Encontrado	https://alphafold.ebi.ac.uk/entry/Q96P20
NLRP3	missense_variant	uncertain significance	1558192523						Q96P20	NACHT, LRR and PYD domains-containing protein 3	Homo sapiens	Encontrado	https://alphafold.ebi.ac.uk/entry/Q96P20
NLRP3	missense_variant		1558201037						Q96P20	NACHT, LRR and PYD domains-containing protein 3	Homo sapiens	Encontrado	https://alphafold.ebi.ac.uk/entry/Q96P20
NLRP3	missense_variant		1558201155						Q96P20	NACHT, LRR and PYD domains-containing protein 3	Homo sapiens	Encontrado	https://alphafold.ebi.ac.uk/entry/Q96P20
NLRP3	missense_variant		1558201216						Q96P20	NACHT, LRR and PYD domains-containing protein 3	Homo sapiens	Encontrado	https://alphafold.ebi.ac.uk/entry/Q96P20
NLRP3	missense_variant		1558202781						Q96P20	NACHT, LRR and PYD domains-containing protein 3	Homo sapiens	Encontrado	https://alphafold.ebi.ac.uk/entry/Q96P20
NLRP3	missense_variant		1558210392						Q96P20	NACHT, LRR and PYD domains-containing protein 3	Homo sapiens	Encontrado	https://alphafold.ebi.ac.uk/entry/Q96P20
NLRP3	missense_variant	likely benign	1572151908						Q96P20	NACHT, LRR and PYD domains-containing protein 3	Homo sapiens	Encontrado	https://alphafold.ebi.ac.uk/entry/Q96P20
NLRP3	missense_variant		1572152044						Q96P20	NACHT, LRR and PYD domains-containing protein 3	Homo sapiens	Encontrado	https://alphafold.ebi.ac.uk/entry/Q96P20
NLRP3	missense_variant	uncertain significance	1572165297						Q96P20	NACHT, LRR and PYD domains-containing protein 3	Homo sapiens	Encontrado	https://alphafold.ebi.ac.uk/entry/Q96P20
NLRP3	missense_variant	uncertain significance	1572165308						Q96P20	NACHT, LRR and PYD domains-containing protein 3	Homo sapiens	Encontrado	https://alphafold.ebi.ac.uk/entry/Q96P20
NLRP3	missense_variant	uncertain significance	1572167035						Q96P20	NACHT, LRR and PYD domains-containing protein 3	Homo sapiens	Encontrado	https://alphafold.ebi.ac.uk/entry/Q96P20
NLRP3	missense_variant	uncertain significance	1572168591						Q96P20	NACHT, LRR and PYD domains-containing protein 3	Homo sapiens	Encontrado	https://alphafold.ebi.ac.uk/entry/Q96P20
NLRP3	missense_variant		1572168668						Q96P20	NACHT, LRR and PYD domains-containing protein 3	Homo sapiens	Encontrado	https://alphafold.ebi.ac.uk/entry/Q96P20
NLRP3	missense_variant		1572169117						Q96P20	NACHT, LRR and PYD domains-containing protein 3	Homo sapiens	Encontrado	https://alphafold.ebi.ac.uk/entry/Q96P20
NLRP3	missense_variant	uncertain significance	1572169138						Q96P20	NACHT, LRR and PYD domains-containing protein 3	Homo sapiens	Encontrado	https://alphafold.ebi.ac.uk/entry/Q96P20
NLRP3	missense_variant	uncertain significance	1572169394						Q96P20	NACHT, LRR and PYD domains-containing protein 3	Homo sapiens	Encontrado	https://alphafold.ebi.ac.uk/entry/Q96P20
NLRP3	missense_variant		1572170713						Q96P20	NACHT, LRR and PYD domains-containing protein 3	Homo sapiens	Encontrado	https://alphafold.ebi.ac.uk/entry/Q96P20
NLRP3	missense_variant		1572170944						Q96P20	NACHT, LRR and PYD domains-containing protein 3	Homo sapiens	Encontrado	https://alphafold.ebi.ac.uk/entry/Q96P20
NLRP3	missense_variant	uncertain significance	1572172789						Q96P20	NACHT, LRR and PYD domains-containing protein 3	Homo sapiens	Encontrado	https://alphafold.ebi.ac.uk/entry/Q96P20
NLRP3	missense_variant	uncertain significance	1572172911						Q96P20	NACHT, LRR and PYD domains-containing protein 3	Homo sapiens	Encontrado	https://alphafold.ebi.ac.uk/entry/Q96P20
NLRP3	missense_variant	uncertain significance	1572173298						Q96P20	NACHT, LRR and PYD domains-containing protein 3	Homo sapiens	Encontrado	https://alphafold.ebi.ac.uk/entry/Q96P20
NLRP3	missense_variant	uncertain significance	1572173465						Q96P20	NACHT, LRR and PYD domains-containing protein 3	Homo sapiens	Encontrado	https://alphafold.ebi.ac.uk/entry/Q96P20
NLRP3	missense_variant	uncertain significance	1572174428						Q96P20	NACHT, LRR and PYD domains-containing protein 3	Homo sapiens	Encontrado	https://alphafold.ebi.ac.uk/entry/Q96P20
NLRP3	missense_variant	uncertain significance	1572229891						Q96P20	NACHT, LRR and PYD domains-containing protein 3	Homo sapiens	Encontrado	https://alphafold.ebi.ac.uk/entry/Q96P20
NLRP3	missense_variant	uncertain significance	1572239975						Q96P20	NACHT, LRR and PYD domains-containing protein 3	Homo sapiens	Encontrado	https://alphafold.ebi.ac.uk/entry/Q96P20
NLRP3	missense_variant		1662230633						Q96P20	NACHT, LRR and PYD domains-containing protein 3	Homo sapiens	Encontrado	https://alphafold.ebi.ac.uk/entry/Q96P20
NLRP3	missense_variant		1662230928						Q96P20	NACHT, LRR and PYD domains-containing protein 3	Homo sapiens	Encontrado	https://alphafold.ebi.ac.uk/entry/Q96P20
NLRP3	missense_variant	uncertain significance	1662238131						Q96P20	NACHT, LRR and PYD domains-containing protein 3	Homo sapiens	Encontrado	https://alphafold.ebi.ac.uk/entry/Q96P20
NLRP3	missense_variant		1662239344						Q96P20	NACHT, LRR and PYD domains-containing protein 3	Homo sapiens	Encontrado	https://alphafold.ebi.ac.uk/entry/Q96P20
NLRP3	missense_variant	uncertain significance	1662241543						Q96P20	NACHT, LRR and PYD domains-containing protein 3	Homo sapiens	Encontrado	https://alphafold.ebi.ac.uk/entry/Q96P20
NLRP3	missense_variant	uncertain significance	1662247353						Q96P20	NACHT, LRR and PYD domains-containing protein 3	Homo sapiens	Encontrado	https://alphafold.ebi.ac.uk/entry/Q96P20
NLRP3	missense_variant		1662249746						Q96P20	NACHT, LRR and PYD domains-containing protein 3	Homo sapiens	Encontrado	https://alphafold.ebi.ac.uk/entry/Q96P20
NLRP3	missense_variant		1662252538						Q96P20	NACHT, LRR and PYD domains-containing protein 3	Homo sapiens	Encontrado	https://alphafold.ebi.ac.uk/entry/Q96P20
NLRP3	missense_variant		1662257289						Q96P20	NACHT, LRR and PYD domains-containing protein 3	Homo sapiens	Encontrado	https://alphafold.ebi.ac.uk/entry/Q96P20
NLRP3	missense_variant		1662259306						Q96P20	NACHT, LRR and PYD domains-containing protein 3	Homo sapiens	Encontrado	https://alphafold.ebi.ac.uk/entry/Q96P20
NLRP3	missense_variant		1662595859						Q96P20	NACHT, LRR and PYD domains-containing protein 3	Homo sapiens	Encontrado	https://alphafold.ebi.ac.uk/entry/Q96P20
NLRP3	missense_variant		1662596026						Q96P20	NACHT, LRR and PYD domains-containing protein 3	Homo sapiens	Encontrado	https://alphafold.ebi.ac.uk/entry/Q96P20
NLRP3	missense_variant		1662597292						Q96P20	NACHT, LRR and PYD domains-containing protein 3	Homo sapiens	Encontrado	https://alphafold.ebi.ac.uk/entry/Q96P20
NLRP3	missense_variant		1662598970						Q96P20	NACHT, LRR and PYD domains-containing protein 3	Homo sapiens	Encontrado	https://alphafold.ebi.ac.uk/entry/Q96P20
NLRP3	missense_variant	uncertain significance	1662602189						Q96P20	NACHT, LRR and PYD domains-containing protein 3	Homo sapiens	Encontrado	https://alphafold.ebi.ac.uk/entry/Q96P20
NLRP3	missense_variant		1662605285						Q96P20	NACHT, LRR and PYD domains-containing protein 3	Homo sapiens	Encontrado	https://alphafold.ebi.ac.uk/entry/Q96P20
NLRP3	missense_variant		1662653667						Q96P20	NACHT, LRR and PYD domains-containing protein 3	Homo sapiens	Encontrado	https://alphafold.ebi.ac.uk/entry/Q96P20
NLRP3	missense_variant		1662654492						Q96P20	NACHT, LRR and PYD domains-containing protein 3	Homo sapiens	Encontrado	https://alphafold.ebi.ac.uk/entry/Q96P20
NLRP3	missense_variant		1662655472						Q96P20	NACHT, LRR and PYD domains-containing protein 3	Homo sapiens	Encontrado	https://alphafold.ebi.ac.uk/entry/Q96P20
NLRP3	missense_variant	uncertain significance	1662655784						Q96P20	NACHT, LRR and PYD domains-containing protein 3	Homo sapiens	Encontrado	https://alphafold.ebi.ac.uk/entry/Q96P20
NLRP3	missense_variant		1662657718						Q96P20	NACHT, LRR and PYD domains-containing protein 3	Homo sapiens	Encontrado	https://alphafold.ebi.ac.uk/entry/Q96P20
NLRP3	missense_variant		1662658980						Q96P20	NACHT, LRR and PYD domains-containing protein 3	Homo sapiens	Encontrado	https://alphafold.ebi.ac.uk/entry/Q96P20
NLRP3	missense_variant	uncertain significance	1662663283						Q96P20	NACHT, LRR and PYD domains-containing protein 3	Homo sapiens	Encontrado	https://alphafold.ebi.ac.uk/entry/Q96P20
NLRP3	missense_variant		1662667630						Q96P20	NACHT, LRR and PYD domains-containing protein 3	Homo sapiens	Encontrado	https://alphafold.ebi.ac.uk/entry/Q96P20
NLRP3	missense_variant		1662671545						Q96P20	NACHT, LRR and PYD domains-containing protein 3	Homo sapiens	Encontrado	https://alphafold.ebi.ac.uk/entry/Q96P20
NLRP3	missense_variant		1662671717						Q96P20	NACHT, LRR and PYD domains-containing protein 3	Homo sapiens	Encontrado	https://alphafold.ebi.ac.uk/entry/Q96P20
NLRP3	missense_variant		1662674271						Q96P20	NACHT, LRR and PYD domains-containing protein 3	Homo sapiens	Encontrado	https://alphafold.ebi.ac.uk/entry/Q96P20
NLRP3	missense_variant	uncertain significance	1662674602						Q96P20	NACHT, LRR and PYD domains-containing protein 3	Homo sapiens	Encontrado	https://alphafold.ebi.ac.uk/entry/Q96P20
NLRP3	missense_variant		1662678042						Q96P20	NACHT, LRR and PYD domains-containing protein 3	Homo sapiens	Encontrado	https://alphafold.ebi.ac.uk/entry/Q96P20
NLRP3	missense_variant	uncertain significance	1662681663						Q96P20	NACHT, LRR and PYD domains-containing protein 3	Homo sapiens	Encontrado	https://alphafold.ebi.ac.uk/entry/Q96P20
NLRP3	missense_variant		1662682439						Q96P20	NACHT, LRR and PYD domains-containing protein 3	Homo sapiens	Encontrado	https://alphafold.ebi.ac.uk/entry/Q96P20
NLRP3	missense_variant	uncertain significance	1662689287						Q96P20	NACHT, LRR and PYD domains-containing protein 3	Homo sapiens	Encontrado	https://alphafold.ebi.ac.uk/entry/Q96P20
NLRP3	missense_variant		1662689486						Q96P20	NACHT, LRR and PYD domains-containing protein 3	Homo sapiens	Encontrado	https://alphafold.ebi.ac.uk/entry/Q96P20
NLRP3	missense_variant		1662689840						Q96P20	NACHT, LRR and PYD domains-containing protein 3	Homo sapiens	Encontrado	https://alphafold.ebi.ac.uk/entry/Q96P20
NLRP3	missense_variant		1662690030						Q96P20	NACHT, LRR and PYD domains-containing protein 3	Homo sapiens	Encontrado	https://alphafold.ebi.ac.uk/entry/Q96P20
NLRP3	missense_variant		1662692614						Q96P20	NACHT, LRR and PYD domains-containing protein 3	Homo sapiens	Encontrado	https://alphafold.ebi.ac.uk/entry/Q96P20
NLRP3	missense_variant	uncertain significance	1662692979						Q96P20	NACHT, LRR and PYD domains-containing protein 3	Homo sapiens	Encontrado	https://alphafold.ebi.ac.uk/entry/Q96P20
NLRP3	missense_variant		1662694976						Q96P20	NACHT, LRR and PYD domains-containing protein 3	Homo sapiens	Encontrado	https://alphafold.ebi.ac.uk/entry/Q96P20
NLRP3	missense_variant		1662695155						Q96P20	NACHT, LRR and PYD domains-containing protein 3	Homo sapiens	Encontrado	https://alphafold.ebi.ac.uk/entry/Q96P20
NLRP3	missense_variant		1662696080						Q96P20	NACHT, LRR and PYD domains-containing protein 3	Homo sapiens	Encontrado	https://alphafold.ebi.ac.uk/entry/Q96P20
NLRP3	missense_variant	uncertain significance	1662697946						Q96P20	NACHT, LRR and PYD domains-containing protein 3	Homo sapiens	Encontrado	https://alphafold.ebi.ac.uk/entry/Q96P20
NLRP3	missense_variant		1662698228						Q96P20	NACHT, LRR and PYD domains-containing protein 3	Homo sapiens	Encontrado	https://alphafold.ebi.ac.uk/entry/Q96P20
NLRP3	missense_variant		1662698517						Q96P20	NACHT, LRR and PYD domains-containing protein 3	Homo sapiens	Encontrado	https://alphafold.ebi.ac.uk/entry/Q96P20
NLRP3	missense_variant		1662699550						Q96P20	NACHT, LRR and PYD domains-containing protein 3	Homo sapiens	Encontrado	https://alphafold.ebi.ac.uk/entry/Q96P20
NLRP3	missense_variant	uncertain significance	1662700271						Q96P20	NACHT, LRR and PYD domains-containing protein 3	Homo sapiens	Encontrado	https://alphafold.ebi.ac.uk/entry/Q96P20
NLRP3	missense_variant	pathogenic	1662701151						Q96P20	NACHT, LRR and PYD domains-containing protein 3	Homo sapiens	Encontrado	https://alphafold.ebi.ac.uk/entry/Q96P20
NLRP3	missense_variant	uncertain significance	1662708025						Q96P20	NACHT, LRR and PYD domains-containing protein 3	Homo sapiens	Encontrado	https://alphafold.ebi.ac.uk/entry/Q96P20
NLRP3	missense_variant	uncertain significance	1662708283						Q96P20	NACHT, LRR and PYD domains-containing protein 3	Homo sapiens	Encontrado	https://alphafold.ebi.ac.uk/entry/Q96P20
NLRP3	missense_variant	uncertain significance	1662712097						Q96P20	NACHT, LRR and PYD domains-containing protein 3	Homo sapiens	Encontrado	https://alphafold.ebi.ac.uk/entry/Q96P20
NLRP3	missense_variant	likely pathogenic	1662713003						Q96P20	NACHT, LRR and PYD domains-containing protein 3	Homo sapiens	Encontrado	https://alphafold.ebi.ac.uk/entry/Q96P20
NLRP3	missense_variant		1662714548						Q96P20	NACHT, LRR and PYD domains-containing protein 3	Homo sapiens	Encontrado	https://alphafold.ebi.ac.uk/entry/Q96P20
NLRP3	missense_variant		1662718828						Q96P20	NACHT, LRR and PYD domains-containing protein 3	Homo sapiens	Encontrado	https://alphafold.ebi.ac.uk/entry/Q96P20
NLRP3	missense_variant	uncertain significance	1662719789						Q96P20	NACHT, LRR and PYD domains-containing protein 3	Homo sapiens	Encontrado	https://alphafold.ebi.ac.uk/entry/Q96P20
NLRP3	missense_variant		1662721280						Q96P20	NACHT, LRR and PYD domains-containing protein 3	Homo sapiens	Encontrado	https://alphafold.ebi.ac.uk/entry/Q96P20
NLRP3	missense_variant	uncertain significance	1662723637						Q96P20	NACHT, LRR and PYD domains-containing protein 3	Homo sapiens	Encontrado	https://alphafold.ebi.ac.uk/entry/Q96P20
NLRP3	missense_variant		1662724850						Q96P20	NACHT, LRR and PYD domains-containing protein 3	Homo sapiens	Encontrado	https://alphafold.ebi.ac.uk/entry/Q96P20
NLRP3	missense_variant		1662726962						Q96P20	NACHT, LRR and PYD domains-containing protein 3	Homo sapiens	Encontrado	https://alphafold.ebi.ac.uk/entry/Q96P20
NLRP3	missense_variant		1662730442						Q96P20	NACHT, LRR and PYD domains-containing protein 3	Homo sapiens	Encontrado	https://alphafold.ebi.ac.uk/entry/Q96P20
NLRP3	missense_variant		1662730999						Q96P20	NACHT, LRR and PYD domains-containing protein 3	Homo sapiens	Encontrado	https://alphafold.ebi.ac.uk/entry/Q96P20
NLRP3	missense_variant	pathogenic	1662731815						Q96P20	NACHT, LRR and PYD domains-containing protein 3	Homo sapiens	Encontrado	https://alphafold.ebi.ac.uk/entry/Q96P20
NLRP3	missense_variant		1662732662						Q96P20	NACHT, LRR and PYD domains-containing protein 3	Homo sapiens	Encontrado	https://alphafold.ebi.ac.uk/entry/Q96P20
NLRP3	missense_variant		1662734048						Q96P20	NACHT, LRR and PYD domains-containing protein 3	Homo sapiens	Encontrado	https://alphafold.ebi.ac.uk/entry/Q96P20
NLRP3	missense_variant		1662734549						Q96P20	NACHT, LRR and PYD domains-containing protein 3	Homo sapiens	Encontrado	https://alphafold.ebi.ac.uk/entry/Q96P20
NLRP3	missense_variant		1662736252						Q96P20	NACHT, LRR and PYD domains-containing protein 3	Homo sapiens	Encontrado	https://alphafold.ebi.ac.uk/entry/Q96P20
NLRP3	missense_variant		1662741950						Q96P20	NACHT, LRR and PYD domains-containing protein 3	Homo sapiens	Encontrado	https://alphafold.ebi.ac.uk/entry/Q96P20
NLRP3	missense_variant		1662742731						Q96P20	NACHT, LRR and PYD domains-containing protein 3	Homo sapiens	Encontrado	https://alphafold.ebi.ac.uk/entry/Q96P20
NLRP3	missense_variant		1662742906						Q96P20	NACHT, LRR and PYD domains-containing protein 3	Homo sapiens	Encontrado	https://alphafold.ebi.ac.uk/entry/Q96P20
NLRP3	missense_variant		1662744481						Q96P20	NACHT, LRR and PYD domains-containing protein 3	Homo sapiens	Encontrado	https://alphafold.ebi.ac.uk/entry/Q96P20
NLRP3	missense_variant		1662746118						Q96P20	NACHT, LRR and PYD domains-containing protein 3	Homo sapiens	Encontrado	https://alphafold.ebi.ac.uk/entry/Q96P20
NLRP3	missense_variant	uncertain significance	1662748039						Q96P20	NACHT, LRR and PYD domains-containing protein 3	Homo sapiens	Encontrado	https://alphafold.ebi.ac.uk/entry/Q96P20
NLRP3	missense_variant	uncertain significance	1662753875						Q96P20	NACHT, LRR and PYD domains-containing protein 3	Homo sapiens	Encontrado	https://alphafold.ebi.ac.uk/entry/Q96P20
NLRP3	missense_variant	uncertain significance	1662755558						Q96P20	NACHT, LRR and PYD domains-containing protein 3	Homo sapiens	Encontrado	https://alphafold.ebi.ac.uk/entry/Q96P20
NLRP3	missense_variant	uncertain significance	1662756098						Q96P20	NACHT, LRR and PYD domains-containing protein 3	Homo sapiens	Encontrado	https://alphafold.ebi.ac.uk/entry/Q96P20
NLRP3	missense_variant	uncertain significance	1662756609						Q96P20	NACHT, LRR and PYD domains-containing protein 3	Homo sapiens	Encontrado	https://alphafold.ebi.ac.uk/entry/Q96P20
NLRP3	missense_variant		1662758809						Q96P20	NACHT, LRR and PYD domains-containing protein 3	Homo sapiens	Encontrado	https://alphafold.ebi.ac.uk/entry/Q96P20
NLRP3	missense_variant		1662759178						Q96P20	NACHT, LRR and PYD domains-containing protein 3	Homo sapiens	Encontrado	https://alphafold.ebi.ac.uk/entry/Q96P20
NLRP3	missense_variant		1662759897						Q96P20	NACHT, LRR and PYD domains-containing protein 3	Homo sapiens	Encontrado	https://alphafold.ebi.ac.uk/entry/Q96P20
NLRP3	missense_variant		1662764386						Q96P20	NACHT, LRR and PYD domains-containing protein 3	Homo sapiens	Encontrado	https://alphafold.ebi.ac.uk/entry/Q96P20
NLRP3	missense_variant		1662775269						Q96P20	NACHT, LRR and PYD domains-containing protein 3	Homo sapiens	Encontrado	https://alphafold.ebi.ac.uk/entry/Q96P20
NLRP3	missense_variant		1662775443						Q96P20	NACHT, LRR and PYD domains-containing protein 3	Homo sapiens	Encontrado	https://alphafold.ebi.ac.uk/entry/Q96P20
NLRP3	missense_variant		1662778131						Q96P20	NACHT, LRR and PYD domains-containing protein 3	Homo sapiens	Encontrado	https://alphafold.ebi.ac.uk/entry/Q96P20
NLRP3	missense_variant	uncertain significance	1662780194						Q96P20	NACHT, LRR and PYD domains-containing protein 3	Homo sapiens	Encontrado	https://alphafold.ebi.ac.uk/entry/Q96P20
NLRP3	missense_variant		1662782460						Q96P20	NACHT, LRR and PYD domains-containing protein 3	Homo sapiens	Encontrado	https://alphafold.ebi.ac.uk/entry/Q96P20
NLRP3	missense_variant		1662784991						Q96P20	NACHT, LRR and PYD domains-containing protein 3	Homo sapiens	Encontrado	https://alphafold.ebi.ac.uk/entry/Q96P20
NLRP3	missense_variant		1662786265						Q96P20	NACHT, LRR and PYD domains-containing protein 3	Homo sapiens	Encontrado	https://alphafold.ebi.ac.uk/entry/Q96P20
NLRP3	missense_variant		1662793801						Q96P20	NACHT, LRR and PYD domains-containing protein 3	Homo sapiens	Encontrado	https://alphafold.ebi.ac.uk/entry/Q96P20
NLRP3	missense_variant	uncertain significance	1662794808						Q96P20	NACHT, LRR and PYD domains-containing protein 3	Homo sapiens	Encontrado	https://alphafold.ebi.ac.uk/entry/Q96P20
NLRP3	missense_variant	uncertain significance	1662796733						Q96P20	NACHT, LRR and PYD domains-containing protein 3	Homo sapiens	Encontrado	https://alphafold.ebi.ac.uk/entry/Q96P20
NLRP3	missense_variant	uncertain significance	1662799404						Q96P20	NACHT, LRR and PYD domains-containing protein 3	Homo sapiens	Encontrado	https://alphafold.ebi.ac.uk/entry/Q96P20
NLRP3	missense_variant		1662804703						Q96P20	NACHT, LRR and PYD domains-containing protein 3	Homo sapiens	Encontrado	https://alphafold.ebi.ac.uk/entry/Q96P20
NLRP3	missense_variant	uncertain significance	1662805530						Q96P20	NACHT, LRR and PYD domains-containing protein 3	Homo sapiens	Encontrado	https://alphafold.ebi.ac.uk/entry/Q96P20
NLRP3	missense_variant	uncertain significance	1662805725						Q96P20	NACHT, LRR and PYD domains-containing protein 3	Homo sapiens	Encontrado	https://alphafold.ebi.ac.uk/entry/Q96P20
NLRP3	missense_variant		1662808261						Q96P20	NACHT, LRR and PYD domains-containing protein 3	Homo sapiens	Encontrado	https://alphafold.ebi.ac.uk/entry/Q96P20
NLRP3	missense_variant		1662808600						Q96P20	NACHT, LRR and PYD domains-containing protein 3	Homo sapiens	Encontrado	https://alphafold.ebi.ac.uk/entry/Q96P20
NLRP3	missense_variant	uncertain significance	1662812160						Q96P20	NACHT, LRR and PYD domains-containing protein 3	Homo sapiens	Encontrado	https://alphafold.ebi.ac.uk/entry/Q96P20
NLRP3	missense_variant	uncertain significance	1663161123						Q96P20	NACHT, LRR and PYD domains-containing protein 3	Homo sapiens	Encontrado	https://alphafold.ebi.ac.uk/entry/Q96P20
NLRP3	missense_variant		1663164075						Q96P20	NACHT, LRR and PYD domains-containing protein 3	Homo sapiens	Encontrado	https://alphafold.ebi.ac.uk/entry/Q96P20
NLRP3	missense_variant		1663164953						Q96P20	NACHT, LRR and PYD domains-containing protein 3	Homo sapiens	Encontrado	https://alphafold.ebi.ac.uk/entry/Q96P20
NLRP3	missense_variant		1663168601						Q96P20	NACHT, LRR and PYD domains-containing protein 3	Homo sapiens	Encontrado	https://alphafold.ebi.ac.uk/entry/Q96P20
NLRP3	missense_variant		1663170868						Q96P20	NACHT, LRR and PYD domains-containing protein 3	Homo sapiens	Encontrado	https://alphafold.ebi.ac.uk/entry/Q96P20
NLRP3	missense_variant	uncertain significance	1663598528						Q96P20	NACHT, LRR and PYD domains-containing protein 3	Homo sapiens	Encontrado	https://alphafold.ebi.ac.uk/entry/Q96P20
NLRP3	missense_variant	uncertain significance	1663599540						Q96P20	NACHT, LRR and PYD domains-containing protein 3	Homo sapiens	Encontrado	https://alphafold.ebi.ac.uk/entry/Q96P20
NLRP3	missense_variant		1663603218						Q96P20	NACHT, LRR and PYD domains-containing protein 3	Homo sapiens	Encontrado	https://alphafold.ebi.ac.uk/entry/Q96P20
NLRP3	missense_variant		1663605831						Q96P20	NACHT, LRR and PYD domains-containing protein 3	Homo sapiens	Encontrado	https://alphafold.ebi.ac.uk/entry/Q96P20
NLRP3	missense_variant		1663606714						Q96P20	NACHT, LRR and PYD domains-containing protein 3	Homo sapiens	Encontrado	https://alphafold.ebi.ac.uk/entry/Q96P20
NLRP3	missense_variant		1663608912						Q96P20	NACHT, LRR and PYD domains-containing protein 3	Homo sapiens	Encontrado	https://alphafold.ebi.ac.uk/entry/Q96P20
NLRP3	missense_variant		1663609131						Q96P20	NACHT, LRR and PYD domains-containing protein 3	Homo sapiens	Encontrado	https://alphafold.ebi.ac.uk/entry/Q96P20
NLRP3	missense_variant		1663609567						Q96P20	NACHT, LRR and PYD domains-containing protein 3	Homo sapiens	Encontrado	https://alphafold.ebi.ac.uk/entry/Q96P20
NLRP3	missense_variant	uncertain significance	1663610645						Q96P20	NACHT, LRR and PYD domains-containing protein 3	Homo sapiens	Encontrado	https://alphafold.ebi.ac.uk/entry/Q96P20
NLRP3	missense_variant	uncertain significance	1663614471						Q96P20	NACHT, LRR and PYD domains-containing protein 3	Homo sapiens	Encontrado	https://alphafold.ebi.ac.uk/entry/Q96P20
NLRP3	missense_variant	uncertain significance	1663619844						Q96P20	NACHT, LRR and PYD domains-containing protein 3	Homo sapiens	Encontrado	https://alphafold.ebi.ac.uk/entry/Q96P20
NLRP3	missense_variant		1663620588						Q96P20	NACHT, LRR and PYD domains-containing protein 3	Homo sapiens	Encontrado	https://alphafold.ebi.ac.uk/entry/Q96P20
NLRP3	missense_variant		1663768556						Q96P20	NACHT, LRR and PYD domains-containing protein 3	Homo sapiens	Encontrado	https://alphafold.ebi.ac.uk/entry/Q96P20
NLRP3	missense_variant		1663774847						Q96P20	NACHT, LRR and PYD domains-containing protein 3	Homo sapiens	Encontrado	https://alphafold.ebi.ac.uk/entry/Q96P20
NLRP3	missense_variant	uncertain significance	1663776046						Q96P20	NACHT, LRR and PYD domains-containing protein 3	Homo sapiens	Encontrado	https://alphafold.ebi.ac.uk/entry/Q96P20
NLRP3	missense_variant		1663776285						Q96P20	NACHT, LRR and PYD domains-containing protein 3	Homo sapiens	Encontrado	https://alphafold.ebi.ac.uk/entry/Q96P20
NLRP3	missense_variant	uncertain significance	1664417826						Q96P20	NACHT, LRR and PYD domains-containing protein 3	Homo sapiens	Encontrado	https://alphafold.ebi.ac.uk/entry/Q96P20
NLRP3	missense_variant		1664418679						Q96P20	NACHT, LRR and PYD domains-containing protein 3	Homo sapiens	Encontrado	https://alphafold.ebi.ac.uk/entry/Q96P20
NLRP3	missense_variant		1664420042						Q96P20	NACHT, LRR and PYD domains-containing protein 3	Homo sapiens	Encontrado	https://alphafold.ebi.ac.uk/entry/Q96P20
NLRP3	missense_variant		1664424098						Q96P20	NACHT, LRR and PYD domains-containing protein 3	Homo sapiens	Encontrado	https://alphafold.ebi.ac.uk/entry/Q96P20
NLRP3	missense_variant	uncertain significance	1664425433						Q96P20	NACHT, LRR and PYD domains-containing protein 3	Homo sapiens	Encontrado	https://alphafold.ebi.ac.uk/entry/Q96P20
NLRP3	missense_variant	uncertain significance	1664431304						Q96P20	NACHT, LRR and PYD domains-containing protein 3	Homo sapiens	Encontrado	https://alphafold.ebi.ac.uk/entry/Q96P20
NLRP3	missense_variant		1664433078						Q96P20	NACHT, LRR and PYD domains-containing protein 3	Homo sapiens	Encontrado	https://alphafold.ebi.ac.uk/entry/Q96P20
NLRP3	missense_variant		1664473673						Q96P20	NACHT, LRR and PYD domains-containing protein 3	Homo sapiens	Encontrado	https://alphafold.ebi.ac.uk/entry/Q96P20
NLRP3	missense_variant		1664474153						Q96P20	NACHT, LRR and PYD domains-containing protein 3	Homo sapiens	Encontrado	https://alphafold.ebi.ac.uk/entry/Q96P20
NLRP3	missense_variant	uncertain significance	1664478663						Q96P20	NACHT, LRR and PYD domains-containing protein 3	Homo sapiens	Encontrado	https://alphafold.ebi.ac.uk/entry/Q96P20
NLRP3	missense_variant		1664479575						Q96P20	NACHT, LRR and PYD domains-containing protein 3	Homo sapiens	Encontrado	https://alphafold.ebi.ac.uk/entry/Q96P20
NLRP3	missense_variant	uncertain significance	1664481743						Q96P20	NACHT, LRR and PYD domains-containing protein 3	Homo sapiens	Encontrado	https://alphafold.ebi.ac.uk/entry/Q96P20
NLRP3	missense_variant		1664484095						Q96P20	NACHT, LRR and PYD domains-containing protein 3	Homo sapiens	Encontrado	https://alphafold.ebi.ac.uk/entry/Q96P20
NLRP3	missense_variant		1664484884						Q96P20	NACHT, LRR and PYD domains-containing protein 3	Homo sapiens	Encontrado	https://alphafold.ebi.ac.uk/entry/Q96P20
NLRP3	missense_variant	uncertain significance	1664742757						Q96P20	NACHT, LRR and PYD domains-containing protein 3	Homo sapiens	Encontrado	https://alphafold.ebi.ac.uk/entry/Q96P20
NLRP3	missense_variant	uncertain significance	1664743681						Q96P20	NACHT, LRR and PYD domains-containing protein 3	Homo sapiens	Encontrado	https://alphafold.ebi.ac.uk/entry/Q96P20
NLRP3	missense_variant		1664743845						Q96P20	NACHT, LRR and PYD domains-containing protein 3	Homo sapiens	Encontrado	https://alphafold.ebi.ac.uk/entry/Q96P20
NLRP3	missense_variant		1664744020						Q96P20	NACHT, LRR and PYD domains-containing protein 3	Homo sapiens	Encontrado	https://alphafold.ebi.ac.uk/entry/Q96P20
NLRP3	missense_variant		1664744305						Q96P20	NACHT, LRR and PYD domains-containing protein 3	Homo sapiens	Encontrado	https://alphafold.ebi.ac.uk/entry/Q96P20
NLRP3	missense_variant		1664745098						Q96P20	NACHT, LRR and PYD domains-containing protein 3	Homo sapiens	Encontrado	https://alphafold.ebi.ac.uk/entry/Q96P20
NLRP3	missense_variant		1664745853						Q96P20	NACHT, LRR and PYD domains-containing protein 3	Homo sapiens	Encontrado	https://alphafold.ebi.ac.uk/entry/Q96P20
NLRP3	missense_variant	uncertain significance	1664746578						Q96P20	NACHT, LRR and PYD domains-containing protein 3	Homo sapiens	Encontrado	https://alphafold.ebi.ac.uk/entry/Q96P20
NLRP3	missense_variant	not provided, likely pathogenic, pathogenic	180177430						Q96P20	NACHT, LRR and PYD domains-containing protein 3	Homo sapiens	Encontrado	https://alphafold.ebi.ac.uk/entry/Q96P20
NLRP3	missense_variant	not provided, likely pathogenic, pathogenic	180177431						Q96P20	NACHT, LRR and PYD domains-containing protein 3	Homo sapiens	Encontrado	https://alphafold.ebi.ac.uk/entry/Q96P20
NLRP3	missense_variant	not provided	180177432						Q96P20	NACHT, LRR and PYD domains-containing protein 3	Homo sapiens	Encontrado	https://alphafold.ebi.ac.uk/entry/Q96P20
NLRP3	missense_variant	not provided, likely pathogenic, pathogenic	180177433						Q96P20	NACHT, LRR and PYD domains-containing protein 3	Homo sapiens	Encontrado	https://alphafold.ebi.ac.uk/entry/Q96P20
NLRP3	missense_variant	not provided	180177434						Q96P20	NACHT, LRR and PYD domains-containing protein 3	Homo sapiens	Encontrado	https://alphafold.ebi.ac.uk/entry/Q96P20
NLRP3	missense_variant	not provided, likely pathogenic	180177435						Q96P20	NACHT, LRR and PYD domains-containing protein 3	Homo sapiens	Encontrado	https://alphafold.ebi.ac.uk/entry/Q96P20
NLRP3	missense_variant	not provided	180177436						Q96P20	NACHT, LRR and PYD domains-containing protein 3	Homo sapiens	Encontrado	https://alphafold.ebi.ac.uk/entry/Q96P20
NLRP3	missense_variant	not provided, likely pathogenic	180177437						Q96P20	NACHT, LRR and PYD domains-containing protein 3	Homo sapiens	Encontrado	https://alphafold.ebi.ac.uk/entry/Q96P20
NLRP3	missense_variant	not provided, pathogenic	180177438						Q96P20	NACHT, LRR and PYD domains-containing protein 3	Homo sapiens	Encontrado	https://alphafold.ebi.ac.uk/entry/Q96P20
NLRP3	missense_variant	not provided	180177439						Q96P20	NACHT, LRR and PYD domains-containing protein 3	Homo sapiens	Encontrado	https://alphafold.ebi.ac.uk/entry/Q96P20
NLRP3	missense_variant	not provided, likely pathogenic, pathogenic	180177441						Q96P20	NACHT, LRR and PYD domains-containing protein 3	Homo sapiens	Encontrado	https://alphafold.ebi.ac.uk/entry/Q96P20
NLRP3	missense_variant	uncertain significance, not provided, likely pathogenic	180177442						Q96P20	NACHT, LRR and PYD domains-containing protein 3	Homo sapiens	Encontrado	https://alphafold.ebi.ac.uk/entry/Q96P20
NLRP3	missense_variant	not provided	180177444						Q96P20	NACHT, LRR and PYD domains-containing protein 3	Homo sapiens	Encontrado	https://alphafold.ebi.ac.uk/entry/Q96P20
NLRP3	missense_variant	not provided, likely pathogenic, pathogenic	180177445						Q96P20	NACHT, LRR and PYD domains-containing protein 3	Homo sapiens	Encontrado	https://alphafold.ebi.ac.uk/entry/Q96P20
NLRP3	missense_variant	not provided	180177446						Q96P20	NACHT, LRR and PYD domains-containing protein 3	Homo sapiens	Encontrado	https://alphafold.ebi.ac.uk/entry/Q96P20
NLRP3	missense_variant	not provided, pathogenic	180177447						Q96P20	NACHT, LRR and PYD domains-containing protein 3	Homo sapiens	Encontrado	https://alphafold.ebi.ac.uk/entry/Q96P20
NLRP3	missense_variant	not provided, likely pathogenic	180177449						Q96P20	NACHT, LRR and PYD domains-containing protein 3	Homo sapiens	Encontrado	https://alphafold.ebi.ac.uk/entry/Q96P20
NLRP3	missense_variant	not provided	180177451						Q96P20	NACHT, LRR and PYD domains-containing protein 3	Homo sapiens	Encontrado	https://alphafold.ebi.ac.uk/entry/Q96P20
NLRP3	missense_variant	uncertain significance, not provided, likely pathogenic, pathogenic	180177452						Q96P20	NACHT, LRR and PYD domains-containing protein 3	Homo sapiens	Encontrado	https://alphafold.ebi.ac.uk/entry/Q96P20
NLRP3	missense_variant	not provided	180177454						Q96P20	NACHT, LRR and PYD domains-containing protein 3	Homo sapiens	Encontrado	https://alphafold.ebi.ac.uk/entry/Q96P20
NLRP3	missense_variant	uncertain significance, not provided, pathogenic	180177456						Q96P20	NACHT, LRR and PYD domains-containing protein 3	Homo sapiens	Encontrado	https://alphafold.ebi.ac.uk/entry/Q96P20
NLRP3	missense_variant	uncertain significance, not provided, likely pathogenic	180177457						Q96P20	NACHT, LRR and PYD domains-containing protein 3	Homo sapiens	Encontrado	https://alphafold.ebi.ac.uk/entry/Q96P20
NLRP3	missense_variant	not provided, pathogenic	180177458						Q96P20	NACHT, LRR and PYD domains-containing protein 3	Homo sapiens	Encontrado	https://alphafold.ebi.ac.uk/entry/Q96P20
NLRP3	missense_variant	uncertain significance, benign, likely benign	180177459						Q96P20	NACHT, LRR and PYD domains-containing protein 3	Homo sapiens	Encontrado	https://alphafold.ebi.ac.uk/entry/Q96P20
NLRP3	missense_variant	uncertain significance, not provided	180177461						Q96P20	NACHT, LRR and PYD domains-containing protein 3	Homo sapiens	Encontrado	https://alphafold.ebi.ac.uk/entry/Q96P20
NLRP3	missense_variant	uncertain significance, likely benign	180177462						Q96P20	NACHT, LRR and PYD domains-containing protein 3	Homo sapiens	Encontrado	https://alphafold.ebi.ac.uk/entry/Q96P20
NLRP3	missense_variant	uncertain significance, not provided, likely pathogenic	180177463						Q96P20	NACHT, LRR and PYD domains-containing protein 3	Homo sapiens	Encontrado	https://alphafold.ebi.ac.uk/entry/Q96P20
NLRP3	missense_variant	uncertain significance, not provided	180177464						Q96P20	NACHT, LRR and PYD domains-containing protein 3	Homo sapiens	Encontrado	https://alphafold.ebi.ac.uk/entry/Q96P20
NLRP3	missense_variant	uncertain significance, not provided, likely pathogenic	180177465						Q96P20	NACHT, LRR and PYD domains-containing protein 3	Homo sapiens	Encontrado	https://alphafold.ebi.ac.uk/entry/Q96P20
NLRP3	missense_variant	not provided	180177467						Q96P20	NACHT, LRR and PYD domains-containing protein 3	Homo sapiens	Encontrado	https://alphafold.ebi.ac.uk/entry/Q96P20
NLRP3	missense_variant	not provided, pathogenic	180177468						Q96P20	NACHT, LRR and PYD domains-containing protein 3	Homo sapiens	Encontrado	https://alphafold.ebi.ac.uk/entry/Q96P20
NLRP3	missense_variant	not provided, likely pathogenic, pathogenic	180177469						Q96P20	NACHT, LRR and PYD domains-containing protein 3	Homo sapiens	Encontrado	https://alphafold.ebi.ac.uk/entry/Q96P20
NLRP3	missense_variant	not provided, pathogenic	180177470						Q96P20	NACHT, LRR and PYD domains-containing protein 3	Homo sapiens	Encontrado	https://alphafold.ebi.ac.uk/entry/Q96P20
NLRP3	missense_variant	uncertain significance, not provided, likely pathogenic	180177473						Q96P20	NACHT, LRR and PYD domains-containing protein 3	Homo sapiens	Encontrado	https://alphafold.ebi.ac.uk/entry/Q96P20
NLRP3	missense_variant	uncertain significance, not provided	180177474						Q96P20	NACHT, LRR and PYD domains-containing protein 3	Homo sapiens	Encontrado	https://alphafold.ebi.ac.uk/entry/Q96P20
NLRP3	missense_variant	not provided	180177475						Q96P20	NACHT, LRR and PYD domains-containing protein 3	Homo sapiens	Encontrado	https://alphafold.ebi.ac.uk/entry/Q96P20
NLRP3	missense_variant	not provided, likely pathogenic	180177476						Q96P20	NACHT, LRR and PYD domains-containing protein 3	Homo sapiens	Encontrado	https://alphafold.ebi.ac.uk/entry/Q96P20
NLRP3	missense_variant	not provided	180177477						Q96P20	NACHT, LRR and PYD domains-containing protein 3	Homo sapiens	Encontrado	https://alphafold.ebi.ac.uk/entry/Q96P20
NLRP3	missense_variant	not provided, pathogenic	180177478						Q96P20	NACHT, LRR and PYD domains-containing protein 3	Homo sapiens	Encontrado	https://alphafold.ebi.ac.uk/entry/Q96P20
NLRP3	missense_variant	not provided	180177479						Q96P20	NACHT, LRR and PYD domains-containing protein 3	Homo sapiens	Encontrado	https://alphafold.ebi.ac.uk/entry/Q96P20
NLRP3	missense_variant	uncertain significance, benign, likely benign	180177481						Q96P20	NACHT, LRR and PYD domains-containing protein 3	Homo sapiens	Encontrado	https://alphafold.ebi.ac.uk/entry/Q96P20
NLRP3	missense_variant	not provided	180177482						Q96P20	NACHT, LRR and PYD domains-containing protein 3	Homo sapiens	Encontrado	https://alphafold.ebi.ac.uk/entry/Q96P20
NLRP3	missense_variant	not provided, pathogenic	180177484						Q96P20	NACHT, LRR and PYD domains-containing protein 3	Homo sapiens	Encontrado	https://alphafold.ebi.ac.uk/entry/Q96P20
NLRP3	missense_variant	not provided	180177485						Q96P20	NACHT, LRR and PYD domains-containing protein 3	Homo sapiens	Encontrado	https://alphafold.ebi.ac.uk/entry/Q96P20
NLRP3	missense_variant	not provided, likely pathogenic	180177486						Q96P20	NACHT, LRR and PYD domains-containing protein 3	Homo sapiens	Encontrado	https://alphafold.ebi.ac.uk/entry/Q96P20
NLRP3	missense_variant	not provided	180177487						Q96P20	NACHT, LRR and PYD domains-containing protein 3	Homo sapiens	Encontrado	https://alphafold.ebi.ac.uk/entry/Q96P20
NLRP3	missense_variant	not provided	180177488						Q96P20	NACHT, LRR and PYD domains-containing protein 3	Homo sapiens	Encontrado	https://alphafold.ebi.ac.uk/entry/Q96P20
NLRP3	missense_variant	uncertain significance, not provided	180177489						Q96P20	NACHT, LRR and PYD domains-containing protein 3	Homo sapiens	Encontrado	https://alphafold.ebi.ac.uk/entry/Q96P20
NLRP3	missense_variant	not provided	180177490						Q96P20	NACHT, LRR and PYD domains-containing protein 3	Homo sapiens	Encontrado	https://alphafold.ebi.ac.uk/entry/Q96P20
NLRP3	missense_variant	not provided, likely pathogenic, pathogenic	180177491						Q96P20	NACHT, LRR and PYD domains-containing protein 3	Homo sapiens	Encontrado	https://alphafold.ebi.ac.uk/entry/Q96P20
NLRP3	missense_variant	uncertain significance, likely benign	180177493						Q96P20	NACHT, LRR and PYD domains-containing protein 3	Homo sapiens	Encontrado	https://alphafold.ebi.ac.uk/entry/Q96P20
NLRP3	missense_variant	uncertain significance, not provided	180177494						Q96P20	NACHT, LRR and PYD domains-containing protein 3	Homo sapiens	Encontrado	https://alphafold.ebi.ac.uk/entry/Q96P20
NLRP3	missense_variant	uncertain significance, not provided	180177495						Q96P20	NACHT, LRR and PYD domains-containing protein 3	Homo sapiens	Encontrado	https://alphafold.ebi.ac.uk/entry/Q96P20
NLRP3	missense_variant	not provided	180177496						Q96P20	NACHT, LRR and PYD domains-containing protein 3	Homo sapiens	Encontrado	https://alphafold.ebi.ac.uk/entry/Q96P20
NLRP3	missense_variant	uncertain significance, not provided	180177497						Q96P20	NACHT, LRR and PYD domains-containing protein 3	Homo sapiens	Encontrado	https://alphafold.ebi.ac.uk/entry/Q96P20
NLRP3	missense_variant	not provided	180177499						Q96P20	NACHT, LRR and PYD domains-containing protein 3	Homo sapiens	Encontrado	https://alphafold.ebi.ac.uk/entry/Q96P20
NLRP3	missense_variant	uncertain significance, not provided	180177500						Q96P20	NACHT, LRR and PYD domains-containing protein 3	Homo sapiens	Encontrado	https://alphafold.ebi.ac.uk/entry/Q96P20
NLRP3	missense_variant	uncertain significance, benign, likely benign	180177501						Q96P20	NACHT, LRR and PYD domains-containing protein 3	Homo sapiens	Encontrado	https://alphafold.ebi.ac.uk/entry/Q96P20
NLRP3	missense_variant	uncertain significance, not provided, likely pathogenic	180177503						Q96P20	NACHT, LRR and PYD domains-containing protein 3	Homo sapiens	Encontrado	https://alphafold.ebi.ac.uk/entry/Q96P20
NLRP3	missense_variant	uncertain significance, benign, likely benign	183128734						Q96P20	NACHT, LRR and PYD domains-containing protein 3	Homo sapiens	Encontrado	https://alphafold.ebi.ac.uk/entry/Q96P20
NLRP3	missense_variant	uncertain significance	187819424						Q96P20	NACHT, LRR and PYD domains-containing protein 3	Homo sapiens	Encontrado	https://alphafold.ebi.ac.uk/entry/Q96P20
NLRP3	missense_variant	uncertain significance	188623199						Q96P20	NACHT, LRR and PYD domains-containing protein 3	Homo sapiens	Encontrado	https://alphafold.ebi.ac.uk/entry/Q96P20
NLRP3	missense_variant	uncertain significance, likely benign	191754224						Q96P20	NACHT, LRR and PYD domains-containing protein 3	Homo sapiens	Encontrado	https://alphafold.ebi.ac.uk/entry/Q96P20
NLRP3	missense_variant	uncertain significance, likely benign	193085132						Q96P20	NACHT, LRR and PYD domains-containing protein 3	Homo sapiens	Encontrado	https://alphafold.ebi.ac.uk/entry/Q96P20
NLRP3	missense_variant	uncertain significance	199475733						Q96P20	NACHT, LRR and PYD domains-containing protein 3	Homo sapiens	Encontrado	https://alphafold.ebi.ac.uk/entry/Q96P20
NLRP3	missense_variant	uncertain significance	199517145						Q96P20	NACHT, LRR and PYD domains-containing protein 3	Homo sapiens	Encontrado	https://alphafold.ebi.ac.uk/entry/Q96P20
NLRP3	missense_variant		199518805						Q96P20	NACHT, LRR and PYD domains-containing protein 3	Homo sapiens	Encontrado	https://alphafold.ebi.ac.uk/entry/Q96P20
NLRP3	missense_variant	uncertain significance	199530514						Q96P20	NACHT, LRR and PYD domains-containing protein 3	Homo sapiens	Encontrado	https://alphafold.ebi.ac.uk/entry/Q96P20
NLRP3	missense_variant	uncertain significance	199637520						Q96P20	NACHT, LRR and PYD domains-containing protein 3	Homo sapiens	Encontrado	https://alphafold.ebi.ac.uk/entry/Q96P20
NLRP3	missense_variant	uncertain significance	199680838						Q96P20	NACHT, LRR and PYD domains-containing protein 3	Homo sapiens	Encontrado	https://alphafold.ebi.ac.uk/entry/Q96P20
NLRP3	missense_variant	uncertain significance, likely benign	199696688						Q96P20	NACHT, LRR and PYD domains-containing protein 3	Homo sapiens	Encontrado	https://alphafold.ebi.ac.uk/entry/Q96P20
NLRP3	missense_variant		199725270						Q96P20	NACHT, LRR and PYD domains-containing protein 3	Homo sapiens	Encontrado	https://alphafold.ebi.ac.uk/entry/Q96P20
NLRP3	missense_variant	uncertain significance, likely benign	199856287						Q96P20	NACHT, LRR and PYD domains-containing protein 3	Homo sapiens	Encontrado	https://alphafold.ebi.ac.uk/entry/Q96P20
NLRP3	missense_variant	uncertain significance	199878892						Q96P20	NACHT, LRR and PYD domains-containing protein 3	Homo sapiens	Encontrado	https://alphafold.ebi.ac.uk/entry/Q96P20
NLRP3	missense_variant	uncertain significance	199885115						Q96P20	NACHT, LRR and PYD domains-containing protein 3	Homo sapiens	Encontrado	https://alphafold.ebi.ac.uk/entry/Q96P20
NLRP3	missense_variant		200018240						Q96P20	NACHT, LRR and PYD domains-containing protein 3	Homo sapiens	Encontrado	https://alphafold.ebi.ac.uk/entry/Q96P20
NLRP3	missense_variant	uncertain significance	200088340						Q96P20	NACHT, LRR and PYD domains-containing protein 3	Homo sapiens	Encontrado	https://alphafold.ebi.ac.uk/entry/Q96P20
NLRP3	missense_variant	uncertain significance	200089542						Q96P20	NACHT, LRR and PYD domains-containing protein 3	Homo sapiens	Encontrado	https://alphafold.ebi.ac.uk/entry/Q96P20
NLRP3	missense_variant		200096573						Q96P20	NACHT, LRR and PYD domains-containing protein 3	Homo sapiens	Encontrado	https://alphafold.ebi.ac.uk/entry/Q96P20
NLRP3	missense_variant		200099395						Q96P20	NACHT, LRR and PYD domains-containing protein 3	Homo sapiens	Encontrado	https://alphafold.ebi.ac.uk/entry/Q96P20
NLRP3	missense_variant	uncertain significance	200101933						Q96P20	NACHT, LRR and PYD domains-containing protein 3	Homo sapiens	Encontrado	https://alphafold.ebi.ac.uk/entry/Q96P20
NLRP3	missense_variant	likely pathogenic	200154873						Q96P20	NACHT, LRR and PYD domains-containing protein 3	Homo sapiens	Encontrado	https://alphafold.ebi.ac.uk/entry/Q96P20
NLRP3	missense_variant	uncertain significance	200158304						Q96P20	NACHT, LRR and PYD domains-containing protein 3	Homo sapiens	Encontrado	https://alphafold.ebi.ac.uk/entry/Q96P20
NLRP3	missense_variant	uncertain significance	200199289						Q96P20	NACHT, LRR and PYD domains-containing protein 3	Homo sapiens	Encontrado	https://alphafold.ebi.ac.uk/entry/Q96P20
NLRP3	missense_variant		200206415						Q96P20	NACHT, LRR and PYD domains-containing protein 3	Homo sapiens	Encontrado	https://alphafold.ebi.ac.uk/entry/Q96P20
NLRP3	missense_variant	uncertain significance, likely benign	200224266						Q96P20	NACHT, LRR and PYD domains-containing protein 3	Homo sapiens	Encontrado	https://alphafold.ebi.ac.uk/entry/Q96P20
NLRP3	missense_variant	uncertain significance	200258061						Q96P20	NACHT, LRR and PYD domains-containing protein 3	Homo sapiens	Encontrado	https://alphafold.ebi.ac.uk/entry/Q96P20
NLRP3	missense_variant	uncertain significance	200259151						Q96P20	NACHT, LRR and PYD domains-containing protein 3	Homo sapiens	Encontrado	https://alphafold.ebi.ac.uk/entry/Q96P20
NLRP3	missense_variant		200262895						Q96P20	NACHT, LRR and PYD domains-containing protein 3	Homo sapiens	Encontrado	https://alphafold.ebi.ac.uk/entry/Q96P20
NLRP3	missense_variant	uncertain significance, likely benign	200288250						Q96P20	NACHT, LRR and PYD domains-containing protein 3	Homo sapiens	Encontrado	https://alphafold.ebi.ac.uk/entry/Q96P20
NLRP3	missense_variant	uncertain significance	200371066						Q96P20	NACHT, LRR and PYD domains-containing protein 3	Homo sapiens	Encontrado	https://alphafold.ebi.ac.uk/entry/Q96P20
NLRP3	missense_variant	uncertain significance, likely benign	200378519						Q96P20	NACHT, LRR and PYD domains-containing protein 3	Homo sapiens	Encontrado	https://alphafold.ebi.ac.uk/entry/Q96P20
NLRP3	missense_variant		200395118						Q96P20	NACHT, LRR and PYD domains-containing protein 3	Homo sapiens	Encontrado	https://alphafold.ebi.ac.uk/entry/Q96P20
NLRP3	missense_variant	uncertain significance, likely benign	200474460						Q96P20	NACHT, LRR and PYD domains-containing protein 3	Homo sapiens	Encontrado	https://alphafold.ebi.ac.uk/entry/Q96P20
NLRP3	missense_variant	uncertain significance	200483614						Q96P20	NACHT, LRR and PYD domains-containing protein 3	Homo sapiens	Encontrado	https://alphafold.ebi.ac.uk/entry/Q96P20
NLRP3	missense_variant	uncertain significance	200590698						Q96P20	NACHT, LRR and PYD domains-containing protein 3	Homo sapiens	Encontrado	https://alphafold.ebi.ac.uk/entry/Q96P20
NLRP3	missense_variant		200622758						Q96P20	NACHT, LRR and PYD domains-containing protein 3	Homo sapiens	Encontrado	https://alphafold.ebi.ac.uk/entry/Q96P20
NLRP3	missense_variant	likely benign	200729212						Q96P20	NACHT, LRR and PYD domains-containing protein 3	Homo sapiens	Encontrado	https://alphafold.ebi.ac.uk/entry/Q96P20
NLRP3	missense_variant	uncertain significance	200735245						Q96P20	NACHT, LRR and PYD domains-containing protein 3	Homo sapiens	Encontrado	https://alphafold.ebi.ac.uk/entry/Q96P20
NLRP3	missense_variant		200758008						Q96P20	NACHT, LRR and PYD domains-containing protein 3	Homo sapiens	Encontrado	https://alphafold.ebi.ac.uk/entry/Q96P20
NLRP3	missense_variant		200794776						Q96P20	NACHT, LRR and PYD domains-containing protein 3	Homo sapiens	Encontrado	https://alphafold.ebi.ac.uk/entry/Q96P20
NLRP3	missense_variant		200811660						Q96P20	NACHT, LRR and PYD domains-containing protein 3	Homo sapiens	Encontrado	https://alphafold.ebi.ac.uk/entry/Q96P20
NLRP3	missense_variant	likely benign	200900704						Q96P20	NACHT, LRR and PYD domains-containing protein 3	Homo sapiens	Encontrado	https://alphafold.ebi.ac.uk/entry/Q96P20
NLRP3	missense_variant		200900705						Q96P20	NACHT, LRR and PYD domains-containing protein 3	Homo sapiens	Encontrado	https://alphafold.ebi.ac.uk/entry/Q96P20
NLRP3	missense_variant	uncertain significance	201017333						Q96P20	NACHT, LRR and PYD domains-containing protein 3	Homo sapiens	Encontrado	https://alphafold.ebi.ac.uk/entry/Q96P20
NLRP3	missense_variant	uncertain significance, likely benign	201096167						Q96P20	NACHT, LRR and PYD domains-containing protein 3	Homo sapiens	Encontrado	https://alphafold.ebi.ac.uk/entry/Q96P20
NLRP3	missense_variant		201108638						Q96P20	NACHT, LRR and PYD domains-containing protein 3	Homo sapiens	Encontrado	https://alphafold.ebi.ac.uk/entry/Q96P20
NLRP3	missense_variant		201147343						Q96P20	NACHT, LRR and PYD domains-containing protein 3	Homo sapiens	Encontrado	https://alphafold.ebi.ac.uk/entry/Q96P20
NLRP3	missense_variant	uncertain significance	201252712						Q96P20	NACHT, LRR and PYD domains-containing protein 3	Homo sapiens	Encontrado	https://alphafold.ebi.ac.uk/entry/Q96P20
NLRP3	missense_variant	uncertain significance	201260331						Q96P20	NACHT, LRR and PYD domains-containing protein 3	Homo sapiens	Encontrado	https://alphafold.ebi.ac.uk/entry/Q96P20
NLRP3	missense_variant	uncertain significance	201377872						Q96P20	NACHT, LRR and PYD domains-containing protein 3	Homo sapiens	Encontrado	https://alphafold.ebi.ac.uk/entry/Q96P20
NLRP3	missense_variant	uncertain significance	201384608						Q96P20	NACHT, LRR and PYD domains-containing protein 3	Homo sapiens	Encontrado	https://alphafold.ebi.ac.uk/entry/Q96P20
NLRP3	missense_variant	uncertain significance	201466599						Q96P20	NACHT, LRR and PYD domains-containing protein 3	Homo sapiens	Encontrado	https://alphafold.ebi.ac.uk/entry/Q96P20
NLRP3	missense_variant	uncertain significance	201504984						Q96P20	NACHT, LRR and PYD domains-containing protein 3	Homo sapiens	Encontrado	https://alphafold.ebi.ac.uk/entry/Q96P20
NLRP3	missense_variant		201525090						Q96P20	NACHT, LRR and PYD domains-containing protein 3	Homo sapiens	Encontrado	https://alphafold.ebi.ac.uk/entry/Q96P20
NLRP3	missense_variant	uncertain significance	201525433						Q96P20	NACHT, LRR and PYD domains-containing protein 3	Homo sapiens	Encontrado	https://alphafold.ebi.ac.uk/entry/Q96P20
NLRP3	missense_variant	likely benign	201580005						Q96P20	NACHT, LRR and PYD domains-containing protein 3	Homo sapiens	Encontrado	https://alphafold.ebi.ac.uk/entry/Q96P20
NLRP3	missense_variant	uncertain significance, benign, likely benign	201593863						Q96P20	NACHT, LRR and PYD domains-containing protein 3	Homo sapiens	Encontrado	https://alphafold.ebi.ac.uk/entry/Q96P20
NLRP3	missense_variant	uncertain significance	201678213						Q96P20	NACHT, LRR and PYD domains-containing protein 3	Homo sapiens	Encontrado	https://alphafold.ebi.ac.uk/entry/Q96P20
NLRP3	missense_variant	uncertain significance	201683439						Q96P20	NACHT, LRR and PYD domains-containing protein 3	Homo sapiens	Encontrado	https://alphafold.ebi.ac.uk/entry/Q96P20
NLRP3	missense_variant		201764236						Q96P20	NACHT, LRR and PYD domains-containing protein 3	Homo sapiens	Encontrado	https://alphafold.ebi.ac.uk/entry/Q96P20
NLRP3	missense_variant	uncertain significance	201768649						Q96P20	NACHT, LRR and PYD domains-containing protein 3	Homo sapiens	Encontrado	https://alphafold.ebi.ac.uk/entry/Q96P20
NLRP3	missense_variant	likely benign	201814076						Q96P20	NACHT, LRR and PYD domains-containing protein 3	Homo sapiens	Encontrado	https://alphafold.ebi.ac.uk/entry/Q96P20
NLRP3	missense_variant	uncertain significance, likely benign	201867582						Q96P20	NACHT, LRR and PYD domains-containing protein 3	Homo sapiens	Encontrado	https://alphafold.ebi.ac.uk/entry/Q96P20
NLRP3	missense_variant	uncertain significance	201867990						Q96P20	NACHT, LRR and PYD domains-containing protein 3	Homo sapiens	Encontrado	https://alphafold.ebi.ac.uk/entry/Q96P20
NLRP3	missense_variant		201868242						Q96P20	NACHT, LRR and PYD domains-containing protein 3	Homo sapiens	Encontrado	https://alphafold.ebi.ac.uk/entry/Q96P20
NLRP3	missense_variant	uncertain significance	201875324						Q96P20	NACHT, LRR and PYD domains-containing protein 3	Homo sapiens	Encontrado	https://alphafold.ebi.ac.uk/entry/Q96P20
NLRP3	missense_variant	uncertain significance	201877163						Q96P20	NACHT, LRR and PYD domains-containing protein 3	Homo sapiens	Encontrado	https://alphafold.ebi.ac.uk/entry/Q96P20
NLRP3	missense_variant		201884183						Q96P20	NACHT, LRR and PYD domains-containing protein 3	Homo sapiens	Encontrado	https://alphafold.ebi.ac.uk/entry/Q96P20
NLRP3	missense_variant	likely benign	201887896						Q96P20	NACHT, LRR and PYD domains-containing protein 3	Homo sapiens	Encontrado	https://alphafold.ebi.ac.uk/entry/Q96P20
NLRP3	missense_variant	uncertain significance	201979836						Q96P20	NACHT, LRR and PYD domains-containing protein 3	Homo sapiens	Encontrado	https://alphafold.ebi.ac.uk/entry/Q96P20
NLRP3	missense_variant	uncertain significance	202050558						Q96P20	NACHT, LRR and PYD domains-containing protein 3	Homo sapiens	Encontrado	https://alphafold.ebi.ac.uk/entry/Q96P20
NLRP3	missense_variant		202057780						Q96P20	NACHT, LRR and PYD domains-containing protein 3	Homo sapiens	Encontrado	https://alphafold.ebi.ac.uk/entry/Q96P20
NLRP3	missense_variant	uncertain significance	202077909						Q96P20	NACHT, LRR and PYD domains-containing protein 3	Homo sapiens	Encontrado	https://alphafold.ebi.ac.uk/entry/Q96P20
NLRP3	missense_variant	uncertain significance, benign, likely benign	202094185						Q96P20	NACHT, LRR and PYD domains-containing protein 3	Homo sapiens	Encontrado	https://alphafold.ebi.ac.uk/entry/Q96P20
NLRP3	missense_variant	uncertain significance	202121800						Q96P20	NACHT, LRR and PYD domains-containing protein 3	Homo sapiens	Encontrado	https://alphafold.ebi.ac.uk/entry/Q96P20
NLRP3	missense_variant	likely benign	202149902						Q96P20	NACHT, LRR and PYD domains-containing protein 3	Homo sapiens	Encontrado	https://alphafold.ebi.ac.uk/entry/Q96P20
NLRP3	missense_variant	uncertain significance, likely benign	202204283						Q96P20	NACHT, LRR and PYD domains-containing protein 3	Homo sapiens	Encontrado	https://alphafold.ebi.ac.uk/entry/Q96P20
NLRP3	missense_variant	pathogenic	2103083622						Q96P20	NACHT, LRR and PYD domains-containing protein 3	Homo sapiens	Encontrado	https://alphafold.ebi.ac.uk/entry/Q96P20
NLRP3	missense_variant		2103083664						Q96P20	NACHT, LRR and PYD domains-containing protein 3	Homo sapiens	Encontrado	https://alphafold.ebi.ac.uk/entry/Q96P20
NLRP3	missense_variant	uncertain significance	2103083832						Q96P20	NACHT, LRR and PYD domains-containing protein 3	Homo sapiens	Encontrado	https://alphafold.ebi.ac.uk/entry/Q96P20
NLRP3	missense_variant	uncertain significance	2103083866						Q96P20	NACHT, LRR and PYD domains-containing protein 3	Homo sapiens	Encontrado	https://alphafold.ebi.ac.uk/entry/Q96P20
NLRP3	missense_variant	uncertain significance	2103084344						Q96P20	NACHT, LRR and PYD domains-containing protein 3	Homo sapiens	Encontrado	https://alphafold.ebi.ac.uk/entry/Q96P20
NLRP3	missense_variant		2103084521						Q96P20	NACHT, LRR and PYD domains-containing protein 3	Homo sapiens	Encontrado	https://alphafold.ebi.ac.uk/entry/Q96P20
NLRP3	missense_variant		2103084626						Q96P20	NACHT, LRR and PYD domains-containing protein 3	Homo sapiens	Encontrado	https://alphafold.ebi.ac.uk/entry/Q96P20
NLRP3	missense_variant	uncertain significance, likely benign	2103084742						Q96P20	NACHT, LRR and PYD domains-containing protein 3	Homo sapiens	Encontrado	https://alphafold.ebi.ac.uk/entry/Q96P20
NLRP3	missense_variant	uncertain significance	2103105213						Q96P20	NACHT, LRR and PYD domains-containing protein 3	Homo sapiens	Encontrado	https://alphafold.ebi.ac.uk/entry/Q96P20
NLRP3	missense_variant	uncertain significance	2103105985						Q96P20	NACHT, LRR and PYD domains-containing protein 3	Homo sapiens	Encontrado	https://alphafold.ebi.ac.uk/entry/Q96P20
NLRP3	missense_variant		2103105993						Q96P20	NACHT, LRR and PYD domains-containing protein 3	Homo sapiens	Encontrado	https://alphafold.ebi.ac.uk/entry/Q96P20
NLRP3	missense_variant	uncertain significance	2103106207						Q96P20	NACHT, LRR and PYD domains-containing protein 3	Homo sapiens	Encontrado	https://alphafold.ebi.ac.uk/entry/Q96P20
NLRP3	missense_variant	uncertain significance	2103106447						Q96P20	NACHT, LRR and PYD domains-containing protein 3	Homo sapiens	Encontrado	https://alphafold.ebi.ac.uk/entry/Q96P20
NLRP3	missense_variant		2103106750						Q96P20	NACHT, LRR and PYD domains-containing protein 3	Homo sapiens	Encontrado	https://alphafold.ebi.ac.uk/entry/Q96P20
NLRP3	missense_variant		2103106801						Q96P20	NACHT, LRR and PYD domains-containing protein 3	Homo sapiens	Encontrado	https://alphafold.ebi.ac.uk/entry/Q96P20
NLRP3	missense_variant		2103106834						Q96P20	NACHT, LRR and PYD domains-containing protein 3	Homo sapiens	Encontrado	https://alphafold.ebi.ac.uk/entry/Q96P20
NLRP3	missense_variant		2103106887						Q96P20	NACHT, LRR and PYD domains-containing protein 3	Homo sapiens	Encontrado	https://alphafold.ebi.ac.uk/entry/Q96P20
NLRP3	missense_variant	uncertain significance	2103107022						Q96P20	NACHT, LRR and PYD domains-containing protein 3	Homo sapiens	Encontrado	https://alphafold.ebi.ac.uk/entry/Q96P20
NLRP3	missense_variant	uncertain significance	2103107030						Q96P20	NACHT, LRR and PYD domains-containing protein 3	Homo sapiens	Encontrado	https://alphafold.ebi.ac.uk/entry/Q96P20
NLRP3	missense_variant	likely pathogenic, pathogenic	2103107063						Q96P20	NACHT, LRR and PYD domains-containing protein 3	Homo sapiens	Encontrado	https://alphafold.ebi.ac.uk/entry/Q96P20
NLRP3	missense_variant		2103107576						Q96P20	NACHT, LRR and PYD domains-containing protein 3	Homo sapiens	Encontrado	https://alphafold.ebi.ac.uk/entry/Q96P20
NLRP3	missense_variant		2103109171						Q96P20	NACHT, LRR and PYD domains-containing protein 3	Homo sapiens	Encontrado	https://alphafold.ebi.ac.uk/entry/Q96P20
NLRP3	missense_variant	uncertain significance	2103110741						Q96P20	NACHT, LRR and PYD domains-containing protein 3	Homo sapiens	Encontrado	https://alphafold.ebi.ac.uk/entry/Q96P20
NLRP3	missense_variant	uncertain significance	2103110971						Q96P20	NACHT, LRR and PYD domains-containing protein 3	Homo sapiens	Encontrado	https://alphafold.ebi.ac.uk/entry/Q96P20
NLRP3	missense_variant	uncertain significance	2103111336						Q96P20	NACHT, LRR and PYD domains-containing protein 3	Homo sapiens	Encontrado	https://alphafold.ebi.ac.uk/entry/Q96P20
NLRP3	missense_variant	likely pathogenic	2103111391						Q96P20	NACHT, LRR and PYD domains-containing protein 3	Homo sapiens	Encontrado	https://alphafold.ebi.ac.uk/entry/Q96P20
NLRP3	missense_variant		2103111602						Q96P20	NACHT, LRR and PYD domains-containing protein 3	Homo sapiens	Encontrado	https://alphafold.ebi.ac.uk/entry/Q96P20
NLRP3	missense_variant	likely pathogenic	2103112183						Q96P20	NACHT, LRR and PYD domains-containing protein 3	Homo sapiens	Encontrado	https://alphafold.ebi.ac.uk/entry/Q96P20
NLRP3	missense_variant	likely pathogenic	2103112233						Q96P20	NACHT, LRR and PYD domains-containing protein 3	Homo sapiens	Encontrado	https://alphafold.ebi.ac.uk/entry/Q96P20
NLRP3	missense_variant		2103112327						Q96P20	NACHT, LRR and PYD domains-containing protein 3	Homo sapiens	Encontrado	https://alphafold.ebi.ac.uk/entry/Q96P20
NLRP3	missense_variant		2103112507						Q96P20	NACHT, LRR and PYD domains-containing protein 3	Homo sapiens	Encontrado	https://alphafold.ebi.ac.uk/entry/Q96P20
NLRP3	missense_variant	uncertain significance	2103112632						Q96P20	NACHT, LRR and PYD domains-containing protein 3	Homo sapiens	Encontrado	https://alphafold.ebi.ac.uk/entry/Q96P20
NLRP3	missense_variant	uncertain significance	2103113246						Q96P20	NACHT, LRR and PYD domains-containing protein 3	Homo sapiens	Encontrado	https://alphafold.ebi.ac.uk/entry/Q96P20
NLRP3	missense_variant	uncertain significance	2103113370						Q96P20	NACHT, LRR and PYD domains-containing protein 3	Homo sapiens	Encontrado	https://alphafold.ebi.ac.uk/entry/Q96P20
NLRP3	missense_variant	uncertain significance	2103113474						Q96P20	NACHT, LRR and PYD domains-containing protein 3	Homo sapiens	Encontrado	https://alphafold.ebi.ac.uk/entry/Q96P20
NLRP3	missense_variant	uncertain significance	2103113519						Q96P20	NACHT, LRR and PYD domains-containing protein 3	Homo sapiens	Encontrado	https://alphafold.ebi.ac.uk/entry/Q96P20
NLRP3	missense_variant	uncertain significance	2103113605						Q96P20	NACHT, LRR and PYD domains-containing protein 3	Homo sapiens	Encontrado	https://alphafold.ebi.ac.uk/entry/Q96P20
NLRP3	missense_variant		2103113636						Q96P20	NACHT, LRR and PYD domains-containing protein 3	Homo sapiens	Encontrado	https://alphafold.ebi.ac.uk/entry/Q96P20
NLRP3	missense_variant	uncertain significance	2103113675						Q96P20	NACHT, LRR and PYD domains-containing protein 3	Homo sapiens	Encontrado	https://alphafold.ebi.ac.uk/entry/Q96P20
NLRP3	missense_variant	uncertain significance	2103113800						Q96P20	NACHT, LRR and PYD domains-containing protein 3	Homo sapiens	Encontrado	https://alphafold.ebi.ac.uk/entry/Q96P20
NLRP3	missense_variant		2103113907						Q96P20	NACHT, LRR and PYD domains-containing protein 3	Homo sapiens	Encontrado	https://alphafold.ebi.ac.uk/entry/Q96P20
NLRP3	missense_variant	uncertain significance	2103114172						Q96P20	NACHT, LRR and PYD domains-containing protein 3	Homo sapiens	Encontrado	https://alphafold.ebi.ac.uk/entry/Q96P20
NLRP3	missense_variant	uncertain significance	2103132240						Q96P20	NACHT, LRR and PYD domains-containing protein 3	Homo sapiens	Encontrado	https://alphafold.ebi.ac.uk/entry/Q96P20
NLRP3	missense_variant		2103132372						Q96P20	NACHT, LRR and PYD domains-containing protein 3	Homo sapiens	Encontrado	https://alphafold.ebi.ac.uk/entry/Q96P20
NLRP3	missense_variant	uncertain significance	2103132559						Q96P20	NACHT, LRR and PYD domains-containing protein 3	Homo sapiens	Encontrado	https://alphafold.ebi.ac.uk/entry/Q96P20
NLRP3	missense_variant		2103132654						Q96P20	NACHT, LRR and PYD domains-containing protein 3	Homo sapiens	Encontrado	https://alphafold.ebi.ac.uk/entry/Q96P20
NLRP3	missense_variant	uncertain significance	2103162719						Q96P20	NACHT, LRR and PYD domains-containing protein 3	Homo sapiens	Encontrado	https://alphafold.ebi.ac.uk/entry/Q96P20
NLRP3	missense_variant	uncertain significance	2103162880						Q96P20	NACHT, LRR and PYD domains-containing protein 3	Homo sapiens	Encontrado	https://alphafold.ebi.ac.uk/entry/Q96P20
NLRP3	missense_variant	uncertain significance	2103173487						Q96P20	NACHT, LRR and PYD domains-containing protein 3	Homo sapiens	Encontrado	https://alphafold.ebi.ac.uk/entry/Q96P20
NLRP3	missense_variant	uncertain significance	2103173520						Q96P20	NACHT, LRR and PYD domains-containing protein 3	Homo sapiens	Encontrado	https://alphafold.ebi.ac.uk/entry/Q96P20
NLRP3	missense_variant	uncertain significance	2103173891						Q96P20	NACHT, LRR and PYD domains-containing protein 3	Homo sapiens	Encontrado	https://alphafold.ebi.ac.uk/entry/Q96P20
NLRP3	missense_variant	likely pathogenic, pathogenic	2103174031						Q96P20	NACHT, LRR and PYD domains-containing protein 3	Homo sapiens	Encontrado	https://alphafold.ebi.ac.uk/entry/Q96P20
NLRP3	missense_variant	uncertain significance	2103174115						Q96P20	NACHT, LRR and PYD domains-containing protein 3	Homo sapiens	Encontrado	https://alphafold.ebi.ac.uk/entry/Q96P20
NLRP3	missense_variant		2103174301						Q96P20	NACHT, LRR and PYD domains-containing protein 3	Homo sapiens	Encontrado	https://alphafold.ebi.ac.uk/entry/Q96P20
NLRP3	missense_variant		2103232992						Q96P20	NACHT, LRR and PYD domains-containing protein 3	Homo sapiens	Encontrado	https://alphafold.ebi.ac.uk/entry/Q96P20
NLRP3	missense_variant	uncertain significance	2103233077						Q96P20	NACHT, LRR and PYD domains-containing protein 3	Homo sapiens	Encontrado	https://alphafold.ebi.ac.uk/entry/Q96P20
NLRP3	missense_variant	uncertain significance	2103233129						Q96P20	NACHT, LRR and PYD domains-containing protein 3	Homo sapiens	Encontrado	https://alphafold.ebi.ac.uk/entry/Q96P20
NLRP3	missense_variant	uncertain significance	2103233246						Q96P20	NACHT, LRR and PYD domains-containing protein 3	Homo sapiens	Encontrado	https://alphafold.ebi.ac.uk/entry/Q96P20
NLRP3	missense_variant		2103237957						Q96P20	NACHT, LRR and PYD domains-containing protein 3	Homo sapiens	Encontrado	https://alphafold.ebi.ac.uk/entry/Q96P20
NLRP3	missense_variant		2103237990						Q96P20	NACHT, LRR and PYD domains-containing protein 3	Homo sapiens	Encontrado	https://alphafold.ebi.ac.uk/entry/Q96P20
NLRP3	missense_variant		2103238288						Q96P20	NACHT, LRR and PYD domains-containing protein 3	Homo sapiens	Encontrado	https://alphafold.ebi.ac.uk/entry/Q96P20
NLRP3	missense_variant	uncertain significance	2103261687						Q96P20	NACHT, LRR and PYD domains-containing protein 3	Homo sapiens	Encontrado	https://alphafold.ebi.ac.uk/entry/Q96P20
NLRP3	missense_variant	uncertain significance	2103261854						Q96P20	NACHT, LRR and PYD domains-containing protein 3	Homo sapiens	Encontrado	https://alphafold.ebi.ac.uk/entry/Q96P20
NLRP3	missense_variant	uncertain significance	2527203340						Q96P20	NACHT, LRR and PYD domains-containing protein 3	Homo sapiens	Encontrado	https://alphafold.ebi.ac.uk/entry/Q96P20
NLRP3	missense_variant	uncertain significance	2527204136						Q96P20	NACHT, LRR and PYD domains-containing protein 3	Homo sapiens	Encontrado	https://alphafold.ebi.ac.uk/entry/Q96P20
NLRP3	missense_variant	uncertain significance	2527204575						Q96P20	NACHT, LRR and PYD domains-containing protein 3	Homo sapiens	Encontrado	https://alphafold.ebi.ac.uk/entry/Q96P20
NLRP3	missense_variant	uncertain significance	2527204827						Q96P20	NACHT, LRR and PYD domains-containing protein 3	Homo sapiens	Encontrado	https://alphafold.ebi.ac.uk/entry/Q96P20
NLRP3	missense_variant	uncertain significance	2527205621						Q96P20	NACHT, LRR and PYD domains-containing protein 3	Homo sapiens	Encontrado	https://alphafold.ebi.ac.uk/entry/Q96P20
NLRP3	missense_variant	uncertain significance	2527206062						Q96P20	NACHT, LRR and PYD domains-containing protein 3	Homo sapiens	Encontrado	https://alphafold.ebi.ac.uk/entry/Q96P20
NLRP3	missense_variant	uncertain significance	2527245675						Q96P20	NACHT, LRR and PYD domains-containing protein 3	Homo sapiens	Encontrado	https://alphafold.ebi.ac.uk/entry/Q96P20
NLRP3	missense_variant	uncertain significance	2527245864						Q96P20	NACHT, LRR and PYD domains-containing protein 3	Homo sapiens	Encontrado	https://alphafold.ebi.ac.uk/entry/Q96P20
NLRP3	missense_variant	uncertain significance	2527246078						Q96P20	NACHT, LRR and PYD domains-containing protein 3	Homo sapiens	Encontrado	https://alphafold.ebi.ac.uk/entry/Q96P20
NLRP3	missense_variant	uncertain significance	2527254896						Q96P20	NACHT, LRR and PYD domains-containing protein 3	Homo sapiens	Encontrado	https://alphafold.ebi.ac.uk/entry/Q96P20
NLRP3	missense_variant	uncertain significance	2527259433						Q96P20	NACHT, LRR and PYD domains-containing protein 3	Homo sapiens	Encontrado	https://alphafold.ebi.ac.uk/entry/Q96P20
NLRP3	missense_variant	uncertain significance	2527260161						Q96P20	NACHT, LRR and PYD domains-containing protein 3	Homo sapiens	Encontrado	https://alphafold.ebi.ac.uk/entry/Q96P20
NLRP3	missense_variant	uncertain significance	2527260726						Q96P20	NACHT, LRR and PYD domains-containing protein 3	Homo sapiens	Encontrado	https://alphafold.ebi.ac.uk/entry/Q96P20
NLRP3	missense_variant	uncertain significance	2527261977						Q96P20	NACHT, LRR and PYD domains-containing protein 3	Homo sapiens	Encontrado	https://alphafold.ebi.ac.uk/entry/Q96P20
NLRP3	missense_variant	uncertain significance	2527263092						Q96P20	NACHT, LRR and PYD domains-containing protein 3	Homo sapiens	Encontrado	https://alphafold.ebi.ac.uk/entry/Q96P20
NLRP3	missense_variant	uncertain significance	2527264511						Q96P20	NACHT, LRR and PYD domains-containing protein 3	Homo sapiens	Encontrado	https://alphafold.ebi.ac.uk/entry/Q96P20
NLRP3	missense_variant	uncertain significance	2527266859						Q96P20	NACHT, LRR and PYD domains-containing protein 3	Homo sapiens	Encontrado	https://alphafold.ebi.ac.uk/entry/Q96P20
NLRP3	missense_variant	uncertain significance	2527267426						Q96P20	NACHT, LRR and PYD domains-containing protein 3	Homo sapiens	Encontrado	https://alphafold.ebi.ac.uk/entry/Q96P20
NLRP3	missense_variant	uncertain significance	2527268007						Q96P20	NACHT, LRR and PYD domains-containing protein 3	Homo sapiens	Encontrado	https://alphafold.ebi.ac.uk/entry/Q96P20
NLRP3	missense_variant	likely pathogenic	2527268786						Q96P20	NACHT, LRR and PYD domains-containing protein 3	Homo sapiens	Encontrado	https://alphafold.ebi.ac.uk/entry/Q96P20
NLRP3	missense_variant	uncertain significance	2527270324						Q96P20	NACHT, LRR and PYD domains-containing protein 3	Homo sapiens	Encontrado	https://alphafold.ebi.ac.uk/entry/Q96P20
NLRP3	missense_variant	uncertain significance	2527270557						Q96P20	NACHT, LRR and PYD domains-containing protein 3	Homo sapiens	Encontrado	https://alphafold.ebi.ac.uk/entry/Q96P20
NLRP3	missense_variant	uncertain significance	2527270577						Q96P20	NACHT, LRR and PYD domains-containing protein 3	Homo sapiens	Encontrado	https://alphafold.ebi.ac.uk/entry/Q96P20
NLRP3	missense_variant	uncertain significance	2527270643						Q96P20	NACHT, LRR and PYD domains-containing protein 3	Homo sapiens	Encontrado	https://alphafold.ebi.ac.uk/entry/Q96P20
NLRP3	missense_variant	uncertain significance	2527270919						Q96P20	NACHT, LRR and PYD domains-containing protein 3	Homo sapiens	Encontrado	https://alphafold.ebi.ac.uk/entry/Q96P20
NLRP3	missense_variant	uncertain significance	2527271004						Q96P20	NACHT, LRR and PYD domains-containing protein 3	Homo sapiens	Encontrado	https://alphafold.ebi.ac.uk/entry/Q96P20
NLRP3	missense_variant	uncertain significance	2527271482						Q96P20	NACHT, LRR and PYD domains-containing protein 3	Homo sapiens	Encontrado	https://alphafold.ebi.ac.uk/entry/Q96P20
NLRP3	missense_variant	uncertain significance	2527272772						Q96P20	NACHT, LRR and PYD domains-containing protein 3	Homo sapiens	Encontrado	https://alphafold.ebi.ac.uk/entry/Q96P20
NLRP3	missense_variant	likely pathogenic	2527274077						Q96P20	NACHT, LRR and PYD domains-containing protein 3	Homo sapiens	Encontrado	https://alphafold.ebi.ac.uk/entry/Q96P20
NLRP3	missense_variant	uncertain significance	2527274729						Q96P20	NACHT, LRR and PYD domains-containing protein 3	Homo sapiens	Encontrado	https://alphafold.ebi.ac.uk/entry/Q96P20
NLRP3	missense_variant	uncertain significance	2527274924						Q96P20	NACHT, LRR and PYD domains-containing protein 3	Homo sapiens	Encontrado	https://alphafold.ebi.ac.uk/entry/Q96P20
NLRP3	missense_variant	uncertain significance	2527276033						Q96P20	NACHT, LRR and PYD domains-containing protein 3	Homo sapiens	Encontrado	https://alphafold.ebi.ac.uk/entry/Q96P20
NLRP3	missense_variant	uncertain significance	2527276455						Q96P20	NACHT, LRR and PYD domains-containing protein 3	Homo sapiens	Encontrado	https://alphafold.ebi.ac.uk/entry/Q96P20
NLRP3	missense_variant	uncertain significance	2527276621						Q96P20	NACHT, LRR and PYD domains-containing protein 3	Homo sapiens	Encontrado	https://alphafold.ebi.ac.uk/entry/Q96P20
NLRP3	missense_variant	uncertain significance	2527277363						Q96P20	NACHT, LRR and PYD domains-containing protein 3	Homo sapiens	Encontrado	https://alphafold.ebi.ac.uk/entry/Q96P20
NLRP3	missense_variant	uncertain significance	2527278502						Q96P20	NACHT, LRR and PYD domains-containing protein 3	Homo sapiens	Encontrado	https://alphafold.ebi.ac.uk/entry/Q96P20
NLRP3	missense_variant	uncertain significance	2527279282						Q96P20	NACHT, LRR and PYD domains-containing protein 3	Homo sapiens	Encontrado	https://alphafold.ebi.ac.uk/entry/Q96P20
NLRP3	missense_variant	uncertain significance	2527318962						Q96P20	NACHT, LRR and PYD domains-containing protein 3	Homo sapiens	Encontrado	https://alphafold.ebi.ac.uk/entry/Q96P20
NLRP3	missense_variant	uncertain significance	2527318977						Q96P20	NACHT, LRR and PYD domains-containing protein 3	Homo sapiens	Encontrado	https://alphafold.ebi.ac.uk/entry/Q96P20
NLRP3	missense_variant	uncertain significance	2527319629						Q96P20	NACHT, LRR and PYD domains-containing protein 3	Homo sapiens	Encontrado	https://alphafold.ebi.ac.uk/entry/Q96P20
NLRP3	missense_variant	uncertain significance	2527320060						Q96P20	NACHT, LRR and PYD domains-containing protein 3	Homo sapiens	Encontrado	https://alphafold.ebi.ac.uk/entry/Q96P20
NLRP3	missense_variant	uncertain significance	2527320090						Q96P20	NACHT, LRR and PYD domains-containing protein 3	Homo sapiens	Encontrado	https://alphafold.ebi.ac.uk/entry/Q96P20
NLRP3	missense_variant	uncertain significance	2527320360						Q96P20	NACHT, LRR and PYD domains-containing protein 3	Homo sapiens	Encontrado	https://alphafold.ebi.ac.uk/entry/Q96P20
NLRP3	missense_variant	uncertain significance	2527366501						Q96P20	NACHT, LRR and PYD domains-containing protein 3	Homo sapiens	Encontrado	https://alphafold.ebi.ac.uk/entry/Q96P20
NLRP3	missense_variant	uncertain significance	2527367610						Q96P20	NACHT, LRR and PYD domains-containing protein 3	Homo sapiens	Encontrado	https://alphafold.ebi.ac.uk/entry/Q96P20
NLRP3	missense_variant	uncertain significance	2527368341						Q96P20	NACHT, LRR and PYD domains-containing protein 3	Homo sapiens	Encontrado	https://alphafold.ebi.ac.uk/entry/Q96P20
NLRP3	missense_variant	uncertain significance	2527368522						Q96P20	NACHT, LRR and PYD domains-containing protein 3	Homo sapiens	Encontrado	https://alphafold.ebi.ac.uk/entry/Q96P20
NLRP3	missense_variant	uncertain significance	2527385550						Q96P20	NACHT, LRR and PYD domains-containing protein 3	Homo sapiens	Encontrado	https://alphafold.ebi.ac.uk/entry/Q96P20
NLRP3	missense_variant	uncertain significance	2527467155						Q96P20	NACHT, LRR and PYD domains-containing protein 3	Homo sapiens	Encontrado	https://alphafold.ebi.ac.uk/entry/Q96P20
NLRP3	missense_variant	uncertain significance	2527467306						Q96P20	NACHT, LRR and PYD domains-containing protein 3	Homo sapiens	Encontrado	https://alphafold.ebi.ac.uk/entry/Q96P20
NLRP3	missense_variant	uncertain significance	2527468120						Q96P20	NACHT, LRR and PYD domains-containing protein 3	Homo sapiens	Encontrado	https://alphafold.ebi.ac.uk/entry/Q96P20
NLRP3	missense_variant	uncertain significance	2527468394						Q96P20	NACHT, LRR and PYD domains-containing protein 3	Homo sapiens	Encontrado	https://alphafold.ebi.ac.uk/entry/Q96P20
NLRP3	missense_variant	uncertain significance	2527477923						Q96P20	NACHT, LRR and PYD domains-containing protein 3	Homo sapiens	Encontrado	https://alphafold.ebi.ac.uk/entry/Q96P20
NLRP3	missense_variant	uncertain significance	2527478172						Q96P20	NACHT, LRR and PYD domains-containing protein 3	Homo sapiens	Encontrado	https://alphafold.ebi.ac.uk/entry/Q96P20
NLRP3	missense_variant	uncertain significance	2527478312						Q96P20	NACHT, LRR and PYD domains-containing protein 3	Homo sapiens	Encontrado	https://alphafold.ebi.ac.uk/entry/Q96P20
NLRP3	missense_variant	uncertain significance	2527478978						Q96P20	NACHT, LRR and PYD domains-containing protein 3	Homo sapiens	Encontrado	https://alphafold.ebi.ac.uk/entry/Q96P20
NLRP3	missense_variant	uncertain significance	2527520994						Q96P20	NACHT, LRR and PYD domains-containing protein 3	Homo sapiens	Encontrado	https://alphafold.ebi.ac.uk/entry/Q96P20
NLRP3	missense_variant		267598467						Q96P20	NACHT, LRR and PYD domains-containing protein 3	Homo sapiens	Encontrado	https://alphafold.ebi.ac.uk/entry/Q96P20
NLRP3	missense_variant	pathogenic	28937896						Q96P20	NACHT, LRR and PYD domains-containing protein 3	Homo sapiens	Encontrado	https://alphafold.ebi.ac.uk/entry/Q96P20
NLRP3	missense_variant	uncertain significance, likely benign	367663649						Q96P20	NACHT, LRR and PYD domains-containing protein 3	Homo sapiens	Encontrado	https://alphafold.ebi.ac.uk/entry/Q96P20
NLRP3	missense_variant		368317484						Q96P20	NACHT, LRR and PYD domains-containing protein 3	Homo sapiens	Encontrado	https://alphafold.ebi.ac.uk/entry/Q96P20
NLRP3	missense_variant	uncertain significance	369737015						Q96P20	NACHT, LRR and PYD domains-containing protein 3	Homo sapiens	Encontrado	https://alphafold.ebi.ac.uk/entry/Q96P20
NLRP3	missense_variant	uncertain significance	369910640						Q96P20	NACHT, LRR and PYD domains-containing protein 3	Homo sapiens	Encontrado	https://alphafold.ebi.ac.uk/entry/Q96P20
NLRP3	missense_variant	uncertain significance, likely benign	372038150						Q96P20	NACHT, LRR and PYD domains-containing protein 3	Homo sapiens	Encontrado	https://alphafold.ebi.ac.uk/entry/Q96P20
NLRP3	missense_variant	uncertain significance	372087108						Q96P20	NACHT, LRR and PYD domains-containing protein 3	Homo sapiens	Encontrado	https://alphafold.ebi.ac.uk/entry/Q96P20
NLRP3	missense_variant	uncertain significance	372347924						Q96P20	NACHT, LRR and PYD domains-containing protein 3	Homo sapiens	Encontrado	https://alphafold.ebi.ac.uk/entry/Q96P20
NLRP3	missense_variant	uncertain significance, likely benign	374170024						Q96P20	NACHT, LRR and PYD domains-containing protein 3	Homo sapiens	Encontrado	https://alphafold.ebi.ac.uk/entry/Q96P20
NLRP3	missense_variant	uncertain significance	375013904						Q96P20	NACHT, LRR and PYD domains-containing protein 3	Homo sapiens	Encontrado	https://alphafold.ebi.ac.uk/entry/Q96P20
NLRP3	missense_variant		375052059						Q96P20	NACHT, LRR and PYD domains-containing protein 3	Homo sapiens	Encontrado	https://alphafold.ebi.ac.uk/entry/Q96P20
NLRP3	missense_variant	uncertain significance	375452813						Q96P20	NACHT, LRR and PYD domains-containing protein 3	Homo sapiens	Encontrado	https://alphafold.ebi.ac.uk/entry/Q96P20
NLRP3	missense_variant	likely benign	376057645						Q96P20	NACHT, LRR and PYD domains-containing protein 3	Homo sapiens	Encontrado	https://alphafold.ebi.ac.uk/entry/Q96P20
NLRP3	missense_variant	likely benign	376196301						Q96P20	NACHT, LRR and PYD domains-containing protein 3	Homo sapiens	Encontrado	https://alphafold.ebi.ac.uk/entry/Q96P20
NLRP3	missense_variant		376556259						Q96P20	NACHT, LRR and PYD domains-containing protein 3	Homo sapiens	Encontrado	https://alphafold.ebi.ac.uk/entry/Q96P20
NLRP3	missense_variant		533920557						Q96P20	NACHT, LRR and PYD domains-containing protein 3	Homo sapiens	Encontrado	https://alphafold.ebi.ac.uk/entry/Q96P20
NLRP3	missense_variant	uncertain significance	536840312						Q96P20	NACHT, LRR and PYD domains-containing protein 3	Homo sapiens	Encontrado	https://alphafold.ebi.ac.uk/entry/Q96P20
NLRP3	missense_variant	uncertain significance, likely benign	537715421						Q96P20	NACHT, LRR and PYD domains-containing protein 3	Homo sapiens	Encontrado	https://alphafold.ebi.ac.uk/entry/Q96P20
NLRP3	missense_variant		538730179						Q96P20	NACHT, LRR and PYD domains-containing protein 3	Homo sapiens	Encontrado	https://alphafold.ebi.ac.uk/entry/Q96P20
NLRP3	missense_variant		539690147						Q96P20	NACHT, LRR and PYD domains-containing protein 3	Homo sapiens	Encontrado	https://alphafold.ebi.ac.uk/entry/Q96P20
NLRP3	missense_variant	uncertain significance	543916695						Q96P20	NACHT, LRR and PYD domains-containing protein 3	Homo sapiens	Encontrado	https://alphafold.ebi.ac.uk/entry/Q96P20
NLRP3	missense_variant	uncertain significance	547884678						Q96P20	NACHT, LRR and PYD domains-containing protein 3	Homo sapiens	Encontrado	https://alphafold.ebi.ac.uk/entry/Q96P20
NLRP3	missense_variant		551324997						Q96P20	NACHT, LRR and PYD domains-containing protein 3	Homo sapiens	Encontrado	https://alphafold.ebi.ac.uk/entry/Q96P20
NLRP3	missense_variant	uncertain significance	555684384						Q96P20	NACHT, LRR and PYD domains-containing protein 3	Homo sapiens	Encontrado	https://alphafold.ebi.ac.uk/entry/Q96P20
NLRP3	missense_variant		557873483						Q96P20	NACHT, LRR and PYD domains-containing protein 3	Homo sapiens	Encontrado	https://alphafold.ebi.ac.uk/entry/Q96P20
NLRP3	missense_variant		566089804						Q96P20	NACHT, LRR and PYD domains-containing protein 3	Homo sapiens	Encontrado	https://alphafold.ebi.ac.uk/entry/Q96P20
NLRP3	missense_variant		566235804						Q96P20	NACHT, LRR and PYD domains-containing protein 3	Homo sapiens	Encontrado	https://alphafold.ebi.ac.uk/entry/Q96P20
NLRP3	missense_variant		566697805						Q96P20	NACHT, LRR and PYD domains-containing protein 3	Homo sapiens	Encontrado	https://alphafold.ebi.ac.uk/entry/Q96P20
NLRP3	missense_variant		567212179						Q96P20	NACHT, LRR and PYD domains-containing protein 3	Homo sapiens	Encontrado	https://alphafold.ebi.ac.uk/entry/Q96P20
NLRP3	missense_variant		567402683						Q96P20	NACHT, LRR and PYD domains-containing protein 3	Homo sapiens	Encontrado	https://alphafold.ebi.ac.uk/entry/Q96P20
NLRP3	missense_variant	uncertain significance, likely benign	577683668						Q96P20	NACHT, LRR and PYD domains-containing protein 3	Homo sapiens	Encontrado	https://alphafold.ebi.ac.uk/entry/Q96P20
NLRP3	missense_variant		6677787						Q96P20	NACHT, LRR and PYD domains-containing protein 3	Homo sapiens	Encontrado	https://alphafold.ebi.ac.uk/entry/Q96P20
NLRP3	missense_variant	not provided	672601258						Q96P20	NACHT, LRR and PYD domains-containing protein 3	Homo sapiens	Encontrado	https://alphafold.ebi.ac.uk/entry/Q96P20
NLRP3	missense_variant		71642413						Q96P20	NACHT, LRR and PYD domains-containing protein 3	Homo sapiens	Encontrado	https://alphafold.ebi.ac.uk/entry/Q96P20
NLRP3	missense_variant	uncertain significance	745331659						Q96P20	NACHT, LRR and PYD domains-containing protein 3	Homo sapiens	Encontrado	https://alphafold.ebi.ac.uk/entry/Q96P20
NLRP3	missense_variant	uncertain significance	745564372						Q96P20	NACHT, LRR and PYD domains-containing protein 3	Homo sapiens	Encontrado	https://alphafold.ebi.ac.uk/entry/Q96P20
NLRP3	missense_variant		745630984						Q96P20	NACHT, LRR and PYD domains-containing protein 3	Homo sapiens	Encontrado	https://alphafold.ebi.ac.uk/entry/Q96P20
NLRP3	missense_variant		745857406						Q96P20	NACHT, LRR and PYD domains-containing protein 3	Homo sapiens	Encontrado	https://alphafold.ebi.ac.uk/entry/Q96P20
NLRP3	missense_variant	uncertain significance	745872797						Q96P20	NACHT, LRR and PYD domains-containing protein 3	Homo sapiens	Encontrado	https://alphafold.ebi.ac.uk/entry/Q96P20
NLRP3	missense_variant	uncertain significance	746371478						Q96P20	NACHT, LRR and PYD domains-containing protein 3	Homo sapiens	Encontrado	https://alphafold.ebi.ac.uk/entry/Q96P20
NLRP3	missense_variant		746470996						Q96P20	NACHT, LRR and PYD domains-containing protein 3	Homo sapiens	Encontrado	https://alphafold.ebi.ac.uk/entry/Q96P20
NLRP3	missense_variant		746655522						Q96P20	NACHT, LRR and PYD domains-containing protein 3	Homo sapiens	Encontrado	https://alphafold.ebi.ac.uk/entry/Q96P20
NLRP3	missense_variant	uncertain significance	746678679						Q96P20	NACHT, LRR and PYD domains-containing protein 3	Homo sapiens	Encontrado	https://alphafold.ebi.ac.uk/entry/Q96P20
NLRP3	missense_variant	uncertain significance	747102656						Q96P20	NACHT, LRR and PYD domains-containing protein 3	Homo sapiens	Encontrado	https://alphafold.ebi.ac.uk/entry/Q96P20
NLRP3	missense_variant		747307248						Q96P20	NACHT, LRR and PYD domains-containing protein 3	Homo sapiens	Encontrado	https://alphafold.ebi.ac.uk/entry/Q96P20
NLRP3	missense_variant		747373378						Q96P20	NACHT, LRR and PYD domains-containing protein 3	Homo sapiens	Encontrado	https://alphafold.ebi.ac.uk/entry/Q96P20
NLRP3	missense_variant	uncertain significance	747885829						Q96P20	NACHT, LRR and PYD domains-containing protein 3	Homo sapiens	Encontrado	https://alphafold.ebi.ac.uk/entry/Q96P20
NLRP3	missense_variant	uncertain significance	749607337						Q96P20	NACHT, LRR and PYD domains-containing protein 3	Homo sapiens	Encontrado	https://alphafold.ebi.ac.uk/entry/Q96P20
NLRP3	missense_variant	uncertain significance, likely benign	749903532						Q96P20	NACHT, LRR and PYD domains-containing protein 3	Homo sapiens	Encontrado	https://alphafold.ebi.ac.uk/entry/Q96P20
NLRP3	missense_variant	uncertain significance	751005568						Q96P20	NACHT, LRR and PYD domains-containing protein 3	Homo sapiens	Encontrado	https://alphafold.ebi.ac.uk/entry/Q96P20
NLRP3	missense_variant		751608928						Q96P20	NACHT, LRR and PYD domains-containing protein 3	Homo sapiens	Encontrado	https://alphafold.ebi.ac.uk/entry/Q96P20
NLRP3	missense_variant		751660320						Q96P20	NACHT, LRR and PYD domains-containing protein 3	Homo sapiens	Encontrado	https://alphafold.ebi.ac.uk/entry/Q96P20
NLRP3	missense_variant	likely benign	752183686						Q96P20	NACHT, LRR and PYD domains-containing protein 3	Homo sapiens	Encontrado	https://alphafold.ebi.ac.uk/entry/Q96P20
NLRP3	missense_variant		752389053						Q96P20	NACHT, LRR and PYD domains-containing protein 3	Homo sapiens	Encontrado	https://alphafold.ebi.ac.uk/entry/Q96P20
NLRP3	missense_variant		752724549						Q96P20	NACHT, LRR and PYD domains-containing protein 3	Homo sapiens	Encontrado	https://alphafold.ebi.ac.uk/entry/Q96P20
NLRP3	missense_variant		752829187						Q96P20	NACHT, LRR and PYD domains-containing protein 3	Homo sapiens	Encontrado	https://alphafold.ebi.ac.uk/entry/Q96P20
NLRP3	missense_variant	uncertain significance	752918797						Q96P20	NACHT, LRR and PYD domains-containing protein 3	Homo sapiens	Encontrado	https://alphafold.ebi.ac.uk/entry/Q96P20
NLRP3	missense_variant	uncertain significance	753954770						Q96P20	NACHT, LRR and PYD domains-containing protein 3	Homo sapiens	Encontrado	https://alphafold.ebi.ac.uk/entry/Q96P20
NLRP3	missense_variant	uncertain significance	754941278						Q96P20	NACHT, LRR and PYD domains-containing protein 3	Homo sapiens	Encontrado	https://alphafold.ebi.ac.uk/entry/Q96P20
NLRP3	missense_variant	uncertain significance	755009444						Q96P20	NACHT, LRR and PYD domains-containing protein 3	Homo sapiens	Encontrado	https://alphafold.ebi.ac.uk/entry/Q96P20
NLRP3	missense_variant	uncertain significance	755148908						Q96P20	NACHT, LRR and PYD domains-containing protein 3	Homo sapiens	Encontrado	https://alphafold.ebi.ac.uk/entry/Q96P20
NLRP3	missense_variant		755233459						Q96P20	NACHT, LRR and PYD domains-containing protein 3	Homo sapiens	Encontrado	https://alphafold.ebi.ac.uk/entry/Q96P20
NLRP3	missense_variant	uncertain significance	755565331						Q96P20	NACHT, LRR and PYD domains-containing protein 3	Homo sapiens	Encontrado	https://alphafold.ebi.ac.uk/entry/Q96P20
NLRP3	missense_variant		755808707						Q96P20	NACHT, LRR and PYD domains-containing protein 3	Homo sapiens	Encontrado	https://alphafold.ebi.ac.uk/entry/Q96P20
NLRP3	missense_variant	uncertain significance	756111783						Q96P20	NACHT, LRR and PYD domains-containing protein 3	Homo sapiens	Encontrado	https://alphafold.ebi.ac.uk/entry/Q96P20
NLRP3	missense_variant		756156231						Q96P20	NACHT, LRR and PYD domains-containing protein 3	Homo sapiens	Encontrado	https://alphafold.ebi.ac.uk/entry/Q96P20
NLRP3	missense_variant	uncertain significance, benign, likely benign	756162800						Q96P20	NACHT, LRR and PYD domains-containing protein 3	Homo sapiens	Encontrado	https://alphafold.ebi.ac.uk/entry/Q96P20
NLRP3	missense_variant	uncertain significance	756392002						Q96P20	NACHT, LRR and PYD domains-containing protein 3	Homo sapiens	Encontrado	https://alphafold.ebi.ac.uk/entry/Q96P20
NLRP3	missense_variant	benign, likely benign	756547568						Q96P20	NACHT, LRR and PYD domains-containing protein 3	Homo sapiens	Encontrado	https://alphafold.ebi.ac.uk/entry/Q96P20
NLRP3	missense_variant	uncertain significance	756586843						Q96P20	NACHT, LRR and PYD domains-containing protein 3	Homo sapiens	Encontrado	https://alphafold.ebi.ac.uk/entry/Q96P20
NLRP3	missense_variant		757020562						Q96P20	NACHT, LRR and PYD domains-containing protein 3	Homo sapiens	Encontrado	https://alphafold.ebi.ac.uk/entry/Q96P20
NLRP3	missense_variant		757237204						Q96P20	NACHT, LRR and PYD domains-containing protein 3	Homo sapiens	Encontrado	https://alphafold.ebi.ac.uk/entry/Q96P20
NLRP3	missense_variant		757249857						Q96P20	NACHT, LRR and PYD domains-containing protein 3	Homo sapiens	Encontrado	https://alphafold.ebi.ac.uk/entry/Q96P20
NLRP3	missense_variant	uncertain significance, likely benign	757652727						Q96P20	NACHT, LRR and PYD domains-containing protein 3	Homo sapiens	Encontrado	https://alphafold.ebi.ac.uk/entry/Q96P20
NLRP3	missense_variant	uncertain significance	757698137						Q96P20	NACHT, LRR and PYD domains-containing protein 3	Homo sapiens	Encontrado	https://alphafold.ebi.ac.uk/entry/Q96P20
NLRP3	missense_variant		757703738						Q96P20	NACHT, LRR and PYD domains-containing protein 3	Homo sapiens	Encontrado	https://alphafold.ebi.ac.uk/entry/Q96P20
NLRP3	missense_variant	uncertain significance	758016730						Q96P20	NACHT, LRR and PYD domains-containing protein 3	Homo sapiens	Encontrado	https://alphafold.ebi.ac.uk/entry/Q96P20
NLRP3	missense_variant		758856504						Q96P20	NACHT, LRR and PYD domains-containing protein 3	Homo sapiens	Encontrado	https://alphafold.ebi.ac.uk/entry/Q96P20
NLRP3	missense_variant		759250406						Q96P20	NACHT, LRR and PYD domains-containing protein 3	Homo sapiens	Encontrado	https://alphafold.ebi.ac.uk/entry/Q96P20
NLRP3	missense_variant	uncertain significance	759301296						Q96P20	NACHT, LRR and PYD domains-containing protein 3	Homo sapiens	Encontrado	https://alphafold.ebi.ac.uk/entry/Q96P20
NLRP3	missense_variant		759389274						Q96P20	NACHT, LRR and PYD domains-containing protein 3	Homo sapiens	Encontrado	https://alphafold.ebi.ac.uk/entry/Q96P20
NLRP3	missense_variant	uncertain significance	759466218						Q96P20	NACHT, LRR and PYD domains-containing protein 3	Homo sapiens	Encontrado	https://alphafold.ebi.ac.uk/entry/Q96P20
NLRP3	missense_variant		760112424						Q96P20	NACHT, LRR and PYD domains-containing protein 3	Homo sapiens	Encontrado	https://alphafold.ebi.ac.uk/entry/Q96P20
NLRP3	missense_variant		760393067						Q96P20	NACHT, LRR and PYD domains-containing protein 3	Homo sapiens	Encontrado	https://alphafold.ebi.ac.uk/entry/Q96P20
NLRP3	missense_variant		760404773						Q96P20	NACHT, LRR and PYD domains-containing protein 3	Homo sapiens	Encontrado	https://alphafold.ebi.ac.uk/entry/Q96P20
NLRP3	missense_variant	uncertain significance	760600767						Q96P20	NACHT, LRR and PYD domains-containing protein 3	Homo sapiens	Encontrado	https://alphafold.ebi.ac.uk/entry/Q96P20
NLRP3	missense_variant		760653458						Q96P20	NACHT, LRR and PYD domains-containing protein 3	Homo sapiens	Encontrado	https://alphafold.ebi.ac.uk/entry/Q96P20
NLRP3	missense_variant	uncertain significance	761055853						Q96P20	NACHT, LRR and PYD domains-containing protein 3	Homo sapiens	Encontrado	https://alphafold.ebi.ac.uk/entry/Q96P20
NLRP3	missense_variant	uncertain significance	761265236						Q96P20	NACHT, LRR and PYD domains-containing protein 3	Homo sapiens	Encontrado	https://alphafold.ebi.ac.uk/entry/Q96P20
NLRP3	missense_variant		761316425						Q96P20	NACHT, LRR and PYD domains-containing protein 3	Homo sapiens	Encontrado	https://alphafold.ebi.ac.uk/entry/Q96P20
NLRP3	missense_variant		761390796						Q96P20	NACHT, LRR and PYD domains-containing protein 3	Homo sapiens	Encontrado	https://alphafold.ebi.ac.uk/entry/Q96P20
NLRP3	missense_variant	uncertain significance	761820802						Q96P20	NACHT, LRR and PYD domains-containing protein 3	Homo sapiens	Encontrado	https://alphafold.ebi.ac.uk/entry/Q96P20
NLRP3	missense_variant	uncertain significance	761820867						Q96P20	NACHT, LRR and PYD domains-containing protein 3	Homo sapiens	Encontrado	https://alphafold.ebi.ac.uk/entry/Q96P20
NLRP3	missense_variant		762048543						Q96P20	NACHT, LRR and PYD domains-containing protein 3	Homo sapiens	Encontrado	https://alphafold.ebi.ac.uk/entry/Q96P20
NLRP3	missense_variant		762435993						Q96P20	NACHT, LRR and PYD domains-containing protein 3	Homo sapiens	Encontrado	https://alphafold.ebi.ac.uk/entry/Q96P20
NLRP3	missense_variant	uncertain significance	762512734						Q96P20	NACHT, LRR and PYD domains-containing protein 3	Homo sapiens	Encontrado	https://alphafold.ebi.ac.uk/entry/Q96P20
NLRP3	missense_variant		762694436						Q96P20	NACHT, LRR and PYD domains-containing protein 3	Homo sapiens	Encontrado	https://alphafold.ebi.ac.uk/entry/Q96P20
NLRP3	missense_variant	uncertain significance	762878488						Q96P20	NACHT, LRR and PYD domains-containing protein 3	Homo sapiens	Encontrado	https://alphafold.ebi.ac.uk/entry/Q96P20
NLRP3	missense_variant	uncertain significance, likely benign	76291085						Q96P20	NACHT, LRR and PYD domains-containing protein 3	Homo sapiens	Encontrado	https://alphafold.ebi.ac.uk/entry/Q96P20
NLRP3	missense_variant		763186819						Q96P20	NACHT, LRR and PYD domains-containing protein 3	Homo sapiens	Encontrado	https://alphafold.ebi.ac.uk/entry/Q96P20
NLRP3	missense_variant		763204649						Q96P20	NACHT, LRR and PYD domains-containing protein 3	Homo sapiens	Encontrado	https://alphafold.ebi.ac.uk/entry/Q96P20
NLRP3	missense_variant	uncertain significance, benign	763252989						Q96P20	NACHT, LRR and PYD domains-containing protein 3	Homo sapiens	Encontrado	https://alphafold.ebi.ac.uk/entry/Q96P20
NLRP3	missense_variant		763530654						Q96P20	NACHT, LRR and PYD domains-containing protein 3	Homo sapiens	Encontrado	https://alphafold.ebi.ac.uk/entry/Q96P20
NLRP3	missense_variant	uncertain significance	763551829						Q96P20	NACHT, LRR and PYD domains-containing protein 3	Homo sapiens	Encontrado	https://alphafold.ebi.ac.uk/entry/Q96P20
NLRP3	missense_variant	uncertain significance	763580783						Q96P20	NACHT, LRR and PYD domains-containing protein 3	Homo sapiens	Encontrado	https://alphafold.ebi.ac.uk/entry/Q96P20
NLRP3	missense_variant		763971331						Q96P20	NACHT, LRR and PYD domains-containing protein 3	Homo sapiens	Encontrado	https://alphafold.ebi.ac.uk/entry/Q96P20
NLRP3	missense_variant		764059988						Q96P20	NACHT, LRR and PYD domains-containing protein 3	Homo sapiens	Encontrado	https://alphafold.ebi.ac.uk/entry/Q96P20
NLRP3	missense_variant	uncertain significance	764365462						Q96P20	NACHT, LRR and PYD domains-containing protein 3	Homo sapiens	Encontrado	https://alphafold.ebi.ac.uk/entry/Q96P20
NLRP3	missense_variant		764466006						Q96P20	NACHT, LRR and PYD domains-containing protein 3	Homo sapiens	Encontrado	https://alphafold.ebi.ac.uk/entry/Q96P20
NLRP3	missense_variant	uncertain significance	764806756						Q96P20	NACHT, LRR and PYD domains-containing protein 3	Homo sapiens	Encontrado	https://alphafold.ebi.ac.uk/entry/Q96P20
NLRP3	missense_variant		764885436						Q96P20	NACHT, LRR and PYD domains-containing protein 3	Homo sapiens	Encontrado	https://alphafold.ebi.ac.uk/entry/Q96P20
NLRP3	missense_variant	uncertain significance	765608542						Q96P20	NACHT, LRR and PYD domains-containing protein 3	Homo sapiens	Encontrado	https://alphafold.ebi.ac.uk/entry/Q96P20
NLRP3	missense_variant		765687075						Q96P20	NACHT, LRR and PYD domains-containing protein 3	Homo sapiens	Encontrado	https://alphafold.ebi.ac.uk/entry/Q96P20
NLRP3	missense_variant	uncertain significance	765692633						Q96P20	NACHT, LRR and PYD domains-containing protein 3	Homo sapiens	Encontrado	https://alphafold.ebi.ac.uk/entry/Q96P20
NLRP3	missense_variant	uncertain significance, likely benign	765925466						Q96P20	NACHT, LRR and PYD domains-containing protein 3	Homo sapiens	Encontrado	https://alphafold.ebi.ac.uk/entry/Q96P20
NLRP3	missense_variant		765948925						Q96P20	NACHT, LRR and PYD domains-containing protein 3	Homo sapiens	Encontrado	https://alphafold.ebi.ac.uk/entry/Q96P20
NLRP3	missense_variant	uncertain significance	766157536						Q96P20	NACHT, LRR and PYD domains-containing protein 3	Homo sapiens	Encontrado	https://alphafold.ebi.ac.uk/entry/Q96P20
NLRP3	missense_variant	uncertain significance	766356926						Q96P20	NACHT, LRR and PYD domains-containing protein 3	Homo sapiens	Encontrado	https://alphafold.ebi.ac.uk/entry/Q96P20
NLRP3	missense_variant	uncertain significance	766848315						Q96P20	NACHT, LRR and PYD domains-containing protein 3	Homo sapiens	Encontrado	https://alphafold.ebi.ac.uk/entry/Q96P20
NLRP3	missense_variant	uncertain significance	766893777						Q96P20	NACHT, LRR and PYD domains-containing protein 3	Homo sapiens	Encontrado	https://alphafold.ebi.ac.uk/entry/Q96P20
NLRP3	missense_variant	uncertain significance, likely benign	766978634						Q96P20	NACHT, LRR and PYD domains-containing protein 3	Homo sapiens	Encontrado	https://alphafold.ebi.ac.uk/entry/Q96P20
NLRP3	missense_variant	uncertain significance	767011471						Q96P20	NACHT, LRR and PYD domains-containing protein 3	Homo sapiens	Encontrado	https://alphafold.ebi.ac.uk/entry/Q96P20
NLRP3	missense_variant	uncertain significance	767430883						Q96P20	NACHT, LRR and PYD domains-containing protein 3	Homo sapiens	Encontrado	https://alphafold.ebi.ac.uk/entry/Q96P20
NLRP3	missense_variant		767685597						Q96P20	NACHT, LRR and PYD domains-containing protein 3	Homo sapiens	Encontrado	https://alphafold.ebi.ac.uk/entry/Q96P20
NLRP3	missense_variant	uncertain significance, likely benign	767805817						Q96P20	NACHT, LRR and PYD domains-containing protein 3	Homo sapiens	Encontrado	https://alphafold.ebi.ac.uk/entry/Q96P20
NLRP3	missense_variant	uncertain significance	768059813						Q96P20	NACHT, LRR and PYD domains-containing protein 3	Homo sapiens	Encontrado	https://alphafold.ebi.ac.uk/entry/Q96P20
NLRP3	missense_variant	uncertain significance	768151734						Q96P20	NACHT, LRR and PYD domains-containing protein 3	Homo sapiens	Encontrado	https://alphafold.ebi.ac.uk/entry/Q96P20
NLRP3	missense_variant		768167146						Q96P20	NACHT, LRR and PYD domains-containing protein 3	Homo sapiens	Encontrado	https://alphafold.ebi.ac.uk/entry/Q96P20
NLRP3	missense_variant		768220850						Q96P20	NACHT, LRR and PYD domains-containing protein 3	Homo sapiens	Encontrado	https://alphafold.ebi.ac.uk/entry/Q96P20
NLRP3	missense_variant	uncertain significance	768252357						Q96P20	NACHT, LRR and PYD domains-containing protein 3	Homo sapiens	Encontrado	https://alphafold.ebi.ac.uk/entry/Q96P20
NLRP3	missense_variant	uncertain significance	768582957						Q96P20	NACHT, LRR and PYD domains-containing protein 3	Homo sapiens	Encontrado	https://alphafold.ebi.ac.uk/entry/Q96P20
NLRP3	missense_variant		769462727						Q96P20	NACHT, LRR and PYD domains-containing protein 3	Homo sapiens	Encontrado	https://alphafold.ebi.ac.uk/entry/Q96P20
NLRP3	missense_variant		769507339						Q96P20	NACHT, LRR and PYD domains-containing protein 3	Homo sapiens	Encontrado	https://alphafold.ebi.ac.uk/entry/Q96P20
NLRP3	missense_variant	uncertain significance	769647268						Q96P20	NACHT, LRR and PYD domains-containing protein 3	Homo sapiens	Encontrado	https://alphafold.ebi.ac.uk/entry/Q96P20
NLRP3	missense_variant		769935130						Q96P20	NACHT, LRR and PYD domains-containing protein 3	Homo sapiens	Encontrado	https://alphafold.ebi.ac.uk/entry/Q96P20
NLRP3	missense_variant		770037591						Q96P20	NACHT, LRR and PYD domains-containing protein 3	Homo sapiens	Encontrado	https://alphafold.ebi.ac.uk/entry/Q96P20
NLRP3	missense_variant		770170892						Q96P20	NACHT, LRR and PYD domains-containing protein 3	Homo sapiens	Encontrado	https://alphafold.ebi.ac.uk/entry/Q96P20
NLRP3	missense_variant		770239182						Q96P20	NACHT, LRR and PYD domains-containing protein 3	Homo sapiens	Encontrado	https://alphafold.ebi.ac.uk/entry/Q96P20
NLRP3	missense_variant	uncertain significance	770294045						Q96P20	NACHT, LRR and PYD domains-containing protein 3	Homo sapiens	Encontrado	https://alphafold.ebi.ac.uk/entry/Q96P20
NLRP3	missense_variant		770623009						Q96P20	NACHT, LRR and PYD domains-containing protein 3	Homo sapiens	Encontrado	https://alphafold.ebi.ac.uk/entry/Q96P20
NLRP3	missense_variant	uncertain significance, likely benign	770791406						Q96P20	NACHT, LRR and PYD domains-containing protein 3	Homo sapiens	Encontrado	https://alphafold.ebi.ac.uk/entry/Q96P20
NLRP3	missense_variant	uncertain significance	771315000						Q96P20	NACHT, LRR and PYD domains-containing protein 3	Homo sapiens	Encontrado	https://alphafold.ebi.ac.uk/entry/Q96P20
NLRP3	missense_variant	uncertain significance	771466885						Q96P20	NACHT, LRR and PYD domains-containing protein 3	Homo sapiens	Encontrado	https://alphafold.ebi.ac.uk/entry/Q96P20
NLRP3	missense_variant		771612656						Q96P20	NACHT, LRR and PYD domains-containing protein 3	Homo sapiens	Encontrado	https://alphafold.ebi.ac.uk/entry/Q96P20
NLRP3	missense_variant	uncertain significance	771954069						Q96P20	NACHT, LRR and PYD domains-containing protein 3	Homo sapiens	Encontrado	https://alphafold.ebi.ac.uk/entry/Q96P20
NLRP3	missense_variant	uncertain significance	772009059						Q96P20	NACHT, LRR and PYD domains-containing protein 3	Homo sapiens	Encontrado	https://alphafold.ebi.ac.uk/entry/Q96P20
NLRP3	missense_variant	uncertain significance	772104857						Q96P20	NACHT, LRR and PYD domains-containing protein 3	Homo sapiens	Encontrado	https://alphafold.ebi.ac.uk/entry/Q96P20
NLRP3	missense_variant		772804629						Q96P20	NACHT, LRR and PYD domains-containing protein 3	Homo sapiens	Encontrado	https://alphafold.ebi.ac.uk/entry/Q96P20
NLRP3	missense_variant		772915400						Q96P20	NACHT, LRR and PYD domains-containing protein 3	Homo sapiens	Encontrado	https://alphafold.ebi.ac.uk/entry/Q96P20
NLRP3	missense_variant	uncertain significance	773060294						Q96P20	NACHT, LRR and PYD domains-containing protein 3	Homo sapiens	Encontrado	https://alphafold.ebi.ac.uk/entry/Q96P20
NLRP3	missense_variant		773168521						Q96P20	NACHT, LRR and PYD domains-containing protein 3	Homo sapiens	Encontrado	https://alphafold.ebi.ac.uk/entry/Q96P20
NLRP3	missense_variant	uncertain significance	773321213						Q96P20	NACHT, LRR and PYD domains-containing protein 3	Homo sapiens	Encontrado	https://alphafold.ebi.ac.uk/entry/Q96P20
NLRP3	missense_variant	uncertain significance	773376112						Q96P20	NACHT, LRR and PYD domains-containing protein 3	Homo sapiens	Encontrado	https://alphafold.ebi.ac.uk/entry/Q96P20
NLRP3	missense_variant	uncertain significance, likely benign	773673175						Q96P20	NACHT, LRR and PYD domains-containing protein 3	Homo sapiens	Encontrado	https://alphafold.ebi.ac.uk/entry/Q96P20
NLRP3	missense_variant	uncertain significance	773714628						Q96P20	NACHT, LRR and PYD domains-containing protein 3	Homo sapiens	Encontrado	https://alphafold.ebi.ac.uk/entry/Q96P20
NLRP3	missense_variant	uncertain significance	773718821						Q96P20	NACHT, LRR and PYD domains-containing protein 3	Homo sapiens	Encontrado	https://alphafold.ebi.ac.uk/entry/Q96P20
NLRP3	missense_variant		774038756						Q96P20	NACHT, LRR and PYD domains-containing protein 3	Homo sapiens	Encontrado	https://alphafold.ebi.ac.uk/entry/Q96P20
NLRP3	missense_variant	uncertain significance	774090228						Q96P20	NACHT, LRR and PYD domains-containing protein 3	Homo sapiens	Encontrado	https://alphafold.ebi.ac.uk/entry/Q96P20
NLRP3	missense_variant	uncertain significance	774409140						Q96P20	NACHT, LRR and PYD domains-containing protein 3	Homo sapiens	Encontrado	https://alphafold.ebi.ac.uk/entry/Q96P20
NLRP3	missense_variant		774460270						Q96P20	NACHT, LRR and PYD domains-containing protein 3	Homo sapiens	Encontrado	https://alphafold.ebi.ac.uk/entry/Q96P20
NLRP3	missense_variant		774495172						Q96P20	NACHT, LRR and PYD domains-containing protein 3	Homo sapiens	Encontrado	https://alphafold.ebi.ac.uk/entry/Q96P20
NLRP3	missense_variant		774842795						Q96P20	NACHT, LRR and PYD domains-containing protein 3	Homo sapiens	Encontrado	https://alphafold.ebi.ac.uk/entry/Q96P20
NLRP3	missense_variant		774888278						Q96P20	NACHT, LRR and PYD domains-containing protein 3	Homo sapiens	Encontrado	https://alphafold.ebi.ac.uk/entry/Q96P20
NLRP3	missense_variant		775227316						Q96P20	NACHT, LRR and PYD domains-containing protein 3	Homo sapiens	Encontrado	https://alphafold.ebi.ac.uk/entry/Q96P20
NLRP3	missense_variant		775452152						Q96P20	NACHT, LRR and PYD domains-containing protein 3	Homo sapiens	Encontrado	https://alphafold.ebi.ac.uk/entry/Q96P20
NLRP3	missense_variant	uncertain significance	775502273						Q96P20	NACHT, LRR and PYD domains-containing protein 3	Homo sapiens	Encontrado	https://alphafold.ebi.ac.uk/entry/Q96P20
NLRP3	missense_variant	uncertain significance	775987594						Q96P20	NACHT, LRR and PYD domains-containing protein 3	Homo sapiens	Encontrado	https://alphafold.ebi.ac.uk/entry/Q96P20
NLRP3	missense_variant		776283728						Q96P20	NACHT, LRR and PYD domains-containing protein 3	Homo sapiens	Encontrado	https://alphafold.ebi.ac.uk/entry/Q96P20
NLRP3	missense_variant		776693405						Q96P20	NACHT, LRR and PYD domains-containing protein 3	Homo sapiens	Encontrado	https://alphafold.ebi.ac.uk/entry/Q96P20
NLRP3	missense_variant	uncertain significance	776833139						Q96P20	NACHT, LRR and PYD domains-containing protein 3	Homo sapiens	Encontrado	https://alphafold.ebi.ac.uk/entry/Q96P20
NLRP3	missense_variant	uncertain significance, likely benign	776897356						Q96P20	NACHT, LRR and PYD domains-containing protein 3	Homo sapiens	Encontrado	https://alphafold.ebi.ac.uk/entry/Q96P20
NLRP3	missense_variant		776940175						Q96P20	NACHT, LRR and PYD domains-containing protein 3	Homo sapiens	Encontrado	https://alphafold.ebi.ac.uk/entry/Q96P20
NLRP3	missense_variant	uncertain significance	776947222						Q96P20	NACHT, LRR and PYD domains-containing protein 3	Homo sapiens	Encontrado	https://alphafold.ebi.ac.uk/entry/Q96P20
NLRP3	missense_variant		777250607						Q96P20	NACHT, LRR and PYD domains-containing protein 3	Homo sapiens	Encontrado	https://alphafold.ebi.ac.uk/entry/Q96P20
NLRP3	missense_variant	uncertain significance	777657094						Q96P20	NACHT, LRR and PYD domains-containing protein 3	Homo sapiens	Encontrado	https://alphafold.ebi.ac.uk/entry/Q96P20
NLRP3	missense_variant		777663230						Q96P20	NACHT, LRR and PYD domains-containing protein 3	Homo sapiens	Encontrado	https://alphafold.ebi.ac.uk/entry/Q96P20
NLRP3	missense_variant	uncertain significance, likely benign	777985232						Q96P20	NACHT, LRR and PYD domains-containing protein 3	Homo sapiens	Encontrado	https://alphafold.ebi.ac.uk/entry/Q96P20
NLRP3	missense_variant	uncertain significance	778161896						Q96P20	NACHT, LRR and PYD domains-containing protein 3	Homo sapiens	Encontrado	https://alphafold.ebi.ac.uk/entry/Q96P20
NLRP3	missense_variant	uncertain significance	778304232						Q96P20	NACHT, LRR and PYD domains-containing protein 3	Homo sapiens	Encontrado	https://alphafold.ebi.ac.uk/entry/Q96P20
NLRP3	missense_variant		778586761						Q96P20	NACHT, LRR and PYD domains-containing protein 3	Homo sapiens	Encontrado	https://alphafold.ebi.ac.uk/entry/Q96P20
NLRP3	missense_variant	uncertain significance	778650629						Q96P20	NACHT, LRR and PYD domains-containing protein 3	Homo sapiens	Encontrado	https://alphafold.ebi.ac.uk/entry/Q96P20
NLRP3	missense_variant		779140194						Q96P20	NACHT, LRR and PYD domains-containing protein 3	Homo sapiens	Encontrado	https://alphafold.ebi.ac.uk/entry/Q96P20
NLRP3	missense_variant	uncertain significance	779193213						Q96P20	NACHT, LRR and PYD domains-containing protein 3	Homo sapiens	Encontrado	https://alphafold.ebi.ac.uk/entry/Q96P20
NLRP3	missense_variant		779417998						Q96P20	NACHT, LRR and PYD domains-containing protein 3	Homo sapiens	Encontrado	https://alphafold.ebi.ac.uk/entry/Q96P20
NLRP3	missense_variant		779618324						Q96P20	NACHT, LRR and PYD domains-containing protein 3	Homo sapiens	Encontrado	https://alphafold.ebi.ac.uk/entry/Q96P20
NLRP3	missense_variant		779698594						Q96P20	NACHT, LRR and PYD domains-containing protein 3	Homo sapiens	Encontrado	https://alphafold.ebi.ac.uk/entry/Q96P20
NLRP3	missense_variant		779757183						Q96P20	NACHT, LRR and PYD domains-containing protein 3	Homo sapiens	Encontrado	https://alphafold.ebi.ac.uk/entry/Q96P20
NLRP3	missense_variant		780156727						Q96P20	NACHT, LRR and PYD domains-containing protein 3	Homo sapiens	Encontrado	https://alphafold.ebi.ac.uk/entry/Q96P20
NLRP3	missense_variant	uncertain significance	780246397						Q96P20	NACHT, LRR and PYD domains-containing protein 3	Homo sapiens	Encontrado	https://alphafold.ebi.ac.uk/entry/Q96P20
NLRP3	missense_variant		780314263						Q96P20	NACHT, LRR and PYD domains-containing protein 3	Homo sapiens	Encontrado	https://alphafold.ebi.ac.uk/entry/Q96P20
NLRP3	missense_variant		780791430						Q96P20	NACHT, LRR and PYD domains-containing protein 3	Homo sapiens	Encontrado	https://alphafold.ebi.ac.uk/entry/Q96P20
NLRP3	missense_variant		781488546						Q96P20	NACHT, LRR and PYD domains-containing protein 3	Homo sapiens	Encontrado	https://alphafold.ebi.ac.uk/entry/Q96P20
NLRP3	missense_variant	uncertain significance, likely benign	781561828						Q96P20	NACHT, LRR and PYD domains-containing protein 3	Homo sapiens	Encontrado	https://alphafold.ebi.ac.uk/entry/Q96P20
NLRP3	missense_variant		865858890						Q96P20	NACHT, LRR and PYD domains-containing protein 3	Homo sapiens	Encontrado	https://alphafold.ebi.ac.uk/entry/Q96P20
NLRP3	missense_variant	uncertain significance	865875411						Q96P20	NACHT, LRR and PYD domains-containing protein 3	Homo sapiens	Encontrado	https://alphafold.ebi.ac.uk/entry/Q96P20
NLRP3	missense_variant		866262883						Q96P20	NACHT, LRR and PYD domains-containing protein 3	Homo sapiens	Encontrado	https://alphafold.ebi.ac.uk/entry/Q96P20
NLRP3	missense_variant		866491423						Q96P20	NACHT, LRR and PYD domains-containing protein 3	Homo sapiens	Encontrado	https://alphafold.ebi.ac.uk/entry/Q96P20
NLRP3	missense_variant	uncertain significance	866534904						Q96P20	NACHT, LRR and PYD domains-containing protein 3	Homo sapiens	Encontrado	https://alphafold.ebi.ac.uk/entry/Q96P20
NLRP3	missense_variant		866576201						Q96P20	NACHT, LRR and PYD domains-containing protein 3	Homo sapiens	Encontrado	https://alphafold.ebi.ac.uk/entry/Q96P20
NLRP3	missense_variant		866990691						Q96P20	NACHT, LRR and PYD domains-containing protein 3	Homo sapiens	Encontrado	https://alphafold.ebi.ac.uk/entry/Q96P20
NLRP3	missense_variant		867522370						Q96P20	NACHT, LRR and PYD domains-containing protein 3	Homo sapiens	Encontrado	https://alphafold.ebi.ac.uk/entry/Q96P20
NLRP3	missense_variant		867662196						Q96P20	NACHT, LRR and PYD domains-containing protein 3	Homo sapiens	Encontrado	https://alphafold.ebi.ac.uk/entry/Q96P20
NLRP3	missense_variant		867801705						Q96P20	NACHT, LRR and PYD domains-containing protein 3	Homo sapiens	Encontrado	https://alphafold.ebi.ac.uk/entry/Q96P20
NLRP3	missense_variant		868217635						Q96P20	NACHT, LRR and PYD domains-containing protein 3	Homo sapiens	Encontrado	https://alphafold.ebi.ac.uk/entry/Q96P20
NLRP3	missense_variant		868547063						Q96P20	NACHT, LRR and PYD domains-containing protein 3	Homo sapiens	Encontrado	https://alphafold.ebi.ac.uk/entry/Q96P20
NLRP3	missense_variant		868594006						Q96P20	NACHT, LRR and PYD domains-containing protein 3	Homo sapiens	Encontrado	https://alphafold.ebi.ac.uk/entry/Q96P20
NLRP3	missense_variant		868611120						Q96P20	NACHT, LRR and PYD domains-containing protein 3	Homo sapiens	Encontrado	https://alphafold.ebi.ac.uk/entry/Q96P20
NLRP3	missense_variant	uncertain significance	876660971						Q96P20	NACHT, LRR and PYD domains-containing protein 3	Homo sapiens	Encontrado	https://alphafold.ebi.ac.uk/entry/Q96P20
NLRP3	missense_variant	uncertain significance	876660972						Q96P20	NACHT, LRR and PYD domains-containing protein 3	Homo sapiens	Encontrado	https://alphafold.ebi.ac.uk/entry/Q96P20
NLRP3	missense_variant	uncertain significance	876660973						Q96P20	NACHT, LRR and PYD domains-containing protein 3	Homo sapiens	Encontrado	https://alphafold.ebi.ac.uk/entry/Q96P20
NLRP3	missense_variant	uncertain significance	876660974						Q96P20	NACHT, LRR and PYD domains-containing protein 3	Homo sapiens	Encontrado	https://alphafold.ebi.ac.uk/entry/Q96P20
NLRP3	missense_variant	uncertain significance	876660975						Q96P20	NACHT, LRR and PYD domains-containing protein 3	Homo sapiens	Encontrado	https://alphafold.ebi.ac.uk/entry/Q96P20
NLRP3	missense_variant	uncertain significance	876661016						Q96P20	NACHT, LRR and PYD domains-containing protein 3	Homo sapiens	Encontrado	https://alphafold.ebi.ac.uk/entry/Q96P20
NLRP3	missense_variant		879017938						Q96P20	NACHT, LRR and PYD domains-containing protein 3	Homo sapiens	Encontrado	https://alphafold.ebi.ac.uk/entry/Q96P20
NLRP3	missense_variant	uncertain significance	895321691						Q96P20	NACHT, LRR and PYD domains-containing protein 3	Homo sapiens	Encontrado	https://alphafold.ebi.ac.uk/entry/Q96P20
NLRP3	missense_variant	uncertain significance	899514427						Q96P20	NACHT, LRR and PYD domains-containing protein 3	Homo sapiens	Encontrado	https://alphafold.ebi.ac.uk/entry/Q96P20
NLRP3	missense_variant		904851191						Q96P20	NACHT, LRR and PYD domains-containing protein 3	Homo sapiens	Encontrado	https://alphafold.ebi.ac.uk/entry/Q96P20
NLRP3	missense_variant	uncertain significance	906785956						Q96P20	NACHT, LRR and PYD domains-containing protein 3	Homo sapiens	Encontrado	https://alphafold.ebi.ac.uk/entry/Q96P20
NLRP3	missense_variant		910649339						Q96P20	NACHT, LRR and PYD domains-containing protein 3	Homo sapiens	Encontrado	https://alphafold.ebi.ac.uk/entry/Q96P20
NLRP3	missense_variant		918336810						Q96P20	NACHT, LRR and PYD domains-containing protein 3	Homo sapiens	Encontrado	https://alphafold.ebi.ac.uk/entry/Q96P20
NLRP3	missense_variant	uncertain significance	925004467						Q96P20	NACHT, LRR and PYD domains-containing protein 3	Homo sapiens	Encontrado	https://alphafold.ebi.ac.uk/entry/Q96P20
NLRP3	missense_variant		930020867						Q96P20	NACHT, LRR and PYD domains-containing protein 3	Homo sapiens	Encontrado	https://alphafold.ebi.ac.uk/entry/Q96P20
NLRP3	missense_variant		939724059						Q96P20	NACHT, LRR and PYD domains-containing protein 3	Homo sapiens	Encontrado	https://alphafold.ebi.ac.uk/entry/Q96P20
NLRP3	missense_variant		939756744						Q96P20	NACHT, LRR and PYD domains-containing protein 3	Homo sapiens	Encontrado	https://alphafold.ebi.ac.uk/entry/Q96P20
NLRP3	missense_variant		943828544						Q96P20	NACHT, LRR and PYD domains-containing protein 3	Homo sapiens	Encontrado	https://alphafold.ebi.ac.uk/entry/Q96P20
NLRP3	missense_variant	uncertain significance	947273189						Q96P20	NACHT, LRR and PYD domains-containing protein 3	Homo sapiens	Encontrado	https://alphafold.ebi.ac.uk/entry/Q96P20
NLRP3	missense_variant		961165841						Q96P20	NACHT, LRR and PYD domains-containing protein 3	Homo sapiens	Encontrado	https://alphafold.ebi.ac.uk/entry/Q96P20
NLRP3	missense_variant		966703663						Q96P20	NACHT, LRR and PYD domains-containing protein 3	Homo sapiens	Encontrado	https://alphafold.ebi.ac.uk/entry/Q96P20
NLRP3	missense_variant		967447529						Q96P20	NACHT, LRR and PYD domains-containing protein 3	Homo sapiens	Encontrado	https://alphafold.ebi.ac.uk/entry/Q96P20
NLRP3	missense_variant	uncertain significance	969169144						Q96P20	NACHT, LRR and PYD domains-containing protein 3	Homo sapiens	Encontrado	https://alphafold.ebi.ac.uk/entry/Q96P20
NLRP3	missense_variant		978050105						Q96P20	NACHT, LRR and PYD domains-containing protein 3	Homo sapiens	Encontrado	https://alphafold.ebi.ac.uk/entry/Q96P20
NLRP3	missense_variant		982181932						Q96P20	NACHT, LRR and PYD domains-containing protein 3	Homo sapiens	Encontrado	https://alphafold.ebi.ac.uk/entry/Q96P20
NLRP3	missense_variant	uncertain significance	992612861						Q96P20	NACHT, LRR and PYD domains-containing protein 3	Homo sapiens	Encontrado	https://alphafold.ebi.ac.uk/entry/Q96P20
NLRP3	missense_variant	uncertain significance, likely benign	994458759						Q96P20	NACHT, LRR and PYD domains-containing protein 3	Homo sapiens	Encontrado	https://alphafold.ebi.ac.uk/entry/Q96P20
