Gene	Consequencia	Significancia_Clinica	rs_key	UniProt_ID	rsID_dbSNP	Proteina_Mudanca	AlphaMissense_Score	AlphaMissense_Classificacao	ID_UniProt	Nome_Proteina	Organismo	Status	Link_AlphaFold
SLC1A2	missense_variant		1001275820						P43004	Excitatory amino acid transporter 2	Homo sapiens	Encontrado	https://alphafold.ebi.ac.uk/entry/P43004
SLC1A2	missense_variant		1003047693						P43004	Excitatory amino acid transporter 2	Homo sapiens	Encontrado	https://alphafold.ebi.ac.uk/entry/P43004
SLC1A2	missense_variant		1022531409						P43004	Excitatory amino acid transporter 2	Homo sapiens	Encontrado	https://alphafold.ebi.ac.uk/entry/P43004
SLC1A2	missense_variant	uncertain significance	1022532582	P43004	rs1022532582	A409S	0.596		P43004	Excitatory amino acid transporter 2	Homo sapiens	Encontrado	https://alphafold.ebi.ac.uk/entry/P43004
SLC1A2	missense_variant	uncertain significance	1022532582	P43004	rs1022532582	A409S	0.08		P43004	Excitatory amino acid transporter 2	Homo sapiens	Encontrado	https://alphafold.ebi.ac.uk/entry/P43004
SLC1A2	missense_variant	uncertain significance	1022532582	P43004	rs1022532582	A409T	0.6		P43004	Excitatory amino acid transporter 2	Homo sapiens	Encontrado	https://alphafold.ebi.ac.uk/entry/P43004
SLC1A2	missense_variant	uncertain significance	1022532582	P43004	rs1022532582	A409T	0.01		P43004	Excitatory amino acid transporter 2	Homo sapiens	Encontrado	https://alphafold.ebi.ac.uk/entry/P43004
SLC1A2	missense_variant	uncertain significance	1022532582	P43004	rs1022532582	A409T	0.596		P43004	Excitatory amino acid transporter 2	Homo sapiens	Encontrado	https://alphafold.ebi.ac.uk/entry/P43004
SLC1A2	missense_variant	uncertain significance	1022532582	P43004	rs1022532582	A409T	0.04		P43004	Excitatory amino acid transporter 2	Homo sapiens	Encontrado	https://alphafold.ebi.ac.uk/entry/P43004
SLC1A2	missense_variant	uncertain significance	1026253663	P43004	rs1026253663	V277A	0.762		P43004	Excitatory amino acid transporter 2	Homo sapiens	Encontrado	https://alphafold.ebi.ac.uk/entry/P43004
SLC1A2	missense_variant	uncertain significance	1026253663	P43004	rs1026253663	V277A	0.0		P43004	Excitatory amino acid transporter 2	Homo sapiens	Encontrado	https://alphafold.ebi.ac.uk/entry/P43004
SLC1A2	missense_variant		1028779696						P43004	Excitatory amino acid transporter 2	Homo sapiens	Encontrado	https://alphafold.ebi.ac.uk/entry/P43004
SLC1A2	missense_variant		1034141219						P43004	Excitatory amino acid transporter 2	Homo sapiens	Encontrado	https://alphafold.ebi.ac.uk/entry/P43004
SLC1A2	missense_variant		1042109						P43004	Excitatory amino acid transporter 2	Homo sapiens	Encontrado	https://alphafold.ebi.ac.uk/entry/P43004
SLC1A2	missense_variant	likely benign	1042115						P43004	Excitatory amino acid transporter 2	Homo sapiens	Encontrado	https://alphafold.ebi.ac.uk/entry/P43004
SLC1A2	missense_variant	uncertain significance	1057464884						P43004	Excitatory amino acid transporter 2	Homo sapiens	Encontrado	https://alphafold.ebi.ac.uk/entry/P43004
SLC1A2	missense_variant		112435655						P43004	Excitatory amino acid transporter 2	Homo sapiens	Encontrado	https://alphafold.ebi.ac.uk/entry/P43004
SLC1A2	missense_variant		112855258						P43004	Excitatory amino acid transporter 2	Homo sapiens	Encontrado	https://alphafold.ebi.ac.uk/entry/P43004
SLC1A2	missense_variant		1156914254						P43004	Excitatory amino acid transporter 2	Homo sapiens	Encontrado	https://alphafold.ebi.ac.uk/entry/P43004
SLC1A2	missense_variant		1158603179						P43004	Excitatory amino acid transporter 2	Homo sapiens	Encontrado	https://alphafold.ebi.ac.uk/entry/P43004
SLC1A2	missense_variant		1169274712						P43004	Excitatory amino acid transporter 2	Homo sapiens	Encontrado	https://alphafold.ebi.ac.uk/entry/P43004
SLC1A2	missense_variant		1171205110						P43004	Excitatory amino acid transporter 2	Homo sapiens	Encontrado	https://alphafold.ebi.ac.uk/entry/P43004
SLC1A2	missense_variant		1172349998						P43004	Excitatory amino acid transporter 2	Homo sapiens	Encontrado	https://alphafold.ebi.ac.uk/entry/P43004
SLC1A2	missense_variant	uncertain significance	1176247793	P43004	rs1176247793	I522T	0.036		P43004	Excitatory amino acid transporter 2	Homo sapiens	Encontrado	https://alphafold.ebi.ac.uk/entry/P43004
SLC1A2	missense_variant	uncertain significance	1176247793	P43004	rs1176247793	I522T	0.34		P43004	Excitatory amino acid transporter 2	Homo sapiens	Encontrado	https://alphafold.ebi.ac.uk/entry/P43004
SLC1A2	missense_variant		1179065178						P43004	Excitatory amino acid transporter 2	Homo sapiens	Encontrado	https://alphafold.ebi.ac.uk/entry/P43004
SLC1A2	missense_variant	benign	1181754431	P43004	rs1181754431	A67T	0.744		P43004	Excitatory amino acid transporter 2	Homo sapiens	Encontrado	https://alphafold.ebi.ac.uk/entry/P43004
SLC1A2	missense_variant	benign	1181754431	P43004	rs1181754431	A67T	0.16		P43004	Excitatory amino acid transporter 2	Homo sapiens	Encontrado	https://alphafold.ebi.ac.uk/entry/P43004
SLC1A2	missense_variant		1181898424						P43004	Excitatory amino acid transporter 2	Homo sapiens	Encontrado	https://alphafold.ebi.ac.uk/entry/P43004
SLC1A2	missense_variant	likely benign	1182317968						P43004	Excitatory amino acid transporter 2	Homo sapiens	Encontrado	https://alphafold.ebi.ac.uk/entry/P43004
SLC1A2	missense_variant	uncertain significance	1189183989	P43004	rs1189183989	I410V	0.926		P43004	Excitatory amino acid transporter 2	Homo sapiens	Encontrado	https://alphafold.ebi.ac.uk/entry/P43004
SLC1A2	missense_variant	uncertain significance	1189183989	P43004	rs1189183989	I410V	0.02		P43004	Excitatory amino acid transporter 2	Homo sapiens	Encontrado	https://alphafold.ebi.ac.uk/entry/P43004
SLC1A2	missense_variant	uncertain significance	1190502169	P43004	rs1190502169	T503A	0.0		P43004	Excitatory amino acid transporter 2	Homo sapiens	Encontrado	https://alphafold.ebi.ac.uk/entry/P43004
SLC1A2	missense_variant	uncertain significance	1190502169	P43004	rs1190502169	T503A	0.89		P43004	Excitatory amino acid transporter 2	Homo sapiens	Encontrado	https://alphafold.ebi.ac.uk/entry/P43004
SLC1A2	missense_variant		1190691064						P43004	Excitatory amino acid transporter 2	Homo sapiens	Encontrado	https://alphafold.ebi.ac.uk/entry/P43004
SLC1A2	missense_variant	uncertain significance	1196196694	P43004	rs1196196694	Q507E	0.0		P43004	Excitatory amino acid transporter 2	Homo sapiens	Encontrado	https://alphafold.ebi.ac.uk/entry/P43004
SLC1A2	missense_variant	uncertain significance	1196196694	P43004	rs1196196694	Q507E	1.0		P43004	Excitatory amino acid transporter 2	Homo sapiens	Encontrado	https://alphafold.ebi.ac.uk/entry/P43004
SLC1A2	missense_variant	uncertain significance	1196196694	P43004	rs1196196694	Q507K	0.001		P43004	Excitatory amino acid transporter 2	Homo sapiens	Encontrado	https://alphafold.ebi.ac.uk/entry/P43004
SLC1A2	missense_variant	uncertain significance	1196196694	P43004	rs1196196694	Q507K	0.09		P43004	Excitatory amino acid transporter 2	Homo sapiens	Encontrado	https://alphafold.ebi.ac.uk/entry/P43004
SLC1A2	missense_variant		1196765718						P43004	Excitatory amino acid transporter 2	Homo sapiens	Encontrado	https://alphafold.ebi.ac.uk/entry/P43004
SLC1A2	missense_variant		1198439242						P43004	Excitatory amino acid transporter 2	Homo sapiens	Encontrado	https://alphafold.ebi.ac.uk/entry/P43004
SLC1A2	missense_variant		1199680895						P43004	Excitatory amino acid transporter 2	Homo sapiens	Encontrado	https://alphafold.ebi.ac.uk/entry/P43004
SLC1A2	missense_variant	uncertain significance	1199963071	P43004	rs1199963071	R341G	0.979		P43004	Excitatory amino acid transporter 2	Homo sapiens	Encontrado	https://alphafold.ebi.ac.uk/entry/P43004
SLC1A2	missense_variant	uncertain significance	1199963071	P43004	rs1199963071	R341G	0.0		P43004	Excitatory amino acid transporter 2	Homo sapiens	Encontrado	https://alphafold.ebi.ac.uk/entry/P43004
SLC1A2	missense_variant		1201787297						P43004	Excitatory amino acid transporter 2	Homo sapiens	Encontrado	https://alphafold.ebi.ac.uk/entry/P43004
SLC1A2	missense_variant		1201950541						P43004	Excitatory amino acid transporter 2	Homo sapiens	Encontrado	https://alphafold.ebi.ac.uk/entry/P43004
SLC1A2	missense_variant		1208998645						P43004	Excitatory amino acid transporter 2	Homo sapiens	Encontrado	https://alphafold.ebi.ac.uk/entry/P43004
SLC1A2	missense_variant		1209833785						P43004	Excitatory amino acid transporter 2	Homo sapiens	Encontrado	https://alphafold.ebi.ac.uk/entry/P43004
SLC1A2	missense_variant		1211570552						P43004	Excitatory amino acid transporter 2	Homo sapiens	Encontrado	https://alphafold.ebi.ac.uk/entry/P43004
SLC1A2	missense_variant		1212449519						P43004	Excitatory amino acid transporter 2	Homo sapiens	Encontrado	https://alphafold.ebi.ac.uk/entry/P43004
SLC1A2	missense_variant	uncertain significance	1213980608						P43004	Excitatory amino acid transporter 2	Homo sapiens	Encontrado	https://alphafold.ebi.ac.uk/entry/P43004
SLC1A2	missense_variant		1215032972						P43004	Excitatory amino acid transporter 2	Homo sapiens	Encontrado	https://alphafold.ebi.ac.uk/entry/P43004
SLC1A2	missense_variant	uncertain significance	1216804238	P43004	rs1216804238	T4S	0.0		P43004	Excitatory amino acid transporter 2	Homo sapiens	Encontrado	https://alphafold.ebi.ac.uk/entry/P43004
SLC1A2	missense_variant	uncertain significance	1216804238	P43004	rs1216804238	T4S	0.51		P43004	Excitatory amino acid transporter 2	Homo sapiens	Encontrado	https://alphafold.ebi.ac.uk/entry/P43004
SLC1A2	missense_variant		1221782144						P43004	Excitatory amino acid transporter 2	Homo sapiens	Encontrado	https://alphafold.ebi.ac.uk/entry/P43004
SLC1A2	missense_variant		1225532912						P43004	Excitatory amino acid transporter 2	Homo sapiens	Encontrado	https://alphafold.ebi.ac.uk/entry/P43004
SLC1A2	missense_variant		1225714561						P43004	Excitatory amino acid transporter 2	Homo sapiens	Encontrado	https://alphafold.ebi.ac.uk/entry/P43004
SLC1A2	missense_variant	uncertain significance, benign	1227601469	P43004	rs1227601469	G6D	0.0		P43004	Excitatory amino acid transporter 2	Homo sapiens	Encontrado	https://alphafold.ebi.ac.uk/entry/P43004
SLC1A2	missense_variant	uncertain significance, benign	1227601469	P43004	rs1227601469	G6D	0.08		P43004	Excitatory amino acid transporter 2	Homo sapiens	Encontrado	https://alphafold.ebi.ac.uk/entry/P43004
SLC1A2	missense_variant		1228240856						P43004	Excitatory amino acid transporter 2	Homo sapiens	Encontrado	https://alphafold.ebi.ac.uk/entry/P43004
SLC1A2	missense_variant	uncertain significance	1234884310						P43004	Excitatory amino acid transporter 2	Homo sapiens	Encontrado	https://alphafold.ebi.ac.uk/entry/P43004
SLC1A2	missense_variant		1238266261						P43004	Excitatory amino acid transporter 2	Homo sapiens	Encontrado	https://alphafold.ebi.ac.uk/entry/P43004
SLC1A2	missense_variant	uncertain significance	1240260796						P43004	Excitatory amino acid transporter 2	Homo sapiens	Encontrado	https://alphafold.ebi.ac.uk/entry/P43004
SLC1A2	missense_variant		1241268828						P43004	Excitatory amino acid transporter 2	Homo sapiens	Encontrado	https://alphafold.ebi.ac.uk/entry/P43004
SLC1A2	missense_variant	benign, likely benign	1245610941	P43004	rs1245610941	H22P	0.0		P43004	Excitatory amino acid transporter 2	Homo sapiens	Encontrado	https://alphafold.ebi.ac.uk/entry/P43004
SLC1A2	missense_variant	benign, likely benign	1245610941	P43004	rs1245610941	H22P	0.13		P43004	Excitatory amino acid transporter 2	Homo sapiens	Encontrado	https://alphafold.ebi.ac.uk/entry/P43004
SLC1A2	missense_variant	benign, likely benign	1245610941	P43004	rs1245610941	H22R	0.038		P43004	Excitatory amino acid transporter 2	Homo sapiens	Encontrado	https://alphafold.ebi.ac.uk/entry/P43004
SLC1A2	missense_variant	benign, likely benign	1245610941	P43004	rs1245610941	H22R	0.05		P43004	Excitatory amino acid transporter 2	Homo sapiens	Encontrado	https://alphafold.ebi.ac.uk/entry/P43004
SLC1A2	missense_variant		1247450853						P43004	Excitatory amino acid transporter 2	Homo sapiens	Encontrado	https://alphafold.ebi.ac.uk/entry/P43004
SLC1A2	missense_variant	uncertain significance	1254681642	P43004	rs1254681642	D525A	0.001		P43004	Excitatory amino acid transporter 2	Homo sapiens	Encontrado	https://alphafold.ebi.ac.uk/entry/P43004
SLC1A2	missense_variant	uncertain significance	1254681642	P43004	rs1254681642	D525A	0.12		P43004	Excitatory amino acid transporter 2	Homo sapiens	Encontrado	https://alphafold.ebi.ac.uk/entry/P43004
SLC1A2	missense_variant		1256318464						P43004	Excitatory amino acid transporter 2	Homo sapiens	Encontrado	https://alphafold.ebi.ac.uk/entry/P43004
SLC1A2	missense_variant	uncertain significance	1259236745	P43004	rs1259236745	Q189R	0.92		P43004	Excitatory amino acid transporter 2	Homo sapiens	Encontrado	https://alphafold.ebi.ac.uk/entry/P43004
SLC1A2	missense_variant	uncertain significance	1259236745	P43004	rs1259236745	Q189R	0.04		P43004	Excitatory amino acid transporter 2	Homo sapiens	Encontrado	https://alphafold.ebi.ac.uk/entry/P43004
SLC1A2	missense_variant		1261436743						P43004	Excitatory amino acid transporter 2	Homo sapiens	Encontrado	https://alphafold.ebi.ac.uk/entry/P43004
SLC1A2	missense_variant		1262133916	P43004	rs1262133916	A167T	0.557		P43004	Excitatory amino acid transporter 2	Homo sapiens	Encontrado	https://alphafold.ebi.ac.uk/entry/P43004
SLC1A2	missense_variant		1262133916	P43004	rs1262133916	A167T	0.13		P43004	Excitatory amino acid transporter 2	Homo sapiens	Encontrado	https://alphafold.ebi.ac.uk/entry/P43004
SLC1A2	missense_variant		1262133916	P43004	rs1262133916	A167T	0.567		P43004	Excitatory amino acid transporter 2	Homo sapiens	Encontrado	https://alphafold.ebi.ac.uk/entry/P43004
SLC1A2	missense_variant		1262133916	P43004	rs1262133916	A167T	0.08		P43004	Excitatory amino acid transporter 2	Homo sapiens	Encontrado	https://alphafold.ebi.ac.uk/entry/P43004
SLC1A2	missense_variant		1264991191						P43004	Excitatory amino acid transporter 2	Homo sapiens	Encontrado	https://alphafold.ebi.ac.uk/entry/P43004
SLC1A2	missense_variant		1269157400						P43004	Excitatory amino acid transporter 2	Homo sapiens	Encontrado	https://alphafold.ebi.ac.uk/entry/P43004
SLC1A2	missense_variant	uncertain significance	1270694952	P43004	rs1270694952	C550R	0.558		P43004	Excitatory amino acid transporter 2	Homo sapiens	Encontrado	https://alphafold.ebi.ac.uk/entry/P43004
SLC1A2	missense_variant	uncertain significance	1270694952	P43004	rs1270694952	C550R	0.02		P43004	Excitatory amino acid transporter 2	Homo sapiens	Encontrado	https://alphafold.ebi.ac.uk/entry/P43004
SLC1A2	missense_variant		1271887978						P43004	Excitatory amino acid transporter 2	Homo sapiens	Encontrado	https://alphafold.ebi.ac.uk/entry/P43004
SLC1A2	missense_variant		1275690532						P43004	Excitatory amino acid transporter 2	Homo sapiens	Encontrado	https://alphafold.ebi.ac.uk/entry/P43004
SLC1A2	missense_variant		1278029368						P43004	Excitatory amino acid transporter 2	Homo sapiens	Encontrado	https://alphafold.ebi.ac.uk/entry/P43004
SLC1A2	missense_variant		1279547429						P43004	Excitatory amino acid transporter 2	Homo sapiens	Encontrado	https://alphafold.ebi.ac.uk/entry/P43004
SLC1A2	missense_variant	uncertain significance	1287242258	P43004	rs1287242258	V191M	0.826		P43004	Excitatory amino acid transporter 2	Homo sapiens	Encontrado	https://alphafold.ebi.ac.uk/entry/P43004
SLC1A2	missense_variant	uncertain significance	1287242258	P43004	rs1287242258	V191M	0.02		P43004	Excitatory amino acid transporter 2	Homo sapiens	Encontrado	https://alphafold.ebi.ac.uk/entry/P43004
SLC1A2	missense_variant	benign	1291450306	P43004	rs1291450306	F52S	0.012		P43004	Excitatory amino acid transporter 2	Homo sapiens	Encontrado	https://alphafold.ebi.ac.uk/entry/P43004
SLC1A2	missense_variant	benign	1291450306	P43004	rs1291450306	F52S	0.08		P43004	Excitatory amino acid transporter 2	Homo sapiens	Encontrado	https://alphafold.ebi.ac.uk/entry/P43004
SLC1A2	missense_variant	uncertain significance	1292235818	P43004	rs1292235818	A490T	0.953		P43004	Excitatory amino acid transporter 2	Homo sapiens	Encontrado	https://alphafold.ebi.ac.uk/entry/P43004
SLC1A2	missense_variant	uncertain significance	1292235818	P43004	rs1292235818	A490T	0.01		P43004	Excitatory amino acid transporter 2	Homo sapiens	Encontrado	https://alphafold.ebi.ac.uk/entry/P43004
SLC1A2	missense_variant	uncertain significance	1295018280						P43004	Excitatory amino acid transporter 2	Homo sapiens	Encontrado	https://alphafold.ebi.ac.uk/entry/P43004
SLC1A2	missense_variant	uncertain significance	1318827813	P43004	rs1318827813	V418G	0.731		P43004	Excitatory amino acid transporter 2	Homo sapiens	Encontrado	https://alphafold.ebi.ac.uk/entry/P43004
SLC1A2	missense_variant	uncertain significance	1318827813	P43004	rs1318827813	V418G	0.0		P43004	Excitatory amino acid transporter 2	Homo sapiens	Encontrado	https://alphafold.ebi.ac.uk/entry/P43004
SLC1A2	missense_variant		1324148616						P43004	Excitatory amino acid transporter 2	Homo sapiens	Encontrado	https://alphafold.ebi.ac.uk/entry/P43004
SLC1A2	missense_variant	uncertain significance, likely benign	1326870463	P43004	rs1326870463	R65C	1.0		P43004	Excitatory amino acid transporter 2	Homo sapiens	Encontrado	https://alphafold.ebi.ac.uk/entry/P43004
SLC1A2	missense_variant	uncertain significance, likely benign	1326870463	P43004	rs1326870463	R65C	0.0		P43004	Excitatory amino acid transporter 2	Homo sapiens	Encontrado	https://alphafold.ebi.ac.uk/entry/P43004
SLC1A2	missense_variant	uncertain significance, likely benign	1326870463	P43004	rs1326870463	R65C	1.0		P43004	Excitatory amino acid transporter 2	Homo sapiens	Encontrado	https://alphafold.ebi.ac.uk/entry/P43004
SLC1A2	missense_variant	uncertain significance, likely benign	1326870463	P43004	rs1326870463	R65C	0.0		P43004	Excitatory amino acid transporter 2	Homo sapiens	Encontrado	https://alphafold.ebi.ac.uk/entry/P43004
SLC1A2	missense_variant	uncertain significance	1327975820	P43004	rs1327975820	Y494C	0.952		P43004	Excitatory amino acid transporter 2	Homo sapiens	Encontrado	https://alphafold.ebi.ac.uk/entry/P43004
SLC1A2	missense_variant	uncertain significance	1327975820	P43004	rs1327975820	Y494C	0.02		P43004	Excitatory amino acid transporter 2	Homo sapiens	Encontrado	https://alphafold.ebi.ac.uk/entry/P43004
SLC1A2	missense_variant		1328693454						P43004	Excitatory amino acid transporter 2	Homo sapiens	Encontrado	https://alphafold.ebi.ac.uk/entry/P43004
SLC1A2	missense_variant		1339768868						P43004	Excitatory amino acid transporter 2	Homo sapiens	Encontrado	https://alphafold.ebi.ac.uk/entry/P43004
SLC1A2	missense_variant		1346480474						P43004	Excitatory amino acid transporter 2	Homo sapiens	Encontrado	https://alphafold.ebi.ac.uk/entry/P43004
SLC1A2	missense_variant	uncertain significance	1348584928	P43004	rs1348584928	G400C	1.0		P43004	Excitatory amino acid transporter 2	Homo sapiens	Encontrado	https://alphafold.ebi.ac.uk/entry/P43004
SLC1A2	missense_variant	uncertain significance	1348584928	P43004	rs1348584928	G400C	0.0		P43004	Excitatory amino acid transporter 2	Homo sapiens	Encontrado	https://alphafold.ebi.ac.uk/entry/P43004
SLC1A2	missense_variant		1350505195						P43004	Excitatory amino acid transporter 2	Homo sapiens	Encontrado	https://alphafold.ebi.ac.uk/entry/P43004
SLC1A2	missense_variant		1358604043						P43004	Excitatory amino acid transporter 2	Homo sapiens	Encontrado	https://alphafold.ebi.ac.uk/entry/P43004
SLC1A2	missense_variant		1359479636						P43004	Excitatory amino acid transporter 2	Homo sapiens	Encontrado	https://alphafold.ebi.ac.uk/entry/P43004
SLC1A2	missense_variant	likely benign	1360598399	P43004	rs1360598399	R115C	0.997		P43004	Excitatory amino acid transporter 2	Homo sapiens	Encontrado	https://alphafold.ebi.ac.uk/entry/P43004
SLC1A2	missense_variant	likely benign	1360598399	P43004	rs1360598399	R115C	0.0		P43004	Excitatory amino acid transporter 2	Homo sapiens	Encontrado	https://alphafold.ebi.ac.uk/entry/P43004
SLC1A2	missense_variant	likely benign	1360598399	P43004	rs1360598399	R115C	0.997		P43004	Excitatory amino acid transporter 2	Homo sapiens	Encontrado	https://alphafold.ebi.ac.uk/entry/P43004
SLC1A2	missense_variant	likely benign	1360598399	P43004	rs1360598399	R115C	0.0		P43004	Excitatory amino acid transporter 2	Homo sapiens	Encontrado	https://alphafold.ebi.ac.uk/entry/P43004
SLC1A2	missense_variant	uncertain significance, likely benign	1364953579	P43004	rs1364953579	P201L	0.003		P43004	Excitatory amino acid transporter 2	Homo sapiens	Encontrado	https://alphafold.ebi.ac.uk/entry/P43004
SLC1A2	missense_variant	uncertain significance, likely benign	1364953579	P43004	rs1364953579	P201L	0.55		P43004	Excitatory amino acid transporter 2	Homo sapiens	Encontrado	https://alphafold.ebi.ac.uk/entry/P43004
SLC1A2	missense_variant	uncertain significance, likely benign	1364953579	P43004	rs1364953579	P201L	0.003		P43004	Excitatory amino acid transporter 2	Homo sapiens	Encontrado	https://alphafold.ebi.ac.uk/entry/P43004
SLC1A2	missense_variant	uncertain significance, likely benign	1364953579	P43004	rs1364953579	P201L	0.83		P43004	Excitatory amino acid transporter 2	Homo sapiens	Encontrado	https://alphafold.ebi.ac.uk/entry/P43004
SLC1A2	missense_variant		1364967510						P43004	Excitatory amino acid transporter 2	Homo sapiens	Encontrado	https://alphafold.ebi.ac.uk/entry/P43004
SLC1A2	missense_variant		1366811247						P43004	Excitatory amino acid transporter 2	Homo sapiens	Encontrado	https://alphafold.ebi.ac.uk/entry/P43004
SLC1A2	missense_variant	uncertain significance	1368885873	P43004	rs1368885873	I514T	0.096		P43004	Excitatory amino acid transporter 2	Homo sapiens	Encontrado	https://alphafold.ebi.ac.uk/entry/P43004
SLC1A2	missense_variant	uncertain significance	1368885873	P43004	rs1368885873	I514T	0.16		P43004	Excitatory amino acid transporter 2	Homo sapiens	Encontrado	https://alphafold.ebi.ac.uk/entry/P43004
SLC1A2	missense_variant		1370987569						P43004	Excitatory amino acid transporter 2	Homo sapiens	Encontrado	https://alphafold.ebi.ac.uk/entry/P43004
SLC1A2	missense_variant		1372447737						P43004	Excitatory amino acid transporter 2	Homo sapiens	Encontrado	https://alphafold.ebi.ac.uk/entry/P43004
SLC1A2	missense_variant	uncertain significance	1373316652						P43004	Excitatory amino acid transporter 2	Homo sapiens	Encontrado	https://alphafold.ebi.ac.uk/entry/P43004
SLC1A2	missense_variant		1380160869						P43004	Excitatory amino acid transporter 2	Homo sapiens	Encontrado	https://alphafold.ebi.ac.uk/entry/P43004
SLC1A2	missense_variant		1381697417						P43004	Excitatory amino acid transporter 2	Homo sapiens	Encontrado	https://alphafold.ebi.ac.uk/entry/P43004
SLC1A2	missense_variant		1382690605						P43004	Excitatory amino acid transporter 2	Homo sapiens	Encontrado	https://alphafold.ebi.ac.uk/entry/P43004
SLC1A2	missense_variant		1384850189						P43004	Excitatory amino acid transporter 2	Homo sapiens	Encontrado	https://alphafold.ebi.ac.uk/entry/P43004
SLC1A2	missense_variant		138489411						P43004	Excitatory amino acid transporter 2	Homo sapiens	Encontrado	https://alphafold.ebi.ac.uk/entry/P43004
SLC1A2	missense_variant	uncertain significance	1385126459	P43004	rs1385126459	G34V	0.006		P43004	Excitatory amino acid transporter 2	Homo sapiens	Encontrado	https://alphafold.ebi.ac.uk/entry/P43004
SLC1A2	missense_variant	uncertain significance	1385126459	P43004	rs1385126459	G34V	0.65		P43004	Excitatory amino acid transporter 2	Homo sapiens	Encontrado	https://alphafold.ebi.ac.uk/entry/P43004
SLC1A2	missense_variant	uncertain significance	1388208451	P43004	rs1388208451	T48P	0.181		P43004	Excitatory amino acid transporter 2	Homo sapiens	Encontrado	https://alphafold.ebi.ac.uk/entry/P43004
SLC1A2	missense_variant	uncertain significance	1388208451	P43004	rs1388208451	T48P	0.07		P43004	Excitatory amino acid transporter 2	Homo sapiens	Encontrado	https://alphafold.ebi.ac.uk/entry/P43004
SLC1A2	missense_variant	benign	138860120	P43004	rs138860120	A255T	0.028		P43004	Excitatory amino acid transporter 2	Homo sapiens	Encontrado	https://alphafold.ebi.ac.uk/entry/P43004
SLC1A2	missense_variant	benign	138860120	P43004	rs138860120	A255T	0.05		P43004	Excitatory amino acid transporter 2	Homo sapiens	Encontrado	https://alphafold.ebi.ac.uk/entry/P43004
SLC1A2	missense_variant	benign	138860120	P43004	rs138860120	A255T	0.027		P43004	Excitatory amino acid transporter 2	Homo sapiens	Encontrado	https://alphafold.ebi.ac.uk/entry/P43004
SLC1A2	missense_variant	benign	138860120	P43004	rs138860120	A255T	0.07		P43004	Excitatory amino acid transporter 2	Homo sapiens	Encontrado	https://alphafold.ebi.ac.uk/entry/P43004
SLC1A2	missense_variant		139129919						P43004	Excitatory amino acid transporter 2	Homo sapiens	Encontrado	https://alphafold.ebi.ac.uk/entry/P43004
SLC1A2	missense_variant		1394343355						P43004	Excitatory amino acid transporter 2	Homo sapiens	Encontrado	https://alphafold.ebi.ac.uk/entry/P43004
SLC1A2	missense_variant		139470190						P43004	Excitatory amino acid transporter 2	Homo sapiens	Encontrado	https://alphafold.ebi.ac.uk/entry/P43004
SLC1A2	missense_variant	uncertain significance	1399573077	P43004	rs1399573077	G323V	0.998		P43004	Excitatory amino acid transporter 2	Homo sapiens	Encontrado	https://alphafold.ebi.ac.uk/entry/P43004
SLC1A2	missense_variant	uncertain significance	1399573077	P43004	rs1399573077	G323V	0.0		P43004	Excitatory amino acid transporter 2	Homo sapiens	Encontrado	https://alphafold.ebi.ac.uk/entry/P43004
SLC1A2	missense_variant	uncertain significance	1400780690	P43004	rs1400780690	E203K	0.085		P43004	Excitatory amino acid transporter 2	Homo sapiens	Encontrado	https://alphafold.ebi.ac.uk/entry/P43004
SLC1A2	missense_variant	uncertain significance	1400780690	P43004	rs1400780690	E203K	0.66		P43004	Excitatory amino acid transporter 2	Homo sapiens	Encontrado	https://alphafold.ebi.ac.uk/entry/P43004
SLC1A2	missense_variant	uncertain significance	1400780690	P43004	rs1400780690	E203K	0.083		P43004	Excitatory amino acid transporter 2	Homo sapiens	Encontrado	https://alphafold.ebi.ac.uk/entry/P43004
SLC1A2	missense_variant	uncertain significance	1400780690	P43004	rs1400780690	E203K	0.5		P43004	Excitatory amino acid transporter 2	Homo sapiens	Encontrado	https://alphafold.ebi.ac.uk/entry/P43004
SLC1A2	missense_variant		1404726119						P43004	Excitatory amino acid transporter 2	Homo sapiens	Encontrado	https://alphafold.ebi.ac.uk/entry/P43004
SLC1A2	missense_variant		1407055708						P43004	Excitatory amino acid transporter 2	Homo sapiens	Encontrado	https://alphafold.ebi.ac.uk/entry/P43004
SLC1A2	missense_variant	uncertain significance	1407916356						P43004	Excitatory amino acid transporter 2	Homo sapiens	Encontrado	https://alphafold.ebi.ac.uk/entry/P43004
SLC1A2	missense_variant		1410311488						P43004	Excitatory amino acid transporter 2	Homo sapiens	Encontrado	https://alphafold.ebi.ac.uk/entry/P43004
SLC1A2	missense_variant		1413973106						P43004	Excitatory amino acid transporter 2	Homo sapiens	Encontrado	https://alphafold.ebi.ac.uk/entry/P43004
SLC1A2	missense_variant	uncertain significance	1414576568						P43004	Excitatory amino acid transporter 2	Homo sapiens	Encontrado	https://alphafold.ebi.ac.uk/entry/P43004
SLC1A2	missense_variant	uncertain significance	141600268	P43004	rs141600268	V538I	0.0		P43004	Excitatory amino acid transporter 2	Homo sapiens	Encontrado	https://alphafold.ebi.ac.uk/entry/P43004
SLC1A2	missense_variant	uncertain significance	141600268	P43004	rs141600268	V538I	0.15		P43004	Excitatory amino acid transporter 2	Homo sapiens	Encontrado	https://alphafold.ebi.ac.uk/entry/P43004
SLC1A2	missense_variant		1420487804						P43004	Excitatory amino acid transporter 2	Homo sapiens	Encontrado	https://alphafold.ebi.ac.uk/entry/P43004
SLC1A2	missense_variant		1420935373						P43004	Excitatory amino acid transporter 2	Homo sapiens	Encontrado	https://alphafold.ebi.ac.uk/entry/P43004
SLC1A2	missense_variant	uncertain significance	1421744497						P43004	Excitatory amino acid transporter 2	Homo sapiens	Encontrado	https://alphafold.ebi.ac.uk/entry/P43004
SLC1A2	missense_variant		142374967						P43004	Excitatory amino acid transporter 2	Homo sapiens	Encontrado	https://alphafold.ebi.ac.uk/entry/P43004
SLC1A2	missense_variant		1426825615						P43004	Excitatory amino acid transporter 2	Homo sapiens	Encontrado	https://alphafold.ebi.ac.uk/entry/P43004
SLC1A2	missense_variant	uncertain significance, likely benign	142741081	P43004	rs142741081	P223L	0.003		P43004	Excitatory amino acid transporter 2	Homo sapiens	Encontrado	https://alphafold.ebi.ac.uk/entry/P43004
SLC1A2	missense_variant	uncertain significance, likely benign	142741081	P43004	rs142741081	P223L	0.07		P43004	Excitatory amino acid transporter 2	Homo sapiens	Encontrado	https://alphafold.ebi.ac.uk/entry/P43004
SLC1A2	missense_variant	uncertain significance, likely benign	142741081	P43004	rs142741081	P223Q	0.006		P43004	Excitatory amino acid transporter 2	Homo sapiens	Encontrado	https://alphafold.ebi.ac.uk/entry/P43004
SLC1A2	missense_variant	uncertain significance, likely benign	142741081	P43004	rs142741081	P223Q	0.1		P43004	Excitatory amino acid transporter 2	Homo sapiens	Encontrado	https://alphafold.ebi.ac.uk/entry/P43004
SLC1A2	missense_variant		1428165114	P43004	rs1428165114	N271K	0.474		P43004	Excitatory amino acid transporter 2	Homo sapiens	Encontrado	https://alphafold.ebi.ac.uk/entry/P43004
SLC1A2	missense_variant		1428165114	P43004	rs1428165114	N271K	0.05		P43004	Excitatory amino acid transporter 2	Homo sapiens	Encontrado	https://alphafold.ebi.ac.uk/entry/P43004
SLC1A2	missense_variant		1428165114	P43004	rs1428165114	N271K	0.485		P43004	Excitatory amino acid transporter 2	Homo sapiens	Encontrado	https://alphafold.ebi.ac.uk/entry/P43004
SLC1A2	missense_variant		1428165114	P43004	rs1428165114	N271K	0.06		P43004	Excitatory amino acid transporter 2	Homo sapiens	Encontrado	https://alphafold.ebi.ac.uk/entry/P43004
SLC1A2	missense_variant		1429810428						P43004	Excitatory amino acid transporter 2	Homo sapiens	Encontrado	https://alphafold.ebi.ac.uk/entry/P43004
SLC1A2	missense_variant	likely pathogenic	1431104151						P43004	Excitatory amino acid transporter 2	Homo sapiens	Encontrado	https://alphafold.ebi.ac.uk/entry/P43004
SLC1A2	missense_variant		1431916894						P43004	Excitatory amino acid transporter 2	Homo sapiens	Encontrado	https://alphafold.ebi.ac.uk/entry/P43004
SLC1A2	missense_variant		1440888500						P43004	Excitatory amino acid transporter 2	Homo sapiens	Encontrado	https://alphafold.ebi.ac.uk/entry/P43004
SLC1A2	missense_variant	uncertain significance	144194604	P43004	rs144194604	R119K	0.454		P43004	Excitatory amino acid transporter 2	Homo sapiens	Encontrado	https://alphafold.ebi.ac.uk/entry/P43004
SLC1A2	missense_variant	uncertain significance	144194604	P43004	rs144194604	R119K	0.03		P43004	Excitatory amino acid transporter 2	Homo sapiens	Encontrado	https://alphafold.ebi.ac.uk/entry/P43004
SLC1A2	missense_variant	uncertain significance	144357056	P43004	rs144357056	V547A	0.015		P43004	Excitatory amino acid transporter 2	Homo sapiens	Encontrado	https://alphafold.ebi.ac.uk/entry/P43004
SLC1A2	missense_variant	uncertain significance	144357056	P43004	rs144357056	V547A	0.16		P43004	Excitatory amino acid transporter 2	Homo sapiens	Encontrado	https://alphafold.ebi.ac.uk/entry/P43004
SLC1A2	missense_variant	uncertain significance	1444017721						P43004	Excitatory amino acid transporter 2	Homo sapiens	Encontrado	https://alphafold.ebi.ac.uk/entry/P43004
SLC1A2	missense_variant		1446884701						P43004	Excitatory amino acid transporter 2	Homo sapiens	Encontrado	https://alphafold.ebi.ac.uk/entry/P43004
SLC1A2	missense_variant		145275821	P43004	rs145275821	R384C	1.0		P43004	Excitatory amino acid transporter 2	Homo sapiens	Encontrado	https://alphafold.ebi.ac.uk/entry/P43004
SLC1A2	missense_variant		145275821	P43004	rs145275821	R384C	0.0		P43004	Excitatory amino acid transporter 2	Homo sapiens	Encontrado	https://alphafold.ebi.ac.uk/entry/P43004
SLC1A2	missense_variant		145275821	P43004	rs145275821	R384C	1.0		P43004	Excitatory amino acid transporter 2	Homo sapiens	Encontrado	https://alphafold.ebi.ac.uk/entry/P43004
SLC1A2	missense_variant		145275821	P43004	rs145275821	R384C	0.0		P43004	Excitatory amino acid transporter 2	Homo sapiens	Encontrado	https://alphafold.ebi.ac.uk/entry/P43004
SLC1A2	missense_variant		1456955466						P43004	Excitatory amino acid transporter 2	Homo sapiens	Encontrado	https://alphafold.ebi.ac.uk/entry/P43004
SLC1A2	missense_variant	uncertain significance, likely benign	145827578	P43004	rs145827578	G6S	0.0		P43004	Excitatory amino acid transporter 2	Homo sapiens	Encontrado	https://alphafold.ebi.ac.uk/entry/P43004
SLC1A2	missense_variant	uncertain significance, likely benign	145827578	P43004	rs145827578	G6S	0.59		P43004	Excitatory amino acid transporter 2	Homo sapiens	Encontrado	https://alphafold.ebi.ac.uk/entry/P43004
SLC1A2	missense_variant		145835590						P43004	Excitatory amino acid transporter 2	Homo sapiens	Encontrado	https://alphafold.ebi.ac.uk/entry/P43004
SLC1A2	missense_variant	uncertain significance, benign	1460321025	P43004	rs1460321025	V74A	0.007		P43004	Excitatory amino acid transporter 2	Homo sapiens	Encontrado	https://alphafold.ebi.ac.uk/entry/P43004
SLC1A2	missense_variant	uncertain significance, benign	1460321025	P43004	rs1460321025	V74A	0.88		P43004	Excitatory amino acid transporter 2	Homo sapiens	Encontrado	https://alphafold.ebi.ac.uk/entry/P43004
SLC1A2	missense_variant		1460881897						P43004	Excitatory amino acid transporter 2	Homo sapiens	Encontrado	https://alphafold.ebi.ac.uk/entry/P43004
SLC1A2	missense_variant		1462275712						P43004	Excitatory amino acid transporter 2	Homo sapiens	Encontrado	https://alphafold.ebi.ac.uk/entry/P43004
SLC1A2	missense_variant		1465037797						P43004	Excitatory amino acid transporter 2	Homo sapiens	Encontrado	https://alphafold.ebi.ac.uk/entry/P43004
SLC1A2	missense_variant	likely benign	146728719	P43004	rs146728719	T192M	0.666		P43004	Excitatory amino acid transporter 2	Homo sapiens	Encontrado	https://alphafold.ebi.ac.uk/entry/P43004
SLC1A2	missense_variant	likely benign	146728719	P43004	rs146728719	T192M	0.19		P43004	Excitatory amino acid transporter 2	Homo sapiens	Encontrado	https://alphafold.ebi.ac.uk/entry/P43004
SLC1A2	missense_variant	likely benign	146728719	P43004	rs146728719	T192M	0.662		P43004	Excitatory amino acid transporter 2	Homo sapiens	Encontrado	https://alphafold.ebi.ac.uk/entry/P43004
SLC1A2	missense_variant	likely benign	146728719	P43004	rs146728719	T192M	0.19		P43004	Excitatory amino acid transporter 2	Homo sapiens	Encontrado	https://alphafold.ebi.ac.uk/entry/P43004
SLC1A2	missense_variant		1467416467						P43004	Excitatory amino acid transporter 2	Homo sapiens	Encontrado	https://alphafold.ebi.ac.uk/entry/P43004
SLC1A2	missense_variant		1468820226						P43004	Excitatory amino acid transporter 2	Homo sapiens	Encontrado	https://alphafold.ebi.ac.uk/entry/P43004
SLC1A2	missense_variant		1472625766						P43004	Excitatory amino acid transporter 2	Homo sapiens	Encontrado	https://alphafold.ebi.ac.uk/entry/P43004
SLC1A2	missense_variant	likely benign	147645566	P43004	rs147645566	R373H	0.986		P43004	Excitatory amino acid transporter 2	Homo sapiens	Encontrado	https://alphafold.ebi.ac.uk/entry/P43004
SLC1A2	missense_variant	likely benign	147645566	P43004	rs147645566	R373H	0.03		P43004	Excitatory amino acid transporter 2	Homo sapiens	Encontrado	https://alphafold.ebi.ac.uk/entry/P43004
SLC1A2	missense_variant	likely benign	147645566	P43004	rs147645566	R373H	0.985		P43004	Excitatory amino acid transporter 2	Homo sapiens	Encontrado	https://alphafold.ebi.ac.uk/entry/P43004
SLC1A2	missense_variant	likely benign	147645566	P43004	rs147645566	R373H	0.01		P43004	Excitatory amino acid transporter 2	Homo sapiens	Encontrado	https://alphafold.ebi.ac.uk/entry/P43004
SLC1A2	missense_variant		1479675212						P43004	Excitatory amino acid transporter 2	Homo sapiens	Encontrado	https://alphafold.ebi.ac.uk/entry/P43004
SLC1A2	missense_variant		1480549839						P43004	Excitatory amino acid transporter 2	Homo sapiens	Encontrado	https://alphafold.ebi.ac.uk/entry/P43004
SLC1A2	missense_variant		1486168335						P43004	Excitatory amino acid transporter 2	Homo sapiens	Encontrado	https://alphafold.ebi.ac.uk/entry/P43004
SLC1A2	missense_variant	benign, likely benign	148795275	P43004	rs148795275	A541G	0.0		P43004	Excitatory amino acid transporter 2	Homo sapiens	Encontrado	https://alphafold.ebi.ac.uk/entry/P43004
SLC1A2	missense_variant	benign, likely benign	148795275	P43004	rs148795275	A541G	0.42		P43004	Excitatory amino acid transporter 2	Homo sapiens	Encontrado	https://alphafold.ebi.ac.uk/entry/P43004
SLC1A2	missense_variant	uncertain significance	148824240						P43004	Excitatory amino acid transporter 2	Homo sapiens	Encontrado	https://alphafold.ebi.ac.uk/entry/P43004
SLC1A2	missense_variant		1488793620						P43004	Excitatory amino acid transporter 2	Homo sapiens	Encontrado	https://alphafold.ebi.ac.uk/entry/P43004
SLC1A2	missense_variant	uncertain significance	149609715	P43004	rs149609715	V565I	0.0		P43004	Excitatory amino acid transporter 2	Homo sapiens	Encontrado	https://alphafold.ebi.ac.uk/entry/P43004
SLC1A2	missense_variant	uncertain significance	149609715	P43004	rs149609715	V565I	0.19		P43004	Excitatory amino acid transporter 2	Homo sapiens	Encontrado	https://alphafold.ebi.ac.uk/entry/P43004
SLC1A2	missense_variant	benign, likely benign	150854080	P43004	rs150854080	K194E	0.18		P43004	Excitatory amino acid transporter 2	Homo sapiens	Encontrado	https://alphafold.ebi.ac.uk/entry/P43004
SLC1A2	missense_variant	benign, likely benign	150854080	P43004	rs150854080	K194E	0.07		P43004	Excitatory amino acid transporter 2	Homo sapiens	Encontrado	https://alphafold.ebi.ac.uk/entry/P43004
SLC1A2	missense_variant		1565225603						P43004	Excitatory amino acid transporter 2	Homo sapiens	Encontrado	https://alphafold.ebi.ac.uk/entry/P43004
SLC1A2	missense_variant		1591397126						P43004	Excitatory amino acid transporter 2	Homo sapiens	Encontrado	https://alphafold.ebi.ac.uk/entry/P43004
SLC1A2	missense_variant		1591397149						P43004	Excitatory amino acid transporter 2	Homo sapiens	Encontrado	https://alphafold.ebi.ac.uk/entry/P43004
SLC1A2	missense_variant		1591421779						P43004	Excitatory amino acid transporter 2	Homo sapiens	Encontrado	https://alphafold.ebi.ac.uk/entry/P43004
SLC1A2	missense_variant	uncertain significance	1591421831	P43004	rs1591421831	L451V	0.268		P43004	Excitatory amino acid transporter 2	Homo sapiens	Encontrado	https://alphafold.ebi.ac.uk/entry/P43004
SLC1A2	missense_variant	uncertain significance	1591421831	P43004	rs1591421831	L451V	0.07		P43004	Excitatory amino acid transporter 2	Homo sapiens	Encontrado	https://alphafold.ebi.ac.uk/entry/P43004
SLC1A2	missense_variant		1591422003						P43004	Excitatory amino acid transporter 2	Homo sapiens	Encontrado	https://alphafold.ebi.ac.uk/entry/P43004
SLC1A2	missense_variant		1591429862						P43004	Excitatory amino acid transporter 2	Homo sapiens	Encontrado	https://alphafold.ebi.ac.uk/entry/P43004
SLC1A2	missense_variant	uncertain significance	1591436563						P43004	Excitatory amino acid transporter 2	Homo sapiens	Encontrado	https://alphafold.ebi.ac.uk/entry/P43004
SLC1A2	missense_variant		1591446327						P43004	Excitatory amino acid transporter 2	Homo sapiens	Encontrado	https://alphafold.ebi.ac.uk/entry/P43004
SLC1A2	missense_variant		1591460006						P43004	Excitatory amino acid transporter 2	Homo sapiens	Encontrado	https://alphafold.ebi.ac.uk/entry/P43004
SLC1A2	missense_variant		1665506410						P43004	Excitatory amino acid transporter 2	Homo sapiens	Encontrado	https://alphafold.ebi.ac.uk/entry/P43004
SLC1A2	missense_variant		1666012804						P43004	Excitatory amino acid transporter 2	Homo sapiens	Encontrado	https://alphafold.ebi.ac.uk/entry/P43004
SLC1A2	missense_variant	benign	180817412	P43004	rs180817412	V195D	0.284		P43004	Excitatory amino acid transporter 2	Homo sapiens	Encontrado	https://alphafold.ebi.ac.uk/entry/P43004
SLC1A2	missense_variant	benign	180817412	P43004	rs180817412	V195D	0.03		P43004	Excitatory amino acid transporter 2	Homo sapiens	Encontrado	https://alphafold.ebi.ac.uk/entry/P43004
SLC1A2	missense_variant	likely benign	182693757	P43004	rs182693757	C537S	0.0		P43004	Excitatory amino acid transporter 2	Homo sapiens	Encontrado	https://alphafold.ebi.ac.uk/entry/P43004
SLC1A2	missense_variant	likely benign	182693757	P43004	rs182693757	C537S	0.36		P43004	Excitatory amino acid transporter 2	Homo sapiens	Encontrado	https://alphafold.ebi.ac.uk/entry/P43004
SLC1A2	missense_variant		183917052						P43004	Excitatory amino acid transporter 2	Homo sapiens	Encontrado	https://alphafold.ebi.ac.uk/entry/P43004
SLC1A2	missense_variant		1850612620						P43004	Excitatory amino acid transporter 2	Homo sapiens	Encontrado	https://alphafold.ebi.ac.uk/entry/P43004
SLC1A2	missense_variant		1850613369						P43004	Excitatory amino acid transporter 2	Homo sapiens	Encontrado	https://alphafold.ebi.ac.uk/entry/P43004
SLC1A2	missense_variant		1850834342						P43004	Excitatory amino acid transporter 2	Homo sapiens	Encontrado	https://alphafold.ebi.ac.uk/entry/P43004
SLC1A2	missense_variant		1850834457						P43004	Excitatory amino acid transporter 2	Homo sapiens	Encontrado	https://alphafold.ebi.ac.uk/entry/P43004
SLC1A2	missense_variant		1850838430						P43004	Excitatory amino acid transporter 2	Homo sapiens	Encontrado	https://alphafold.ebi.ac.uk/entry/P43004
SLC1A2	missense_variant		1850841141						P43004	Excitatory amino acid transporter 2	Homo sapiens	Encontrado	https://alphafold.ebi.ac.uk/entry/P43004
SLC1A2	missense_variant		1851035366						P43004	Excitatory amino acid transporter 2	Homo sapiens	Encontrado	https://alphafold.ebi.ac.uk/entry/P43004
SLC1A2	missense_variant	uncertain significance	1851035772	P43004	rs1851035772	A349V	0.009		P43004	Excitatory amino acid transporter 2	Homo sapiens	Encontrado	https://alphafold.ebi.ac.uk/entry/P43004
SLC1A2	missense_variant	uncertain significance	1851035772	P43004	rs1851035772	A349V	0.47		P43004	Excitatory amino acid transporter 2	Homo sapiens	Encontrado	https://alphafold.ebi.ac.uk/entry/P43004
SLC1A2	missense_variant		1851036339						P43004	Excitatory amino acid transporter 2	Homo sapiens	Encontrado	https://alphafold.ebi.ac.uk/entry/P43004
SLC1A2	missense_variant		1851037166						P43004	Excitatory amino acid transporter 2	Homo sapiens	Encontrado	https://alphafold.ebi.ac.uk/entry/P43004
SLC1A2	missense_variant	uncertain significance	1851037351						P43004	Excitatory amino acid transporter 2	Homo sapiens	Encontrado	https://alphafold.ebi.ac.uk/entry/P43004
SLC1A2	missense_variant		1851037457						P43004	Excitatory amino acid transporter 2	Homo sapiens	Encontrado	https://alphafold.ebi.ac.uk/entry/P43004
SLC1A2	missense_variant		1851037534						P43004	Excitatory amino acid transporter 2	Homo sapiens	Encontrado	https://alphafold.ebi.ac.uk/entry/P43004
SLC1A2	missense_variant	uncertain significance	1851038858	P43004	rs1851038858	I321V	0.043		P43004	Excitatory amino acid transporter 2	Homo sapiens	Encontrado	https://alphafold.ebi.ac.uk/entry/P43004
SLC1A2	missense_variant	uncertain significance	1851038858	P43004	rs1851038858	I321V	0.16		P43004	Excitatory amino acid transporter 2	Homo sapiens	Encontrado	https://alphafold.ebi.ac.uk/entry/P43004
SLC1A2	missense_variant	benign	1851039192	P43004	rs1851039192	M317T	0.971		P43004	Excitatory amino acid transporter 2	Homo sapiens	Encontrado	https://alphafold.ebi.ac.uk/entry/P43004
SLC1A2	missense_variant	benign	1851039192	P43004	rs1851039192	M317T	0.01		P43004	Excitatory amino acid transporter 2	Homo sapiens	Encontrado	https://alphafold.ebi.ac.uk/entry/P43004
SLC1A2	missense_variant	likely benign	1851039295	P43004	rs1851039295	M317V	0.411		P43004	Excitatory amino acid transporter 2	Homo sapiens	Encontrado	https://alphafold.ebi.ac.uk/entry/P43004
SLC1A2	missense_variant	likely benign	1851039295	P43004	rs1851039295	M317V	0.02		P43004	Excitatory amino acid transporter 2	Homo sapiens	Encontrado	https://alphafold.ebi.ac.uk/entry/P43004
SLC1A2	missense_variant		1851041965						P43004	Excitatory amino acid transporter 2	Homo sapiens	Encontrado	https://alphafold.ebi.ac.uk/entry/P43004
SLC1A2	missense_variant		1851355378						P43004	Excitatory amino acid transporter 2	Homo sapiens	Encontrado	https://alphafold.ebi.ac.uk/entry/P43004
SLC1A2	missense_variant		1851355995						P43004	Excitatory amino acid transporter 2	Homo sapiens	Encontrado	https://alphafold.ebi.ac.uk/entry/P43004
SLC1A2	missense_variant		1851358346						P43004	Excitatory amino acid transporter 2	Homo sapiens	Encontrado	https://alphafold.ebi.ac.uk/entry/P43004
SLC1A2	missense_variant		1851358540						P43004	Excitatory amino acid transporter 2	Homo sapiens	Encontrado	https://alphafold.ebi.ac.uk/entry/P43004
SLC1A2	missense_variant		1851359760						P43004	Excitatory amino acid transporter 2	Homo sapiens	Encontrado	https://alphafold.ebi.ac.uk/entry/P43004
SLC1A2	missense_variant		1851495217						P43004	Excitatory amino acid transporter 2	Homo sapiens	Encontrado	https://alphafold.ebi.ac.uk/entry/P43004
SLC1A2	missense_variant		1851495762						P43004	Excitatory amino acid transporter 2	Homo sapiens	Encontrado	https://alphafold.ebi.ac.uk/entry/P43004
SLC1A2	missense_variant	uncertain significance	1851496113	P43004	rs1851496113	K227T	0.001		P43004	Excitatory amino acid transporter 2	Homo sapiens	Encontrado	https://alphafold.ebi.ac.uk/entry/P43004
SLC1A2	missense_variant	uncertain significance	1851496113	P43004	rs1851496113	K227T	0.58		P43004	Excitatory amino acid transporter 2	Homo sapiens	Encontrado	https://alphafold.ebi.ac.uk/entry/P43004
SLC1A2	missense_variant		1851497241						P43004	Excitatory amino acid transporter 2	Homo sapiens	Encontrado	https://alphafold.ebi.ac.uk/entry/P43004
SLC1A2	missense_variant		1851497902						P43004	Excitatory amino acid transporter 2	Homo sapiens	Encontrado	https://alphafold.ebi.ac.uk/entry/P43004
SLC1A2	missense_variant	benign	1851499216	P43004	rs1851499216	N206S	0.018		P43004	Excitatory amino acid transporter 2	Homo sapiens	Encontrado	https://alphafold.ebi.ac.uk/entry/P43004
SLC1A2	missense_variant	benign	1851499216	P43004	rs1851499216	N206S	0.06		P43004	Excitatory amino acid transporter 2	Homo sapiens	Encontrado	https://alphafold.ebi.ac.uk/entry/P43004
SLC1A2	missense_variant	uncertain significance	1851499436	P43004	rs1851499436	A205T	0.001		P43004	Excitatory amino acid transporter 2	Homo sapiens	Encontrado	https://alphafold.ebi.ac.uk/entry/P43004
SLC1A2	missense_variant	uncertain significance	1851499436	P43004	rs1851499436	A205T	0.87		P43004	Excitatory amino acid transporter 2	Homo sapiens	Encontrado	https://alphafold.ebi.ac.uk/entry/P43004
SLC1A2	missense_variant	uncertain significance	1851499526	P43004	rs1851499526	E203D	0.003		P43004	Excitatory amino acid transporter 2	Homo sapiens	Encontrado	https://alphafold.ebi.ac.uk/entry/P43004
SLC1A2	missense_variant	uncertain significance	1851499526	P43004	rs1851499526	E203D	0.49		P43004	Excitatory amino acid transporter 2	Homo sapiens	Encontrado	https://alphafold.ebi.ac.uk/entry/P43004
SLC1A2	missense_variant	uncertain significance	1851500477						P43004	Excitatory amino acid transporter 2	Homo sapiens	Encontrado	https://alphafold.ebi.ac.uk/entry/P43004
SLC1A2	missense_variant		1851500756						P43004	Excitatory amino acid transporter 2	Homo sapiens	Encontrado	https://alphafold.ebi.ac.uk/entry/P43004
SLC1A2	missense_variant		1851501675						P43004	Excitatory amino acid transporter 2	Homo sapiens	Encontrado	https://alphafold.ebi.ac.uk/entry/P43004
SLC1A2	missense_variant		1851730021						P43004	Excitatory amino acid transporter 2	Homo sapiens	Encontrado	https://alphafold.ebi.ac.uk/entry/P43004
SLC1A2	missense_variant	uncertain significance	1851730211	P43004	rs1851730211	A167G	0.964		P43004	Excitatory amino acid transporter 2	Homo sapiens	Encontrado	https://alphafold.ebi.ac.uk/entry/P43004
SLC1A2	missense_variant	uncertain significance	1851730211	P43004	rs1851730211	A167G	0.0		P43004	Excitatory amino acid transporter 2	Homo sapiens	Encontrado	https://alphafold.ebi.ac.uk/entry/P43004
SLC1A2	missense_variant	uncertain significance	1851730752	P43004	rs1851730752	K157E	0.003		P43004	Excitatory amino acid transporter 2	Homo sapiens	Encontrado	https://alphafold.ebi.ac.uk/entry/P43004
SLC1A2	missense_variant	uncertain significance	1851730752	P43004	rs1851730752	K157E	0.82		P43004	Excitatory amino acid transporter 2	Homo sapiens	Encontrado	https://alphafold.ebi.ac.uk/entry/P43004
SLC1A2	missense_variant		1851732150						P43004	Excitatory amino acid transporter 2	Homo sapiens	Encontrado	https://alphafold.ebi.ac.uk/entry/P43004
SLC1A2	missense_variant		1851732774						P43004	Excitatory amino acid transporter 2	Homo sapiens	Encontrado	https://alphafold.ebi.ac.uk/entry/P43004
SLC1A2	missense_variant	uncertain significance, likely benign	1851734643	P43004	rs1851734643	I130N	0.909		P43004	Excitatory amino acid transporter 2	Homo sapiens	Encontrado	https://alphafold.ebi.ac.uk/entry/P43004
SLC1A2	missense_variant	uncertain significance, likely benign	1851734643	P43004	rs1851734643	I130N	0.0		P43004	Excitatory amino acid transporter 2	Homo sapiens	Encontrado	https://alphafold.ebi.ac.uk/entry/P43004
SLC1A2	missense_variant	uncertain significance, likely benign	1851734643	P43004	rs1851734643	I130T	0.68		P43004	Excitatory amino acid transporter 2	Homo sapiens	Encontrado	https://alphafold.ebi.ac.uk/entry/P43004
SLC1A2	missense_variant	uncertain significance, likely benign	1851734643	P43004	rs1851734643	I130T	0.02		P43004	Excitatory amino acid transporter 2	Homo sapiens	Encontrado	https://alphafold.ebi.ac.uk/entry/P43004
SLC1A2	missense_variant	uncertain significance	1851735113						P43004	Excitatory amino acid transporter 2	Homo sapiens	Encontrado	https://alphafold.ebi.ac.uk/entry/P43004
SLC1A2	missense_variant		1851737183						P43004	Excitatory amino acid transporter 2	Homo sapiens	Encontrado	https://alphafold.ebi.ac.uk/entry/P43004
SLC1A2	missense_variant		1851826691						P43004	Excitatory amino acid transporter 2	Homo sapiens	Encontrado	https://alphafold.ebi.ac.uk/entry/P43004
SLC1A2	missense_variant		1851829064						P43004	Excitatory amino acid transporter 2	Homo sapiens	Encontrado	https://alphafold.ebi.ac.uk/entry/P43004
SLC1A2	missense_variant	uncertain significance	1851829409						P43004	Excitatory amino acid transporter 2	Homo sapiens	Encontrado	https://alphafold.ebi.ac.uk/entry/P43004
SLC1A2	missense_variant		1851829504						P43004	Excitatory amino acid transporter 2	Homo sapiens	Encontrado	https://alphafold.ebi.ac.uk/entry/P43004
SLC1A2	missense_variant		1851829719						P43004	Excitatory amino acid transporter 2	Homo sapiens	Encontrado	https://alphafold.ebi.ac.uk/entry/P43004
SLC1A2	missense_variant		1851830271						P43004	Excitatory amino acid transporter 2	Homo sapiens	Encontrado	https://alphafold.ebi.ac.uk/entry/P43004
SLC1A2	missense_variant	uncertain significance	1851917611	P43004	rs1851917611	L47V	0.939		P43004	Excitatory amino acid transporter 2	Homo sapiens	Encontrado	https://alphafold.ebi.ac.uk/entry/P43004
SLC1A2	missense_variant	uncertain significance	1851917611	P43004	rs1851917611	L47V	0.06		P43004	Excitatory amino acid transporter 2	Homo sapiens	Encontrado	https://alphafold.ebi.ac.uk/entry/P43004
SLC1A2	missense_variant		1851918125						P43004	Excitatory amino acid transporter 2	Homo sapiens	Encontrado	https://alphafold.ebi.ac.uk/entry/P43004
SLC1A2	missense_variant		1851918383						P43004	Excitatory amino acid transporter 2	Homo sapiens	Encontrado	https://alphafold.ebi.ac.uk/entry/P43004
SLC1A2	missense_variant		1851918581						P43004	Excitatory amino acid transporter 2	Homo sapiens	Encontrado	https://alphafold.ebi.ac.uk/entry/P43004
SLC1A2	missense_variant		1851919777						P43004	Excitatory amino acid transporter 2	Homo sapiens	Encontrado	https://alphafold.ebi.ac.uk/entry/P43004
SLC1A2	missense_variant		1851921372						P43004	Excitatory amino acid transporter 2	Homo sapiens	Encontrado	https://alphafold.ebi.ac.uk/entry/P43004
SLC1A2	missense_variant		1950383377						P43004	Excitatory amino acid transporter 2	Homo sapiens	Encontrado	https://alphafold.ebi.ac.uk/entry/P43004
SLC1A2	missense_variant		1950383957						P43004	Excitatory amino acid transporter 2	Homo sapiens	Encontrado	https://alphafold.ebi.ac.uk/entry/P43004
SLC1A2	missense_variant	likely benign	1950384151						P43004	Excitatory amino acid transporter 2	Homo sapiens	Encontrado	https://alphafold.ebi.ac.uk/entry/P43004
SLC1A2	missense_variant	uncertain significance	1950467310	P43004	rs1950467310	D548V	0.454		P43004	Excitatory amino acid transporter 2	Homo sapiens	Encontrado	https://alphafold.ebi.ac.uk/entry/P43004
SLC1A2	missense_variant	uncertain significance	1950467310	P43004	rs1950467310	D548V	0.0		P43004	Excitatory amino acid transporter 2	Homo sapiens	Encontrado	https://alphafold.ebi.ac.uk/entry/P43004
SLC1A2	missense_variant	uncertain significance	1950467771	P43004	rs1950467771	H542Q	0.001		P43004	Excitatory amino acid transporter 2	Homo sapiens	Encontrado	https://alphafold.ebi.ac.uk/entry/P43004
SLC1A2	missense_variant	uncertain significance	1950467771	P43004	rs1950467771	H542Q	0.19		P43004	Excitatory amino acid transporter 2	Homo sapiens	Encontrado	https://alphafold.ebi.ac.uk/entry/P43004
SLC1A2	missense_variant		1950468824						P43004	Excitatory amino acid transporter 2	Homo sapiens	Encontrado	https://alphafold.ebi.ac.uk/entry/P43004
SLC1A2	missense_variant		1950470694						P43004	Excitatory amino acid transporter 2	Homo sapiens	Encontrado	https://alphafold.ebi.ac.uk/entry/P43004
SLC1A2	missense_variant		1950471817						P43004	Excitatory amino acid transporter 2	Homo sapiens	Encontrado	https://alphafold.ebi.ac.uk/entry/P43004
SLC1A2	missense_variant	benign, likely benign	199599866	P43004	rs199599866	R31Q	0.0		P43004	Excitatory amino acid transporter 2	Homo sapiens	Encontrado	https://alphafold.ebi.ac.uk/entry/P43004
SLC1A2	missense_variant	benign, likely benign	199599866	P43004	rs199599866	R31Q	0.32		P43004	Excitatory amino acid transporter 2	Homo sapiens	Encontrado	https://alphafold.ebi.ac.uk/entry/P43004
SLC1A2	missense_variant		199730814						P43004	Excitatory amino acid transporter 2	Homo sapiens	Encontrado	https://alphafold.ebi.ac.uk/entry/P43004
SLC1A2	missense_variant		199796604						P43004	Excitatory amino acid transporter 2	Homo sapiens	Encontrado	https://alphafold.ebi.ac.uk/entry/P43004
SLC1A2	missense_variant		200401722						P43004	Excitatory amino acid transporter 2	Homo sapiens	Encontrado	https://alphafold.ebi.ac.uk/entry/P43004
SLC1A2	missense_variant	uncertain significance	200531195	P43004	rs200531195	P200L	0.001		P43004	Excitatory amino acid transporter 2	Homo sapiens	Encontrado	https://alphafold.ebi.ac.uk/entry/P43004
SLC1A2	missense_variant	uncertain significance	200531195	P43004	rs200531195	P200L	0.25		P43004	Excitatory amino acid transporter 2	Homo sapiens	Encontrado	https://alphafold.ebi.ac.uk/entry/P43004
SLC1A2	missense_variant	uncertain significance, benign	200754925	P43004	rs200754925	R115H	0.993		P43004	Excitatory amino acid transporter 2	Homo sapiens	Encontrado	https://alphafold.ebi.ac.uk/entry/P43004
SLC1A2	missense_variant	uncertain significance, benign	200754925	P43004	rs200754925	R115H	0.03		P43004	Excitatory amino acid transporter 2	Homo sapiens	Encontrado	https://alphafold.ebi.ac.uk/entry/P43004
SLC1A2	missense_variant	uncertain significance, benign, likely benign	201446570	P43004	rs201446570	M259I	0.05		P43004	Excitatory amino acid transporter 2	Homo sapiens	Encontrado	https://alphafold.ebi.ac.uk/entry/P43004
SLC1A2	missense_variant	uncertain significance, benign, likely benign	201446570	P43004	rs201446570	M259I	0.07		P43004	Excitatory amino acid transporter 2	Homo sapiens	Encontrado	https://alphafold.ebi.ac.uk/entry/P43004
SLC1A2	missense_variant	uncertain significance	201454950	P43004	rs201454950	C563S	0.014		P43004	Excitatory amino acid transporter 2	Homo sapiens	Encontrado	https://alphafold.ebi.ac.uk/entry/P43004
SLC1A2	missense_variant	uncertain significance	201454950	P43004	rs201454950	C563S	0.35		P43004	Excitatory amino acid transporter 2	Homo sapiens	Encontrado	https://alphafold.ebi.ac.uk/entry/P43004
SLC1A2	missense_variant	uncertain significance	2134587600	P43004	rs2134587600	W570S	0.274		P43004	Excitatory amino acid transporter 2	Homo sapiens	Encontrado	https://alphafold.ebi.ac.uk/entry/P43004
SLC1A2	missense_variant	uncertain significance	2134587600	P43004	rs2134587600	W570S	0.01		P43004	Excitatory amino acid transporter 2	Homo sapiens	Encontrado	https://alphafold.ebi.ac.uk/entry/P43004
SLC1A2	missense_variant		2134587774						P43004	Excitatory amino acid transporter 2	Homo sapiens	Encontrado	https://alphafold.ebi.ac.uk/entry/P43004
SLC1A2	missense_variant		2134587872						P43004	Excitatory amino acid transporter 2	Homo sapiens	Encontrado	https://alphafold.ebi.ac.uk/entry/P43004
SLC1A2	missense_variant		2134610110						P43004	Excitatory amino acid transporter 2	Homo sapiens	Encontrado	https://alphafold.ebi.ac.uk/entry/P43004
SLC1A2	missense_variant	uncertain significance	2134611324	P43004	rs2134611324	S499Y	0.059		P43004	Excitatory amino acid transporter 2	Homo sapiens	Encontrado	https://alphafold.ebi.ac.uk/entry/P43004
SLC1A2	missense_variant	uncertain significance	2134611324	P43004	rs2134611324	S499Y	0.03		P43004	Excitatory amino acid transporter 2	Homo sapiens	Encontrado	https://alphafold.ebi.ac.uk/entry/P43004
SLC1A2	missense_variant	uncertain significance	2134686100	P43004	rs2134686100	S441G	0.624		P43004	Excitatory amino acid transporter 2	Homo sapiens	Encontrado	https://alphafold.ebi.ac.uk/entry/P43004
SLC1A2	missense_variant	uncertain significance	2134686100	P43004	rs2134686100	S441G	0.02		P43004	Excitatory amino acid transporter 2	Homo sapiens	Encontrado	https://alphafold.ebi.ac.uk/entry/P43004
SLC1A2	missense_variant	likely benign	2134686296	P43004	rs2134686296	V437A	0.731		P43004	Excitatory amino acid transporter 2	Homo sapiens	Encontrado	https://alphafold.ebi.ac.uk/entry/P43004
SLC1A2	missense_variant	likely benign	2134686296	P43004	rs2134686296	V437A	0.0		P43004	Excitatory amino acid transporter 2	Homo sapiens	Encontrado	https://alphafold.ebi.ac.uk/entry/P43004
SLC1A2	missense_variant	uncertain significance	2134717681	P43004	rs2134717681	G422A	0.003		P43004	Excitatory amino acid transporter 2	Homo sapiens	Encontrado	https://alphafold.ebi.ac.uk/entry/P43004
SLC1A2	missense_variant	uncertain significance	2134717681	P43004	rs2134717681	G422A	0.52		P43004	Excitatory amino acid transporter 2	Homo sapiens	Encontrado	https://alphafold.ebi.ac.uk/entry/P43004
SLC1A2	missense_variant	uncertain significance	2134717681	P43004	rs2134717681	G422E	0.297		P43004	Excitatory amino acid transporter 2	Homo sapiens	Encontrado	https://alphafold.ebi.ac.uk/entry/P43004
SLC1A2	missense_variant	uncertain significance	2134717681	P43004	rs2134717681	G422E	0.27		P43004	Excitatory amino acid transporter 2	Homo sapiens	Encontrado	https://alphafold.ebi.ac.uk/entry/P43004
SLC1A2	missense_variant		2134717950						P43004	Excitatory amino acid transporter 2	Homo sapiens	Encontrado	https://alphafold.ebi.ac.uk/entry/P43004
SLC1A2	missense_variant		2134717974						P43004	Excitatory amino acid transporter 2	Homo sapiens	Encontrado	https://alphafold.ebi.ac.uk/entry/P43004
SLC1A2	missense_variant		2134717994						P43004	Excitatory amino acid transporter 2	Homo sapiens	Encontrado	https://alphafold.ebi.ac.uk/entry/P43004
SLC1A2	missense_variant	uncertain significance	2134718012	P43004	rs2134718012	F411V	0.997		P43004	Excitatory amino acid transporter 2	Homo sapiens	Encontrado	https://alphafold.ebi.ac.uk/entry/P43004
SLC1A2	missense_variant	uncertain significance	2134718012	P43004	rs2134718012	F411V	0.0		P43004	Excitatory amino acid transporter 2	Homo sapiens	Encontrado	https://alphafold.ebi.ac.uk/entry/P43004
SLC1A2	missense_variant		2134718032						P43004	Excitatory amino acid transporter 2	Homo sapiens	Encontrado	https://alphafold.ebi.ac.uk/entry/P43004
SLC1A2	missense_variant		2134718101						P43004	Excitatory amino acid transporter 2	Homo sapiens	Encontrado	https://alphafold.ebi.ac.uk/entry/P43004
SLC1A2	missense_variant		2134718313						P43004	Excitatory amino acid transporter 2	Homo sapiens	Encontrado	https://alphafold.ebi.ac.uk/entry/P43004
SLC1A2	missense_variant		2134718366						P43004	Excitatory amino acid transporter 2	Homo sapiens	Encontrado	https://alphafold.ebi.ac.uk/entry/P43004
SLC1A2	missense_variant		2134718427						P43004	Excitatory amino acid transporter 2	Homo sapiens	Encontrado	https://alphafold.ebi.ac.uk/entry/P43004
SLC1A2	missense_variant	uncertain significance	2134718515						P43004	Excitatory amino acid transporter 2	Homo sapiens	Encontrado	https://alphafold.ebi.ac.uk/entry/P43004
SLC1A2	missense_variant	uncertain significance	2134718690	P43004	rs2134718690	T386I	0.999		P43004	Excitatory amino acid transporter 2	Homo sapiens	Encontrado	https://alphafold.ebi.ac.uk/entry/P43004
SLC1A2	missense_variant	uncertain significance	2134718690	P43004	rs2134718690	T386I	0.0		P43004	Excitatory amino acid transporter 2	Homo sapiens	Encontrado	https://alphafold.ebi.ac.uk/entry/P43004
SLC1A2	missense_variant		2134718831						P43004	Excitatory amino acid transporter 2	Homo sapiens	Encontrado	https://alphafold.ebi.ac.uk/entry/P43004
SLC1A2	missense_variant	uncertain significance	2134718908	P43004	rs2134718908	E376Q	0.999		P43004	Excitatory amino acid transporter 2	Homo sapiens	Encontrado	https://alphafold.ebi.ac.uk/entry/P43004
SLC1A2	missense_variant	uncertain significance	2134718908	P43004	rs2134718908	E376Q	0.0		P43004	Excitatory amino acid transporter 2	Homo sapiens	Encontrado	https://alphafold.ebi.ac.uk/entry/P43004
SLC1A2	missense_variant	uncertain significance	2134719101	P43004	rs2134719101	P369A	1.0		P43004	Excitatory amino acid transporter 2	Homo sapiens	Encontrado	https://alphafold.ebi.ac.uk/entry/P43004
SLC1A2	missense_variant	uncertain significance	2134719101	P43004	rs2134719101	P369A	0.0		P43004	Excitatory amino acid transporter 2	Homo sapiens	Encontrado	https://alphafold.ebi.ac.uk/entry/P43004
SLC1A2	missense_variant		2134719133						P43004	Excitatory amino acid transporter 2	Homo sapiens	Encontrado	https://alphafold.ebi.ac.uk/entry/P43004
SLC1A2	missense_variant	uncertain significance	2134719181	P43004	rs2134719181	A365S	0.567		P43004	Excitatory amino acid transporter 2	Homo sapiens	Encontrado	https://alphafold.ebi.ac.uk/entry/P43004
SLC1A2	missense_variant	uncertain significance	2134719181	P43004	rs2134719181	A365S	0.22		P43004	Excitatory amino acid transporter 2	Homo sapiens	Encontrado	https://alphafold.ebi.ac.uk/entry/P43004
SLC1A2	missense_variant	likely benign	2134799540	P43004	rs2134799540	D268N	0.081		P43004	Excitatory amino acid transporter 2	Homo sapiens	Encontrado	https://alphafold.ebi.ac.uk/entry/P43004
SLC1A2	missense_variant	likely benign	2134799540	P43004	rs2134799540	D268N	0.07		P43004	Excitatory amino acid transporter 2	Homo sapiens	Encontrado	https://alphafold.ebi.ac.uk/entry/P43004
SLC1A2	missense_variant	uncertain significance	2134828170	P43004	rs2134828170	E235A	0.24		P43004	Excitatory amino acid transporter 2	Homo sapiens	Encontrado	https://alphafold.ebi.ac.uk/entry/P43004
SLC1A2	missense_variant	uncertain significance	2134828170	P43004	rs2134828170	E235A	0.17		P43004	Excitatory amino acid transporter 2	Homo sapiens	Encontrado	https://alphafold.ebi.ac.uk/entry/P43004
SLC1A2	missense_variant	uncertain significance	2134829418	P43004	rs2134829418	V195F	0.927		P43004	Excitatory amino acid transporter 2	Homo sapiens	Encontrado	https://alphafold.ebi.ac.uk/entry/P43004
SLC1A2	missense_variant	uncertain significance	2134829418	P43004	rs2134829418	V195F	0.03		P43004	Excitatory amino acid transporter 2	Homo sapiens	Encontrado	https://alphafold.ebi.ac.uk/entry/P43004
SLC1A2	missense_variant		2134871084						P43004	Excitatory amino acid transporter 2	Homo sapiens	Encontrado	https://alphafold.ebi.ac.uk/entry/P43004
SLC1A2	missense_variant	uncertain significance	2134871359	P43004	rs2134871359	G107D	0.914		P43004	Excitatory amino acid transporter 2	Homo sapiens	Encontrado	https://alphafold.ebi.ac.uk/entry/P43004
SLC1A2	missense_variant	uncertain significance	2134871359	P43004	rs2134871359	G107D	0.01		P43004	Excitatory amino acid transporter 2	Homo sapiens	Encontrado	https://alphafold.ebi.ac.uk/entry/P43004
SLC1A2	missense_variant	uncertain significance	2134887083	P43004	rs2134887083	I102V	0.451		P43004	Excitatory amino acid transporter 2	Homo sapiens	Encontrado	https://alphafold.ebi.ac.uk/entry/P43004
SLC1A2	missense_variant	uncertain significance	2134887083	P43004	rs2134887083	I102V	0.12		P43004	Excitatory amino acid transporter 2	Homo sapiens	Encontrado	https://alphafold.ebi.ac.uk/entry/P43004
SLC1A2	missense_variant	uncertain significance	2134887494	P43004	rs2134887494	A79T	0.24		P43004	Excitatory amino acid transporter 2	Homo sapiens	Encontrado	https://alphafold.ebi.ac.uk/entry/P43004
SLC1A2	missense_variant	uncertain significance	2134887494	P43004	rs2134887494	A79T	0.04		P43004	Excitatory amino acid transporter 2	Homo sapiens	Encontrado	https://alphafold.ebi.ac.uk/entry/P43004
SLC1A2	missense_variant		2134904130						P43004	Excitatory amino acid transporter 2	Homo sapiens	Encontrado	https://alphafold.ebi.ac.uk/entry/P43004
SLC1A2	missense_variant	uncertain significance	2497581339						P43004	Excitatory amino acid transporter 2	Homo sapiens	Encontrado	https://alphafold.ebi.ac.uk/entry/P43004
SLC1A2	missense_variant	uncertain significance	2497581709						P43004	Excitatory amino acid transporter 2	Homo sapiens	Encontrado	https://alphafold.ebi.ac.uk/entry/P43004
SLC1A2	missense_variant	likely pathogenic	2497617328						P43004	Excitatory amino acid transporter 2	Homo sapiens	Encontrado	https://alphafold.ebi.ac.uk/entry/P43004
SLC1A2	missense_variant	uncertain significance	2497617764						P43004	Excitatory amino acid transporter 2	Homo sapiens	Encontrado	https://alphafold.ebi.ac.uk/entry/P43004
SLC1A2	missense_variant	uncertain significance	2497617788						P43004	Excitatory amino acid transporter 2	Homo sapiens	Encontrado	https://alphafold.ebi.ac.uk/entry/P43004
SLC1A2	missense_variant	benign	2497618071						P43004	Excitatory amino acid transporter 2	Homo sapiens	Encontrado	https://alphafold.ebi.ac.uk/entry/P43004
SLC1A2	missense_variant	benign	2497619043						P43004	Excitatory amino acid transporter 2	Homo sapiens	Encontrado	https://alphafold.ebi.ac.uk/entry/P43004
SLC1A2	missense_variant	uncertain significance	2497619200						P43004	Excitatory amino acid transporter 2	Homo sapiens	Encontrado	https://alphafold.ebi.ac.uk/entry/P43004
SLC1A2	missense_variant	benign	2497620556						P43004	Excitatory amino acid transporter 2	Homo sapiens	Encontrado	https://alphafold.ebi.ac.uk/entry/P43004
SLC1A2	missense_variant	likely benign	2497706977	P43004	rs2497706977	G458D	0.914		P43004	Excitatory amino acid transporter 2	Homo sapiens	Encontrado	https://alphafold.ebi.ac.uk/entry/P43004
SLC1A2	missense_variant	likely benign	2497706977	P43004	rs2497706977	G458D	0.0		P43004	Excitatory amino acid transporter 2	Homo sapiens	Encontrado	https://alphafold.ebi.ac.uk/entry/P43004
SLC1A2	missense_variant	uncertain significance	2497707947						P43004	Excitatory amino acid transporter 2	Homo sapiens	Encontrado	https://alphafold.ebi.ac.uk/entry/P43004
SLC1A2	missense_variant	uncertain significance	2497743508						P43004	Excitatory amino acid transporter 2	Homo sapiens	Encontrado	https://alphafold.ebi.ac.uk/entry/P43004
SLC1A2	missense_variant	uncertain significance	2497743608						P43004	Excitatory amino acid transporter 2	Homo sapiens	Encontrado	https://alphafold.ebi.ac.uk/entry/P43004
SLC1A2	missense_variant	uncertain significance	2497772802						P43004	Excitatory amino acid transporter 2	Homo sapiens	Encontrado	https://alphafold.ebi.ac.uk/entry/P43004
SLC1A2	missense_variant	likely benign	2497772853	P43004	rs2497772853	A358T	0.999		P43004	Excitatory amino acid transporter 2	Homo sapiens	Encontrado	https://alphafold.ebi.ac.uk/entry/P43004
SLC1A2	missense_variant	likely benign	2497772853	P43004	rs2497772853	A358T	0.0		P43004	Excitatory amino acid transporter 2	Homo sapiens	Encontrado	https://alphafold.ebi.ac.uk/entry/P43004
SLC1A2	missense_variant	uncertain significance	2497773540						P43004	Excitatory amino acid transporter 2	Homo sapiens	Encontrado	https://alphafold.ebi.ac.uk/entry/P43004
SLC1A2	missense_variant	uncertain significance	2497773754						P43004	Excitatory amino acid transporter 2	Homo sapiens	Encontrado	https://alphafold.ebi.ac.uk/entry/P43004
SLC1A2	missense_variant	uncertain significance	2497773965						P43004	Excitatory amino acid transporter 2	Homo sapiens	Encontrado	https://alphafold.ebi.ac.uk/entry/P43004
SLC1A2	missense_variant	uncertain significance	2497774098						P43004	Excitatory amino acid transporter 2	Homo sapiens	Encontrado	https://alphafold.ebi.ac.uk/entry/P43004
SLC1A2	missense_variant	likely pathogenic	2497774921						P43004	Excitatory amino acid transporter 2	Homo sapiens	Encontrado	https://alphafold.ebi.ac.uk/entry/P43004
SLC1A2	missense_variant	uncertain significance	2497829311						P43004	Excitatory amino acid transporter 2	Homo sapiens	Encontrado	https://alphafold.ebi.ac.uk/entry/P43004
SLC1A2	missense_variant	benign	2497830119						P43004	Excitatory amino acid transporter 2	Homo sapiens	Encontrado	https://alphafold.ebi.ac.uk/entry/P43004
SLC1A2	missense_variant	uncertain significance	2497830381						P43004	Excitatory amino acid transporter 2	Homo sapiens	Encontrado	https://alphafold.ebi.ac.uk/entry/P43004
SLC1A2	missense_variant	uncertain significance, likely pathogenic	2497859234						P43004	Excitatory amino acid transporter 2	Homo sapiens	Encontrado	https://alphafold.ebi.ac.uk/entry/P43004
SLC1A2	missense_variant	benign	2497859292						P43004	Excitatory amino acid transporter 2	Homo sapiens	Encontrado	https://alphafold.ebi.ac.uk/entry/P43004
SLC1A2	missense_variant	uncertain significance	2497859317						P43004	Excitatory amino acid transporter 2	Homo sapiens	Encontrado	https://alphafold.ebi.ac.uk/entry/P43004
SLC1A2	missense_variant	uncertain significance	2497860076						P43004	Excitatory amino acid transporter 2	Homo sapiens	Encontrado	https://alphafold.ebi.ac.uk/entry/P43004
SLC1A2	missense_variant	uncertain significance	2497860560						P43004	Excitatory amino acid transporter 2	Homo sapiens	Encontrado	https://alphafold.ebi.ac.uk/entry/P43004
SLC1A2	missense_variant	uncertain significance	2497902567	P43004	rs2497902567	D170N	0.999		P43004	Excitatory amino acid transporter 2	Homo sapiens	Encontrado	https://alphafold.ebi.ac.uk/entry/P43004
SLC1A2	missense_variant	uncertain significance	2497902567	P43004	rs2497902567	D170N	0.0		P43004	Excitatory amino acid transporter 2	Homo sapiens	Encontrado	https://alphafold.ebi.ac.uk/entry/P43004
SLC1A2	missense_variant	benign	2497903556						P43004	Excitatory amino acid transporter 2	Homo sapiens	Encontrado	https://alphafold.ebi.ac.uk/entry/P43004
SLC1A2	missense_variant	uncertain significance	2497904636						P43004	Excitatory amino acid transporter 2	Homo sapiens	Encontrado	https://alphafold.ebi.ac.uk/entry/P43004
SLC1A2	missense_variant	uncertain significance	2497922356						P43004	Excitatory amino acid transporter 2	Homo sapiens	Encontrado	https://alphafold.ebi.ac.uk/entry/P43004
SLC1A2	missense_variant	uncertain significance	2497922400						P43004	Excitatory amino acid transporter 2	Homo sapiens	Encontrado	https://alphafold.ebi.ac.uk/entry/P43004
SLC1A2	missense_variant	uncertain significance	2497922563						P43004	Excitatory amino acid transporter 2	Homo sapiens	Encontrado	https://alphafold.ebi.ac.uk/entry/P43004
SLC1A2	missense_variant	uncertain significance	2497942345						P43004	Excitatory amino acid transporter 2	Homo sapiens	Encontrado	https://alphafold.ebi.ac.uk/entry/P43004
SLC1A2	missense_variant	uncertain significance	2497943987						P43004	Excitatory amino acid transporter 2	Homo sapiens	Encontrado	https://alphafold.ebi.ac.uk/entry/P43004
SLC1A2	missense_variant	uncertain significance	2497944176						P43004	Excitatory amino acid transporter 2	Homo sapiens	Encontrado	https://alphafold.ebi.ac.uk/entry/P43004
SLC1A2	missense_variant		367650941						P43004	Excitatory amino acid transporter 2	Homo sapiens	Encontrado	https://alphafold.ebi.ac.uk/entry/P43004
SLC1A2	missense_variant		368951778						P43004	Excitatory amino acid transporter 2	Homo sapiens	Encontrado	https://alphafold.ebi.ac.uk/entry/P43004
SLC1A2	missense_variant	benign	369461963	P43004	rs369461963	A7V	0.968		P43004	Excitatory amino acid transporter 2	Homo sapiens	Encontrado	https://alphafold.ebi.ac.uk/entry/P43004
SLC1A2	missense_variant	benign	369461963	P43004	rs369461963	A7V	0.01		P43004	Excitatory amino acid transporter 2	Homo sapiens	Encontrado	https://alphafold.ebi.ac.uk/entry/P43004
SLC1A2	missense_variant	benign	369461963	P43004	rs369461963	A7V	0.137		P43004	Excitatory amino acid transporter 2	Homo sapiens	Encontrado	https://alphafold.ebi.ac.uk/entry/P43004
SLC1A2	missense_variant	benign	369461963	P43004	rs369461963	A7V	0.1		P43004	Excitatory amino acid transporter 2	Homo sapiens	Encontrado	https://alphafold.ebi.ac.uk/entry/P43004
SLC1A2	missense_variant	uncertain significance	369580266	P43004	rs369580266	H495Y	0.41		P43004	Excitatory amino acid transporter 2	Homo sapiens	Encontrado	https://alphafold.ebi.ac.uk/entry/P43004
SLC1A2	missense_variant	uncertain significance	369580266	P43004	rs369580266	H495Y	0.05		P43004	Excitatory amino acid transporter 2	Homo sapiens	Encontrado	https://alphafold.ebi.ac.uk/entry/P43004
SLC1A2	missense_variant	benign	370624992	P43004	rs370624992	V565A	0.01		P43004	Excitatory amino acid transporter 2	Homo sapiens	Encontrado	https://alphafold.ebi.ac.uk/entry/P43004
SLC1A2	missense_variant	benign	370624992	P43004	rs370624992	V565A	0.13		P43004	Excitatory amino acid transporter 2	Homo sapiens	Encontrado	https://alphafold.ebi.ac.uk/entry/P43004
SLC1A2	missense_variant	uncertain significance, likely benign	370702480	P43004	rs370702480	N206K	0.018		P43004	Excitatory amino acid transporter 2	Homo sapiens	Encontrado	https://alphafold.ebi.ac.uk/entry/P43004
SLC1A2	missense_variant	uncertain significance, likely benign	370702480	P43004	rs370702480	N206K	0.06		P43004	Excitatory amino acid transporter 2	Homo sapiens	Encontrado	https://alphafold.ebi.ac.uk/entry/P43004
SLC1A2	missense_variant		371351716	P43004	rs371351716	R65H	0.999		P43004	Excitatory amino acid transporter 2	Homo sapiens	Encontrado	https://alphafold.ebi.ac.uk/entry/P43004
SLC1A2	missense_variant		371351716	P43004	rs371351716	R65H	0.01		P43004	Excitatory amino acid transporter 2	Homo sapiens	Encontrado	https://alphafold.ebi.ac.uk/entry/P43004
SLC1A2	missense_variant		371351716	P43004	rs371351716	R65H	0.999		P43004	Excitatory amino acid transporter 2	Homo sapiens	Encontrado	https://alphafold.ebi.ac.uk/entry/P43004
SLC1A2	missense_variant		371351716	P43004	rs371351716	R65H	0.0		P43004	Excitatory amino acid transporter 2	Homo sapiens	Encontrado	https://alphafold.ebi.ac.uk/entry/P43004
SLC1A2	missense_variant	uncertain significance, likely benign	371540867	P43004	rs371540867	M18I	0.001		P43004	Excitatory amino acid transporter 2	Homo sapiens	Encontrado	https://alphafold.ebi.ac.uk/entry/P43004
SLC1A2	missense_variant	uncertain significance, likely benign	371540867	P43004	rs371540867	M18I	0.14		P43004	Excitatory amino acid transporter 2	Homo sapiens	Encontrado	https://alphafold.ebi.ac.uk/entry/P43004
SLC1A2	missense_variant	uncertain significance	372136335	P43004	rs372136335	T517S	0.0		P43004	Excitatory amino acid transporter 2	Homo sapiens	Encontrado	https://alphafold.ebi.ac.uk/entry/P43004
SLC1A2	missense_variant	uncertain significance	372136335	P43004	rs372136335	T517S	0.5		P43004	Excitatory amino acid transporter 2	Homo sapiens	Encontrado	https://alphafold.ebi.ac.uk/entry/P43004
SLC1A2	missense_variant	likely benign	372276804	P43004	rs372276804	V545D	0.223		P43004	Excitatory amino acid transporter 2	Homo sapiens	Encontrado	https://alphafold.ebi.ac.uk/entry/P43004
SLC1A2	missense_variant	likely benign	372276804	P43004	rs372276804	V545D	0.0		P43004	Excitatory amino acid transporter 2	Homo sapiens	Encontrado	https://alphafold.ebi.ac.uk/entry/P43004
SLC1A2	missense_variant	benign, likely benign	374090482	P43004	rs374090482	V437F	0.944		P43004	Excitatory amino acid transporter 2	Homo sapiens	Encontrado	https://alphafold.ebi.ac.uk/entry/P43004
SLC1A2	missense_variant	benign, likely benign	374090482	P43004	rs374090482	V437F	0.0		P43004	Excitatory amino acid transporter 2	Homo sapiens	Encontrado	https://alphafold.ebi.ac.uk/entry/P43004
SLC1A2	missense_variant	benign, likely benign	374090482	P43004	rs374090482	V437F	0.904		P43004	Excitatory amino acid transporter 2	Homo sapiens	Encontrado	https://alphafold.ebi.ac.uk/entry/P43004
SLC1A2	missense_variant	benign, likely benign	374090482	P43004	rs374090482	V437F	0.0		P43004	Excitatory amino acid transporter 2	Homo sapiens	Encontrado	https://alphafold.ebi.ac.uk/entry/P43004
SLC1A2	missense_variant	benign, likely benign	374090482	P43004	rs374090482	V437I	0.025		P43004	Excitatory amino acid transporter 2	Homo sapiens	Encontrado	https://alphafold.ebi.ac.uk/entry/P43004
SLC1A2	missense_variant	benign, likely benign	374090482	P43004	rs374090482	V437I	0.79		P43004	Excitatory amino acid transporter 2	Homo sapiens	Encontrado	https://alphafold.ebi.ac.uk/entry/P43004
SLC1A2	missense_variant	uncertain significance	374270312	P43004	rs374270312	Y494H	0.031		P43004	Excitatory amino acid transporter 2	Homo sapiens	Encontrado	https://alphafold.ebi.ac.uk/entry/P43004
SLC1A2	missense_variant	uncertain significance	374270312	P43004	rs374270312	Y494H	0.32		P43004	Excitatory amino acid transporter 2	Homo sapiens	Encontrado	https://alphafold.ebi.ac.uk/entry/P43004
SLC1A2	missense_variant	uncertain significance	374360036	P43004	rs374360036	I55F	0.031		P43004	Excitatory amino acid transporter 2	Homo sapiens	Encontrado	https://alphafold.ebi.ac.uk/entry/P43004
SLC1A2	missense_variant	uncertain significance	374360036	P43004	rs374360036	I55F	0.2		P43004	Excitatory amino acid transporter 2	Homo sapiens	Encontrado	https://alphafold.ebi.ac.uk/entry/P43004
SLC1A2	missense_variant	likely benign	374504230	P43004	rs374504230	R384H	1.0		P43004	Excitatory amino acid transporter 2	Homo sapiens	Encontrado	https://alphafold.ebi.ac.uk/entry/P43004
SLC1A2	missense_variant	likely benign	374504230	P43004	rs374504230	R384H	0.0		P43004	Excitatory amino acid transporter 2	Homo sapiens	Encontrado	https://alphafold.ebi.ac.uk/entry/P43004
SLC1A2	missense_variant	likely benign	374504230	P43004	rs374504230	R384H	1.0		P43004	Excitatory amino acid transporter 2	Homo sapiens	Encontrado	https://alphafold.ebi.ac.uk/entry/P43004
SLC1A2	missense_variant	likely benign	374504230	P43004	rs374504230	R384H	0.0		P43004	Excitatory amino acid transporter 2	Homo sapiens	Encontrado	https://alphafold.ebi.ac.uk/entry/P43004
SLC1A2	missense_variant	likely benign	374607076	P43004	rs374607076	N557S	0.028		P43004	Excitatory amino acid transporter 2	Homo sapiens	Encontrado	https://alphafold.ebi.ac.uk/entry/P43004
SLC1A2	missense_variant	likely benign	374607076	P43004	rs374607076	N557S	0.07		P43004	Excitatory amino acid transporter 2	Homo sapiens	Encontrado	https://alphafold.ebi.ac.uk/entry/P43004
SLC1A2	missense_variant	uncertain significance	375325526	P43004	rs375325526	H32D	0.0		P43004	Excitatory amino acid transporter 2	Homo sapiens	Encontrado	https://alphafold.ebi.ac.uk/entry/P43004
SLC1A2	missense_variant	uncertain significance	375325526	P43004	rs375325526	H32D	0.33		P43004	Excitatory amino acid transporter 2	Homo sapiens	Encontrado	https://alphafold.ebi.ac.uk/entry/P43004
SLC1A2	missense_variant		375355793						P43004	Excitatory amino acid transporter 2	Homo sapiens	Encontrado	https://alphafold.ebi.ac.uk/entry/P43004
SLC1A2	missense_variant	uncertain significance	376729426						P43004	Excitatory amino acid transporter 2	Homo sapiens	Encontrado	https://alphafold.ebi.ac.uk/entry/P43004
SLC1A2	missense_variant	uncertain significance, benign	377114527	P43004	rs377114527	Q13P	0.2		P43004	Excitatory amino acid transporter 2	Homo sapiens	Encontrado	https://alphafold.ebi.ac.uk/entry/P43004
SLC1A2	missense_variant	uncertain significance, benign	377114527	P43004	rs377114527	Q13P	0.0		P43004	Excitatory amino acid transporter 2	Homo sapiens	Encontrado	https://alphafold.ebi.ac.uk/entry/P43004
SLC1A2	missense_variant	uncertain significance	377377102	P43004	rs377377102	A210T	0.0		P43004	Excitatory amino acid transporter 2	Homo sapiens	Encontrado	https://alphafold.ebi.ac.uk/entry/P43004
SLC1A2	missense_variant	uncertain significance	377377102	P43004	rs377377102	A210T	0.68		P43004	Excitatory amino acid transporter 2	Homo sapiens	Encontrado	https://alphafold.ebi.ac.uk/entry/P43004
SLC1A2	missense_variant	uncertain significance, likely benign	377633002	P43004	rs377633002	A79D	0.24		P43004	Excitatory amino acid transporter 2	Homo sapiens	Encontrado	https://alphafold.ebi.ac.uk/entry/P43004
SLC1A2	missense_variant	uncertain significance, likely benign	377633002	P43004	rs377633002	A79D	0.0		P43004	Excitatory amino acid transporter 2	Homo sapiens	Encontrado	https://alphafold.ebi.ac.uk/entry/P43004
SLC1A2	missense_variant	uncertain significance, likely benign	377633002	P43004	rs377633002	A79G	0.006		P43004	Excitatory amino acid transporter 2	Homo sapiens	Encontrado	https://alphafold.ebi.ac.uk/entry/P43004
SLC1A2	missense_variant	uncertain significance, likely benign	377633002	P43004	rs377633002	A79G	0.2		P43004	Excitatory amino acid transporter 2	Homo sapiens	Encontrado	https://alphafold.ebi.ac.uk/entry/P43004
SLC1A2	missense_variant		377762353						P43004	Excitatory amino acid transporter 2	Homo sapiens	Encontrado	https://alphafold.ebi.ac.uk/entry/P43004
SLC1A2	missense_variant		529312950						P43004	Excitatory amino acid transporter 2	Homo sapiens	Encontrado	https://alphafold.ebi.ac.uk/entry/P43004
SLC1A2	missense_variant	uncertain significance	538543393	P43004	rs538543393	D73H	0.868		P43004	Excitatory amino acid transporter 2	Homo sapiens	Encontrado	https://alphafold.ebi.ac.uk/entry/P43004
SLC1A2	missense_variant	uncertain significance	538543393	P43004	rs538543393	D73H	0.01		P43004	Excitatory amino acid transporter 2	Homo sapiens	Encontrado	https://alphafold.ebi.ac.uk/entry/P43004
SLC1A2	missense_variant	uncertain significance	543443827	P43004	rs543443827	I504V	0.029		P43004	Excitatory amino acid transporter 2	Homo sapiens	Encontrado	https://alphafold.ebi.ac.uk/entry/P43004
SLC1A2	missense_variant	uncertain significance	543443827	P43004	rs543443827	I504V	0.11		P43004	Excitatory amino acid transporter 2	Homo sapiens	Encontrado	https://alphafold.ebi.ac.uk/entry/P43004
SLC1A2	missense_variant	uncertain significance, likely benign	552433198	P43004	rs552433198	S209R	0.04		P43004	Excitatory amino acid transporter 2	Homo sapiens	Encontrado	https://alphafold.ebi.ac.uk/entry/P43004
SLC1A2	missense_variant	uncertain significance, likely benign	552433198	P43004	rs552433198	S209R	0.45		P43004	Excitatory amino acid transporter 2	Homo sapiens	Encontrado	https://alphafold.ebi.ac.uk/entry/P43004
SLC1A2	missense_variant	likely benign	554669381	P43004	rs554669381	Y539C	0.245		P43004	Excitatory amino acid transporter 2	Homo sapiens	Encontrado	https://alphafold.ebi.ac.uk/entry/P43004
SLC1A2	missense_variant	likely benign	554669381	P43004	rs554669381	Y539C	0.01		P43004	Excitatory amino acid transporter 2	Homo sapiens	Encontrado	https://alphafold.ebi.ac.uk/entry/P43004
SLC1A2	missense_variant		569643718						P43004	Excitatory amino acid transporter 2	Homo sapiens	Encontrado	https://alphafold.ebi.ac.uk/entry/P43004
SLC1A2	missense_variant		71480070						P43004	Excitatory amino acid transporter 2	Homo sapiens	Encontrado	https://alphafold.ebi.ac.uk/entry/P43004
SLC1A2	missense_variant		745345905						P43004	Excitatory amino acid transporter 2	Homo sapiens	Encontrado	https://alphafold.ebi.ac.uk/entry/P43004
SLC1A2	missense_variant		746123027						P43004	Excitatory amino acid transporter 2	Homo sapiens	Encontrado	https://alphafold.ebi.ac.uk/entry/P43004
SLC1A2	missense_variant	uncertain significance	746359775	P43004	rs746359775	M259T	0.165		P43004	Excitatory amino acid transporter 2	Homo sapiens	Encontrado	https://alphafold.ebi.ac.uk/entry/P43004
SLC1A2	missense_variant	uncertain significance	746359775	P43004	rs746359775	M259T	0.02		P43004	Excitatory amino acid transporter 2	Homo sapiens	Encontrado	https://alphafold.ebi.ac.uk/entry/P43004
SLC1A2	missense_variant	uncertain significance	746687764	P43004	rs746687764	A394T	0.953		P43004	Excitatory amino acid transporter 2	Homo sapiens	Encontrado	https://alphafold.ebi.ac.uk/entry/P43004
SLC1A2	missense_variant	uncertain significance	746687764	P43004	rs746687764	A394T	0.0		P43004	Excitatory amino acid transporter 2	Homo sapiens	Encontrado	https://alphafold.ebi.ac.uk/entry/P43004
SLC1A2	missense_variant		746958194						P43004	Excitatory amino acid transporter 2	Homo sapiens	Encontrado	https://alphafold.ebi.ac.uk/entry/P43004
SLC1A2	missense_variant	uncertain significance	747003668	P43004	rs747003668	G329A	0.003		P43004	Excitatory amino acid transporter 2	Homo sapiens	Encontrado	https://alphafold.ebi.ac.uk/entry/P43004
SLC1A2	missense_variant	uncertain significance	747003668	P43004	rs747003668	G329A	0.25		P43004	Excitatory amino acid transporter 2	Homo sapiens	Encontrado	https://alphafold.ebi.ac.uk/entry/P43004
SLC1A2	missense_variant		747441252						P43004	Excitatory amino acid transporter 2	Homo sapiens	Encontrado	https://alphafold.ebi.ac.uk/entry/P43004
SLC1A2	missense_variant		748214938						P43004	Excitatory amino acid transporter 2	Homo sapiens	Encontrado	https://alphafold.ebi.ac.uk/entry/P43004
SLC1A2	missense_variant	uncertain significance	748305450	P43004	rs748305450	V392A	0.801		P43004	Excitatory amino acid transporter 2	Homo sapiens	Encontrado	https://alphafold.ebi.ac.uk/entry/P43004
SLC1A2	missense_variant	uncertain significance	748305450	P43004	rs748305450	V392A	0.0		P43004	Excitatory amino acid transporter 2	Homo sapiens	Encontrado	https://alphafold.ebi.ac.uk/entry/P43004
SLC1A2	missense_variant	uncertain significance	748628129	P43004	rs748628129	V457M	0.992		P43004	Excitatory amino acid transporter 2	Homo sapiens	Encontrado	https://alphafold.ebi.ac.uk/entry/P43004
SLC1A2	missense_variant	uncertain significance	748628129	P43004	rs748628129	V457M	0.0		P43004	Excitatory amino acid transporter 2	Homo sapiens	Encontrado	https://alphafold.ebi.ac.uk/entry/P43004
SLC1A2	missense_variant		748775177						P43004	Excitatory amino acid transporter 2	Homo sapiens	Encontrado	https://alphafold.ebi.ac.uk/entry/P43004
SLC1A2	missense_variant	likely benign	748945892						P43004	Excitatory amino acid transporter 2	Homo sapiens	Encontrado	https://alphafold.ebi.ac.uk/entry/P43004
SLC1A2	missense_variant		749193661						P43004	Excitatory amino acid transporter 2	Homo sapiens	Encontrado	https://alphafold.ebi.ac.uk/entry/P43004
SLC1A2	missense_variant	benign	750066118	P43004	rs750066118	M125L	0.031		P43004	Excitatory amino acid transporter 2	Homo sapiens	Encontrado	https://alphafold.ebi.ac.uk/entry/P43004
SLC1A2	missense_variant	benign	750066118	P43004	rs750066118	M125L	0.1		P43004	Excitatory amino acid transporter 2	Homo sapiens	Encontrado	https://alphafold.ebi.ac.uk/entry/P43004
SLC1A2	missense_variant	benign	750302174	P43004	rs750302174	I282V	0.005		P43004	Excitatory amino acid transporter 2	Homo sapiens	Encontrado	https://alphafold.ebi.ac.uk/entry/P43004
SLC1A2	missense_variant	benign	750302174	P43004	rs750302174	I282V	0.54		P43004	Excitatory amino acid transporter 2	Homo sapiens	Encontrado	https://alphafold.ebi.ac.uk/entry/P43004
SLC1A2	missense_variant	likely benign	750357702	P43004	rs750357702	R31W	0.229		P43004	Excitatory amino acid transporter 2	Homo sapiens	Encontrado	https://alphafold.ebi.ac.uk/entry/P43004
SLC1A2	missense_variant	likely benign	750357702	P43004	rs750357702	R31W	0.0		P43004	Excitatory amino acid transporter 2	Homo sapiens	Encontrado	https://alphafold.ebi.ac.uk/entry/P43004
SLC1A2	missense_variant	uncertain significance	750650650	P43004	rs750650650	D502G	0.046		P43004	Excitatory amino acid transporter 2	Homo sapiens	Encontrado	https://alphafold.ebi.ac.uk/entry/P43004
SLC1A2	missense_variant	uncertain significance	750650650	P43004	rs750650650	D502G	0.08		P43004	Excitatory amino acid transporter 2	Homo sapiens	Encontrado	https://alphafold.ebi.ac.uk/entry/P43004
SLC1A2	missense_variant	uncertain significance	751782700	P43004	rs751782700	F185L	0.27		P43004	Excitatory amino acid transporter 2	Homo sapiens	Encontrado	https://alphafold.ebi.ac.uk/entry/P43004
SLC1A2	missense_variant	uncertain significance	751782700	P43004	rs751782700	F185L	0.04		P43004	Excitatory amino acid transporter 2	Homo sapiens	Encontrado	https://alphafold.ebi.ac.uk/entry/P43004
SLC1A2	missense_variant		751787370						P43004	Excitatory amino acid transporter 2	Homo sapiens	Encontrado	https://alphafold.ebi.ac.uk/entry/P43004
SLC1A2	missense_variant	likely benign	752270584	P43004	rs752270584	A310T	0.872		P43004	Excitatory amino acid transporter 2	Homo sapiens	Encontrado	https://alphafold.ebi.ac.uk/entry/P43004
SLC1A2	missense_variant	likely benign	752270584	P43004	rs752270584	A310T	0.0		P43004	Excitatory amino acid transporter 2	Homo sapiens	Encontrado	https://alphafold.ebi.ac.uk/entry/P43004
SLC1A2	missense_variant	uncertain significance, benign	752426667	P43004	rs752426667	A349S	0.027		P43004	Excitatory amino acid transporter 2	Homo sapiens	Encontrado	https://alphafold.ebi.ac.uk/entry/P43004
SLC1A2	missense_variant	uncertain significance, benign	752426667	P43004	rs752426667	A349S	0.85		P43004	Excitatory amino acid transporter 2	Homo sapiens	Encontrado	https://alphafold.ebi.ac.uk/entry/P43004
SLC1A2	missense_variant	uncertain significance, benign	752426667	P43004	rs752426667	A349T	0.027		P43004	Excitatory amino acid transporter 2	Homo sapiens	Encontrado	https://alphafold.ebi.ac.uk/entry/P43004
SLC1A2	missense_variant	uncertain significance, benign	752426667	P43004	rs752426667	A349T	0.43		P43004	Excitatory amino acid transporter 2	Homo sapiens	Encontrado	https://alphafold.ebi.ac.uk/entry/P43004
SLC1A2	missense_variant		752435409						P43004	Excitatory amino acid transporter 2	Homo sapiens	Encontrado	https://alphafold.ebi.ac.uk/entry/P43004
SLC1A2	missense_variant		752767845						P43004	Excitatory amino acid transporter 2	Homo sapiens	Encontrado	https://alphafold.ebi.ac.uk/entry/P43004
SLC1A2	missense_variant	uncertain significance	752965234	P43004	rs752965234	D20N	0.021		P43004	Excitatory amino acid transporter 2	Homo sapiens	Encontrado	https://alphafold.ebi.ac.uk/entry/P43004
SLC1A2	missense_variant	uncertain significance	752965234	P43004	rs752965234	D20N	0.17		P43004	Excitatory amino acid transporter 2	Homo sapiens	Encontrado	https://alphafold.ebi.ac.uk/entry/P43004
SLC1A2	missense_variant		753221520						P43004	Excitatory amino acid transporter 2	Homo sapiens	Encontrado	https://alphafold.ebi.ac.uk/entry/P43004
SLC1A2	missense_variant	uncertain significance	753231273						P43004	Excitatory amino acid transporter 2	Homo sapiens	Encontrado	https://alphafold.ebi.ac.uk/entry/P43004
SLC1A2	missense_variant	likely benign	753664033	P43004	rs753664033	T461A	0.184		P43004	Excitatory amino acid transporter 2	Homo sapiens	Encontrado	https://alphafold.ebi.ac.uk/entry/P43004
SLC1A2	missense_variant	likely benign	753664033	P43004	rs753664033	T461A	0.05		P43004	Excitatory amino acid transporter 2	Homo sapiens	Encontrado	https://alphafold.ebi.ac.uk/entry/P43004
SLC1A2	missense_variant	uncertain significance	753690107	P43004	rs753690107	I303V	0.688		P43004	Excitatory amino acid transporter 2	Homo sapiens	Encontrado	https://alphafold.ebi.ac.uk/entry/P43004
SLC1A2	missense_variant	uncertain significance	753690107	P43004	rs753690107	I303V	0.02		P43004	Excitatory amino acid transporter 2	Homo sapiens	Encontrado	https://alphafold.ebi.ac.uk/entry/P43004
SLC1A2	missense_variant		754030215						P43004	Excitatory amino acid transporter 2	Homo sapiens	Encontrado	https://alphafold.ebi.ac.uk/entry/P43004
SLC1A2	missense_variant		754031992						P43004	Excitatory amino acid transporter 2	Homo sapiens	Encontrado	https://alphafold.ebi.ac.uk/entry/P43004
SLC1A2	missense_variant		754221505						P43004	Excitatory amino acid transporter 2	Homo sapiens	Encontrado	https://alphafold.ebi.ac.uk/entry/P43004
SLC1A2	missense_variant	uncertain significance	754805324	P43004	rs754805324	T118M	0.75		P43004	Excitatory amino acid transporter 2	Homo sapiens	Encontrado	https://alphafold.ebi.ac.uk/entry/P43004
SLC1A2	missense_variant	uncertain significance	754805324	P43004	rs754805324	T118M	0.47		P43004	Excitatory amino acid transporter 2	Homo sapiens	Encontrado	https://alphafold.ebi.ac.uk/entry/P43004
SLC1A2	missense_variant	uncertain significance	754805324	P43004	rs754805324	T118M	0.747		P43004	Excitatory amino acid transporter 2	Homo sapiens	Encontrado	https://alphafold.ebi.ac.uk/entry/P43004
SLC1A2	missense_variant	uncertain significance	754805324	P43004	rs754805324	T118M	0.11		P43004	Excitatory amino acid transporter 2	Homo sapiens	Encontrado	https://alphafold.ebi.ac.uk/entry/P43004
SLC1A2	missense_variant	uncertain significance	755396578						P43004	Excitatory amino acid transporter 2	Homo sapiens	Encontrado	https://alphafold.ebi.ac.uk/entry/P43004
SLC1A2	missense_variant	uncertain significance	755542207	P43004	rs755542207	N206D	0.018		P43004	Excitatory amino acid transporter 2	Homo sapiens	Encontrado	https://alphafold.ebi.ac.uk/entry/P43004
SLC1A2	missense_variant	uncertain significance	755542207	P43004	rs755542207	N206D	0.05		P43004	Excitatory amino acid transporter 2	Homo sapiens	Encontrado	https://alphafold.ebi.ac.uk/entry/P43004
SLC1A2	missense_variant		755832927						P43004	Excitatory amino acid transporter 2	Homo sapiens	Encontrado	https://alphafold.ebi.ac.uk/entry/P43004
SLC1A2	missense_variant		756269045						P43004	Excitatory amino acid transporter 2	Homo sapiens	Encontrado	https://alphafold.ebi.ac.uk/entry/P43004
SLC1A2	missense_variant	uncertain significance, benign, likely benign	756797732	P43004	rs756797732	P155S	0.0		P43004	Excitatory amino acid transporter 2	Homo sapiens	Encontrado	https://alphafold.ebi.ac.uk/entry/P43004
SLC1A2	missense_variant	uncertain significance, benign, likely benign	756797732	P43004	rs756797732	P155S	0.73		P43004	Excitatory amino acid transporter 2	Homo sapiens	Encontrado	https://alphafold.ebi.ac.uk/entry/P43004
SLC1A2	missense_variant	uncertain significance, benign, likely benign	756797732	P43004	rs756797732	P155T	0.0		P43004	Excitatory amino acid transporter 2	Homo sapiens	Encontrado	https://alphafold.ebi.ac.uk/entry/P43004
SLC1A2	missense_variant	uncertain significance, benign, likely benign	756797732	P43004	rs756797732	P155T	0.58		P43004	Excitatory amino acid transporter 2	Homo sapiens	Encontrado	https://alphafold.ebi.ac.uk/entry/P43004
SLC1A2	missense_variant		757056544						P43004	Excitatory amino acid transporter 2	Homo sapiens	Encontrado	https://alphafold.ebi.ac.uk/entry/P43004
SLC1A2	missense_variant		757250961						P43004	Excitatory amino acid transporter 2	Homo sapiens	Encontrado	https://alphafold.ebi.ac.uk/entry/P43004
SLC1A2	missense_variant		757426635						P43004	Excitatory amino acid transporter 2	Homo sapiens	Encontrado	https://alphafold.ebi.ac.uk/entry/P43004
SLC1A2	missense_variant	uncertain significance	758739605	P43004	rs758739605	S209N	0.0		P43004	Excitatory amino acid transporter 2	Homo sapiens	Encontrado	https://alphafold.ebi.ac.uk/entry/P43004
SLC1A2	missense_variant	uncertain significance	758739605	P43004	rs758739605	S209N	0.87		P43004	Excitatory amino acid transporter 2	Homo sapiens	Encontrado	https://alphafold.ebi.ac.uk/entry/P43004
SLC1A2	missense_variant		758933465						P43004	Excitatory amino acid transporter 2	Homo sapiens	Encontrado	https://alphafold.ebi.ac.uk/entry/P43004
SLC1A2	missense_variant	uncertain significance	759301527						P43004	Excitatory amino acid transporter 2	Homo sapiens	Encontrado	https://alphafold.ebi.ac.uk/entry/P43004
SLC1A2	missense_variant	uncertain significance	759379745	P43004	rs759379745	R509Q	0.003		P43004	Excitatory amino acid transporter 2	Homo sapiens	Encontrado	https://alphafold.ebi.ac.uk/entry/P43004
SLC1A2	missense_variant	uncertain significance	759379745	P43004	rs759379745	R509Q	0.46		P43004	Excitatory amino acid transporter 2	Homo sapiens	Encontrado	https://alphafold.ebi.ac.uk/entry/P43004
SLC1A2	missense_variant		759546019						P43004	Excitatory amino acid transporter 2	Homo sapiens	Encontrado	https://alphafold.ebi.ac.uk/entry/P43004
SLC1A2	missense_variant	likely benign	759587159	P43004	rs759587159	N216S	0.073		P43004	Excitatory amino acid transporter 2	Homo sapiens	Encontrado	https://alphafold.ebi.ac.uk/entry/P43004
SLC1A2	missense_variant	likely benign	759587159	P43004	rs759587159	N216S	0.08		P43004	Excitatory amino acid transporter 2	Homo sapiens	Encontrado	https://alphafold.ebi.ac.uk/entry/P43004
SLC1A2	missense_variant		759744010						P43004	Excitatory amino acid transporter 2	Homo sapiens	Encontrado	https://alphafold.ebi.ac.uk/entry/P43004
SLC1A2	missense_variant	likely benign	759848318	P43004	rs759848318	F185C	0.993		P43004	Excitatory amino acid transporter 2	Homo sapiens	Encontrado	https://alphafold.ebi.ac.uk/entry/P43004
SLC1A2	missense_variant	likely benign	759848318	P43004	rs759848318	F185C	0.01		P43004	Excitatory amino acid transporter 2	Homo sapiens	Encontrado	https://alphafold.ebi.ac.uk/entry/P43004
SLC1A2	missense_variant	likely benign	760172288	P43004	rs760172288	R572C	0.0		P43004	Excitatory amino acid transporter 2	Homo sapiens	Encontrado	https://alphafold.ebi.ac.uk/entry/P43004
SLC1A2	missense_variant	likely benign	760172288	P43004	rs760172288	R572C	0.22		P43004	Excitatory amino acid transporter 2	Homo sapiens	Encontrado	https://alphafold.ebi.ac.uk/entry/P43004
SLC1A2	missense_variant		760357402						P43004	Excitatory amino acid transporter 2	Homo sapiens	Encontrado	https://alphafold.ebi.ac.uk/entry/P43004
SLC1A2	missense_variant		760990712						P43004	Excitatory amino acid transporter 2	Homo sapiens	Encontrado	https://alphafold.ebi.ac.uk/entry/P43004
SLC1A2	missense_variant	benign	761065764	P43004	rs761065764	I130V	0.052		P43004	Excitatory amino acid transporter 2	Homo sapiens	Encontrado	https://alphafold.ebi.ac.uk/entry/P43004
SLC1A2	missense_variant	benign	761065764	P43004	rs761065764	I130V	0.1		P43004	Excitatory amino acid transporter 2	Homo sapiens	Encontrado	https://alphafold.ebi.ac.uk/entry/P43004
SLC1A2	missense_variant		761116029						P43004	Excitatory amino acid transporter 2	Homo sapiens	Encontrado	https://alphafold.ebi.ac.uk/entry/P43004
SLC1A2	missense_variant		761911378						P43004	Excitatory amino acid transporter 2	Homo sapiens	Encontrado	https://alphafold.ebi.ac.uk/entry/P43004
SLC1A2	missense_variant		762511208						P43004	Excitatory amino acid transporter 2	Homo sapiens	Encontrado	https://alphafold.ebi.ac.uk/entry/P43004
SLC1A2	missense_variant	likely benign	762720016	P43004	rs762720016	D513G	0.001		P43004	Excitatory amino acid transporter 2	Homo sapiens	Encontrado	https://alphafold.ebi.ac.uk/entry/P43004
SLC1A2	missense_variant	likely benign	762720016	P43004	rs762720016	D513G	0.11		P43004	Excitatory amino acid transporter 2	Homo sapiens	Encontrado	https://alphafold.ebi.ac.uk/entry/P43004
SLC1A2	missense_variant	uncertain significance	763488470	P43004	rs763488470	V547I	0.0		P43004	Excitatory amino acid transporter 2	Homo sapiens	Encontrado	https://alphafold.ebi.ac.uk/entry/P43004
SLC1A2	missense_variant	uncertain significance	763488470	P43004	rs763488470	V547I	0.93		P43004	Excitatory amino acid transporter 2	Homo sapiens	Encontrado	https://alphafold.ebi.ac.uk/entry/P43004
SLC1A2	missense_variant		763544753						P43004	Excitatory amino acid transporter 2	Homo sapiens	Encontrado	https://alphafold.ebi.ac.uk/entry/P43004
SLC1A2	missense_variant		763873231						P43004	Excitatory amino acid transporter 2	Homo sapiens	Encontrado	https://alphafold.ebi.ac.uk/entry/P43004
SLC1A2	missense_variant	uncertain significance	764182501	P43004	rs764182501	G438S	1.0		P43004	Excitatory amino acid transporter 2	Homo sapiens	Encontrado	https://alphafold.ebi.ac.uk/entry/P43004
SLC1A2	missense_variant	uncertain significance	764182501	P43004	rs764182501	G438S	0.0		P43004	Excitatory amino acid transporter 2	Homo sapiens	Encontrado	https://alphafold.ebi.ac.uk/entry/P43004
SLC1A2	missense_variant		764388315						P43004	Excitatory amino acid transporter 2	Homo sapiens	Encontrado	https://alphafold.ebi.ac.uk/entry/P43004
SLC1A2	missense_variant		764887837						P43004	Excitatory amino acid transporter 2	Homo sapiens	Encontrado	https://alphafold.ebi.ac.uk/entry/P43004
SLC1A2	missense_variant	uncertain significance	765605138	P43004	rs765605138	R373C	0.99		P43004	Excitatory amino acid transporter 2	Homo sapiens	Encontrado	https://alphafold.ebi.ac.uk/entry/P43004
SLC1A2	missense_variant	uncertain significance	765605138	P43004	rs765605138	R373C	0.01		P43004	Excitatory amino acid transporter 2	Homo sapiens	Encontrado	https://alphafold.ebi.ac.uk/entry/P43004
SLC1A2	missense_variant	uncertain significance	765605138	P43004	rs765605138	R373C	0.99		P43004	Excitatory amino acid transporter 2	Homo sapiens	Encontrado	https://alphafold.ebi.ac.uk/entry/P43004
SLC1A2	missense_variant	uncertain significance	765605138	P43004	rs765605138	R373C	0.0		P43004	Excitatory amino acid transporter 2	Homo sapiens	Encontrado	https://alphafold.ebi.ac.uk/entry/P43004
SLC1A2	missense_variant		766059474						P43004	Excitatory amino acid transporter 2	Homo sapiens	Encontrado	https://alphafold.ebi.ac.uk/entry/P43004
SLC1A2	missense_variant	likely benign	766112847	P43004	rs766112847	E221K	0.003		P43004	Excitatory amino acid transporter 2	Homo sapiens	Encontrado	https://alphafold.ebi.ac.uk/entry/P43004
SLC1A2	missense_variant	likely benign	766112847	P43004	rs766112847	E221K	0.51		P43004	Excitatory amino acid transporter 2	Homo sapiens	Encontrado	https://alphafold.ebi.ac.uk/entry/P43004
SLC1A2	missense_variant	uncertain significance, benign	766885690	P43004	rs766885690	R572H	0.0		P43004	Excitatory amino acid transporter 2	Homo sapiens	Encontrado	https://alphafold.ebi.ac.uk/entry/P43004
SLC1A2	missense_variant	uncertain significance, benign	766885690	P43004	rs766885690	R572H	0.55		P43004	Excitatory amino acid transporter 2	Homo sapiens	Encontrado	https://alphafold.ebi.ac.uk/entry/P43004
SLC1A2	missense_variant	uncertain significance, benign	766885690	P43004	rs766885690	R572H	0.0		P43004	Excitatory amino acid transporter 2	Homo sapiens	Encontrado	https://alphafold.ebi.ac.uk/entry/P43004
SLC1A2	missense_variant	uncertain significance, benign	766885690	P43004	rs766885690	R572H	0.41		P43004	Excitatory amino acid transporter 2	Homo sapiens	Encontrado	https://alphafold.ebi.ac.uk/entry/P43004
SLC1A2	missense_variant	uncertain significance	767015413	P43004	rs767015413	I351S	0.503		P43004	Excitatory amino acid transporter 2	Homo sapiens	Encontrado	https://alphafold.ebi.ac.uk/entry/P43004
SLC1A2	missense_variant	uncertain significance	767015413	P43004	rs767015413	I351S	0.0		P43004	Excitatory amino acid transporter 2	Homo sapiens	Encontrado	https://alphafold.ebi.ac.uk/entry/P43004
SLC1A2	missense_variant	uncertain significance	767672244						P43004	Excitatory amino acid transporter 2	Homo sapiens	Encontrado	https://alphafold.ebi.ac.uk/entry/P43004
SLC1A2	missense_variant		767752547						P43004	Excitatory amino acid transporter 2	Homo sapiens	Encontrado	https://alphafold.ebi.ac.uk/entry/P43004
SLC1A2	missense_variant		768185879						P43004	Excitatory amino acid transporter 2	Homo sapiens	Encontrado	https://alphafold.ebi.ac.uk/entry/P43004
SLC1A2	missense_variant		769270002						P43004	Excitatory amino acid transporter 2	Homo sapiens	Encontrado	https://alphafold.ebi.ac.uk/entry/P43004
SLC1A2	missense_variant	uncertain significance	769294295	P43004	rs769294295	T517A	0.0		P43004	Excitatory amino acid transporter 2	Homo sapiens	Encontrado	https://alphafold.ebi.ac.uk/entry/P43004
SLC1A2	missense_variant	uncertain significance	769294295	P43004	rs769294295	T517A	0.63		P43004	Excitatory amino acid transporter 2	Homo sapiens	Encontrado	https://alphafold.ebi.ac.uk/entry/P43004
SLC1A2	missense_variant	uncertain significance	769682164	P43004	rs769682164	V389I	0.956		P43004	Excitatory amino acid transporter 2	Homo sapiens	Encontrado	https://alphafold.ebi.ac.uk/entry/P43004
SLC1A2	missense_variant	uncertain significance	769682164	P43004	rs769682164	V389I	0.02		P43004	Excitatory amino acid transporter 2	Homo sapiens	Encontrado	https://alphafold.ebi.ac.uk/entry/P43004
SLC1A2	missense_variant	uncertain significance	769682164	P43004	rs769682164	V389I	0.955		P43004	Excitatory amino acid transporter 2	Homo sapiens	Encontrado	https://alphafold.ebi.ac.uk/entry/P43004
SLC1A2	missense_variant	uncertain significance	769682164	P43004	rs769682164	V389I	0.02		P43004	Excitatory amino acid transporter 2	Homo sapiens	Encontrado	https://alphafold.ebi.ac.uk/entry/P43004
SLC1A2	missense_variant		770030499						P43004	Excitatory amino acid transporter 2	Homo sapiens	Encontrado	https://alphafold.ebi.ac.uk/entry/P43004
SLC1A2	missense_variant		771348409						P43004	Excitatory amino acid transporter 2	Homo sapiens	Encontrado	https://alphafold.ebi.ac.uk/entry/P43004
SLC1A2	missense_variant		771401421	P43004	rs771401421	G260E	0.998		P43004	Excitatory amino acid transporter 2	Homo sapiens	Encontrado	https://alphafold.ebi.ac.uk/entry/P43004
SLC1A2	missense_variant		771401421	P43004	rs771401421	G260E	0.01		P43004	Excitatory amino acid transporter 2	Homo sapiens	Encontrado	https://alphafold.ebi.ac.uk/entry/P43004
SLC1A2	missense_variant		771401421	P43004	rs771401421	G260E	0.998		P43004	Excitatory amino acid transporter 2	Homo sapiens	Encontrado	https://alphafold.ebi.ac.uk/entry/P43004
SLC1A2	missense_variant		771401421	P43004	rs771401421	G260E	0.01		P43004	Excitatory amino acid transporter 2	Homo sapiens	Encontrado	https://alphafold.ebi.ac.uk/entry/P43004
SLC1A2	missense_variant	likely benign	771969810	P43004	rs771969810	A439V	0.99		P43004	Excitatory amino acid transporter 2	Homo sapiens	Encontrado	https://alphafold.ebi.ac.uk/entry/P43004
SLC1A2	missense_variant	likely benign	771969810	P43004	rs771969810	A439V	0.0		P43004	Excitatory amino acid transporter 2	Homo sapiens	Encontrado	https://alphafold.ebi.ac.uk/entry/P43004
SLC1A2	missense_variant	likely benign	771969810	P43004	rs771969810	A439V	0.99		P43004	Excitatory amino acid transporter 2	Homo sapiens	Encontrado	https://alphafold.ebi.ac.uk/entry/P43004
SLC1A2	missense_variant	likely benign	771969810	P43004	rs771969810	A439V	0.0		P43004	Excitatory amino acid transporter 2	Homo sapiens	Encontrado	https://alphafold.ebi.ac.uk/entry/P43004
SLC1A2	missense_variant	uncertain significance	772009886						P43004	Excitatory amino acid transporter 2	Homo sapiens	Encontrado	https://alphafold.ebi.ac.uk/entry/P43004
SLC1A2	missense_variant	benign	772275426	P43004	rs772275426	I522V	0.0		P43004	Excitatory amino acid transporter 2	Homo sapiens	Encontrado	https://alphafold.ebi.ac.uk/entry/P43004
SLC1A2	missense_variant	benign	772275426	P43004	rs772275426	I522V	0.6		P43004	Excitatory amino acid transporter 2	Homo sapiens	Encontrado	https://alphafold.ebi.ac.uk/entry/P43004
SLC1A2	missense_variant	likely benign	772490125						P43004	Excitatory amino acid transporter 2	Homo sapiens	Encontrado	https://alphafold.ebi.ac.uk/entry/P43004
SLC1A2	missense_variant		772807099						P43004	Excitatory amino acid transporter 2	Homo sapiens	Encontrado	https://alphafold.ebi.ac.uk/entry/P43004
SLC1A2	missense_variant		773218704						P43004	Excitatory amino acid transporter 2	Homo sapiens	Encontrado	https://alphafold.ebi.ac.uk/entry/P43004
SLC1A2	missense_variant	uncertain significance	773804611	P43004	rs773804611	A362T	0.995		P43004	Excitatory amino acid transporter 2	Homo sapiens	Encontrado	https://alphafold.ebi.ac.uk/entry/P43004
SLC1A2	missense_variant	uncertain significance	773804611	P43004	rs773804611	A362T	0.0		P43004	Excitatory amino acid transporter 2	Homo sapiens	Encontrado	https://alphafold.ebi.ac.uk/entry/P43004
SLC1A2	missense_variant	benign	774412072	P43004	rs774412072	E217K	0.001		P43004	Excitatory amino acid transporter 2	Homo sapiens	Encontrado	https://alphafold.ebi.ac.uk/entry/P43004
SLC1A2	missense_variant	benign	774412072	P43004	rs774412072	E217K	0.48		P43004	Excitatory amino acid transporter 2	Homo sapiens	Encontrado	https://alphafold.ebi.ac.uk/entry/P43004
SLC1A2	missense_variant	benign	774728384	P43004	rs774728384	T50M	1.0		P43004	Excitatory amino acid transporter 2	Homo sapiens	Encontrado	https://alphafold.ebi.ac.uk/entry/P43004
SLC1A2	missense_variant	benign	774728384	P43004	rs774728384	T50M	0.0		P43004	Excitatory amino acid transporter 2	Homo sapiens	Encontrado	https://alphafold.ebi.ac.uk/entry/P43004
SLC1A2	missense_variant	benign	774728384	P43004	rs774728384	T50M	1.0		P43004	Excitatory amino acid transporter 2	Homo sapiens	Encontrado	https://alphafold.ebi.ac.uk/entry/P43004
SLC1A2	missense_variant	benign	774728384	P43004	rs774728384	T50M	0.0		P43004	Excitatory amino acid transporter 2	Homo sapiens	Encontrado	https://alphafold.ebi.ac.uk/entry/P43004
SLC1A2	missense_variant		775008465						P43004	Excitatory amino acid transporter 2	Homo sapiens	Encontrado	https://alphafold.ebi.ac.uk/entry/P43004
SLC1A2	missense_variant	uncertain significance	775045899	P43004	rs775045899	K12E	0.009		P43004	Excitatory amino acid transporter 2	Homo sapiens	Encontrado	https://alphafold.ebi.ac.uk/entry/P43004
SLC1A2	missense_variant	uncertain significance	775045899	P43004	rs775045899	K12E	0.14		P43004	Excitatory amino acid transporter 2	Homo sapiens	Encontrado	https://alphafold.ebi.ac.uk/entry/P43004
SLC1A2	missense_variant		775465170						P43004	Excitatory amino acid transporter 2	Homo sapiens	Encontrado	https://alphafold.ebi.ac.uk/entry/P43004
SLC1A2	missense_variant		775777025						P43004	Excitatory amino acid transporter 2	Homo sapiens	Encontrado	https://alphafold.ebi.ac.uk/entry/P43004
SLC1A2	missense_variant		776154620						P43004	Excitatory amino acid transporter 2	Homo sapiens	Encontrado	https://alphafold.ebi.ac.uk/entry/P43004
SLC1A2	missense_variant		776242703						P43004	Excitatory amino acid transporter 2	Homo sapiens	Encontrado	https://alphafold.ebi.ac.uk/entry/P43004
SLC1A2	missense_variant		776464862						P43004	Excitatory amino acid transporter 2	Homo sapiens	Encontrado	https://alphafold.ebi.ac.uk/entry/P43004
SLC1A2	missense_variant		776641267						P43004	Excitatory amino acid transporter 2	Homo sapiens	Encontrado	https://alphafold.ebi.ac.uk/entry/P43004
SLC1A2	missense_variant		776673660						P43004	Excitatory amino acid transporter 2	Homo sapiens	Encontrado	https://alphafold.ebi.ac.uk/entry/P43004
SLC1A2	missense_variant		777595129						P43004	Excitatory amino acid transporter 2	Homo sapiens	Encontrado	https://alphafold.ebi.ac.uk/entry/P43004
SLC1A2	missense_variant	benign	777650254	P43004	rs777650254	A58T	0.058		P43004	Excitatory amino acid transporter 2	Homo sapiens	Encontrado	https://alphafold.ebi.ac.uk/entry/P43004
SLC1A2	missense_variant	benign	777650254	P43004	rs777650254	A58T	0.26		P43004	Excitatory amino acid transporter 2	Homo sapiens	Encontrado	https://alphafold.ebi.ac.uk/entry/P43004
SLC1A2	missense_variant	likely benign	778155484	P43004	rs778155484	R17Q	0.089		P43004	Excitatory amino acid transporter 2	Homo sapiens	Encontrado	https://alphafold.ebi.ac.uk/entry/P43004
SLC1A2	missense_variant	likely benign	778155484	P43004	rs778155484	R17Q	0.23		P43004	Excitatory amino acid transporter 2	Homo sapiens	Encontrado	https://alphafold.ebi.ac.uk/entry/P43004
SLC1A2	missense_variant	likely benign	778155484	P43004	rs778155484	R17Q	0.087		P43004	Excitatory amino acid transporter 2	Homo sapiens	Encontrado	https://alphafold.ebi.ac.uk/entry/P43004
SLC1A2	missense_variant	likely benign	778155484	P43004	rs778155484	R17Q	0.07		P43004	Excitatory amino acid transporter 2	Homo sapiens	Encontrado	https://alphafold.ebi.ac.uk/entry/P43004
SLC1A2	missense_variant		778351553	P43004	rs778351553	F52L	0.003		P43004	Excitatory amino acid transporter 2	Homo sapiens	Encontrado	https://alphafold.ebi.ac.uk/entry/P43004
SLC1A2	missense_variant		778351553	P43004	rs778351553	F52L	1.0		P43004	Excitatory amino acid transporter 2	Homo sapiens	Encontrado	https://alphafold.ebi.ac.uk/entry/P43004
SLC1A2	missense_variant		778351553	P43004	rs778351553	F52L	0.003		P43004	Excitatory amino acid transporter 2	Homo sapiens	Encontrado	https://alphafold.ebi.ac.uk/entry/P43004
SLC1A2	missense_variant		778351553	P43004	rs778351553	F52L	1.0		P43004	Excitatory amino acid transporter 2	Homo sapiens	Encontrado	https://alphafold.ebi.ac.uk/entry/P43004
SLC1A2	missense_variant	uncertain significance	778666459	P43004	rs778666459	Q152H	0.045		P43004	Excitatory amino acid transporter 2	Homo sapiens	Encontrado	https://alphafold.ebi.ac.uk/entry/P43004
SLC1A2	missense_variant	uncertain significance	778666459	P43004	rs778666459	Q152H	0.15		P43004	Excitatory amino acid transporter 2	Homo sapiens	Encontrado	https://alphafold.ebi.ac.uk/entry/P43004
SLC1A2	missense_variant	uncertain significance	779155068	P43004	rs779155068	D502E	0.0		P43004	Excitatory amino acid transporter 2	Homo sapiens	Encontrado	https://alphafold.ebi.ac.uk/entry/P43004
SLC1A2	missense_variant	uncertain significance	779155068	P43004	rs779155068	D502E	0.68		P43004	Excitatory amino acid transporter 2	Homo sapiens	Encontrado	https://alphafold.ebi.ac.uk/entry/P43004
SLC1A2	missense_variant		779218719						P43004	Excitatory amino acid transporter 2	Homo sapiens	Encontrado	https://alphafold.ebi.ac.uk/entry/P43004
SLC1A2	missense_variant		779430494						P43004	Excitatory amino acid transporter 2	Homo sapiens	Encontrado	https://alphafold.ebi.ac.uk/entry/P43004
SLC1A2	missense_variant	benign	779783896	P43004	rs779783896	A406V	0.999		P43004	Excitatory amino acid transporter 2	Homo sapiens	Encontrado	https://alphafold.ebi.ac.uk/entry/P43004
SLC1A2	missense_variant	benign	779783896	P43004	rs779783896	A406V	0.01		P43004	Excitatory amino acid transporter 2	Homo sapiens	Encontrado	https://alphafold.ebi.ac.uk/entry/P43004
SLC1A2	missense_variant	benign	779783896	P43004	rs779783896	A406V	0.999		P43004	Excitatory amino acid transporter 2	Homo sapiens	Encontrado	https://alphafold.ebi.ac.uk/entry/P43004
SLC1A2	missense_variant	benign	779783896	P43004	rs779783896	A406V	0.0		P43004	Excitatory amino acid transporter 2	Homo sapiens	Encontrado	https://alphafold.ebi.ac.uk/entry/P43004
SLC1A2	missense_variant		780035244						P43004	Excitatory amino acid transporter 2	Homo sapiens	Encontrado	https://alphafold.ebi.ac.uk/entry/P43004
SLC1A2	missense_variant	uncertain significance	780330935	P43004	rs780330935	A207T	0.0		P43004	Excitatory amino acid transporter 2	Homo sapiens	Encontrado	https://alphafold.ebi.ac.uk/entry/P43004
SLC1A2	missense_variant	uncertain significance	780330935	P43004	rs780330935	A207T	0.7		P43004	Excitatory amino acid transporter 2	Homo sapiens	Encontrado	https://alphafold.ebi.ac.uk/entry/P43004
SLC1A2	missense_variant	uncertain significance	780330935	P43004	rs780330935	A207T	0.0		P43004	Excitatory amino acid transporter 2	Homo sapiens	Encontrado	https://alphafold.ebi.ac.uk/entry/P43004
SLC1A2	missense_variant	uncertain significance	780330935	P43004	rs780330935	A207T	0.43		P43004	Excitatory amino acid transporter 2	Homo sapiens	Encontrado	https://alphafold.ebi.ac.uk/entry/P43004
SLC1A2	missense_variant		781002295						P43004	Excitatory amino acid transporter 2	Homo sapiens	Encontrado	https://alphafold.ebi.ac.uk/entry/P43004
SLC1A2	missense_variant		781125652						P43004	Excitatory amino acid transporter 2	Homo sapiens	Encontrado	https://alphafold.ebi.ac.uk/entry/P43004
SLC1A2	missense_variant	likely pathogenic, pathogenic	781379291						P43004	Excitatory amino acid transporter 2	Homo sapiens	Encontrado	https://alphafold.ebi.ac.uk/entry/P43004
SLC1A2	missense_variant		796998590						P43004	Excitatory amino acid transporter 2	Homo sapiens	Encontrado	https://alphafold.ebi.ac.uk/entry/P43004
SLC1A2	missense_variant	uncertain significance	866322265	P43004	rs866322265	R173Q	0.997		P43004	Excitatory amino acid transporter 2	Homo sapiens	Encontrado	https://alphafold.ebi.ac.uk/entry/P43004
SLC1A2	missense_variant	uncertain significance	866322265	P43004	rs866322265	R173Q	0.0		P43004	Excitatory amino acid transporter 2	Homo sapiens	Encontrado	https://alphafold.ebi.ac.uk/entry/P43004
SLC1A2	missense_variant	uncertain significance	866322265	P43004	rs866322265	R173Q	0.996		P43004	Excitatory amino acid transporter 2	Homo sapiens	Encontrado	https://alphafold.ebi.ac.uk/entry/P43004
SLC1A2	missense_variant	uncertain significance	866322265	P43004	rs866322265	R173Q	0.0		P43004	Excitatory amino acid transporter 2	Homo sapiens	Encontrado	https://alphafold.ebi.ac.uk/entry/P43004
SLC1A2	missense_variant		867693587						P43004	Excitatory amino acid transporter 2	Homo sapiens	Encontrado	https://alphafold.ebi.ac.uk/entry/P43004
SLC1A2	missense_variant	pathogenic	886037942	P43004	rs886037942	G82R	1.0		P43004	Excitatory amino acid transporter 2	Homo sapiens	Encontrado	https://alphafold.ebi.ac.uk/entry/P43004
SLC1A2	missense_variant	pathogenic	886037942	P43004	rs886037942	G82R	0.0		P43004	Excitatory amino acid transporter 2	Homo sapiens	Encontrado	https://alphafold.ebi.ac.uk/entry/P43004
SLC1A2	missense_variant	uncertain significance, pathogenic	886037943						P43004	Excitatory amino acid transporter 2	Homo sapiens	Encontrado	https://alphafold.ebi.ac.uk/entry/P43004
SLC1A2	missense_variant	uncertain significance, likely benign	892203135	P43004	rs892203135	D562N	0.058		P43004	Excitatory amino acid transporter 2	Homo sapiens	Encontrado	https://alphafold.ebi.ac.uk/entry/P43004
SLC1A2	missense_variant	uncertain significance, likely benign	892203135	P43004	rs892203135	D562N	0.21		P43004	Excitatory amino acid transporter 2	Homo sapiens	Encontrado	https://alphafold.ebi.ac.uk/entry/P43004
SLC1A2	missense_variant		894997341						P43004	Excitatory amino acid transporter 2	Homo sapiens	Encontrado	https://alphafold.ebi.ac.uk/entry/P43004
SLC1A2	missense_variant		895942924						P43004	Excitatory amino acid transporter 2	Homo sapiens	Encontrado	https://alphafold.ebi.ac.uk/entry/P43004
SLC1A2	missense_variant	benign	907101670	P43004	rs907101670	D83H	0.981		P43004	Excitatory amino acid transporter 2	Homo sapiens	Encontrado	https://alphafold.ebi.ac.uk/entry/P43004
SLC1A2	missense_variant	benign	907101670	P43004	rs907101670	D83H	0.0		P43004	Excitatory amino acid transporter 2	Homo sapiens	Encontrado	https://alphafold.ebi.ac.uk/entry/P43004
SLC1A2	missense_variant		919445080						P43004	Excitatory amino acid transporter 2	Homo sapiens	Encontrado	https://alphafold.ebi.ac.uk/entry/P43004
SLC1A2	missense_variant		931517443						P43004	Excitatory amino acid transporter 2	Homo sapiens	Encontrado	https://alphafold.ebi.ac.uk/entry/P43004
SLC1A2	missense_variant		932049229						P43004	Excitatory amino acid transporter 2	Homo sapiens	Encontrado	https://alphafold.ebi.ac.uk/entry/P43004
SLC1A2	missense_variant	uncertain significance	932831703	P43004	rs932831703	V14M	0.766		P43004	Excitatory amino acid transporter 2	Homo sapiens	Encontrado	https://alphafold.ebi.ac.uk/entry/P43004
SLC1A2	missense_variant	uncertain significance	932831703	P43004	rs932831703	V14M	0.03		P43004	Excitatory amino acid transporter 2	Homo sapiens	Encontrado	https://alphafold.ebi.ac.uk/entry/P43004
SLC1A2	missense_variant		934715383						P43004	Excitatory amino acid transporter 2	Homo sapiens	Encontrado	https://alphafold.ebi.ac.uk/entry/P43004
SLC1A2	missense_variant		951937448						P43004	Excitatory amino acid transporter 2	Homo sapiens	Encontrado	https://alphafold.ebi.ac.uk/entry/P43004
SLC1A2	missense_variant	uncertain significance	956332291	P43004	rs956332291	A293T	0.273		P43004	Excitatory amino acid transporter 2	Homo sapiens	Encontrado	https://alphafold.ebi.ac.uk/entry/P43004
SLC1A2	missense_variant	uncertain significance	956332291	P43004	rs956332291	A293T	0.17		P43004	Excitatory amino acid transporter 2	Homo sapiens	Encontrado	https://alphafold.ebi.ac.uk/entry/P43004
SLC1A2	missense_variant	uncertain significance	956332291	P43004	rs956332291	A293T	0.269		P43004	Excitatory amino acid transporter 2	Homo sapiens	Encontrado	https://alphafold.ebi.ac.uk/entry/P43004
SLC1A2	missense_variant	uncertain significance	956332291	P43004	rs956332291	A293T	0.07		P43004	Excitatory amino acid transporter 2	Homo sapiens	Encontrado	https://alphafold.ebi.ac.uk/entry/P43004
SLC1A2	missense_variant	benign	967621360	P43004	rs967621360	K498T	0.204		P43004	Excitatory amino acid transporter 2	Homo sapiens	Encontrado	https://alphafold.ebi.ac.uk/entry/P43004
SLC1A2	missense_variant	benign	967621360	P43004	rs967621360	K498T	0.0		P43004	Excitatory amino acid transporter 2	Homo sapiens	Encontrado	https://alphafold.ebi.ac.uk/entry/P43004
SLC1A2	missense_variant	uncertain significance, benign	980878522	P43004	rs980878522	R36H	0.132		P43004	Excitatory amino acid transporter 2	Homo sapiens	Encontrado	https://alphafold.ebi.ac.uk/entry/P43004
SLC1A2	missense_variant	uncertain significance, benign	980878522	P43004	rs980878522	R36H	0.11		P43004	Excitatory amino acid transporter 2	Homo sapiens	Encontrado	https://alphafold.ebi.ac.uk/entry/P43004
SLC1A2	missense_variant	uncertain significance, benign	980878522	P43004	rs980878522	R36H	0.13		P43004	Excitatory amino acid transporter 2	Homo sapiens	Encontrado	https://alphafold.ebi.ac.uk/entry/P43004
SLC1A2	missense_variant	uncertain significance, benign	980878522	P43004	rs980878522	R36H	0.05		P43004	Excitatory amino acid transporter 2	Homo sapiens	Encontrado	https://alphafold.ebi.ac.uk/entry/P43004
SLC1A2	missense_variant		987744467						P43004	Excitatory amino acid transporter 2	Homo sapiens	Encontrado	https://alphafold.ebi.ac.uk/entry/P43004
SLC1A2	missense_variant		992664279						P43004	Excitatory amino acid transporter 2	Homo sapiens	Encontrado	https://alphafold.ebi.ac.uk/entry/P43004
