Gene	Consequencia	Significancia_Clinica	rs_key	UniProt_ID	rsID_dbSNP	Proteina_Mudanca	AlphaMissense_Score	AlphaMissense_Classificacao	ID_UniProt	Nome_Proteina	Organismo	Status	Link_AlphaFold
EGF			1001381702						P01133	Pro-epidermal growth factor	Homo sapiens	Encontrado	https://alphafold.ebi.ac.uk/entry/P01133
EGF			1006719043	P01133	rs1006719043	D695A	0.993		P01133	Pro-epidermal growth factor	Homo sapiens	Encontrado	https://alphafold.ebi.ac.uk/entry/P01133
EGF			1006719043	P01133	rs1006719043	D695A	0.0		P01133	Pro-epidermal growth factor	Homo sapiens	Encontrado	https://alphafold.ebi.ac.uk/entry/P01133
EGF			1009067759						P01133	Pro-epidermal growth factor	Homo sapiens	Encontrado	https://alphafold.ebi.ac.uk/entry/P01133
EGF			1009819693						P01133	Pro-epidermal growth factor	Homo sapiens	Encontrado	https://alphafold.ebi.ac.uk/entry/P01133
EGF			1020140464						P01133	Pro-epidermal growth factor	Homo sapiens	Encontrado	https://alphafold.ebi.ac.uk/entry/P01133
EGF			1022592405						P01133	Pro-epidermal growth factor	Homo sapiens	Encontrado	https://alphafold.ebi.ac.uk/entry/P01133
EGF			1023018041						P01133	Pro-epidermal growth factor	Homo sapiens	Encontrado	https://alphafold.ebi.ac.uk/entry/P01133
EGF			1023030508	P01133	rs1023030508	P740A	1.0		P01133	Pro-epidermal growth factor	Homo sapiens	Encontrado	https://alphafold.ebi.ac.uk/entry/P01133
EGF			1023030508	P01133	rs1023030508	P740A	0.0		P01133	Pro-epidermal growth factor	Homo sapiens	Encontrado	https://alphafold.ebi.ac.uk/entry/P01133
EGF			1023773707						P01133	Pro-epidermal growth factor	Homo sapiens	Encontrado	https://alphafold.ebi.ac.uk/entry/P01133
EGF			1027507110						P01133	Pro-epidermal growth factor	Homo sapiens	Encontrado	https://alphafold.ebi.ac.uk/entry/P01133
EGF			1032226571						P01133	Pro-epidermal growth factor	Homo sapiens	Encontrado	https://alphafold.ebi.ac.uk/entry/P01133
EGF			1033726176						P01133	Pro-epidermal growth factor	Homo sapiens	Encontrado	https://alphafold.ebi.ac.uk/entry/P01133
EGF			1043341662						P01133	Pro-epidermal growth factor	Homo sapiens	Encontrado	https://alphafold.ebi.ac.uk/entry/P01133
EGF			1044903198						P01133	Pro-epidermal growth factor	Homo sapiens	Encontrado	https://alphafold.ebi.ac.uk/entry/P01133
EGF			1049658097	P01133	rs1049658097	R622Q	0.328		P01133	Pro-epidermal growth factor	Homo sapiens	Encontrado	https://alphafold.ebi.ac.uk/entry/P01133
EGF			1049658097	P01133	rs1049658097	R622Q	0.08		P01133	Pro-epidermal growth factor	Homo sapiens	Encontrado	https://alphafold.ebi.ac.uk/entry/P01133
EGF			1049658097	P01133	rs1049658097	R622Q	0.323		P01133	Pro-epidermal growth factor	Homo sapiens	Encontrado	https://alphafold.ebi.ac.uk/entry/P01133
EGF			1049658097	P01133	rs1049658097	R622Q	0.07		P01133	Pro-epidermal growth factor	Homo sapiens	Encontrado	https://alphafold.ebi.ac.uk/entry/P01133
EGF			1056649870						P01133	Pro-epidermal growth factor	Homo sapiens	Encontrado	https://alphafold.ebi.ac.uk/entry/P01133
EGF			111394985						P01133	Pro-epidermal growth factor	Homo sapiens	Encontrado	https://alphafold.ebi.ac.uk/entry/P01133
EGF			112168633						P01133	Pro-epidermal growth factor	Homo sapiens	Encontrado	https://alphafold.ebi.ac.uk/entry/P01133
EGF			113220960						P01133	Pro-epidermal growth factor	Homo sapiens	Encontrado	https://alphafold.ebi.ac.uk/entry/P01133
EGF			113640765						P01133	Pro-epidermal growth factor	Homo sapiens	Encontrado	https://alphafold.ebi.ac.uk/entry/P01133
EGF			115396821	P01133	rs115396821	G575R	0.999		P01133	Pro-epidermal growth factor	Homo sapiens	Encontrado	https://alphafold.ebi.ac.uk/entry/P01133
EGF			115396821	P01133	rs115396821	G575R	0.04		P01133	Pro-epidermal growth factor	Homo sapiens	Encontrado	https://alphafold.ebi.ac.uk/entry/P01133
EGF			11568849						P01133	Pro-epidermal growth factor	Homo sapiens	Encontrado	https://alphafold.ebi.ac.uk/entry/P01133
EGF			11568911						P01133	Pro-epidermal growth factor	Homo sapiens	Encontrado	https://alphafold.ebi.ac.uk/entry/P01133
EGF			11568943						P01133	Pro-epidermal growth factor	Homo sapiens	Encontrado	https://alphafold.ebi.ac.uk/entry/P01133
EGF			11568992						P01133	Pro-epidermal growth factor	Homo sapiens	Encontrado	https://alphafold.ebi.ac.uk/entry/P01133
EGF			11569017						P01133	Pro-epidermal growth factor	Homo sapiens	Encontrado	https://alphafold.ebi.ac.uk/entry/P01133
EGF			11569046						P01133	Pro-epidermal growth factor	Homo sapiens	Encontrado	https://alphafold.ebi.ac.uk/entry/P01133
EGF			11569086	P01133	rs11569086	D981E	0.059		P01133	Pro-epidermal growth factor	Homo sapiens	Encontrado	https://alphafold.ebi.ac.uk/entry/P01133
EGF			11569086	P01133	rs11569086	D981E	0.53		P01133	Pro-epidermal growth factor	Homo sapiens	Encontrado	https://alphafold.ebi.ac.uk/entry/P01133
EGF			11569098						P01133	Pro-epidermal growth factor	Homo sapiens	Encontrado	https://alphafold.ebi.ac.uk/entry/P01133
EGF			11569111						P01133	Pro-epidermal growth factor	Homo sapiens	Encontrado	https://alphafold.ebi.ac.uk/entry/P01133
EGF			11569122						P01133	Pro-epidermal growth factor	Homo sapiens	Encontrado	https://alphafold.ebi.ac.uk/entry/P01133
EGF			1157079958						P01133	Pro-epidermal growth factor	Homo sapiens	Encontrado	https://alphafold.ebi.ac.uk/entry/P01133
EGF			1159276743						P01133	Pro-epidermal growth factor	Homo sapiens	Encontrado	https://alphafold.ebi.ac.uk/entry/P01133
EGF			1161322711						P01133	Pro-epidermal growth factor	Homo sapiens	Encontrado	https://alphafold.ebi.ac.uk/entry/P01133
EGF			1161417652						P01133	Pro-epidermal growth factor	Homo sapiens	Encontrado	https://alphafold.ebi.ac.uk/entry/P01133
EGF			1162274772						P01133	Pro-epidermal growth factor	Homo sapiens	Encontrado	https://alphafold.ebi.ac.uk/entry/P01133
EGF			1164362488						P01133	Pro-epidermal growth factor	Homo sapiens	Encontrado	https://alphafold.ebi.ac.uk/entry/P01133
EGF			1164693420						P01133	Pro-epidermal growth factor	Homo sapiens	Encontrado	https://alphafold.ebi.ac.uk/entry/P01133
EGF			1165122525						P01133	Pro-epidermal growth factor	Homo sapiens	Encontrado	https://alphafold.ebi.ac.uk/entry/P01133
EGF			1165680226	P01133	rs1165680226	S979P	0.166		P01133	Pro-epidermal growth factor	Homo sapiens	Encontrado	https://alphafold.ebi.ac.uk/entry/P01133
EGF			1165680226	P01133	rs1165680226	S979P	0.03		P01133	Pro-epidermal growth factor	Homo sapiens	Encontrado	https://alphafold.ebi.ac.uk/entry/P01133
EGF			1165680226	P01133	rs1165680226	S979P	0.172		P01133	Pro-epidermal growth factor	Homo sapiens	Encontrado	https://alphafold.ebi.ac.uk/entry/P01133
EGF			1165680226	P01133	rs1165680226	S979P	0.04		P01133	Pro-epidermal growth factor	Homo sapiens	Encontrado	https://alphafold.ebi.ac.uk/entry/P01133
EGF			1167932145						P01133	Pro-epidermal growth factor	Homo sapiens	Encontrado	https://alphafold.ebi.ac.uk/entry/P01133
EGF			1168510052						P01133	Pro-epidermal growth factor	Homo sapiens	Encontrado	https://alphafold.ebi.ac.uk/entry/P01133
EGF			1168528444	P01133	rs1168528444	R567H	0.692		P01133	Pro-epidermal growth factor	Homo sapiens	Encontrado	https://alphafold.ebi.ac.uk/entry/P01133
EGF			1168528444	P01133	rs1168528444	R567H	0.05		P01133	Pro-epidermal growth factor	Homo sapiens	Encontrado	https://alphafold.ebi.ac.uk/entry/P01133
EGF			1168923558						P01133	Pro-epidermal growth factor	Homo sapiens	Encontrado	https://alphafold.ebi.ac.uk/entry/P01133
EGF			1169293764						P01133	Pro-epidermal growth factor	Homo sapiens	Encontrado	https://alphafold.ebi.ac.uk/entry/P01133
EGF			1170275310						P01133	Pro-epidermal growth factor	Homo sapiens	Encontrado	https://alphafold.ebi.ac.uk/entry/P01133
EGF			1170573018						P01133	Pro-epidermal growth factor	Homo sapiens	Encontrado	https://alphafold.ebi.ac.uk/entry/P01133
EGF			1171149347						P01133	Pro-epidermal growth factor	Homo sapiens	Encontrado	https://alphafold.ebi.ac.uk/entry/P01133
EGF			1176777806						P01133	Pro-epidermal growth factor	Homo sapiens	Encontrado	https://alphafold.ebi.ac.uk/entry/P01133
EGF			1177684571						P01133	Pro-epidermal growth factor	Homo sapiens	Encontrado	https://alphafold.ebi.ac.uk/entry/P01133
EGF			1178668735	P01133	rs1178668735	H365Y	1.0		P01133	Pro-epidermal growth factor	Homo sapiens	Encontrado	https://alphafold.ebi.ac.uk/entry/P01133
EGF			1178668735	P01133	rs1178668735	H365Y	0.0		P01133	Pro-epidermal growth factor	Homo sapiens	Encontrado	https://alphafold.ebi.ac.uk/entry/P01133
EGF			1178668735	P01133	rs1178668735	H365Y	1.0		P01133	Pro-epidermal growth factor	Homo sapiens	Encontrado	https://alphafold.ebi.ac.uk/entry/P01133
EGF			1178668735	P01133	rs1178668735	H365Y	0.0		P01133	Pro-epidermal growth factor	Homo sapiens	Encontrado	https://alphafold.ebi.ac.uk/entry/P01133
EGF			1178920506						P01133	Pro-epidermal growth factor	Homo sapiens	Encontrado	https://alphafold.ebi.ac.uk/entry/P01133
EGF			1182229717						P01133	Pro-epidermal growth factor	Homo sapiens	Encontrado	https://alphafold.ebi.ac.uk/entry/P01133
EGF			1183527480						P01133	Pro-epidermal growth factor	Homo sapiens	Encontrado	https://alphafold.ebi.ac.uk/entry/P01133
EGF			1184731518						P01133	Pro-epidermal growth factor	Homo sapiens	Encontrado	https://alphafold.ebi.ac.uk/entry/P01133
EGF			1185124983						P01133	Pro-epidermal growth factor	Homo sapiens	Encontrado	https://alphafold.ebi.ac.uk/entry/P01133
EGF			1186078885						P01133	Pro-epidermal growth factor	Homo sapiens	Encontrado	https://alphafold.ebi.ac.uk/entry/P01133
EGF			1186259461						P01133	Pro-epidermal growth factor	Homo sapiens	Encontrado	https://alphafold.ebi.ac.uk/entry/P01133
EGF			1187853090						P01133	Pro-epidermal growth factor	Homo sapiens	Encontrado	https://alphafold.ebi.ac.uk/entry/P01133
EGF			1189887488						P01133	Pro-epidermal growth factor	Homo sapiens	Encontrado	https://alphafold.ebi.ac.uk/entry/P01133
EGF			1194375255						P01133	Pro-epidermal growth factor	Homo sapiens	Encontrado	https://alphafold.ebi.ac.uk/entry/P01133
EGF			1195942729						P01133	Pro-epidermal growth factor	Homo sapiens	Encontrado	https://alphafold.ebi.ac.uk/entry/P01133
EGF			1196970827						P01133	Pro-epidermal growth factor	Homo sapiens	Encontrado	https://alphafold.ebi.ac.uk/entry/P01133
EGF			1198353769	P01133	rs1198353769	S1184P	0.001		P01133	Pro-epidermal growth factor	Homo sapiens	Encontrado	https://alphafold.ebi.ac.uk/entry/P01133
EGF			1198353769	P01133	rs1198353769	S1184P	0.22		P01133	Pro-epidermal growth factor	Homo sapiens	Encontrado	https://alphafold.ebi.ac.uk/entry/P01133
EGF			1198880581	P01133	rs1198880581	N220S	0.0		P01133	Pro-epidermal growth factor	Homo sapiens	Encontrado	https://alphafold.ebi.ac.uk/entry/P01133
EGF			1198880581	P01133	rs1198880581	N220S	0.89		P01133	Pro-epidermal growth factor	Homo sapiens	Encontrado	https://alphafold.ebi.ac.uk/entry/P01133
EGF			1198880581	P01133	rs1198880581	N220S	0.0		P01133	Pro-epidermal growth factor	Homo sapiens	Encontrado	https://alphafold.ebi.ac.uk/entry/P01133
EGF			1198880581	P01133	rs1198880581	N220S	0.64		P01133	Pro-epidermal growth factor	Homo sapiens	Encontrado	https://alphafold.ebi.ac.uk/entry/P01133
EGF			1199226708						P01133	Pro-epidermal growth factor	Homo sapiens	Encontrado	https://alphafold.ebi.ac.uk/entry/P01133
EGF			1201021409						P01133	Pro-epidermal growth factor	Homo sapiens	Encontrado	https://alphafold.ebi.ac.uk/entry/P01133
EGF			1201310826						P01133	Pro-epidermal growth factor	Homo sapiens	Encontrado	https://alphafold.ebi.ac.uk/entry/P01133
EGF			1207846625	P01133	rs1207846625	D186E	0.17		P01133	Pro-epidermal growth factor	Homo sapiens	Encontrado	https://alphafold.ebi.ac.uk/entry/P01133
EGF			1207846625	P01133	rs1207846625	D186E	0.03		P01133	Pro-epidermal growth factor	Homo sapiens	Encontrado	https://alphafold.ebi.ac.uk/entry/P01133
EGF			1210453927						P01133	Pro-epidermal growth factor	Homo sapiens	Encontrado	https://alphafold.ebi.ac.uk/entry/P01133
EGF			1211915346						P01133	Pro-epidermal growth factor	Homo sapiens	Encontrado	https://alphafold.ebi.ac.uk/entry/P01133
EGF			1212404748	P01133	rs1212404748	Y843C	0.312		P01133	Pro-epidermal growth factor	Homo sapiens	Encontrado	https://alphafold.ebi.ac.uk/entry/P01133
EGF			1212404748	P01133	rs1212404748	Y843C	0.01		P01133	Pro-epidermal growth factor	Homo sapiens	Encontrado	https://alphafold.ebi.ac.uk/entry/P01133
EGF			1212404748	P01133	rs1212404748	Y843C	0.322		P01133	Pro-epidermal growth factor	Homo sapiens	Encontrado	https://alphafold.ebi.ac.uk/entry/P01133
EGF			1212404748	P01133	rs1212404748	Y843C	0.01		P01133	Pro-epidermal growth factor	Homo sapiens	Encontrado	https://alphafold.ebi.ac.uk/entry/P01133
EGF			1212691840						P01133	Pro-epidermal growth factor	Homo sapiens	Encontrado	https://alphafold.ebi.ac.uk/entry/P01133
EGF			121434567						P01133	Pro-epidermal growth factor	Homo sapiens	Encontrado	https://alphafold.ebi.ac.uk/entry/P01133
EGF			1215466302						P01133	Pro-epidermal growth factor	Homo sapiens	Encontrado	https://alphafold.ebi.ac.uk/entry/P01133
EGF			1215580058						P01133	Pro-epidermal growth factor	Homo sapiens	Encontrado	https://alphafold.ebi.ac.uk/entry/P01133
EGF			1215651314	P01133	rs1215651314	G138E	0.997		P01133	Pro-epidermal growth factor	Homo sapiens	Encontrado	https://alphafold.ebi.ac.uk/entry/P01133
EGF			1215651314	P01133	rs1215651314	G138E	0.0		P01133	Pro-epidermal growth factor	Homo sapiens	Encontrado	https://alphafold.ebi.ac.uk/entry/P01133
EGF			1215651314	P01133	rs1215651314	G138E	0.997		P01133	Pro-epidermal growth factor	Homo sapiens	Encontrado	https://alphafold.ebi.ac.uk/entry/P01133
EGF			1215651314	P01133	rs1215651314	G138E	0.0		P01133	Pro-epidermal growth factor	Homo sapiens	Encontrado	https://alphafold.ebi.ac.uk/entry/P01133
EGF			1215771991						P01133	Pro-epidermal growth factor	Homo sapiens	Encontrado	https://alphafold.ebi.ac.uk/entry/P01133
EGF			1216737952						P01133	Pro-epidermal growth factor	Homo sapiens	Encontrado	https://alphafold.ebi.ac.uk/entry/P01133
EGF			1218723241						P01133	Pro-epidermal growth factor	Homo sapiens	Encontrado	https://alphafold.ebi.ac.uk/entry/P01133
EGF			1218787853	P01133	rs1218787853	M266T	0.0		P01133	Pro-epidermal growth factor	Homo sapiens	Encontrado	https://alphafold.ebi.ac.uk/entry/P01133
EGF			1218787853	P01133	rs1218787853	M266T	0.76		P01133	Pro-epidermal growth factor	Homo sapiens	Encontrado	https://alphafold.ebi.ac.uk/entry/P01133
EGF			1221488690						P01133	Pro-epidermal growth factor	Homo sapiens	Encontrado	https://alphafold.ebi.ac.uk/entry/P01133
EGF			1222625486						P01133	Pro-epidermal growth factor	Homo sapiens	Encontrado	https://alphafold.ebi.ac.uk/entry/P01133
EGF			1222656533						P01133	Pro-epidermal growth factor	Homo sapiens	Encontrado	https://alphafold.ebi.ac.uk/entry/P01133
EGF			1223900463						P01133	Pro-epidermal growth factor	Homo sapiens	Encontrado	https://alphafold.ebi.ac.uk/entry/P01133
EGF			1226967393						P01133	Pro-epidermal growth factor	Homo sapiens	Encontrado	https://alphafold.ebi.ac.uk/entry/P01133
EGF			1228320232						P01133	Pro-epidermal growth factor	Homo sapiens	Encontrado	https://alphafold.ebi.ac.uk/entry/P01133
EGF			1229574159						P01133	Pro-epidermal growth factor	Homo sapiens	Encontrado	https://alphafold.ebi.ac.uk/entry/P01133
EGF			1230008400						P01133	Pro-epidermal growth factor	Homo sapiens	Encontrado	https://alphafold.ebi.ac.uk/entry/P01133
EGF			1230528773						P01133	Pro-epidermal growth factor	Homo sapiens	Encontrado	https://alphafold.ebi.ac.uk/entry/P01133
EGF			1231075699						P01133	Pro-epidermal growth factor	Homo sapiens	Encontrado	https://alphafold.ebi.ac.uk/entry/P01133
EGF			1232482145						P01133	Pro-epidermal growth factor	Homo sapiens	Encontrado	https://alphafold.ebi.ac.uk/entry/P01133
EGF			1232857341	P01133	rs1232857341	P244Q	0.0		P01133	Pro-epidermal growth factor	Homo sapiens	Encontrado	https://alphafold.ebi.ac.uk/entry/P01133
EGF			1232857341	P01133	rs1232857341	P244Q	0.39		P01133	Pro-epidermal growth factor	Homo sapiens	Encontrado	https://alphafold.ebi.ac.uk/entry/P01133
EGF			1233520657						P01133	Pro-epidermal growth factor	Homo sapiens	Encontrado	https://alphafold.ebi.ac.uk/entry/P01133
EGF			1234150966						P01133	Pro-epidermal growth factor	Homo sapiens	Encontrado	https://alphafold.ebi.ac.uk/entry/P01133
EGF			1234170249						P01133	Pro-epidermal growth factor	Homo sapiens	Encontrado	https://alphafold.ebi.ac.uk/entry/P01133
EGF			1236028716						P01133	Pro-epidermal growth factor	Homo sapiens	Encontrado	https://alphafold.ebi.ac.uk/entry/P01133
EGF			1238374232						P01133	Pro-epidermal growth factor	Homo sapiens	Encontrado	https://alphafold.ebi.ac.uk/entry/P01133
EGF			1239800541						P01133	Pro-epidermal growth factor	Homo sapiens	Encontrado	https://alphafold.ebi.ac.uk/entry/P01133
EGF			1240857491						P01133	Pro-epidermal growth factor	Homo sapiens	Encontrado	https://alphafold.ebi.ac.uk/entry/P01133
EGF			1242726092						P01133	Pro-epidermal growth factor	Homo sapiens	Encontrado	https://alphafold.ebi.ac.uk/entry/P01133
EGF			1243949200						P01133	Pro-epidermal growth factor	Homo sapiens	Encontrado	https://alphafold.ebi.ac.uk/entry/P01133
EGF			1245208842						P01133	Pro-epidermal growth factor	Homo sapiens	Encontrado	https://alphafold.ebi.ac.uk/entry/P01133
EGF			1249803504						P01133	Pro-epidermal growth factor	Homo sapiens	Encontrado	https://alphafold.ebi.ac.uk/entry/P01133
EGF			1251037371	P01133	rs1251037371	C229F	0.033		P01133	Pro-epidermal growth factor	Homo sapiens	Encontrado	https://alphafold.ebi.ac.uk/entry/P01133
EGF			1251037371	P01133	rs1251037371	C229F	0.29		P01133	Pro-epidermal growth factor	Homo sapiens	Encontrado	https://alphafold.ebi.ac.uk/entry/P01133
EGF			1251287116	P01133	rs1251287116	I847V	0.0		P01133	Pro-epidermal growth factor	Homo sapiens	Encontrado	https://alphafold.ebi.ac.uk/entry/P01133
EGF			1251287116	P01133	rs1251287116	I847V	1.0		P01133	Pro-epidermal growth factor	Homo sapiens	Encontrado	https://alphafold.ebi.ac.uk/entry/P01133
EGF			1251287116	P01133	rs1251287116	I847V	0.0		P01133	Pro-epidermal growth factor	Homo sapiens	Encontrado	https://alphafold.ebi.ac.uk/entry/P01133
EGF			1251287116	P01133	rs1251287116	I847V	1.0		P01133	Pro-epidermal growth factor	Homo sapiens	Encontrado	https://alphafold.ebi.ac.uk/entry/P01133
EGF			1252994315						P01133	Pro-epidermal growth factor	Homo sapiens	Encontrado	https://alphafold.ebi.ac.uk/entry/P01133
EGF			1253682366						P01133	Pro-epidermal growth factor	Homo sapiens	Encontrado	https://alphafold.ebi.ac.uk/entry/P01133
EGF			1253795861	P01133	rs1253795861	G673D	1.0		P01133	Pro-epidermal growth factor	Homo sapiens	Encontrado	https://alphafold.ebi.ac.uk/entry/P01133
EGF			1253795861	P01133	rs1253795861	G673D	0.0		P01133	Pro-epidermal growth factor	Homo sapiens	Encontrado	https://alphafold.ebi.ac.uk/entry/P01133
EGF			1253795861	P01133	rs1253795861	G673D	1.0		P01133	Pro-epidermal growth factor	Homo sapiens	Encontrado	https://alphafold.ebi.ac.uk/entry/P01133
EGF			1253795861	P01133	rs1253795861	G673D	0.0		P01133	Pro-epidermal growth factor	Homo sapiens	Encontrado	https://alphafold.ebi.ac.uk/entry/P01133
EGF			1254445172						P01133	Pro-epidermal growth factor	Homo sapiens	Encontrado	https://alphafold.ebi.ac.uk/entry/P01133
EGF			1255356919						P01133	Pro-epidermal growth factor	Homo sapiens	Encontrado	https://alphafold.ebi.ac.uk/entry/P01133
EGF			1255600121						P01133	Pro-epidermal growth factor	Homo sapiens	Encontrado	https://alphafold.ebi.ac.uk/entry/P01133
EGF			1256043845						P01133	Pro-epidermal growth factor	Homo sapiens	Encontrado	https://alphafold.ebi.ac.uk/entry/P01133
EGF			1256400218						P01133	Pro-epidermal growth factor	Homo sapiens	Encontrado	https://alphafold.ebi.ac.uk/entry/P01133
EGF			1256737711						P01133	Pro-epidermal growth factor	Homo sapiens	Encontrado	https://alphafold.ebi.ac.uk/entry/P01133
EGF			1256844370						P01133	Pro-epidermal growth factor	Homo sapiens	Encontrado	https://alphafold.ebi.ac.uk/entry/P01133
EGF			1258913120						P01133	Pro-epidermal growth factor	Homo sapiens	Encontrado	https://alphafold.ebi.ac.uk/entry/P01133
EGF			1259535878						P01133	Pro-epidermal growth factor	Homo sapiens	Encontrado	https://alphafold.ebi.ac.uk/entry/P01133
EGF			1259556844						P01133	Pro-epidermal growth factor	Homo sapiens	Encontrado	https://alphafold.ebi.ac.uk/entry/P01133
EGF			1260967184						P01133	Pro-epidermal growth factor	Homo sapiens	Encontrado	https://alphafold.ebi.ac.uk/entry/P01133
EGF			1261201476	P01133	rs1261201476	S1075R	0.174		P01133	Pro-epidermal growth factor	Homo sapiens	Encontrado	https://alphafold.ebi.ac.uk/entry/P01133
EGF			1261201476	P01133	rs1261201476	S1075R	0.45		P01133	Pro-epidermal growth factor	Homo sapiens	Encontrado	https://alphafold.ebi.ac.uk/entry/P01133
EGF			1261201476	P01133	rs1261201476	S1075R	0.168		P01133	Pro-epidermal growth factor	Homo sapiens	Encontrado	https://alphafold.ebi.ac.uk/entry/P01133
EGF			1261201476	P01133	rs1261201476	S1075R	0.46		P01133	Pro-epidermal growth factor	Homo sapiens	Encontrado	https://alphafold.ebi.ac.uk/entry/P01133
EGF			1261296330						P01133	Pro-epidermal growth factor	Homo sapiens	Encontrado	https://alphafold.ebi.ac.uk/entry/P01133
EGF			1261933340						P01133	Pro-epidermal growth factor	Homo sapiens	Encontrado	https://alphafold.ebi.ac.uk/entry/P01133
EGF			1263977022						P01133	Pro-epidermal growth factor	Homo sapiens	Encontrado	https://alphafold.ebi.ac.uk/entry/P01133
EGF			1267864632						P01133	Pro-epidermal growth factor	Homo sapiens	Encontrado	https://alphafold.ebi.ac.uk/entry/P01133
EGF			1269476178						P01133	Pro-epidermal growth factor	Homo sapiens	Encontrado	https://alphafold.ebi.ac.uk/entry/P01133
EGF			1270771758						P01133	Pro-epidermal growth factor	Homo sapiens	Encontrado	https://alphafold.ebi.ac.uk/entry/P01133
EGF			1271436201						P01133	Pro-epidermal growth factor	Homo sapiens	Encontrado	https://alphafold.ebi.ac.uk/entry/P01133
EGF			1271720095						P01133	Pro-epidermal growth factor	Homo sapiens	Encontrado	https://alphafold.ebi.ac.uk/entry/P01133
EGF			1271919625						P01133	Pro-epidermal growth factor	Homo sapiens	Encontrado	https://alphafold.ebi.ac.uk/entry/P01133
EGF			1272326215						P01133	Pro-epidermal growth factor	Homo sapiens	Encontrado	https://alphafold.ebi.ac.uk/entry/P01133
EGF			1272707671						P01133	Pro-epidermal growth factor	Homo sapiens	Encontrado	https://alphafold.ebi.ac.uk/entry/P01133
EGF			1272747710						P01133	Pro-epidermal growth factor	Homo sapiens	Encontrado	https://alphafold.ebi.ac.uk/entry/P01133
EGF			1272917192						P01133	Pro-epidermal growth factor	Homo sapiens	Encontrado	https://alphafold.ebi.ac.uk/entry/P01133
EGF			1274588467						P01133	Pro-epidermal growth factor	Homo sapiens	Encontrado	https://alphafold.ebi.ac.uk/entry/P01133
EGF			1277319752	P01133	rs1277319752	L1185V	0.969		P01133	Pro-epidermal growth factor	Homo sapiens	Encontrado	https://alphafold.ebi.ac.uk/entry/P01133
EGF			1277319752	P01133	rs1277319752	L1185V	0.01		P01133	Pro-epidermal growth factor	Homo sapiens	Encontrado	https://alphafold.ebi.ac.uk/entry/P01133
EGF			1277706912						P01133	Pro-epidermal growth factor	Homo sapiens	Encontrado	https://alphafold.ebi.ac.uk/entry/P01133
EGF			1278573516						P01133	Pro-epidermal growth factor	Homo sapiens	Encontrado	https://alphafold.ebi.ac.uk/entry/P01133
EGF			1278963711						P01133	Pro-epidermal growth factor	Homo sapiens	Encontrado	https://alphafold.ebi.ac.uk/entry/P01133
EGF			1279086387						P01133	Pro-epidermal growth factor	Homo sapiens	Encontrado	https://alphafold.ebi.ac.uk/entry/P01133
EGF			1282478179						P01133	Pro-epidermal growth factor	Homo sapiens	Encontrado	https://alphafold.ebi.ac.uk/entry/P01133
EGF			1282895077						P01133	Pro-epidermal growth factor	Homo sapiens	Encontrado	https://alphafold.ebi.ac.uk/entry/P01133
EGF			1287322597						P01133	Pro-epidermal growth factor	Homo sapiens	Encontrado	https://alphafold.ebi.ac.uk/entry/P01133
EGF			1287672175						P01133	Pro-epidermal growth factor	Homo sapiens	Encontrado	https://alphafold.ebi.ac.uk/entry/P01133
EGF			1288485216						P01133	Pro-epidermal growth factor	Homo sapiens	Encontrado	https://alphafold.ebi.ac.uk/entry/P01133
EGF			1288501540						P01133	Pro-epidermal growth factor	Homo sapiens	Encontrado	https://alphafold.ebi.ac.uk/entry/P01133
EGF			1288621176						P01133	Pro-epidermal growth factor	Homo sapiens	Encontrado	https://alphafold.ebi.ac.uk/entry/P01133
EGF			1288976019						P01133	Pro-epidermal growth factor	Homo sapiens	Encontrado	https://alphafold.ebi.ac.uk/entry/P01133
EGF			1291176630						P01133	Pro-epidermal growth factor	Homo sapiens	Encontrado	https://alphafold.ebi.ac.uk/entry/P01133
EGF			1293727643						P01133	Pro-epidermal growth factor	Homo sapiens	Encontrado	https://alphafold.ebi.ac.uk/entry/P01133
EGF			1294624158						P01133	Pro-epidermal growth factor	Homo sapiens	Encontrado	https://alphafold.ebi.ac.uk/entry/P01133
EGF			1294773772						P01133	Pro-epidermal growth factor	Homo sapiens	Encontrado	https://alphafold.ebi.ac.uk/entry/P01133
EGF			1295642246						P01133	Pro-epidermal growth factor	Homo sapiens	Encontrado	https://alphafold.ebi.ac.uk/entry/P01133
EGF			1295879070						P01133	Pro-epidermal growth factor	Homo sapiens	Encontrado	https://alphafold.ebi.ac.uk/entry/P01133
EGF			1296091229						P01133	Pro-epidermal growth factor	Homo sapiens	Encontrado	https://alphafold.ebi.ac.uk/entry/P01133
EGF			1296494545						P01133	Pro-epidermal growth factor	Homo sapiens	Encontrado	https://alphafold.ebi.ac.uk/entry/P01133
EGF			1296808362						P01133	Pro-epidermal growth factor	Homo sapiens	Encontrado	https://alphafold.ebi.ac.uk/entry/P01133
EGF			1297563602						P01133	Pro-epidermal growth factor	Homo sapiens	Encontrado	https://alphafold.ebi.ac.uk/entry/P01133
EGF			1299772375						P01133	Pro-epidermal growth factor	Homo sapiens	Encontrado	https://alphafold.ebi.ac.uk/entry/P01133
EGF			1300064970						P01133	Pro-epidermal growth factor	Homo sapiens	Encontrado	https://alphafold.ebi.ac.uk/entry/P01133
EGF			1300453421	P01133	rs1300453421	D1153G	0.001		P01133	Pro-epidermal growth factor	Homo sapiens	Encontrado	https://alphafold.ebi.ac.uk/entry/P01133
EGF			1300453421	P01133	rs1300453421	D1153G	0.12		P01133	Pro-epidermal growth factor	Homo sapiens	Encontrado	https://alphafold.ebi.ac.uk/entry/P01133
EGF			1301079048						P01133	Pro-epidermal growth factor	Homo sapiens	Encontrado	https://alphafold.ebi.ac.uk/entry/P01133
EGF			1301612422						P01133	Pro-epidermal growth factor	Homo sapiens	Encontrado	https://alphafold.ebi.ac.uk/entry/P01133
EGF			1303307790						P01133	Pro-epidermal growth factor	Homo sapiens	Encontrado	https://alphafold.ebi.ac.uk/entry/P01133
EGF			1306007734						P01133	Pro-epidermal growth factor	Homo sapiens	Encontrado	https://alphafold.ebi.ac.uk/entry/P01133
EGF			1307143732	P01133	rs1307143732	H754R	0.135		P01133	Pro-epidermal growth factor	Homo sapiens	Encontrado	https://alphafold.ebi.ac.uk/entry/P01133
EGF			1307143732	P01133	rs1307143732	H754R	0.03		P01133	Pro-epidermal growth factor	Homo sapiens	Encontrado	https://alphafold.ebi.ac.uk/entry/P01133
EGF			1309070838						P01133	Pro-epidermal growth factor	Homo sapiens	Encontrado	https://alphafold.ebi.ac.uk/entry/P01133
EGF			1309168296						P01133	Pro-epidermal growth factor	Homo sapiens	Encontrado	https://alphafold.ebi.ac.uk/entry/P01133
EGF			1310373204						P01133	Pro-epidermal growth factor	Homo sapiens	Encontrado	https://alphafold.ebi.ac.uk/entry/P01133
EGF			1313189573						P01133	Pro-epidermal growth factor	Homo sapiens	Encontrado	https://alphafold.ebi.ac.uk/entry/P01133
EGF			1313536333						P01133	Pro-epidermal growth factor	Homo sapiens	Encontrado	https://alphafold.ebi.ac.uk/entry/P01133
EGF			1318180776						P01133	Pro-epidermal growth factor	Homo sapiens	Encontrado	https://alphafold.ebi.ac.uk/entry/P01133
EGF			1319309482						P01133	Pro-epidermal growth factor	Homo sapiens	Encontrado	https://alphafold.ebi.ac.uk/entry/P01133
EGF			1322505855						P01133	Pro-epidermal growth factor	Homo sapiens	Encontrado	https://alphafold.ebi.ac.uk/entry/P01133
EGF			1323833193	P01133	rs1323833193	A995G	0.127		P01133	Pro-epidermal growth factor	Homo sapiens	Encontrado	https://alphafold.ebi.ac.uk/entry/P01133
EGF			1323833193	P01133	rs1323833193	A995G	0.35		P01133	Pro-epidermal growth factor	Homo sapiens	Encontrado	https://alphafold.ebi.ac.uk/entry/P01133
EGF			1324562881						P01133	Pro-epidermal growth factor	Homo sapiens	Encontrado	https://alphafold.ebi.ac.uk/entry/P01133
EGF			1325124883						P01133	Pro-epidermal growth factor	Homo sapiens	Encontrado	https://alphafold.ebi.ac.uk/entry/P01133
EGF			1328300146						P01133	Pro-epidermal growth factor	Homo sapiens	Encontrado	https://alphafold.ebi.ac.uk/entry/P01133
EGF			1332075719						P01133	Pro-epidermal growth factor	Homo sapiens	Encontrado	https://alphafold.ebi.ac.uk/entry/P01133
EGF			1332346154						P01133	Pro-epidermal growth factor	Homo sapiens	Encontrado	https://alphafold.ebi.ac.uk/entry/P01133
EGF			1332918582						P01133	Pro-epidermal growth factor	Homo sapiens	Encontrado	https://alphafold.ebi.ac.uk/entry/P01133
EGF			1333065336						P01133	Pro-epidermal growth factor	Homo sapiens	Encontrado	https://alphafold.ebi.ac.uk/entry/P01133
EGF			1335482166						P01133	Pro-epidermal growth factor	Homo sapiens	Encontrado	https://alphafold.ebi.ac.uk/entry/P01133
EGF			1336242054						P01133	Pro-epidermal growth factor	Homo sapiens	Encontrado	https://alphafold.ebi.ac.uk/entry/P01133
EGF			1339220926						P01133	Pro-epidermal growth factor	Homo sapiens	Encontrado	https://alphafold.ebi.ac.uk/entry/P01133
EGF			1339389920	P01133	rs1339389920	G147E	0.9		P01133	Pro-epidermal growth factor	Homo sapiens	Encontrado	https://alphafold.ebi.ac.uk/entry/P01133
EGF			1339389920	P01133	rs1339389920	G147E	0.04		P01133	Pro-epidermal growth factor	Homo sapiens	Encontrado	https://alphafold.ebi.ac.uk/entry/P01133
EGF			1339389920	P01133	rs1339389920	G147E	0.904		P01133	Pro-epidermal growth factor	Homo sapiens	Encontrado	https://alphafold.ebi.ac.uk/entry/P01133
EGF			1339389920	P01133	rs1339389920	G147E	0.02		P01133	Pro-epidermal growth factor	Homo sapiens	Encontrado	https://alphafold.ebi.ac.uk/entry/P01133
EGF			1339917972						P01133	Pro-epidermal growth factor	Homo sapiens	Encontrado	https://alphafold.ebi.ac.uk/entry/P01133
EGF			1342016958						P01133	Pro-epidermal growth factor	Homo sapiens	Encontrado	https://alphafold.ebi.ac.uk/entry/P01133
EGF			1343433116						P01133	Pro-epidermal growth factor	Homo sapiens	Encontrado	https://alphafold.ebi.ac.uk/entry/P01133
EGF			1344654720						P01133	Pro-epidermal growth factor	Homo sapiens	Encontrado	https://alphafold.ebi.ac.uk/entry/P01133
EGF			1345748361						P01133	Pro-epidermal growth factor	Homo sapiens	Encontrado	https://alphafold.ebi.ac.uk/entry/P01133
EGF			1345828772						P01133	Pro-epidermal growth factor	Homo sapiens	Encontrado	https://alphafold.ebi.ac.uk/entry/P01133
EGF			1346572376						P01133	Pro-epidermal growth factor	Homo sapiens	Encontrado	https://alphafold.ebi.ac.uk/entry/P01133
EGF			1347968610						P01133	Pro-epidermal growth factor	Homo sapiens	Encontrado	https://alphafold.ebi.ac.uk/entry/P01133
EGF			1349210514						P01133	Pro-epidermal growth factor	Homo sapiens	Encontrado	https://alphafold.ebi.ac.uk/entry/P01133
EGF			1350235604						P01133	Pro-epidermal growth factor	Homo sapiens	Encontrado	https://alphafold.ebi.ac.uk/entry/P01133
EGF			1351225360	P01133	rs1351225360	V428M	0.969		P01133	Pro-epidermal growth factor	Homo sapiens	Encontrado	https://alphafold.ebi.ac.uk/entry/P01133
EGF			1351225360	P01133	rs1351225360	V428M	0.01		P01133	Pro-epidermal growth factor	Homo sapiens	Encontrado	https://alphafold.ebi.ac.uk/entry/P01133
EGF			1351225360	P01133	rs1351225360	V428M	0.971		P01133	Pro-epidermal growth factor	Homo sapiens	Encontrado	https://alphafold.ebi.ac.uk/entry/P01133
EGF			1351225360	P01133	rs1351225360	V428M	0.05		P01133	Pro-epidermal growth factor	Homo sapiens	Encontrado	https://alphafold.ebi.ac.uk/entry/P01133
EGF			1351896784						P01133	Pro-epidermal growth factor	Homo sapiens	Encontrado	https://alphafold.ebi.ac.uk/entry/P01133
EGF			1353596862						P01133	Pro-epidermal growth factor	Homo sapiens	Encontrado	https://alphafold.ebi.ac.uk/entry/P01133
EGF			1355332484	P01133	rs1355332484	L454V	0.172		P01133	Pro-epidermal growth factor	Homo sapiens	Encontrado	https://alphafold.ebi.ac.uk/entry/P01133
EGF			1355332484	P01133	rs1355332484	L454V	0.05		P01133	Pro-epidermal growth factor	Homo sapiens	Encontrado	https://alphafold.ebi.ac.uk/entry/P01133
EGF			1355948333						P01133	Pro-epidermal growth factor	Homo sapiens	Encontrado	https://alphafold.ebi.ac.uk/entry/P01133
EGF			1356808196						P01133	Pro-epidermal growth factor	Homo sapiens	Encontrado	https://alphafold.ebi.ac.uk/entry/P01133
EGF			1357517337						P01133	Pro-epidermal growth factor	Homo sapiens	Encontrado	https://alphafold.ebi.ac.uk/entry/P01133
EGF			1358371873						P01133	Pro-epidermal growth factor	Homo sapiens	Encontrado	https://alphafold.ebi.ac.uk/entry/P01133
EGF			1358737318						P01133	Pro-epidermal growth factor	Homo sapiens	Encontrado	https://alphafold.ebi.ac.uk/entry/P01133
EGF			1359591763						P01133	Pro-epidermal growth factor	Homo sapiens	Encontrado	https://alphafold.ebi.ac.uk/entry/P01133
EGF			1365980846						P01133	Pro-epidermal growth factor	Homo sapiens	Encontrado	https://alphafold.ebi.ac.uk/entry/P01133
EGF			1366574720	P01133	rs1366574720	A1121S	0.003		P01133	Pro-epidermal growth factor	Homo sapiens	Encontrado	https://alphafold.ebi.ac.uk/entry/P01133
EGF			1366574720	P01133	rs1366574720	A1121S	0.09		P01133	Pro-epidermal growth factor	Homo sapiens	Encontrado	https://alphafold.ebi.ac.uk/entry/P01133
EGF			1367592608						P01133	Pro-epidermal growth factor	Homo sapiens	Encontrado	https://alphafold.ebi.ac.uk/entry/P01133
EGF			1368058774						P01133	Pro-epidermal growth factor	Homo sapiens	Encontrado	https://alphafold.ebi.ac.uk/entry/P01133
EGF			1369053303	P01133	rs1369053303	D92N	1.0		P01133	Pro-epidermal growth factor	Homo sapiens	Encontrado	https://alphafold.ebi.ac.uk/entry/P01133
EGF			1369053303	P01133	rs1369053303	D92N	0.1		P01133	Pro-epidermal growth factor	Homo sapiens	Encontrado	https://alphafold.ebi.ac.uk/entry/P01133
EGF			1369053303	P01133	rs1369053303	D92N	1.0		P01133	Pro-epidermal growth factor	Homo sapiens	Encontrado	https://alphafold.ebi.ac.uk/entry/P01133
EGF			1369053303	P01133	rs1369053303	D92N	0.05		P01133	Pro-epidermal growth factor	Homo sapiens	Encontrado	https://alphafold.ebi.ac.uk/entry/P01133
EGF			1369607165						P01133	Pro-epidermal growth factor	Homo sapiens	Encontrado	https://alphafold.ebi.ac.uk/entry/P01133
EGF			1371085955						P01133	Pro-epidermal growth factor	Homo sapiens	Encontrado	https://alphafold.ebi.ac.uk/entry/P01133
EGF			1373156767						P01133	Pro-epidermal growth factor	Homo sapiens	Encontrado	https://alphafold.ebi.ac.uk/entry/P01133
EGF			1373236571						P01133	Pro-epidermal growth factor	Homo sapiens	Encontrado	https://alphafold.ebi.ac.uk/entry/P01133
EGF			1376347465	P01133	rs1376347465	E1176D	0.0		P01133	Pro-epidermal growth factor	Homo sapiens	Encontrado	https://alphafold.ebi.ac.uk/entry/P01133
EGF			1376347465	P01133	rs1376347465	E1176D	0.07		P01133	Pro-epidermal growth factor	Homo sapiens	Encontrado	https://alphafold.ebi.ac.uk/entry/P01133
EGF			1378496031						P01133	Pro-epidermal growth factor	Homo sapiens	Encontrado	https://alphafold.ebi.ac.uk/entry/P01133
EGF			1378616740						P01133	Pro-epidermal growth factor	Homo sapiens	Encontrado	https://alphafold.ebi.ac.uk/entry/P01133
EGF			1378939683						P01133	Pro-epidermal growth factor	Homo sapiens	Encontrado	https://alphafold.ebi.ac.uk/entry/P01133
EGF			138035348	P01133	rs138035348	S155R	0.0		P01133	Pro-epidermal growth factor	Homo sapiens	Encontrado	https://alphafold.ebi.ac.uk/entry/P01133
EGF			138035348	P01133	rs138035348	S155R	0.87		P01133	Pro-epidermal growth factor	Homo sapiens	Encontrado	https://alphafold.ebi.ac.uk/entry/P01133
EGF			1380867282						P01133	Pro-epidermal growth factor	Homo sapiens	Encontrado	https://alphafold.ebi.ac.uk/entry/P01133
EGF			1382904446						P01133	Pro-epidermal growth factor	Homo sapiens	Encontrado	https://alphafold.ebi.ac.uk/entry/P01133
EGF			1384197102	P01133	rs1384197102	P483Q	0.99		P01133	Pro-epidermal growth factor	Homo sapiens	Encontrado	https://alphafold.ebi.ac.uk/entry/P01133
EGF			1384197102	P01133	rs1384197102	P483Q	0.0		P01133	Pro-epidermal growth factor	Homo sapiens	Encontrado	https://alphafold.ebi.ac.uk/entry/P01133
EGF			1384197102	P01133	rs1384197102	P483Q	0.991		P01133	Pro-epidermal growth factor	Homo sapiens	Encontrado	https://alphafold.ebi.ac.uk/entry/P01133
EGF			1384197102	P01133	rs1384197102	P483Q	0.0		P01133	Pro-epidermal growth factor	Homo sapiens	Encontrado	https://alphafold.ebi.ac.uk/entry/P01133
EGF			1384707531						P01133	Pro-epidermal growth factor	Homo sapiens	Encontrado	https://alphafold.ebi.ac.uk/entry/P01133
EGF			1384874033	P01133	rs1384874033	R87I	0.003		P01133	Pro-epidermal growth factor	Homo sapiens	Encontrado	https://alphafold.ebi.ac.uk/entry/P01133
EGF			1384874033	P01133	rs1384874033	R87I	0.02		P01133	Pro-epidermal growth factor	Homo sapiens	Encontrado	https://alphafold.ebi.ac.uk/entry/P01133
EGF			1384874033	P01133	rs1384874033	R87I	0.003		P01133	Pro-epidermal growth factor	Homo sapiens	Encontrado	https://alphafold.ebi.ac.uk/entry/P01133
EGF			1384874033	P01133	rs1384874033	R87I	0.0		P01133	Pro-epidermal growth factor	Homo sapiens	Encontrado	https://alphafold.ebi.ac.uk/entry/P01133
EGF			138528000						P01133	Pro-epidermal growth factor	Homo sapiens	Encontrado	https://alphafold.ebi.ac.uk/entry/P01133
EGF			1385733087						P01133	Pro-epidermal growth factor	Homo sapiens	Encontrado	https://alphafold.ebi.ac.uk/entry/P01133
EGF			1390232915	P01133	rs1390232915	D776N	0.025		P01133	Pro-epidermal growth factor	Homo sapiens	Encontrado	https://alphafold.ebi.ac.uk/entry/P01133
EGF			1390232915	P01133	rs1390232915	D776N	0.1		P01133	Pro-epidermal growth factor	Homo sapiens	Encontrado	https://alphafold.ebi.ac.uk/entry/P01133
EGF			1390232915	P01133	rs1390232915	D776N	0.026		P01133	Pro-epidermal growth factor	Homo sapiens	Encontrado	https://alphafold.ebi.ac.uk/entry/P01133
EGF			1390232915	P01133	rs1390232915	D776N	0.08		P01133	Pro-epidermal growth factor	Homo sapiens	Encontrado	https://alphafold.ebi.ac.uk/entry/P01133
EGF			1391690257						P01133	Pro-epidermal growth factor	Homo sapiens	Encontrado	https://alphafold.ebi.ac.uk/entry/P01133
EGF			1393062676						P01133	Pro-epidermal growth factor	Homo sapiens	Encontrado	https://alphafold.ebi.ac.uk/entry/P01133
EGF			1395191454						P01133	Pro-epidermal growth factor	Homo sapiens	Encontrado	https://alphafold.ebi.ac.uk/entry/P01133
EGF			1396334354						P01133	Pro-epidermal growth factor	Homo sapiens	Encontrado	https://alphafold.ebi.ac.uk/entry/P01133
EGF			1396675718						P01133	Pro-epidermal growth factor	Homo sapiens	Encontrado	https://alphafold.ebi.ac.uk/entry/P01133
EGF			139711858						P01133	Pro-epidermal growth factor	Homo sapiens	Encontrado	https://alphafold.ebi.ac.uk/entry/P01133
EGF			139746048						P01133	Pro-epidermal growth factor	Homo sapiens	Encontrado	https://alphafold.ebi.ac.uk/entry/P01133
EGF			1399403846						P01133	Pro-epidermal growth factor	Homo sapiens	Encontrado	https://alphafold.ebi.ac.uk/entry/P01133
EGF			1400017701						P01133	Pro-epidermal growth factor	Homo sapiens	Encontrado	https://alphafold.ebi.ac.uk/entry/P01133
EGF			140101336						P01133	Pro-epidermal growth factor	Homo sapiens	Encontrado	https://alphafold.ebi.ac.uk/entry/P01133
EGF			1401083945						P01133	Pro-epidermal growth factor	Homo sapiens	Encontrado	https://alphafold.ebi.ac.uk/entry/P01133
EGF			1404201541	P01133	rs1404201541	R349Q	0.001		P01133	Pro-epidermal growth factor	Homo sapiens	Encontrado	https://alphafold.ebi.ac.uk/entry/P01133
EGF			1404201541	P01133	rs1404201541	R349Q	0.67		P01133	Pro-epidermal growth factor	Homo sapiens	Encontrado	https://alphafold.ebi.ac.uk/entry/P01133
EGF			1404201541	P01133	rs1404201541	R349Q	0.001		P01133	Pro-epidermal growth factor	Homo sapiens	Encontrado	https://alphafold.ebi.ac.uk/entry/P01133
EGF			1404201541	P01133	rs1404201541	R349Q	0.79		P01133	Pro-epidermal growth factor	Homo sapiens	Encontrado	https://alphafold.ebi.ac.uk/entry/P01133
EGF			1404642527						P01133	Pro-epidermal growth factor	Homo sapiens	Encontrado	https://alphafold.ebi.ac.uk/entry/P01133
EGF			1404950422						P01133	Pro-epidermal growth factor	Homo sapiens	Encontrado	https://alphafold.ebi.ac.uk/entry/P01133
EGF			1407071898						P01133	Pro-epidermal growth factor	Homo sapiens	Encontrado	https://alphafold.ebi.ac.uk/entry/P01133
EGF			1407092764						P01133	Pro-epidermal growth factor	Homo sapiens	Encontrado	https://alphafold.ebi.ac.uk/entry/P01133
EGF			140730971	P01133	rs140730971	G1177A	0.005		P01133	Pro-epidermal growth factor	Homo sapiens	Encontrado	https://alphafold.ebi.ac.uk/entry/P01133
EGF			140730971	P01133	rs140730971	G1177A	0.76		P01133	Pro-epidermal growth factor	Homo sapiens	Encontrado	https://alphafold.ebi.ac.uk/entry/P01133
EGF			1407378669						P01133	Pro-epidermal growth factor	Homo sapiens	Encontrado	https://alphafold.ebi.ac.uk/entry/P01133
EGF			1408323525	P01133	rs1408323525	Q681R	0.985		P01133	Pro-epidermal growth factor	Homo sapiens	Encontrado	https://alphafold.ebi.ac.uk/entry/P01133
EGF			1408323525	P01133	rs1408323525	Q681R	0.01		P01133	Pro-epidermal growth factor	Homo sapiens	Encontrado	https://alphafold.ebi.ac.uk/entry/P01133
EGF			1408827585						P01133	Pro-epidermal growth factor	Homo sapiens	Encontrado	https://alphafold.ebi.ac.uk/entry/P01133
EGF			1409336048						P01133	Pro-epidermal growth factor	Homo sapiens	Encontrado	https://alphafold.ebi.ac.uk/entry/P01133
EGF			1409478636						P01133	Pro-epidermal growth factor	Homo sapiens	Encontrado	https://alphafold.ebi.ac.uk/entry/P01133
EGF			1409908890						P01133	Pro-epidermal growth factor	Homo sapiens	Encontrado	https://alphafold.ebi.ac.uk/entry/P01133
EGF			1411220142						P01133	Pro-epidermal growth factor	Homo sapiens	Encontrado	https://alphafold.ebi.ac.uk/entry/P01133
EGF			1411426888						P01133	Pro-epidermal growth factor	Homo sapiens	Encontrado	https://alphafold.ebi.ac.uk/entry/P01133
EGF			1411459152						P01133	Pro-epidermal growth factor	Homo sapiens	Encontrado	https://alphafold.ebi.ac.uk/entry/P01133
EGF			141238669						P01133	Pro-epidermal growth factor	Homo sapiens	Encontrado	https://alphafold.ebi.ac.uk/entry/P01133
EGF			1413046973						P01133	Pro-epidermal growth factor	Homo sapiens	Encontrado	https://alphafold.ebi.ac.uk/entry/P01133
EGF			1413609859						P01133	Pro-epidermal growth factor	Homo sapiens	Encontrado	https://alphafold.ebi.ac.uk/entry/P01133
EGF			1414943755						P01133	Pro-epidermal growth factor	Homo sapiens	Encontrado	https://alphafold.ebi.ac.uk/entry/P01133
EGF			1416351877						P01133	Pro-epidermal growth factor	Homo sapiens	Encontrado	https://alphafold.ebi.ac.uk/entry/P01133
EGF			1419002051						P01133	Pro-epidermal growth factor	Homo sapiens	Encontrado	https://alphafold.ebi.ac.uk/entry/P01133
EGF			1420439854						P01133	Pro-epidermal growth factor	Homo sapiens	Encontrado	https://alphafold.ebi.ac.uk/entry/P01133
EGF			1420888787						P01133	Pro-epidermal growth factor	Homo sapiens	Encontrado	https://alphafold.ebi.ac.uk/entry/P01133
EGF			142267084	P01133	rs142267084	L631F	0.005		P01133	Pro-epidermal growth factor	Homo sapiens	Encontrado	https://alphafold.ebi.ac.uk/entry/P01133
EGF			142267084	P01133	rs142267084	L631F	0.14		P01133	Pro-epidermal growth factor	Homo sapiens	Encontrado	https://alphafold.ebi.ac.uk/entry/P01133
EGF			1423903311						P01133	Pro-epidermal growth factor	Homo sapiens	Encontrado	https://alphafold.ebi.ac.uk/entry/P01133
EGF			142458920						P01133	Pro-epidermal growth factor	Homo sapiens	Encontrado	https://alphafold.ebi.ac.uk/entry/P01133
EGF			1426948573						P01133	Pro-epidermal growth factor	Homo sapiens	Encontrado	https://alphafold.ebi.ac.uk/entry/P01133
EGF			142717890						P01133	Pro-epidermal growth factor	Homo sapiens	Encontrado	https://alphafold.ebi.ac.uk/entry/P01133
EGF			142751045	P01133	rs142751045	V452I	0.0		P01133	Pro-epidermal growth factor	Homo sapiens	Encontrado	https://alphafold.ebi.ac.uk/entry/P01133
EGF			142751045	P01133	rs142751045	V452I	0.48		P01133	Pro-epidermal growth factor	Homo sapiens	Encontrado	https://alphafold.ebi.ac.uk/entry/P01133
EGF			1428050447						P01133	Pro-epidermal growth factor	Homo sapiens	Encontrado	https://alphafold.ebi.ac.uk/entry/P01133
EGF			142838234						P01133	Pro-epidermal growth factor	Homo sapiens	Encontrado	https://alphafold.ebi.ac.uk/entry/P01133
EGF			1430352239						P01133	Pro-epidermal growth factor	Homo sapiens	Encontrado	https://alphafold.ebi.ac.uk/entry/P01133
EGF			1430660337						P01133	Pro-epidermal growth factor	Homo sapiens	Encontrado	https://alphafold.ebi.ac.uk/entry/P01133
EGF			1431005496	P01133	rs1431005496	Y219H	0.001		P01133	Pro-epidermal growth factor	Homo sapiens	Encontrado	https://alphafold.ebi.ac.uk/entry/P01133
EGF			1431005496	P01133	rs1431005496	Y219H	0.59		P01133	Pro-epidermal growth factor	Homo sapiens	Encontrado	https://alphafold.ebi.ac.uk/entry/P01133
EGF			1431492601	P01133	rs1431492601	S119Y	0.987		P01133	Pro-epidermal growth factor	Homo sapiens	Encontrado	https://alphafold.ebi.ac.uk/entry/P01133
EGF			1431492601	P01133	rs1431492601	S119Y	0.0		P01133	Pro-epidermal growth factor	Homo sapiens	Encontrado	https://alphafold.ebi.ac.uk/entry/P01133
EGF			1431492601	P01133	rs1431492601	S119Y	0.988		P01133	Pro-epidermal growth factor	Homo sapiens	Encontrado	https://alphafold.ebi.ac.uk/entry/P01133
EGF			1431492601	P01133	rs1431492601	S119Y	0.0		P01133	Pro-epidermal growth factor	Homo sapiens	Encontrado	https://alphafold.ebi.ac.uk/entry/P01133
EGF			1432478685						P01133	Pro-epidermal growth factor	Homo sapiens	Encontrado	https://alphafold.ebi.ac.uk/entry/P01133
EGF			1435747525						P01133	Pro-epidermal growth factor	Homo sapiens	Encontrado	https://alphafold.ebi.ac.uk/entry/P01133
EGF			143595598						P01133	Pro-epidermal growth factor	Homo sapiens	Encontrado	https://alphafold.ebi.ac.uk/entry/P01133
EGF			143612590	P01133	rs143612590	G366D	1.0		P01133	Pro-epidermal growth factor	Homo sapiens	Encontrado	https://alphafold.ebi.ac.uk/entry/P01133
EGF			143612590	P01133	rs143612590	G366D	0.0		P01133	Pro-epidermal growth factor	Homo sapiens	Encontrado	https://alphafold.ebi.ac.uk/entry/P01133
EGF			1436919825						P01133	Pro-epidermal growth factor	Homo sapiens	Encontrado	https://alphafold.ebi.ac.uk/entry/P01133
EGF			1438146140						P01133	Pro-epidermal growth factor	Homo sapiens	Encontrado	https://alphafold.ebi.ac.uk/entry/P01133
EGF			1438465879						P01133	Pro-epidermal growth factor	Homo sapiens	Encontrado	https://alphafold.ebi.ac.uk/entry/P01133
EGF			1439651868	P01133	rs1439651868	E826K	0.922		P01133	Pro-epidermal growth factor	Homo sapiens	Encontrado	https://alphafold.ebi.ac.uk/entry/P01133
EGF			1439651868	P01133	rs1439651868	E826K	0.01		P01133	Pro-epidermal growth factor	Homo sapiens	Encontrado	https://alphafold.ebi.ac.uk/entry/P01133
EGF			144013010	P01133	rs144013010	P160S	1.0		P01133	Pro-epidermal growth factor	Homo sapiens	Encontrado	https://alphafold.ebi.ac.uk/entry/P01133
EGF			144013010	P01133	rs144013010	P160S	0.01		P01133	Pro-epidermal growth factor	Homo sapiens	Encontrado	https://alphafold.ebi.ac.uk/entry/P01133
EGF			144013010	P01133	rs144013010	P160S	1.0		P01133	Pro-epidermal growth factor	Homo sapiens	Encontrado	https://alphafold.ebi.ac.uk/entry/P01133
EGF			144013010	P01133	rs144013010	P160S	0.01		P01133	Pro-epidermal growth factor	Homo sapiens	Encontrado	https://alphafold.ebi.ac.uk/entry/P01133
EGF			1440141911						P01133	Pro-epidermal growth factor	Homo sapiens	Encontrado	https://alphafold.ebi.ac.uk/entry/P01133
EGF			1442172047						P01133	Pro-epidermal growth factor	Homo sapiens	Encontrado	https://alphafold.ebi.ac.uk/entry/P01133
EGF			1442296000						P01133	Pro-epidermal growth factor	Homo sapiens	Encontrado	https://alphafold.ebi.ac.uk/entry/P01133
EGF			1443032875						P01133	Pro-epidermal growth factor	Homo sapiens	Encontrado	https://alphafold.ebi.ac.uk/entry/P01133
EGF			144437729	P01133	rs144437729	R221T	0.003		P01133	Pro-epidermal growth factor	Homo sapiens	Encontrado	https://alphafold.ebi.ac.uk/entry/P01133
EGF			144437729	P01133	rs144437729	R221T	0.41		P01133	Pro-epidermal growth factor	Homo sapiens	Encontrado	https://alphafold.ebi.ac.uk/entry/P01133
EGF			1444877971						P01133	Pro-epidermal growth factor	Homo sapiens	Encontrado	https://alphafold.ebi.ac.uk/entry/P01133
EGF			144527372	P01133	rs144527372	R943C	0.007		P01133	Pro-epidermal growth factor	Homo sapiens	Encontrado	https://alphafold.ebi.ac.uk/entry/P01133
EGF			144527372	P01133	rs144527372	R943C	0.06		P01133	Pro-epidermal growth factor	Homo sapiens	Encontrado	https://alphafold.ebi.ac.uk/entry/P01133
EGF			144527372	P01133	rs144527372	R943C	0.007		P01133	Pro-epidermal growth factor	Homo sapiens	Encontrado	https://alphafold.ebi.ac.uk/entry/P01133
EGF			144527372	P01133	rs144527372	R943C	0.03		P01133	Pro-epidermal growth factor	Homo sapiens	Encontrado	https://alphafold.ebi.ac.uk/entry/P01133
EGF			144595306	P01133	rs144595306	S766L	0.0		P01133	Pro-epidermal growth factor	Homo sapiens	Encontrado	https://alphafold.ebi.ac.uk/entry/P01133
EGF			144595306	P01133	rs144595306	S766L	0.78		P01133	Pro-epidermal growth factor	Homo sapiens	Encontrado	https://alphafold.ebi.ac.uk/entry/P01133
EGF			144851583						P01133	Pro-epidermal growth factor	Homo sapiens	Encontrado	https://alphafold.ebi.ac.uk/entry/P01133
EGF			1448779790						P01133	Pro-epidermal growth factor	Homo sapiens	Encontrado	https://alphafold.ebi.ac.uk/entry/P01133
EGF			144966505						P01133	Pro-epidermal growth factor	Homo sapiens	Encontrado	https://alphafold.ebi.ac.uk/entry/P01133
EGF			1450180055						P01133	Pro-epidermal growth factor	Homo sapiens	Encontrado	https://alphafold.ebi.ac.uk/entry/P01133
EGF			1452045616						P01133	Pro-epidermal growth factor	Homo sapiens	Encontrado	https://alphafold.ebi.ac.uk/entry/P01133
EGF			1455778847						P01133	Pro-epidermal growth factor	Homo sapiens	Encontrado	https://alphafold.ebi.ac.uk/entry/P01133
EGF			1456420854						P01133	Pro-epidermal growth factor	Homo sapiens	Encontrado	https://alphafold.ebi.ac.uk/entry/P01133
EGF			1460099820						P01133	Pro-epidermal growth factor	Homo sapiens	Encontrado	https://alphafold.ebi.ac.uk/entry/P01133
EGF			146224376	P01133	rs146224376	P424S	1.0		P01133	Pro-epidermal growth factor	Homo sapiens	Encontrado	https://alphafold.ebi.ac.uk/entry/P01133
EGF			146224376	P01133	rs146224376	P424S	0.02		P01133	Pro-epidermal growth factor	Homo sapiens	Encontrado	https://alphafold.ebi.ac.uk/entry/P01133
EGF			1462832681						P01133	Pro-epidermal growth factor	Homo sapiens	Encontrado	https://alphafold.ebi.ac.uk/entry/P01133
EGF			1463274356						P01133	Pro-epidermal growth factor	Homo sapiens	Encontrado	https://alphafold.ebi.ac.uk/entry/P01133
EGF			1463568949						P01133	Pro-epidermal growth factor	Homo sapiens	Encontrado	https://alphafold.ebi.ac.uk/entry/P01133
EGF			1463591617						P01133	Pro-epidermal growth factor	Homo sapiens	Encontrado	https://alphafold.ebi.ac.uk/entry/P01133
EGF			1467063029						P01133	Pro-epidermal growth factor	Homo sapiens	Encontrado	https://alphafold.ebi.ac.uk/entry/P01133
EGF			1468150631						P01133	Pro-epidermal growth factor	Homo sapiens	Encontrado	https://alphafold.ebi.ac.uk/entry/P01133
EGF			1468570396						P01133	Pro-epidermal growth factor	Homo sapiens	Encontrado	https://alphafold.ebi.ac.uk/entry/P01133
EGF			1468921558						P01133	Pro-epidermal growth factor	Homo sapiens	Encontrado	https://alphafold.ebi.ac.uk/entry/P01133
EGF			1469303678						P01133	Pro-epidermal growth factor	Homo sapiens	Encontrado	https://alphafold.ebi.ac.uk/entry/P01133
EGF			1469434447						P01133	Pro-epidermal growth factor	Homo sapiens	Encontrado	https://alphafold.ebi.ac.uk/entry/P01133
EGF			1471937197						P01133	Pro-epidermal growth factor	Homo sapiens	Encontrado	https://alphafold.ebi.ac.uk/entry/P01133
EGF			1472392195						P01133	Pro-epidermal growth factor	Homo sapiens	Encontrado	https://alphafold.ebi.ac.uk/entry/P01133
EGF			1472735729						P01133	Pro-epidermal growth factor	Homo sapiens	Encontrado	https://alphafold.ebi.ac.uk/entry/P01133
EGF			1473997374						P01133	Pro-epidermal growth factor	Homo sapiens	Encontrado	https://alphafold.ebi.ac.uk/entry/P01133
EGF			1474066187						P01133	Pro-epidermal growth factor	Homo sapiens	Encontrado	https://alphafold.ebi.ac.uk/entry/P01133
EGF			147438264						P01133	Pro-epidermal growth factor	Homo sapiens	Encontrado	https://alphafold.ebi.ac.uk/entry/P01133
EGF			1474670633	P01133	rs1474670633	L338F	0.202		P01133	Pro-epidermal growth factor	Homo sapiens	Encontrado	https://alphafold.ebi.ac.uk/entry/P01133
EGF			1474670633	P01133	rs1474670633	L338F	0.71		P01133	Pro-epidermal growth factor	Homo sapiens	Encontrado	https://alphafold.ebi.ac.uk/entry/P01133
EGF			1475880436						P01133	Pro-epidermal growth factor	Homo sapiens	Encontrado	https://alphafold.ebi.ac.uk/entry/P01133
EGF			1476042372						P01133	Pro-epidermal growth factor	Homo sapiens	Encontrado	https://alphafold.ebi.ac.uk/entry/P01133
EGF			147634717	P01133	rs147634717	R394Q	0.116		P01133	Pro-epidermal growth factor	Homo sapiens	Encontrado	https://alphafold.ebi.ac.uk/entry/P01133
EGF			147634717	P01133	rs147634717	R394Q	0.16		P01133	Pro-epidermal growth factor	Homo sapiens	Encontrado	https://alphafold.ebi.ac.uk/entry/P01133
EGF			147634717	P01133	rs147634717	R394Q	0.114		P01133	Pro-epidermal growth factor	Homo sapiens	Encontrado	https://alphafold.ebi.ac.uk/entry/P01133
EGF			147634717	P01133	rs147634717	R394Q	0.27		P01133	Pro-epidermal growth factor	Homo sapiens	Encontrado	https://alphafold.ebi.ac.uk/entry/P01133
EGF			1477021886						P01133	Pro-epidermal growth factor	Homo sapiens	Encontrado	https://alphafold.ebi.ac.uk/entry/P01133
EGF			1477790991						P01133	Pro-epidermal growth factor	Homo sapiens	Encontrado	https://alphafold.ebi.ac.uk/entry/P01133
EGF			147841412						P01133	Pro-epidermal growth factor	Homo sapiens	Encontrado	https://alphafold.ebi.ac.uk/entry/P01133
EGF			1480521437						P01133	Pro-epidermal growth factor	Homo sapiens	Encontrado	https://alphafold.ebi.ac.uk/entry/P01133
EGF			1481030076	P01133	rs1481030076	L450P	0.048		P01133	Pro-epidermal growth factor	Homo sapiens	Encontrado	https://alphafold.ebi.ac.uk/entry/P01133
EGF			1481030076	P01133	rs1481030076	L450P	0.0		P01133	Pro-epidermal growth factor	Homo sapiens	Encontrado	https://alphafold.ebi.ac.uk/entry/P01133
EGF			1481030076	P01133	rs1481030076	L450P	0.05		P01133	Pro-epidermal growth factor	Homo sapiens	Encontrado	https://alphafold.ebi.ac.uk/entry/P01133
EGF			1481030076	P01133	rs1481030076	L450P	0.02		P01133	Pro-epidermal growth factor	Homo sapiens	Encontrado	https://alphafold.ebi.ac.uk/entry/P01133
EGF			1482237895						P01133	Pro-epidermal growth factor	Homo sapiens	Encontrado	https://alphafold.ebi.ac.uk/entry/P01133
EGF			148281400						P01133	Pro-epidermal growth factor	Homo sapiens	Encontrado	https://alphafold.ebi.ac.uk/entry/P01133
EGF			1483576812						P01133	Pro-epidermal growth factor	Homo sapiens	Encontrado	https://alphafold.ebi.ac.uk/entry/P01133
EGF			148530497	P01133	rs148530497	R845Q	0.0		P01133	Pro-epidermal growth factor	Homo sapiens	Encontrado	https://alphafold.ebi.ac.uk/entry/P01133
EGF			148530497	P01133	rs148530497	R845Q	1.0		P01133	Pro-epidermal growth factor	Homo sapiens	Encontrado	https://alphafold.ebi.ac.uk/entry/P01133
EGF			1486740362	P01133	rs1486740362	V1078G	0.0		P01133	Pro-epidermal growth factor	Homo sapiens	Encontrado	https://alphafold.ebi.ac.uk/entry/P01133
EGF			1486740362	P01133	rs1486740362	V1078G	0.42		P01133	Pro-epidermal growth factor	Homo sapiens	Encontrado	https://alphafold.ebi.ac.uk/entry/P01133
EGF			1487928230						P01133	Pro-epidermal growth factor	Homo sapiens	Encontrado	https://alphafold.ebi.ac.uk/entry/P01133
EGF			148810177						P01133	Pro-epidermal growth factor	Homo sapiens	Encontrado	https://alphafold.ebi.ac.uk/entry/P01133
EGF			1488354539						P01133	Pro-epidermal growth factor	Homo sapiens	Encontrado	https://alphafold.ebi.ac.uk/entry/P01133
EGF			149056615	P01133	rs149056615	A1025S	0.434		P01133	Pro-epidermal growth factor	Homo sapiens	Encontrado	https://alphafold.ebi.ac.uk/entry/P01133
EGF			149056615	P01133	rs149056615	A1025S	0.04		P01133	Pro-epidermal growth factor	Homo sapiens	Encontrado	https://alphafold.ebi.ac.uk/entry/P01133
EGF			149056615	P01133	rs149056615	A1025T	0.045		P01133	Pro-epidermal growth factor	Homo sapiens	Encontrado	https://alphafold.ebi.ac.uk/entry/P01133
EGF			149056615	P01133	rs149056615	A1025T	0.15		P01133	Pro-epidermal growth factor	Homo sapiens	Encontrado	https://alphafold.ebi.ac.uk/entry/P01133
EGF			149448320	P01133	rs149448320	D472E	0.964		P01133	Pro-epidermal growth factor	Homo sapiens	Encontrado	https://alphafold.ebi.ac.uk/entry/P01133
EGF			149448320	P01133	rs149448320	D472E	0.0		P01133	Pro-epidermal growth factor	Homo sapiens	Encontrado	https://alphafold.ebi.ac.uk/entry/P01133
EGF			149782177	P01133	rs149782177	D309E	0.114		P01133	Pro-epidermal growth factor	Homo sapiens	Encontrado	https://alphafold.ebi.ac.uk/entry/P01133
EGF			149782177	P01133	rs149782177	D309E	0.09		P01133	Pro-epidermal growth factor	Homo sapiens	Encontrado	https://alphafold.ebi.ac.uk/entry/P01133
EGF			149978537	P01133	rs149978537	N620H	0.098		P01133	Pro-epidermal growth factor	Homo sapiens	Encontrado	https://alphafold.ebi.ac.uk/entry/P01133
EGF			149978537	P01133	rs149978537	N620H	0.03		P01133	Pro-epidermal growth factor	Homo sapiens	Encontrado	https://alphafold.ebi.ac.uk/entry/P01133
EGF			150311153	P01133	rs150311153	P456Q	0.99		P01133	Pro-epidermal growth factor	Homo sapiens	Encontrado	https://alphafold.ebi.ac.uk/entry/P01133
EGF			150311153	P01133	rs150311153	P456Q	0.0		P01133	Pro-epidermal growth factor	Homo sapiens	Encontrado	https://alphafold.ebi.ac.uk/entry/P01133
EGF			150361543	P01133	rs150361543	S155N	0.013		P01133	Pro-epidermal growth factor	Homo sapiens	Encontrado	https://alphafold.ebi.ac.uk/entry/P01133
EGF			150361543	P01133	rs150361543	S155N	0.25		P01133	Pro-epidermal growth factor	Homo sapiens	Encontrado	https://alphafold.ebi.ac.uk/entry/P01133
EGF			151263020						P01133	Pro-epidermal growth factor	Homo sapiens	Encontrado	https://alphafold.ebi.ac.uk/entry/P01133
EGF			1553945230						P01133	Pro-epidermal growth factor	Homo sapiens	Encontrado	https://alphafold.ebi.ac.uk/entry/P01133
EGF			1553945253						P01133	Pro-epidermal growth factor	Homo sapiens	Encontrado	https://alphafold.ebi.ac.uk/entry/P01133
EGF			1560613880						P01133	Pro-epidermal growth factor	Homo sapiens	Encontrado	https://alphafold.ebi.ac.uk/entry/P01133
EGF			1560659133						P01133	Pro-epidermal growth factor	Homo sapiens	Encontrado	https://alphafold.ebi.ac.uk/entry/P01133
EGF			1560665209						P01133	Pro-epidermal growth factor	Homo sapiens	Encontrado	https://alphafold.ebi.ac.uk/entry/P01133
EGF			1560691775						P01133	Pro-epidermal growth factor	Homo sapiens	Encontrado	https://alphafold.ebi.ac.uk/entry/P01133
EGF			1560698635	P01133	rs1560698635	G446R	0.998		P01133	Pro-epidermal growth factor	Homo sapiens	Encontrado	https://alphafold.ebi.ac.uk/entry/P01133
EGF			1560698635	P01133	rs1560698635	G446R	0.0		P01133	Pro-epidermal growth factor	Homo sapiens	Encontrado	https://alphafold.ebi.ac.uk/entry/P01133
EGF			1560698635	P01133	rs1560698635	G446R	0.998		P01133	Pro-epidermal growth factor	Homo sapiens	Encontrado	https://alphafold.ebi.ac.uk/entry/P01133
EGF			1560698635	P01133	rs1560698635	G446R	0.0		P01133	Pro-epidermal growth factor	Homo sapiens	Encontrado	https://alphafold.ebi.ac.uk/entry/P01133
EGF			1560698909						P01133	Pro-epidermal growth factor	Homo sapiens	Encontrado	https://alphafold.ebi.ac.uk/entry/P01133
EGF			1560728809						P01133	Pro-epidermal growth factor	Homo sapiens	Encontrado	https://alphafold.ebi.ac.uk/entry/P01133
EGF			1560741774						P01133	Pro-epidermal growth factor	Homo sapiens	Encontrado	https://alphafold.ebi.ac.uk/entry/P01133
EGF			1560743890	P01133	rs1560743890	I908T	0.027		P01133	Pro-epidermal growth factor	Homo sapiens	Encontrado	https://alphafold.ebi.ac.uk/entry/P01133
EGF			1560743890	P01133	rs1560743890	I908T	0.19		P01133	Pro-epidermal growth factor	Homo sapiens	Encontrado	https://alphafold.ebi.ac.uk/entry/P01133
EGF			1560777016						P01133	Pro-epidermal growth factor	Homo sapiens	Encontrado	https://alphafold.ebi.ac.uk/entry/P01133
EGF			1560781731						P01133	Pro-epidermal growth factor	Homo sapiens	Encontrado	https://alphafold.ebi.ac.uk/entry/P01133
EGF			1578265616						P01133	Pro-epidermal growth factor	Homo sapiens	Encontrado	https://alphafold.ebi.ac.uk/entry/P01133
EGF			1578277357						P01133	Pro-epidermal growth factor	Homo sapiens	Encontrado	https://alphafold.ebi.ac.uk/entry/P01133
EGF			1578293621						P01133	Pro-epidermal growth factor	Homo sapiens	Encontrado	https://alphafold.ebi.ac.uk/entry/P01133
EGF			1578319140						P01133	Pro-epidermal growth factor	Homo sapiens	Encontrado	https://alphafold.ebi.ac.uk/entry/P01133
EGF			1578329861						P01133	Pro-epidermal growth factor	Homo sapiens	Encontrado	https://alphafold.ebi.ac.uk/entry/P01133
EGF			1578391787						P01133	Pro-epidermal growth factor	Homo sapiens	Encontrado	https://alphafold.ebi.ac.uk/entry/P01133
EGF			1578392009						P01133	Pro-epidermal growth factor	Homo sapiens	Encontrado	https://alphafold.ebi.ac.uk/entry/P01133
EGF			1578422236						P01133	Pro-epidermal growth factor	Homo sapiens	Encontrado	https://alphafold.ebi.ac.uk/entry/P01133
EGF			1578422301						P01133	Pro-epidermal growth factor	Homo sapiens	Encontrado	https://alphafold.ebi.ac.uk/entry/P01133
EGF			1578422869						P01133	Pro-epidermal growth factor	Homo sapiens	Encontrado	https://alphafold.ebi.ac.uk/entry/P01133
EGF			1578423066						P01133	Pro-epidermal growth factor	Homo sapiens	Encontrado	https://alphafold.ebi.ac.uk/entry/P01133
EGF			1578423111						P01133	Pro-epidermal growth factor	Homo sapiens	Encontrado	https://alphafold.ebi.ac.uk/entry/P01133
EGF			1579534649						P01133	Pro-epidermal growth factor	Homo sapiens	Encontrado	https://alphafold.ebi.ac.uk/entry/P01133
EGF			1579544542						P01133	Pro-epidermal growth factor	Homo sapiens	Encontrado	https://alphafold.ebi.ac.uk/entry/P01133
EGF			1640856795						P01133	Pro-epidermal growth factor	Homo sapiens	Encontrado	https://alphafold.ebi.ac.uk/entry/P01133
EGF			1736032487						P01133	Pro-epidermal growth factor	Homo sapiens	Encontrado	https://alphafold.ebi.ac.uk/entry/P01133
EGF			1736035920						P01133	Pro-epidermal growth factor	Homo sapiens	Encontrado	https://alphafold.ebi.ac.uk/entry/P01133
EGF			1736036402						P01133	Pro-epidermal growth factor	Homo sapiens	Encontrado	https://alphafold.ebi.ac.uk/entry/P01133
EGF			1736045757						P01133	Pro-epidermal growth factor	Homo sapiens	Encontrado	https://alphafold.ebi.ac.uk/entry/P01133
EGF			1736048117						P01133	Pro-epidermal growth factor	Homo sapiens	Encontrado	https://alphafold.ebi.ac.uk/entry/P01133
EGF			1736049556						P01133	Pro-epidermal growth factor	Homo sapiens	Encontrado	https://alphafold.ebi.ac.uk/entry/P01133
EGF			1736052372						P01133	Pro-epidermal growth factor	Homo sapiens	Encontrado	https://alphafold.ebi.ac.uk/entry/P01133
EGF			1736053213						P01133	Pro-epidermal growth factor	Homo sapiens	Encontrado	https://alphafold.ebi.ac.uk/entry/P01133
EGF			1736055317						P01133	Pro-epidermal growth factor	Homo sapiens	Encontrado	https://alphafold.ebi.ac.uk/entry/P01133
EGF			1741825202						P01133	Pro-epidermal growth factor	Homo sapiens	Encontrado	https://alphafold.ebi.ac.uk/entry/P01133
EGF			1741825635						P01133	Pro-epidermal growth factor	Homo sapiens	Encontrado	https://alphafold.ebi.ac.uk/entry/P01133
EGF			1741827093						P01133	Pro-epidermal growth factor	Homo sapiens	Encontrado	https://alphafold.ebi.ac.uk/entry/P01133
EGF			1741835128						P01133	Pro-epidermal growth factor	Homo sapiens	Encontrado	https://alphafold.ebi.ac.uk/entry/P01133
EGF			1741837579						P01133	Pro-epidermal growth factor	Homo sapiens	Encontrado	https://alphafold.ebi.ac.uk/entry/P01133
EGF			1741841795						P01133	Pro-epidermal growth factor	Homo sapiens	Encontrado	https://alphafold.ebi.ac.uk/entry/P01133
EGF			1741842776						P01133	Pro-epidermal growth factor	Homo sapiens	Encontrado	https://alphafold.ebi.ac.uk/entry/P01133
EGF			1741845276						P01133	Pro-epidermal growth factor	Homo sapiens	Encontrado	https://alphafold.ebi.ac.uk/entry/P01133
EGF			1741847143						P01133	Pro-epidermal growth factor	Homo sapiens	Encontrado	https://alphafold.ebi.ac.uk/entry/P01133
EGF			1741851374						P01133	Pro-epidermal growth factor	Homo sapiens	Encontrado	https://alphafold.ebi.ac.uk/entry/P01133
EGF			1741855516						P01133	Pro-epidermal growth factor	Homo sapiens	Encontrado	https://alphafold.ebi.ac.uk/entry/P01133
EGF			1741856047	P01133	rs1741856047	S106P	0.461		P01133	Pro-epidermal growth factor	Homo sapiens	Encontrado	https://alphafold.ebi.ac.uk/entry/P01133
EGF			1741856047	P01133	rs1741856047	S106P	0.0		P01133	Pro-epidermal growth factor	Homo sapiens	Encontrado	https://alphafold.ebi.ac.uk/entry/P01133
EGF			1742235952						P01133	Pro-epidermal growth factor	Homo sapiens	Encontrado	https://alphafold.ebi.ac.uk/entry/P01133
EGF			1742237277						P01133	Pro-epidermal growth factor	Homo sapiens	Encontrado	https://alphafold.ebi.ac.uk/entry/P01133
EGF			1742237704						P01133	Pro-epidermal growth factor	Homo sapiens	Encontrado	https://alphafold.ebi.ac.uk/entry/P01133
EGF			1742239386						P01133	Pro-epidermal growth factor	Homo sapiens	Encontrado	https://alphafold.ebi.ac.uk/entry/P01133
EGF			1742253466						P01133	Pro-epidermal growth factor	Homo sapiens	Encontrado	https://alphafold.ebi.ac.uk/entry/P01133
EGF			1742256255						P01133	Pro-epidermal growth factor	Homo sapiens	Encontrado	https://alphafold.ebi.ac.uk/entry/P01133
EGF			1742263037						P01133	Pro-epidermal growth factor	Homo sapiens	Encontrado	https://alphafold.ebi.ac.uk/entry/P01133
EGF			1742348965						P01133	Pro-epidermal growth factor	Homo sapiens	Encontrado	https://alphafold.ebi.ac.uk/entry/P01133
EGF			1742350568						P01133	Pro-epidermal growth factor	Homo sapiens	Encontrado	https://alphafold.ebi.ac.uk/entry/P01133
EGF			1742356507						P01133	Pro-epidermal growth factor	Homo sapiens	Encontrado	https://alphafold.ebi.ac.uk/entry/P01133
EGF			1742357997						P01133	Pro-epidermal growth factor	Homo sapiens	Encontrado	https://alphafold.ebi.ac.uk/entry/P01133
EGF			1742367307						P01133	Pro-epidermal growth factor	Homo sapiens	Encontrado	https://alphafold.ebi.ac.uk/entry/P01133
EGF			1742373745						P01133	Pro-epidermal growth factor	Homo sapiens	Encontrado	https://alphafold.ebi.ac.uk/entry/P01133
EGF			1742378105						P01133	Pro-epidermal growth factor	Homo sapiens	Encontrado	https://alphafold.ebi.ac.uk/entry/P01133
EGF			1742606306	P01133	rs1742606306	N248D	0.001		P01133	Pro-epidermal growth factor	Homo sapiens	Encontrado	https://alphafold.ebi.ac.uk/entry/P01133
EGF			1742606306	P01133	rs1742606306	N248D	0.19		P01133	Pro-epidermal growth factor	Homo sapiens	Encontrado	https://alphafold.ebi.ac.uk/entry/P01133
EGF			1742607512						P01133	Pro-epidermal growth factor	Homo sapiens	Encontrado	https://alphafold.ebi.ac.uk/entry/P01133
EGF			1742615542						P01133	Pro-epidermal growth factor	Homo sapiens	Encontrado	https://alphafold.ebi.ac.uk/entry/P01133
EGF			1742617978						P01133	Pro-epidermal growth factor	Homo sapiens	Encontrado	https://alphafold.ebi.ac.uk/entry/P01133
EGF			1742618428	P01133	rs1742618428	T268K	0.225		P01133	Pro-epidermal growth factor	Homo sapiens	Encontrado	https://alphafold.ebi.ac.uk/entry/P01133
EGF			1742618428	P01133	rs1742618428	T268K	0.01		P01133	Pro-epidermal growth factor	Homo sapiens	Encontrado	https://alphafold.ebi.ac.uk/entry/P01133
EGF			1742620459						P01133	Pro-epidermal growth factor	Homo sapiens	Encontrado	https://alphafold.ebi.ac.uk/entry/P01133
EGF			1742620936						P01133	Pro-epidermal growth factor	Homo sapiens	Encontrado	https://alphafold.ebi.ac.uk/entry/P01133
EGF			1742625243						P01133	Pro-epidermal growth factor	Homo sapiens	Encontrado	https://alphafold.ebi.ac.uk/entry/P01133
EGF			1742626674						P01133	Pro-epidermal growth factor	Homo sapiens	Encontrado	https://alphafold.ebi.ac.uk/entry/P01133
EGF			1742635810						P01133	Pro-epidermal growth factor	Homo sapiens	Encontrado	https://alphafold.ebi.ac.uk/entry/P01133
EGF			1742641052						P01133	Pro-epidermal growth factor	Homo sapiens	Encontrado	https://alphafold.ebi.ac.uk/entry/P01133
EGF			1745308468						P01133	Pro-epidermal growth factor	Homo sapiens	Encontrado	https://alphafold.ebi.ac.uk/entry/P01133
EGF			1745309414						P01133	Pro-epidermal growth factor	Homo sapiens	Encontrado	https://alphafold.ebi.ac.uk/entry/P01133
EGF			1745572857						P01133	Pro-epidermal growth factor	Homo sapiens	Encontrado	https://alphafold.ebi.ac.uk/entry/P01133
EGF			1745577729						P01133	Pro-epidermal growth factor	Homo sapiens	Encontrado	https://alphafold.ebi.ac.uk/entry/P01133
EGF			1745578222						P01133	Pro-epidermal growth factor	Homo sapiens	Encontrado	https://alphafold.ebi.ac.uk/entry/P01133
EGF			1745593798						P01133	Pro-epidermal growth factor	Homo sapiens	Encontrado	https://alphafold.ebi.ac.uk/entry/P01133
EGF			1745594255						P01133	Pro-epidermal growth factor	Homo sapiens	Encontrado	https://alphafold.ebi.ac.uk/entry/P01133
EGF			1745762054						P01133	Pro-epidermal growth factor	Homo sapiens	Encontrado	https://alphafold.ebi.ac.uk/entry/P01133
EGF			1745765012						P01133	Pro-epidermal growth factor	Homo sapiens	Encontrado	https://alphafold.ebi.ac.uk/entry/P01133
EGF			1745770537						P01133	Pro-epidermal growth factor	Homo sapiens	Encontrado	https://alphafold.ebi.ac.uk/entry/P01133
EGF			1745994602						P01133	Pro-epidermal growth factor	Homo sapiens	Encontrado	https://alphafold.ebi.ac.uk/entry/P01133
EGF			1746004774						P01133	Pro-epidermal growth factor	Homo sapiens	Encontrado	https://alphafold.ebi.ac.uk/entry/P01133
EGF			1746006562						P01133	Pro-epidermal growth factor	Homo sapiens	Encontrado	https://alphafold.ebi.ac.uk/entry/P01133
EGF			1746008577						P01133	Pro-epidermal growth factor	Homo sapiens	Encontrado	https://alphafold.ebi.ac.uk/entry/P01133
EGF			1746009915						P01133	Pro-epidermal growth factor	Homo sapiens	Encontrado	https://alphafold.ebi.ac.uk/entry/P01133
EGF			1746204741						P01133	Pro-epidermal growth factor	Homo sapiens	Encontrado	https://alphafold.ebi.ac.uk/entry/P01133
EGF			1746215499						P01133	Pro-epidermal growth factor	Homo sapiens	Encontrado	https://alphafold.ebi.ac.uk/entry/P01133
EGF			1746217630						P01133	Pro-epidermal growth factor	Homo sapiens	Encontrado	https://alphafold.ebi.ac.uk/entry/P01133
EGF			1746224151						P01133	Pro-epidermal growth factor	Homo sapiens	Encontrado	https://alphafold.ebi.ac.uk/entry/P01133
EGF			1746227126						P01133	Pro-epidermal growth factor	Homo sapiens	Encontrado	https://alphafold.ebi.ac.uk/entry/P01133
EGF			1746229648						P01133	Pro-epidermal growth factor	Homo sapiens	Encontrado	https://alphafold.ebi.ac.uk/entry/P01133
EGF			1747113682						P01133	Pro-epidermal growth factor	Homo sapiens	Encontrado	https://alphafold.ebi.ac.uk/entry/P01133
EGF			1747117049						P01133	Pro-epidermal growth factor	Homo sapiens	Encontrado	https://alphafold.ebi.ac.uk/entry/P01133
EGF			1747119304						P01133	Pro-epidermal growth factor	Homo sapiens	Encontrado	https://alphafold.ebi.ac.uk/entry/P01133
EGF			1747120325						P01133	Pro-epidermal growth factor	Homo sapiens	Encontrado	https://alphafold.ebi.ac.uk/entry/P01133
EGF			1747121814						P01133	Pro-epidermal growth factor	Homo sapiens	Encontrado	https://alphafold.ebi.ac.uk/entry/P01133
EGF			1747123400						P01133	Pro-epidermal growth factor	Homo sapiens	Encontrado	https://alphafold.ebi.ac.uk/entry/P01133
EGF			1747129339						P01133	Pro-epidermal growth factor	Homo sapiens	Encontrado	https://alphafold.ebi.ac.uk/entry/P01133
EGF			1747140641						P01133	Pro-epidermal growth factor	Homo sapiens	Encontrado	https://alphafold.ebi.ac.uk/entry/P01133
EGF			1747142303						P01133	Pro-epidermal growth factor	Homo sapiens	Encontrado	https://alphafold.ebi.ac.uk/entry/P01133
EGF			1748205121						P01133	Pro-epidermal growth factor	Homo sapiens	Encontrado	https://alphafold.ebi.ac.uk/entry/P01133
EGF			1748213220						P01133	Pro-epidermal growth factor	Homo sapiens	Encontrado	https://alphafold.ebi.ac.uk/entry/P01133
EGF			1748215839						P01133	Pro-epidermal growth factor	Homo sapiens	Encontrado	https://alphafold.ebi.ac.uk/entry/P01133
EGF			1748219004						P01133	Pro-epidermal growth factor	Homo sapiens	Encontrado	https://alphafold.ebi.ac.uk/entry/P01133
EGF			1748219514						P01133	Pro-epidermal growth factor	Homo sapiens	Encontrado	https://alphafold.ebi.ac.uk/entry/P01133
EGF			1748222169						P01133	Pro-epidermal growth factor	Homo sapiens	Encontrado	https://alphafold.ebi.ac.uk/entry/P01133
EGF			1748438849						P01133	Pro-epidermal growth factor	Homo sapiens	Encontrado	https://alphafold.ebi.ac.uk/entry/P01133
EGF			1748445726						P01133	Pro-epidermal growth factor	Homo sapiens	Encontrado	https://alphafold.ebi.ac.uk/entry/P01133
EGF			1748450095						P01133	Pro-epidermal growth factor	Homo sapiens	Encontrado	https://alphafold.ebi.ac.uk/entry/P01133
EGF			1748456608						P01133	Pro-epidermal growth factor	Homo sapiens	Encontrado	https://alphafold.ebi.ac.uk/entry/P01133
EGF			1748458347						P01133	Pro-epidermal growth factor	Homo sapiens	Encontrado	https://alphafold.ebi.ac.uk/entry/P01133
EGF			1748461357						P01133	Pro-epidermal growth factor	Homo sapiens	Encontrado	https://alphafold.ebi.ac.uk/entry/P01133
EGF			1748466015						P01133	Pro-epidermal growth factor	Homo sapiens	Encontrado	https://alphafold.ebi.ac.uk/entry/P01133
EGF			1748472020						P01133	Pro-epidermal growth factor	Homo sapiens	Encontrado	https://alphafold.ebi.ac.uk/entry/P01133
EGF			1748474209						P01133	Pro-epidermal growth factor	Homo sapiens	Encontrado	https://alphafold.ebi.ac.uk/entry/P01133
EGF			1748483629						P01133	Pro-epidermal growth factor	Homo sapiens	Encontrado	https://alphafold.ebi.ac.uk/entry/P01133
EGF			1749088448						P01133	Pro-epidermal growth factor	Homo sapiens	Encontrado	https://alphafold.ebi.ac.uk/entry/P01133
EGF			1749094189	P01133	rs1749094189	E694D	0.875		P01133	Pro-epidermal growth factor	Homo sapiens	Encontrado	https://alphafold.ebi.ac.uk/entry/P01133
EGF			1749094189	P01133	rs1749094189	E694D	0.0		P01133	Pro-epidermal growth factor	Homo sapiens	Encontrado	https://alphafold.ebi.ac.uk/entry/P01133
EGF			1749095031						P01133	Pro-epidermal growth factor	Homo sapiens	Encontrado	https://alphafold.ebi.ac.uk/entry/P01133
EGF			1749096338						P01133	Pro-epidermal growth factor	Homo sapiens	Encontrado	https://alphafold.ebi.ac.uk/entry/P01133
EGF			1749100773						P01133	Pro-epidermal growth factor	Homo sapiens	Encontrado	https://alphafold.ebi.ac.uk/entry/P01133
EGF			1749106273						P01133	Pro-epidermal growth factor	Homo sapiens	Encontrado	https://alphafold.ebi.ac.uk/entry/P01133
EGF			1749114390						P01133	Pro-epidermal growth factor	Homo sapiens	Encontrado	https://alphafold.ebi.ac.uk/entry/P01133
EGF			1749253173						P01133	Pro-epidermal growth factor	Homo sapiens	Encontrado	https://alphafold.ebi.ac.uk/entry/P01133
EGF			1749255936						P01133	Pro-epidermal growth factor	Homo sapiens	Encontrado	https://alphafold.ebi.ac.uk/entry/P01133
EGF			1749256362						P01133	Pro-epidermal growth factor	Homo sapiens	Encontrado	https://alphafold.ebi.ac.uk/entry/P01133
EGF			1749263129	P01133	rs1749263129	M772R	0.001		P01133	Pro-epidermal growth factor	Homo sapiens	Encontrado	https://alphafold.ebi.ac.uk/entry/P01133
EGF			1749263129	P01133	rs1749263129	M772R	0.64		P01133	Pro-epidermal growth factor	Homo sapiens	Encontrado	https://alphafold.ebi.ac.uk/entry/P01133
EGF			1749263700						P01133	Pro-epidermal growth factor	Homo sapiens	Encontrado	https://alphafold.ebi.ac.uk/entry/P01133
EGF			1749264152						P01133	Pro-epidermal growth factor	Homo sapiens	Encontrado	https://alphafold.ebi.ac.uk/entry/P01133
EGF			1749683746						P01133	Pro-epidermal growth factor	Homo sapiens	Encontrado	https://alphafold.ebi.ac.uk/entry/P01133
EGF			1749686950						P01133	Pro-epidermal growth factor	Homo sapiens	Encontrado	https://alphafold.ebi.ac.uk/entry/P01133
EGF			1749691370						P01133	Pro-epidermal growth factor	Homo sapiens	Encontrado	https://alphafold.ebi.ac.uk/entry/P01133
EGF			1750343019						P01133	Pro-epidermal growth factor	Homo sapiens	Encontrado	https://alphafold.ebi.ac.uk/entry/P01133
EGF			1750343445						P01133	Pro-epidermal growth factor	Homo sapiens	Encontrado	https://alphafold.ebi.ac.uk/entry/P01133
EGF			1750345467						P01133	Pro-epidermal growth factor	Homo sapiens	Encontrado	https://alphafold.ebi.ac.uk/entry/P01133
EGF			1750347701						P01133	Pro-epidermal growth factor	Homo sapiens	Encontrado	https://alphafold.ebi.ac.uk/entry/P01133
EGF			1750355138						P01133	Pro-epidermal growth factor	Homo sapiens	Encontrado	https://alphafold.ebi.ac.uk/entry/P01133
EGF			1750365582						P01133	Pro-epidermal growth factor	Homo sapiens	Encontrado	https://alphafold.ebi.ac.uk/entry/P01133
EGF			1750487074						P01133	Pro-epidermal growth factor	Homo sapiens	Encontrado	https://alphafold.ebi.ac.uk/entry/P01133
EGF			1750490689						P01133	Pro-epidermal growth factor	Homo sapiens	Encontrado	https://alphafold.ebi.ac.uk/entry/P01133
EGF			1750502493						P01133	Pro-epidermal growth factor	Homo sapiens	Encontrado	https://alphafold.ebi.ac.uk/entry/P01133
EGF			1751294988						P01133	Pro-epidermal growth factor	Homo sapiens	Encontrado	https://alphafold.ebi.ac.uk/entry/P01133
EGF			1751297564						P01133	Pro-epidermal growth factor	Homo sapiens	Encontrado	https://alphafold.ebi.ac.uk/entry/P01133
EGF			1751299123						P01133	Pro-epidermal growth factor	Homo sapiens	Encontrado	https://alphafold.ebi.ac.uk/entry/P01133
EGF			1751299443						P01133	Pro-epidermal growth factor	Homo sapiens	Encontrado	https://alphafold.ebi.ac.uk/entry/P01133
EGF			1751309066						P01133	Pro-epidermal growth factor	Homo sapiens	Encontrado	https://alphafold.ebi.ac.uk/entry/P01133
EGF			1751531645						P01133	Pro-epidermal growth factor	Homo sapiens	Encontrado	https://alphafold.ebi.ac.uk/entry/P01133
EGF			1751532082						P01133	Pro-epidermal growth factor	Homo sapiens	Encontrado	https://alphafold.ebi.ac.uk/entry/P01133
EGF			1751534689						P01133	Pro-epidermal growth factor	Homo sapiens	Encontrado	https://alphafold.ebi.ac.uk/entry/P01133
EGF			1751537336						P01133	Pro-epidermal growth factor	Homo sapiens	Encontrado	https://alphafold.ebi.ac.uk/entry/P01133
EGF			1751541465						P01133	Pro-epidermal growth factor	Homo sapiens	Encontrado	https://alphafold.ebi.ac.uk/entry/P01133
EGF			1752296850						P01133	Pro-epidermal growth factor	Homo sapiens	Encontrado	https://alphafold.ebi.ac.uk/entry/P01133
EGF			1752299515						P01133	Pro-epidermal growth factor	Homo sapiens	Encontrado	https://alphafold.ebi.ac.uk/entry/P01133
EGF			1752301057						P01133	Pro-epidermal growth factor	Homo sapiens	Encontrado	https://alphafold.ebi.ac.uk/entry/P01133
EGF			1752306437						P01133	Pro-epidermal growth factor	Homo sapiens	Encontrado	https://alphafold.ebi.ac.uk/entry/P01133
EGF			1752309205						P01133	Pro-epidermal growth factor	Homo sapiens	Encontrado	https://alphafold.ebi.ac.uk/entry/P01133
EGF			1752312299						P01133	Pro-epidermal growth factor	Homo sapiens	Encontrado	https://alphafold.ebi.ac.uk/entry/P01133
EGF			1752325714						P01133	Pro-epidermal growth factor	Homo sapiens	Encontrado	https://alphafold.ebi.ac.uk/entry/P01133
EGF			1752326295						P01133	Pro-epidermal growth factor	Homo sapiens	Encontrado	https://alphafold.ebi.ac.uk/entry/P01133
EGF			1752327510						P01133	Pro-epidermal growth factor	Homo sapiens	Encontrado	https://alphafold.ebi.ac.uk/entry/P01133
EGF			1752331819						P01133	Pro-epidermal growth factor	Homo sapiens	Encontrado	https://alphafold.ebi.ac.uk/entry/P01133
EGF			1752995940						P01133	Pro-epidermal growth factor	Homo sapiens	Encontrado	https://alphafold.ebi.ac.uk/entry/P01133
EGF			1752998106						P01133	Pro-epidermal growth factor	Homo sapiens	Encontrado	https://alphafold.ebi.ac.uk/entry/P01133
EGF			1753009721						P01133	Pro-epidermal growth factor	Homo sapiens	Encontrado	https://alphafold.ebi.ac.uk/entry/P01133
EGF			1753013866						P01133	Pro-epidermal growth factor	Homo sapiens	Encontrado	https://alphafold.ebi.ac.uk/entry/P01133
EGF			1753562550						P01133	Pro-epidermal growth factor	Homo sapiens	Encontrado	https://alphafold.ebi.ac.uk/entry/P01133
EGF			1753563123						P01133	Pro-epidermal growth factor	Homo sapiens	Encontrado	https://alphafold.ebi.ac.uk/entry/P01133
EGF			1753571266						P01133	Pro-epidermal growth factor	Homo sapiens	Encontrado	https://alphafold.ebi.ac.uk/entry/P01133
EGF			1753572390						P01133	Pro-epidermal growth factor	Homo sapiens	Encontrado	https://alphafold.ebi.ac.uk/entry/P01133
EGF			1753573191						P01133	Pro-epidermal growth factor	Homo sapiens	Encontrado	https://alphafold.ebi.ac.uk/entry/P01133
EGF			1753955087	P01133	rs1753955087	G1124V	0.588		P01133	Pro-epidermal growth factor	Homo sapiens	Encontrado	https://alphafold.ebi.ac.uk/entry/P01133
EGF			1753955087	P01133	rs1753955087	G1124V	0.08		P01133	Pro-epidermal growth factor	Homo sapiens	Encontrado	https://alphafold.ebi.ac.uk/entry/P01133
EGF			1753957029						P01133	Pro-epidermal growth factor	Homo sapiens	Encontrado	https://alphafold.ebi.ac.uk/entry/P01133
EGF			1753958546						P01133	Pro-epidermal growth factor	Homo sapiens	Encontrado	https://alphafold.ebi.ac.uk/entry/P01133
EGF			1753959865						P01133	Pro-epidermal growth factor	Homo sapiens	Encontrado	https://alphafold.ebi.ac.uk/entry/P01133
EGF			1753961346						P01133	Pro-epidermal growth factor	Homo sapiens	Encontrado	https://alphafold.ebi.ac.uk/entry/P01133
EGF			1753962961						P01133	Pro-epidermal growth factor	Homo sapiens	Encontrado	https://alphafold.ebi.ac.uk/entry/P01133
EGF			1753963923						P01133	Pro-epidermal growth factor	Homo sapiens	Encontrado	https://alphafold.ebi.ac.uk/entry/P01133
EGF			1753966937						P01133	Pro-epidermal growth factor	Homo sapiens	Encontrado	https://alphafold.ebi.ac.uk/entry/P01133
EGF			1753968495						P01133	Pro-epidermal growth factor	Homo sapiens	Encontrado	https://alphafold.ebi.ac.uk/entry/P01133
EGF			1753968834						P01133	Pro-epidermal growth factor	Homo sapiens	Encontrado	https://alphafold.ebi.ac.uk/entry/P01133
EGF			1753976017						P01133	Pro-epidermal growth factor	Homo sapiens	Encontrado	https://alphafold.ebi.ac.uk/entry/P01133
EGF			1753984320						P01133	Pro-epidermal growth factor	Homo sapiens	Encontrado	https://alphafold.ebi.ac.uk/entry/P01133
EGF			1753989375						P01133	Pro-epidermal growth factor	Homo sapiens	Encontrado	https://alphafold.ebi.ac.uk/entry/P01133
EGF			1753993136						P01133	Pro-epidermal growth factor	Homo sapiens	Encontrado	https://alphafold.ebi.ac.uk/entry/P01133
EGF			183070115						P01133	Pro-epidermal growth factor	Homo sapiens	Encontrado	https://alphafold.ebi.ac.uk/entry/P01133
EGF			184863742						P01133	Pro-epidermal growth factor	Homo sapiens	Encontrado	https://alphafold.ebi.ac.uk/entry/P01133
EGF			185277473	P01133	rs185277473	R494Q	0.999		P01133	Pro-epidermal growth factor	Homo sapiens	Encontrado	https://alphafold.ebi.ac.uk/entry/P01133
EGF			185277473	P01133	rs185277473	R494Q	0.04		P01133	Pro-epidermal growth factor	Homo sapiens	Encontrado	https://alphafold.ebi.ac.uk/entry/P01133
EGF			185277473	P01133	rs185277473	R494Q	0.999		P01133	Pro-epidermal growth factor	Homo sapiens	Encontrado	https://alphafold.ebi.ac.uk/entry/P01133
EGF			185277473	P01133	rs185277473	R494Q	0.05		P01133	Pro-epidermal growth factor	Homo sapiens	Encontrado	https://alphafold.ebi.ac.uk/entry/P01133
EGF			188713225	P01133	rs188713225	L656M	0.998		P01133	Pro-epidermal growth factor	Homo sapiens	Encontrado	https://alphafold.ebi.ac.uk/entry/P01133
EGF			188713225	P01133	rs188713225	L656M	0.0		P01133	Pro-epidermal growth factor	Homo sapiens	Encontrado	https://alphafold.ebi.ac.uk/entry/P01133
EGF			191381852	P01133	rs191381852	T501A	0.503		P01133	Pro-epidermal growth factor	Homo sapiens	Encontrado	https://alphafold.ebi.ac.uk/entry/P01133
EGF			191381852	P01133	rs191381852	T501A	0.02		P01133	Pro-epidermal growth factor	Homo sapiens	Encontrado	https://alphafold.ebi.ac.uk/entry/P01133
EGF			199792745	P01133	rs199792745	T680I	0.011		P01133	Pro-epidermal growth factor	Homo sapiens	Encontrado	https://alphafold.ebi.ac.uk/entry/P01133
EGF			199792745	P01133	rs199792745	T680I	0.07		P01133	Pro-epidermal growth factor	Homo sapiens	Encontrado	https://alphafold.ebi.ac.uk/entry/P01133
EGF			200092663						P01133	Pro-epidermal growth factor	Homo sapiens	Encontrado	https://alphafold.ebi.ac.uk/entry/P01133
EGF			200099199	P01133	rs200099199	R351Q	0.382		P01133	Pro-epidermal growth factor	Homo sapiens	Encontrado	https://alphafold.ebi.ac.uk/entry/P01133
EGF			200099199	P01133	rs200099199	R351Q	0.09		P01133	Pro-epidermal growth factor	Homo sapiens	Encontrado	https://alphafold.ebi.ac.uk/entry/P01133
EGF			200379290	P01133	rs200379290	R100I	0.878		P01133	Pro-epidermal growth factor	Homo sapiens	Encontrado	https://alphafold.ebi.ac.uk/entry/P01133
EGF			200379290	P01133	rs200379290	R100I	0.0		P01133	Pro-epidermal growth factor	Homo sapiens	Encontrado	https://alphafold.ebi.ac.uk/entry/P01133
EGF			200379290	P01133	rs200379290	R100I	0.883		P01133	Pro-epidermal growth factor	Homo sapiens	Encontrado	https://alphafold.ebi.ac.uk/entry/P01133
EGF			200379290	P01133	rs200379290	R100I	0.0		P01133	Pro-epidermal growth factor	Homo sapiens	Encontrado	https://alphafold.ebi.ac.uk/entry/P01133
EGF			200394315	P01133	rs200394315	S16T	0.005		P01133	Pro-epidermal growth factor	Homo sapiens	Encontrado	https://alphafold.ebi.ac.uk/entry/P01133
EGF			200394315	P01133	rs200394315	S16T	0.12		P01133	Pro-epidermal growth factor	Homo sapiens	Encontrado	https://alphafold.ebi.ac.uk/entry/P01133
EGF			200702456						P01133	Pro-epidermal growth factor	Homo sapiens	Encontrado	https://alphafold.ebi.ac.uk/entry/P01133
EGF			201012847	P01133	rs201012847	V969I	0.0		P01133	Pro-epidermal growth factor	Homo sapiens	Encontrado	https://alphafold.ebi.ac.uk/entry/P01133
EGF			201012847	P01133	rs201012847	V969I	0.13		P01133	Pro-epidermal growth factor	Homo sapiens	Encontrado	https://alphafold.ebi.ac.uk/entry/P01133
EGF			201098711						P01133	Pro-epidermal growth factor	Homo sapiens	Encontrado	https://alphafold.ebi.ac.uk/entry/P01133
EGF			201134688						P01133	Pro-epidermal growth factor	Homo sapiens	Encontrado	https://alphafold.ebi.ac.uk/entry/P01133
EGF			201626324	P01133	rs201626324	A34T	0.01		P01133	Pro-epidermal growth factor	Homo sapiens	Encontrado	https://alphafold.ebi.ac.uk/entry/P01133
EGF			201626324	P01133	rs201626324	A34T	0.69		P01133	Pro-epidermal growth factor	Homo sapiens	Encontrado	https://alphafold.ebi.ac.uk/entry/P01133
EGF			201626324	P01133	rs201626324	A34T	0.01		P01133	Pro-epidermal growth factor	Homo sapiens	Encontrado	https://alphafold.ebi.ac.uk/entry/P01133
EGF			201626324	P01133	rs201626324	A34T	0.4		P01133	Pro-epidermal growth factor	Homo sapiens	Encontrado	https://alphafold.ebi.ac.uk/entry/P01133
EGF			201803207	P01133	rs201803207	R1163Q	0.0		P01133	Pro-epidermal growth factor	Homo sapiens	Encontrado	https://alphafold.ebi.ac.uk/entry/P01133
EGF			201803207	P01133	rs201803207	R1163Q	0.39		P01133	Pro-epidermal growth factor	Homo sapiens	Encontrado	https://alphafold.ebi.ac.uk/entry/P01133
EGF			201803207	P01133	rs201803207	R1163Q	0.0		P01133	Pro-epidermal growth factor	Homo sapiens	Encontrado	https://alphafold.ebi.ac.uk/entry/P01133
EGF			201803207	P01133	rs201803207	R1163Q	0.37		P01133	Pro-epidermal growth factor	Homo sapiens	Encontrado	https://alphafold.ebi.ac.uk/entry/P01133
EGF			2125913655						P01133	Pro-epidermal growth factor	Homo sapiens	Encontrado	https://alphafold.ebi.ac.uk/entry/P01133
EGF			2126001368						P01133	Pro-epidermal growth factor	Homo sapiens	Encontrado	https://alphafold.ebi.ac.uk/entry/P01133
EGF			2126007282						P01133	Pro-epidermal growth factor	Homo sapiens	Encontrado	https://alphafold.ebi.ac.uk/entry/P01133
EGF			2126007669						P01133	Pro-epidermal growth factor	Homo sapiens	Encontrado	https://alphafold.ebi.ac.uk/entry/P01133
EGF			2126008731						P01133	Pro-epidermal growth factor	Homo sapiens	Encontrado	https://alphafold.ebi.ac.uk/entry/P01133
EGF			2126009015						P01133	Pro-epidermal growth factor	Homo sapiens	Encontrado	https://alphafold.ebi.ac.uk/entry/P01133
EGF			2126009064						P01133	Pro-epidermal growth factor	Homo sapiens	Encontrado	https://alphafold.ebi.ac.uk/entry/P01133
EGF			2126009127						P01133	Pro-epidermal growth factor	Homo sapiens	Encontrado	https://alphafold.ebi.ac.uk/entry/P01133
EGF			2126009143						P01133	Pro-epidermal growth factor	Homo sapiens	Encontrado	https://alphafold.ebi.ac.uk/entry/P01133
EGF			2126012242						P01133	Pro-epidermal growth factor	Homo sapiens	Encontrado	https://alphafold.ebi.ac.uk/entry/P01133
EGF			2126012272						P01133	Pro-epidermal growth factor	Homo sapiens	Encontrado	https://alphafold.ebi.ac.uk/entry/P01133
EGF			2126012395	P01133	rs2126012395	H275R	0.005		P01133	Pro-epidermal growth factor	Homo sapiens	Encontrado	https://alphafold.ebi.ac.uk/entry/P01133
EGF			2126012395	P01133	rs2126012395	H275R	0.12		P01133	Pro-epidermal growth factor	Homo sapiens	Encontrado	https://alphafold.ebi.ac.uk/entry/P01133
EGF			2126012553						P01133	Pro-epidermal growth factor	Homo sapiens	Encontrado	https://alphafold.ebi.ac.uk/entry/P01133
EGF			2126057544						P01133	Pro-epidermal growth factor	Homo sapiens	Encontrado	https://alphafold.ebi.ac.uk/entry/P01133
EGF			2126060742	P01133	rs2126060742	D411H	0.796		P01133	Pro-epidermal growth factor	Homo sapiens	Encontrado	https://alphafold.ebi.ac.uk/entry/P01133
EGF			2126060742	P01133	rs2126060742	D411H	0.01		P01133	Pro-epidermal growth factor	Homo sapiens	Encontrado	https://alphafold.ebi.ac.uk/entry/P01133
EGF			2126064326						P01133	Pro-epidermal growth factor	Homo sapiens	Encontrado	https://alphafold.ebi.ac.uk/entry/P01133
EGF			2126099748	P01133	rs2126099748	R581K	0.516		P01133	Pro-epidermal growth factor	Homo sapiens	Encontrado	https://alphafold.ebi.ac.uk/entry/P01133
EGF			2126099748	P01133	rs2126099748	R581K	0.56		P01133	Pro-epidermal growth factor	Homo sapiens	Encontrado	https://alphafold.ebi.ac.uk/entry/P01133
EGF			2126114987						P01133	Pro-epidermal growth factor	Homo sapiens	Encontrado	https://alphafold.ebi.ac.uk/entry/P01133
EGF			2126124499						P01133	Pro-epidermal growth factor	Homo sapiens	Encontrado	https://alphafold.ebi.ac.uk/entry/P01133
EGF			2126136581						P01133	Pro-epidermal growth factor	Homo sapiens	Encontrado	https://alphafold.ebi.ac.uk/entry/P01133
EGF			2126151974						P01133	Pro-epidermal growth factor	Homo sapiens	Encontrado	https://alphafold.ebi.ac.uk/entry/P01133
EGF			2126157264						P01133	Pro-epidermal growth factor	Homo sapiens	Encontrado	https://alphafold.ebi.ac.uk/entry/P01133
EGF			2126157518						P01133	Pro-epidermal growth factor	Homo sapiens	Encontrado	https://alphafold.ebi.ac.uk/entry/P01133
EGF			2126173708						P01133	Pro-epidermal growth factor	Homo sapiens	Encontrado	https://alphafold.ebi.ac.uk/entry/P01133
EGF			2126198173						P01133	Pro-epidermal growth factor	Homo sapiens	Encontrado	https://alphafold.ebi.ac.uk/entry/P01133
EGF			2126206379						P01133	Pro-epidermal growth factor	Homo sapiens	Encontrado	https://alphafold.ebi.ac.uk/entry/P01133
EGF			2126206688						P01133	Pro-epidermal growth factor	Homo sapiens	Encontrado	https://alphafold.ebi.ac.uk/entry/P01133
EGF			2126206950	P01133	rs2126206950	A1196T	0.146		P01133	Pro-epidermal growth factor	Homo sapiens	Encontrado	https://alphafold.ebi.ac.uk/entry/P01133
EGF			2126206950	P01133	rs2126206950	A1196T	0.05		P01133	Pro-epidermal growth factor	Homo sapiens	Encontrado	https://alphafold.ebi.ac.uk/entry/P01133
EGF			2237051						P01133	Pro-epidermal growth factor	Homo sapiens	Encontrado	https://alphafold.ebi.ac.uk/entry/P01133
EGF			2545718409						P01133	Pro-epidermal growth factor	Homo sapiens	Encontrado	https://alphafold.ebi.ac.uk/entry/P01133
EGF			2545776213						P01133	Pro-epidermal growth factor	Homo sapiens	Encontrado	https://alphafold.ebi.ac.uk/entry/P01133
EGF			2545776364						P01133	Pro-epidermal growth factor	Homo sapiens	Encontrado	https://alphafold.ebi.ac.uk/entry/P01133
EGF			2545785248						P01133	Pro-epidermal growth factor	Homo sapiens	Encontrado	https://alphafold.ebi.ac.uk/entry/P01133
EGF			2545789921						P01133	Pro-epidermal growth factor	Homo sapiens	Encontrado	https://alphafold.ebi.ac.uk/entry/P01133
EGF			2545832887						P01133	Pro-epidermal growth factor	Homo sapiens	Encontrado	https://alphafold.ebi.ac.uk/entry/P01133
EGF			2545871657						P01133	Pro-epidermal growth factor	Homo sapiens	Encontrado	https://alphafold.ebi.ac.uk/entry/P01133
EGF			2545887888						P01133	Pro-epidermal growth factor	Homo sapiens	Encontrado	https://alphafold.ebi.ac.uk/entry/P01133
EGF			2545888188						P01133	Pro-epidermal growth factor	Homo sapiens	Encontrado	https://alphafold.ebi.ac.uk/entry/P01133
EGF			2545894320						P01133	Pro-epidermal growth factor	Homo sapiens	Encontrado	https://alphafold.ebi.ac.uk/entry/P01133
EGF			2545910445						P01133	Pro-epidermal growth factor	Homo sapiens	Encontrado	https://alphafold.ebi.ac.uk/entry/P01133
EGF			28553469	P01133	rs28553469	D186H	0.024		P01133	Pro-epidermal growth factor	Homo sapiens	Encontrado	https://alphafold.ebi.ac.uk/entry/P01133
EGF			28553469	P01133	rs28553469	D186H	0.06		P01133	Pro-epidermal growth factor	Homo sapiens	Encontrado	https://alphafold.ebi.ac.uk/entry/P01133
EGF			28592692	P01133	rs28592692	T1174N	0.0		P01133	Pro-epidermal growth factor	Homo sapiens	Encontrado	https://alphafold.ebi.ac.uk/entry/P01133
EGF			28592692	P01133	rs28592692	T1174N	0.0		P01133	Pro-epidermal growth factor	Homo sapiens	Encontrado	https://alphafold.ebi.ac.uk/entry/P01133
EGF			35191533						P01133	Pro-epidermal growth factor	Homo sapiens	Encontrado	https://alphafold.ebi.ac.uk/entry/P01133
EGF			367804392	P01133	rs367804392	R548S	0.837		P01133	Pro-epidermal growth factor	Homo sapiens	Encontrado	https://alphafold.ebi.ac.uk/entry/P01133
EGF			367804392	P01133	rs367804392	R548S	0.08		P01133	Pro-epidermal growth factor	Homo sapiens	Encontrado	https://alphafold.ebi.ac.uk/entry/P01133
EGF			367868554	P01133	rs367868554	G791S	0.281		P01133	Pro-epidermal growth factor	Homo sapiens	Encontrado	https://alphafold.ebi.ac.uk/entry/P01133
EGF			367868554	P01133	rs367868554	G791S	0.1		P01133	Pro-epidermal growth factor	Homo sapiens	Encontrado	https://alphafold.ebi.ac.uk/entry/P01133
EGF			368476089	P01133	rs368476089	L420V	0.0		P01133	Pro-epidermal growth factor	Homo sapiens	Encontrado	https://alphafold.ebi.ac.uk/entry/P01133
EGF			368476089	P01133	rs368476089	L420V	1.0		P01133	Pro-epidermal growth factor	Homo sapiens	Encontrado	https://alphafold.ebi.ac.uk/entry/P01133
EGF			369517478						P01133	Pro-epidermal growth factor	Homo sapiens	Encontrado	https://alphafold.ebi.ac.uk/entry/P01133
EGF			369597497	P01133	rs369597497	E793V	0.115		P01133	Pro-epidermal growth factor	Homo sapiens	Encontrado	https://alphafold.ebi.ac.uk/entry/P01133
EGF			369597497	P01133	rs369597497	E793V	0.18		P01133	Pro-epidermal growth factor	Homo sapiens	Encontrado	https://alphafold.ebi.ac.uk/entry/P01133
EGF			369964269						P01133	Pro-epidermal growth factor	Homo sapiens	Encontrado	https://alphafold.ebi.ac.uk/entry/P01133
EGF			370234235						P01133	Pro-epidermal growth factor	Homo sapiens	Encontrado	https://alphafold.ebi.ac.uk/entry/P01133
EGF			370302729						P01133	Pro-epidermal growth factor	Homo sapiens	Encontrado	https://alphafold.ebi.ac.uk/entry/P01133
EGF			370583859						P01133	Pro-epidermal growth factor	Homo sapiens	Encontrado	https://alphafold.ebi.ac.uk/entry/P01133
EGF			371439656						P01133	Pro-epidermal growth factor	Homo sapiens	Encontrado	https://alphafold.ebi.ac.uk/entry/P01133
EGF			372658291	P01133	rs372658291	G385E	0.999		P01133	Pro-epidermal growth factor	Homo sapiens	Encontrado	https://alphafold.ebi.ac.uk/entry/P01133
EGF			372658291	P01133	rs372658291	G385E	0.0		P01133	Pro-epidermal growth factor	Homo sapiens	Encontrado	https://alphafold.ebi.ac.uk/entry/P01133
EGF			372658291	P01133	rs372658291	G385E	0.999		P01133	Pro-epidermal growth factor	Homo sapiens	Encontrado	https://alphafold.ebi.ac.uk/entry/P01133
EGF			372658291	P01133	rs372658291	G385E	0.0		P01133	Pro-epidermal growth factor	Homo sapiens	Encontrado	https://alphafold.ebi.ac.uk/entry/P01133
EGF			372750722						P01133	Pro-epidermal growth factor	Homo sapiens	Encontrado	https://alphafold.ebi.ac.uk/entry/P01133
EGF			373026359						P01133	Pro-epidermal growth factor	Homo sapiens	Encontrado	https://alphafold.ebi.ac.uk/entry/P01133
EGF			373411969						P01133	Pro-epidermal growth factor	Homo sapiens	Encontrado	https://alphafold.ebi.ac.uk/entry/P01133
EGF			373552129	P01133	rs373552129	R213Q	0.106		P01133	Pro-epidermal growth factor	Homo sapiens	Encontrado	https://alphafold.ebi.ac.uk/entry/P01133
EGF			373552129	P01133	rs373552129	R213Q	0.01		P01133	Pro-epidermal growth factor	Homo sapiens	Encontrado	https://alphafold.ebi.ac.uk/entry/P01133
EGF			373552129	P01133	rs373552129	R213Q	0.104		P01133	Pro-epidermal growth factor	Homo sapiens	Encontrado	https://alphafold.ebi.ac.uk/entry/P01133
EGF			373552129	P01133	rs373552129	R213Q	0.02		P01133	Pro-epidermal growth factor	Homo sapiens	Encontrado	https://alphafold.ebi.ac.uk/entry/P01133
EGF			373571617						P01133	Pro-epidermal growth factor	Homo sapiens	Encontrado	https://alphafold.ebi.ac.uk/entry/P01133
EGF			373947240						P01133	Pro-epidermal growth factor	Homo sapiens	Encontrado	https://alphafold.ebi.ac.uk/entry/P01133
EGF			373981440						P01133	Pro-epidermal growth factor	Homo sapiens	Encontrado	https://alphafold.ebi.ac.uk/entry/P01133
EGF			374953145						P01133	Pro-epidermal growth factor	Homo sapiens	Encontrado	https://alphafold.ebi.ac.uk/entry/P01133
EGF			375314388						P01133	Pro-epidermal growth factor	Homo sapiens	Encontrado	https://alphafold.ebi.ac.uk/entry/P01133
EGF			375461228	P01133	rs375461228	G418V	0.989		P01133	Pro-epidermal growth factor	Homo sapiens	Encontrado	https://alphafold.ebi.ac.uk/entry/P01133
EGF			375461228	P01133	rs375461228	G418V	0.0		P01133	Pro-epidermal growth factor	Homo sapiens	Encontrado	https://alphafold.ebi.ac.uk/entry/P01133
EGF			375529575	P01133	rs375529575	V1114A	0.001		P01133	Pro-epidermal growth factor	Homo sapiens	Encontrado	https://alphafold.ebi.ac.uk/entry/P01133
EGF			375529575	P01133	rs375529575	V1114A	0.2		P01133	Pro-epidermal growth factor	Homo sapiens	Encontrado	https://alphafold.ebi.ac.uk/entry/P01133
EGF			375689009						P01133	Pro-epidermal growth factor	Homo sapiens	Encontrado	https://alphafold.ebi.ac.uk/entry/P01133
EGF			375755038						P01133	Pro-epidermal growth factor	Homo sapiens	Encontrado	https://alphafold.ebi.ac.uk/entry/P01133
EGF			375844241						P01133	Pro-epidermal growth factor	Homo sapiens	Encontrado	https://alphafold.ebi.ac.uk/entry/P01133
EGF			376152924	P01133	rs376152924	V1042M	0.366		P01133	Pro-epidermal growth factor	Homo sapiens	Encontrado	https://alphafold.ebi.ac.uk/entry/P01133
EGF			376152924	P01133	rs376152924	V1042M	0.04		P01133	Pro-epidermal growth factor	Homo sapiens	Encontrado	https://alphafold.ebi.ac.uk/entry/P01133
EGF			376152924	P01133	rs376152924	V1042M	0.376		P01133	Pro-epidermal growth factor	Homo sapiens	Encontrado	https://alphafold.ebi.ac.uk/entry/P01133
EGF			376152924	P01133	rs376152924	V1042M	0.07		P01133	Pro-epidermal growth factor	Homo sapiens	Encontrado	https://alphafold.ebi.ac.uk/entry/P01133
EGF			376198509						P01133	Pro-epidermal growth factor	Homo sapiens	Encontrado	https://alphafold.ebi.ac.uk/entry/P01133
EGF			376262854						P01133	Pro-epidermal growth factor	Homo sapiens	Encontrado	https://alphafold.ebi.ac.uk/entry/P01133
EGF			376756269	P01133	rs376756269	G1178C	0.832		P01133	Pro-epidermal growth factor	Homo sapiens	Encontrado	https://alphafold.ebi.ac.uk/entry/P01133
EGF			376756269	P01133	rs376756269	G1178C	0.0		P01133	Pro-epidermal growth factor	Homo sapiens	Encontrado	https://alphafold.ebi.ac.uk/entry/P01133
EGF			376974586	P01133	rs376974586	D640G	0.048		P01133	Pro-epidermal growth factor	Homo sapiens	Encontrado	https://alphafold.ebi.ac.uk/entry/P01133
EGF			376974586	P01133	rs376974586	D640G	0.57		P01133	Pro-epidermal growth factor	Homo sapiens	Encontrado	https://alphafold.ebi.ac.uk/entry/P01133
EGF			377385617	P01133	rs377385617	R403H	0.115		P01133	Pro-epidermal growth factor	Homo sapiens	Encontrado	https://alphafold.ebi.ac.uk/entry/P01133
EGF			377385617	P01133	rs377385617	R403H	0.02		P01133	Pro-epidermal growth factor	Homo sapiens	Encontrado	https://alphafold.ebi.ac.uk/entry/P01133
EGF			377385617	P01133	rs377385617	R403H	0.113		P01133	Pro-epidermal growth factor	Homo sapiens	Encontrado	https://alphafold.ebi.ac.uk/entry/P01133
EGF			377385617	P01133	rs377385617	R403H	0.0		P01133	Pro-epidermal growth factor	Homo sapiens	Encontrado	https://alphafold.ebi.ac.uk/entry/P01133
EGF			41482245	P01133	rs41482245	I597V	0.01		P01133	Pro-epidermal growth factor	Homo sapiens	Encontrado	https://alphafold.ebi.ac.uk/entry/P01133
EGF			41482245	P01133	rs41482245	I597V	0.29		P01133	Pro-epidermal growth factor	Homo sapiens	Encontrado	https://alphafold.ebi.ac.uk/entry/P01133
EGF			4698803						P01133	Pro-epidermal growth factor	Homo sapiens	Encontrado	https://alphafold.ebi.ac.uk/entry/P01133
EGF			529423872	P01133	rs529423872	G512R	1.0		P01133	Pro-epidermal growth factor	Homo sapiens	Encontrado	https://alphafold.ebi.ac.uk/entry/P01133
EGF			529423872	P01133	rs529423872	G512R	0.0		P01133	Pro-epidermal growth factor	Homo sapiens	Encontrado	https://alphafold.ebi.ac.uk/entry/P01133
EGF			529423872	P01133	rs529423872	G512R	1.0		P01133	Pro-epidermal growth factor	Homo sapiens	Encontrado	https://alphafold.ebi.ac.uk/entry/P01133
EGF			529423872	P01133	rs529423872	G512R	0.0		P01133	Pro-epidermal growth factor	Homo sapiens	Encontrado	https://alphafold.ebi.ac.uk/entry/P01133
EGF			530407670						P01133	Pro-epidermal growth factor	Homo sapiens	Encontrado	https://alphafold.ebi.ac.uk/entry/P01133
EGF			532628455	P01133	rs532628455	S869F	0.01		P01133	Pro-epidermal growth factor	Homo sapiens	Encontrado	https://alphafold.ebi.ac.uk/entry/P01133
EGF			532628455	P01133	rs532628455	S869F	0.64		P01133	Pro-epidermal growth factor	Homo sapiens	Encontrado	https://alphafold.ebi.ac.uk/entry/P01133
EGF			534546146						P01133	Pro-epidermal growth factor	Homo sapiens	Encontrado	https://alphafold.ebi.ac.uk/entry/P01133
EGF			538393316						P01133	Pro-epidermal growth factor	Homo sapiens	Encontrado	https://alphafold.ebi.ac.uk/entry/P01133
EGF			541207219						P01133	Pro-epidermal growth factor	Homo sapiens	Encontrado	https://alphafold.ebi.ac.uk/entry/P01133
EGF			545591810						P01133	Pro-epidermal growth factor	Homo sapiens	Encontrado	https://alphafold.ebi.ac.uk/entry/P01133
EGF			546483670						P01133	Pro-epidermal growth factor	Homo sapiens	Encontrado	https://alphafold.ebi.ac.uk/entry/P01133
EGF			549451794						P01133	Pro-epidermal growth factor	Homo sapiens	Encontrado	https://alphafold.ebi.ac.uk/entry/P01133
EGF			550050429						P01133	Pro-epidermal growth factor	Homo sapiens	Encontrado	https://alphafold.ebi.ac.uk/entry/P01133
EGF			550191535						P01133	Pro-epidermal growth factor	Homo sapiens	Encontrado	https://alphafold.ebi.ac.uk/entry/P01133
EGF			550344691						P01133	Pro-epidermal growth factor	Homo sapiens	Encontrado	https://alphafold.ebi.ac.uk/entry/P01133
EGF			552731350	P01133	rs552731350	V1150L	0.0		P01133	Pro-epidermal growth factor	Homo sapiens	Encontrado	https://alphafold.ebi.ac.uk/entry/P01133
EGF			552731350	P01133	rs552731350	V1150L	0.91		P01133	Pro-epidermal growth factor	Homo sapiens	Encontrado	https://alphafold.ebi.ac.uk/entry/P01133
EGF			552731350	P01133	rs552731350	V1150L	0.0		P01133	Pro-epidermal growth factor	Homo sapiens	Encontrado	https://alphafold.ebi.ac.uk/entry/P01133
EGF			552731350	P01133	rs552731350	V1150L	0.55		P01133	Pro-epidermal growth factor	Homo sapiens	Encontrado	https://alphafold.ebi.ac.uk/entry/P01133
EGF			554061331						P01133	Pro-epidermal growth factor	Homo sapiens	Encontrado	https://alphafold.ebi.ac.uk/entry/P01133
EGF			554205393	P01133	rs554205393	R588H	0.0		P01133	Pro-epidermal growth factor	Homo sapiens	Encontrado	https://alphafold.ebi.ac.uk/entry/P01133
EGF			554205393	P01133	rs554205393	R588H	1.0		P01133	Pro-epidermal growth factor	Homo sapiens	Encontrado	https://alphafold.ebi.ac.uk/entry/P01133
EGF			554205393	P01133	rs554205393	R588H	0.0		P01133	Pro-epidermal growth factor	Homo sapiens	Encontrado	https://alphafold.ebi.ac.uk/entry/P01133
EGF			554205393	P01133	rs554205393	R588H	1.0		P01133	Pro-epidermal growth factor	Homo sapiens	Encontrado	https://alphafold.ebi.ac.uk/entry/P01133
EGF			555315528	P01133	rs555315528	S1074L	0.062		P01133	Pro-epidermal growth factor	Homo sapiens	Encontrado	https://alphafold.ebi.ac.uk/entry/P01133
EGF			555315528	P01133	rs555315528	S1074L	0.05		P01133	Pro-epidermal growth factor	Homo sapiens	Encontrado	https://alphafold.ebi.ac.uk/entry/P01133
EGF			555315528	P01133	rs555315528	S1074L	0.061		P01133	Pro-epidermal growth factor	Homo sapiens	Encontrado	https://alphafold.ebi.ac.uk/entry/P01133
EGF			555315528	P01133	rs555315528	S1074L	0.02		P01133	Pro-epidermal growth factor	Homo sapiens	Encontrado	https://alphafold.ebi.ac.uk/entry/P01133
EGF			558295228	P01133	rs558295228	A45V	0.006		P01133	Pro-epidermal growth factor	Homo sapiens	Encontrado	https://alphafold.ebi.ac.uk/entry/P01133
EGF			558295228	P01133	rs558295228	A45V	0.25		P01133	Pro-epidermal growth factor	Homo sapiens	Encontrado	https://alphafold.ebi.ac.uk/entry/P01133
EGF			55879834						P01133	Pro-epidermal growth factor	Homo sapiens	Encontrado	https://alphafold.ebi.ac.uk/entry/P01133
EGF			559546269						P01133	Pro-epidermal growth factor	Homo sapiens	Encontrado	https://alphafold.ebi.ac.uk/entry/P01133
EGF			560237104						P01133	Pro-epidermal growth factor	Homo sapiens	Encontrado	https://alphafold.ebi.ac.uk/entry/P01133
EGF			56384521						P01133	Pro-epidermal growth factor	Homo sapiens	Encontrado	https://alphafold.ebi.ac.uk/entry/P01133
EGF			564898318	P01133	rs564898318	D1016E	0.271		P01133	Pro-epidermal growth factor	Homo sapiens	Encontrado	https://alphafold.ebi.ac.uk/entry/P01133
EGF			564898318	P01133	rs564898318	D1016E	0.08		P01133	Pro-epidermal growth factor	Homo sapiens	Encontrado	https://alphafold.ebi.ac.uk/entry/P01133
EGF			566581743						P01133	Pro-epidermal growth factor	Homo sapiens	Encontrado	https://alphafold.ebi.ac.uk/entry/P01133
EGF			567044142	P01133	rs567044142	E624K	0.982		P01133	Pro-epidermal growth factor	Homo sapiens	Encontrado	https://alphafold.ebi.ac.uk/entry/P01133
EGF			567044142	P01133	rs567044142	E624K	0.0		P01133	Pro-epidermal growth factor	Homo sapiens	Encontrado	https://alphafold.ebi.ac.uk/entry/P01133
EGF			567044142	P01133	rs567044142	E624K	0.982		P01133	Pro-epidermal growth factor	Homo sapiens	Encontrado	https://alphafold.ebi.ac.uk/entry/P01133
EGF			567044142	P01133	rs567044142	E624K	0.0		P01133	Pro-epidermal growth factor	Homo sapiens	Encontrado	https://alphafold.ebi.ac.uk/entry/P01133
EGF			572777871						P01133	Pro-epidermal growth factor	Homo sapiens	Encontrado	https://alphafold.ebi.ac.uk/entry/P01133
EGF			572990451	P01133	rs572990451	A1037V	0.918		P01133	Pro-epidermal growth factor	Homo sapiens	Encontrado	https://alphafold.ebi.ac.uk/entry/P01133
EGF			572990451	P01133	rs572990451	A1037V	0.11		P01133	Pro-epidermal growth factor	Homo sapiens	Encontrado	https://alphafold.ebi.ac.uk/entry/P01133
EGF			574081002						P01133	Pro-epidermal growth factor	Homo sapiens	Encontrado	https://alphafold.ebi.ac.uk/entry/P01133
EGF			576670693	P01133	rs576670693	T648M	0.99		P01133	Pro-epidermal growth factor	Homo sapiens	Encontrado	https://alphafold.ebi.ac.uk/entry/P01133
EGF			576670693	P01133	rs576670693	T648M	0.0		P01133	Pro-epidermal growth factor	Homo sapiens	Encontrado	https://alphafold.ebi.ac.uk/entry/P01133
EGF			576670693	P01133	rs576670693	T648M	0.99		P01133	Pro-epidermal growth factor	Homo sapiens	Encontrado	https://alphafold.ebi.ac.uk/entry/P01133
EGF			576670693	P01133	rs576670693	T648M	0.0		P01133	Pro-epidermal growth factor	Homo sapiens	Encontrado	https://alphafold.ebi.ac.uk/entry/P01133
EGF			6413481						P01133	Pro-epidermal growth factor	Homo sapiens	Encontrado	https://alphafold.ebi.ac.uk/entry/P01133
EGF			745378663						P01133	Pro-epidermal growth factor	Homo sapiens	Encontrado	https://alphafold.ebi.ac.uk/entry/P01133
EGF			745503411						P01133	Pro-epidermal growth factor	Homo sapiens	Encontrado	https://alphafold.ebi.ac.uk/entry/P01133
EGF			745638125						P01133	Pro-epidermal growth factor	Homo sapiens	Encontrado	https://alphafold.ebi.ac.uk/entry/P01133
EGF			745691794	P01133	rs745691794	Q856R	0.02		P01133	Pro-epidermal growth factor	Homo sapiens	Encontrado	https://alphafold.ebi.ac.uk/entry/P01133
EGF			745691794	P01133	rs745691794	Q856R	0.18		P01133	Pro-epidermal growth factor	Homo sapiens	Encontrado	https://alphafold.ebi.ac.uk/entry/P01133
EGF			745691794	P01133	rs745691794	Q856R	0.021		P01133	Pro-epidermal growth factor	Homo sapiens	Encontrado	https://alphafold.ebi.ac.uk/entry/P01133
EGF			745691794	P01133	rs745691794	Q856R	0.14		P01133	Pro-epidermal growth factor	Homo sapiens	Encontrado	https://alphafold.ebi.ac.uk/entry/P01133
EGF			745902713						P01133	Pro-epidermal growth factor	Homo sapiens	Encontrado	https://alphafold.ebi.ac.uk/entry/P01133
EGF			746054163						P01133	Pro-epidermal growth factor	Homo sapiens	Encontrado	https://alphafold.ebi.ac.uk/entry/P01133
EGF			746246476	P01133	rs746246476	Y903C	0.997		P01133	Pro-epidermal growth factor	Homo sapiens	Encontrado	https://alphafold.ebi.ac.uk/entry/P01133
EGF			746246476	P01133	rs746246476	Y903C	0.0		P01133	Pro-epidermal growth factor	Homo sapiens	Encontrado	https://alphafold.ebi.ac.uk/entry/P01133
EGF			746313294						P01133	Pro-epidermal growth factor	Homo sapiens	Encontrado	https://alphafold.ebi.ac.uk/entry/P01133
EGF			746493431						P01133	Pro-epidermal growth factor	Homo sapiens	Encontrado	https://alphafold.ebi.ac.uk/entry/P01133
EGF			746546394						P01133	Pro-epidermal growth factor	Homo sapiens	Encontrado	https://alphafold.ebi.ac.uk/entry/P01133
EGF			746610909						P01133	Pro-epidermal growth factor	Homo sapiens	Encontrado	https://alphafold.ebi.ac.uk/entry/P01133
EGF			746907780						P01133	Pro-epidermal growth factor	Homo sapiens	Encontrado	https://alphafold.ebi.ac.uk/entry/P01133
EGF			747021699						P01133	Pro-epidermal growth factor	Homo sapiens	Encontrado	https://alphafold.ebi.ac.uk/entry/P01133
EGF			747087585						P01133	Pro-epidermal growth factor	Homo sapiens	Encontrado	https://alphafold.ebi.ac.uk/entry/P01133
EGF			747320674	P01133	rs747320674	P44S	0.338		P01133	Pro-epidermal growth factor	Homo sapiens	Encontrado	https://alphafold.ebi.ac.uk/entry/P01133
EGF			747320674	P01133	rs747320674	P44S	0.13		P01133	Pro-epidermal growth factor	Homo sapiens	Encontrado	https://alphafold.ebi.ac.uk/entry/P01133
EGF			747320674	P01133	rs747320674	P44S	0.348		P01133	Pro-epidermal growth factor	Homo sapiens	Encontrado	https://alphafold.ebi.ac.uk/entry/P01133
EGF			747320674	P01133	rs747320674	P44S	0.03		P01133	Pro-epidermal growth factor	Homo sapiens	Encontrado	https://alphafold.ebi.ac.uk/entry/P01133
EGF			747401483						P01133	Pro-epidermal growth factor	Homo sapiens	Encontrado	https://alphafold.ebi.ac.uk/entry/P01133
EGF			747643937						P01133	Pro-epidermal growth factor	Homo sapiens	Encontrado	https://alphafold.ebi.ac.uk/entry/P01133
EGF			747736715						P01133	Pro-epidermal growth factor	Homo sapiens	Encontrado	https://alphafold.ebi.ac.uk/entry/P01133
EGF			748065943						P01133	Pro-epidermal growth factor	Homo sapiens	Encontrado	https://alphafold.ebi.ac.uk/entry/P01133
EGF			748212073						P01133	Pro-epidermal growth factor	Homo sapiens	Encontrado	https://alphafold.ebi.ac.uk/entry/P01133
EGF			748578780						P01133	Pro-epidermal growth factor	Homo sapiens	Encontrado	https://alphafold.ebi.ac.uk/entry/P01133
EGF			748739824						P01133	Pro-epidermal growth factor	Homo sapiens	Encontrado	https://alphafold.ebi.ac.uk/entry/P01133
EGF			748793287						P01133	Pro-epidermal growth factor	Homo sapiens	Encontrado	https://alphafold.ebi.ac.uk/entry/P01133
EGF			748821450						P01133	Pro-epidermal growth factor	Homo sapiens	Encontrado	https://alphafold.ebi.ac.uk/entry/P01133
EGF			748846725						P01133	Pro-epidermal growth factor	Homo sapiens	Encontrado	https://alphafold.ebi.ac.uk/entry/P01133
EGF			749037337						P01133	Pro-epidermal growth factor	Homo sapiens	Encontrado	https://alphafold.ebi.ac.uk/entry/P01133
EGF			749171336	P01133	rs749171336	D443N	0.531		P01133	Pro-epidermal growth factor	Homo sapiens	Encontrado	https://alphafold.ebi.ac.uk/entry/P01133
EGF			749171336	P01133	rs749171336	D443N	0.03		P01133	Pro-epidermal growth factor	Homo sapiens	Encontrado	https://alphafold.ebi.ac.uk/entry/P01133
EGF			749307546						P01133	Pro-epidermal growth factor	Homo sapiens	Encontrado	https://alphafold.ebi.ac.uk/entry/P01133
EGF			749456522						P01133	Pro-epidermal growth factor	Homo sapiens	Encontrado	https://alphafold.ebi.ac.uk/entry/P01133
EGF			749456740						P01133	Pro-epidermal growth factor	Homo sapiens	Encontrado	https://alphafold.ebi.ac.uk/entry/P01133
EGF			749543304	P01133	rs749543304	A1115S	0.006		P01133	Pro-epidermal growth factor	Homo sapiens	Encontrado	https://alphafold.ebi.ac.uk/entry/P01133
EGF			749543304	P01133	rs749543304	A1115S	0.15		P01133	Pro-epidermal growth factor	Homo sapiens	Encontrado	https://alphafold.ebi.ac.uk/entry/P01133
EGF			749592129						P01133	Pro-epidermal growth factor	Homo sapiens	Encontrado	https://alphafold.ebi.ac.uk/entry/P01133
EGF			749820277	P01133	rs749820277	G751C	0.289		P01133	Pro-epidermal growth factor	Homo sapiens	Encontrado	https://alphafold.ebi.ac.uk/entry/P01133
EGF			749820277	P01133	rs749820277	G751C	0.0		P01133	Pro-epidermal growth factor	Homo sapiens	Encontrado	https://alphafold.ebi.ac.uk/entry/P01133
EGF			749820277	P01133	rs749820277	G751C	0.298		P01133	Pro-epidermal growth factor	Homo sapiens	Encontrado	https://alphafold.ebi.ac.uk/entry/P01133
EGF			749820277	P01133	rs749820277	G751C	0.0		P01133	Pro-epidermal growth factor	Homo sapiens	Encontrado	https://alphafold.ebi.ac.uk/entry/P01133
EGF			749928425	P01133	rs749928425	R633L	1.0		P01133	Pro-epidermal growth factor	Homo sapiens	Encontrado	https://alphafold.ebi.ac.uk/entry/P01133
EGF			749928425	P01133	rs749928425	R633L	0.0		P01133	Pro-epidermal growth factor	Homo sapiens	Encontrado	https://alphafold.ebi.ac.uk/entry/P01133
EGF			750058037						P01133	Pro-epidermal growth factor	Homo sapiens	Encontrado	https://alphafold.ebi.ac.uk/entry/P01133
EGF			750318450	P01133	rs750318450	H495R	0.0		P01133	Pro-epidermal growth factor	Homo sapiens	Encontrado	https://alphafold.ebi.ac.uk/entry/P01133
EGF			750318450	P01133	rs750318450	H495R	1.0		P01133	Pro-epidermal growth factor	Homo sapiens	Encontrado	https://alphafold.ebi.ac.uk/entry/P01133
EGF			750434009						P01133	Pro-epidermal growth factor	Homo sapiens	Encontrado	https://alphafold.ebi.ac.uk/entry/P01133
EGF			750467727						P01133	Pro-epidermal growth factor	Homo sapiens	Encontrado	https://alphafold.ebi.ac.uk/entry/P01133
EGF			750562434						P01133	Pro-epidermal growth factor	Homo sapiens	Encontrado	https://alphafold.ebi.ac.uk/entry/P01133
EGF			750565511						P01133	Pro-epidermal growth factor	Homo sapiens	Encontrado	https://alphafold.ebi.ac.uk/entry/P01133
EGF			750786419	P01133	rs750786419	P1128Q	0.001		P01133	Pro-epidermal growth factor	Homo sapiens	Encontrado	https://alphafold.ebi.ac.uk/entry/P01133
EGF			750786419	P01133	rs750786419	P1128Q	0.46		P01133	Pro-epidermal growth factor	Homo sapiens	Encontrado	https://alphafold.ebi.ac.uk/entry/P01133
EGF			751169652						P01133	Pro-epidermal growth factor	Homo sapiens	Encontrado	https://alphafold.ebi.ac.uk/entry/P01133
EGF			751392771						P01133	Pro-epidermal growth factor	Homo sapiens	Encontrado	https://alphafold.ebi.ac.uk/entry/P01133
EGF			751404636	P01133	rs751404636	N890S	0.993		P01133	Pro-epidermal growth factor	Homo sapiens	Encontrado	https://alphafold.ebi.ac.uk/entry/P01133
EGF			751404636	P01133	rs751404636	N890S	0.02		P01133	Pro-epidermal growth factor	Homo sapiens	Encontrado	https://alphafold.ebi.ac.uk/entry/P01133
EGF			751404636	P01133	rs751404636	N890S	0.993		P01133	Pro-epidermal growth factor	Homo sapiens	Encontrado	https://alphafold.ebi.ac.uk/entry/P01133
EGF			751404636	P01133	rs751404636	N890S	0.02		P01133	Pro-epidermal growth factor	Homo sapiens	Encontrado	https://alphafold.ebi.ac.uk/entry/P01133
EGF			751611229	P01133	rs751611229	G741E	0.669		P01133	Pro-epidermal growth factor	Homo sapiens	Encontrado	https://alphafold.ebi.ac.uk/entry/P01133
EGF			751611229	P01133	rs751611229	G741E	0.02		P01133	Pro-epidermal growth factor	Homo sapiens	Encontrado	https://alphafold.ebi.ac.uk/entry/P01133
EGF			751611229	P01133	rs751611229	G741E	0.678		P01133	Pro-epidermal growth factor	Homo sapiens	Encontrado	https://alphafold.ebi.ac.uk/entry/P01133
EGF			751611229	P01133	rs751611229	G741E	0.0		P01133	Pro-epidermal growth factor	Homo sapiens	Encontrado	https://alphafold.ebi.ac.uk/entry/P01133
EGF			751664046						P01133	Pro-epidermal growth factor	Homo sapiens	Encontrado	https://alphafold.ebi.ac.uk/entry/P01133
EGF			751876156						P01133	Pro-epidermal growth factor	Homo sapiens	Encontrado	https://alphafold.ebi.ac.uk/entry/P01133
EGF			752050535	P01133	rs752050535	R845W	0.517		P01133	Pro-epidermal growth factor	Homo sapiens	Encontrado	https://alphafold.ebi.ac.uk/entry/P01133
EGF			752050535	P01133	rs752050535	R845W	0.14		P01133	Pro-epidermal growth factor	Homo sapiens	Encontrado	https://alphafold.ebi.ac.uk/entry/P01133
EGF			752050535	P01133	rs752050535	R845W	0.511		P01133	Pro-epidermal growth factor	Homo sapiens	Encontrado	https://alphafold.ebi.ac.uk/entry/P01133
EGF			752050535	P01133	rs752050535	R845W	0.12		P01133	Pro-epidermal growth factor	Homo sapiens	Encontrado	https://alphafold.ebi.ac.uk/entry/P01133
EGF			752143836						P01133	Pro-epidermal growth factor	Homo sapiens	Encontrado	https://alphafold.ebi.ac.uk/entry/P01133
EGF			752184762						P01133	Pro-epidermal growth factor	Homo sapiens	Encontrado	https://alphafold.ebi.ac.uk/entry/P01133
EGF			752195298						P01133	Pro-epidermal growth factor	Homo sapiens	Encontrado	https://alphafold.ebi.ac.uk/entry/P01133
EGF			752331451						P01133	Pro-epidermal growth factor	Homo sapiens	Encontrado	https://alphafold.ebi.ac.uk/entry/P01133
EGF			752598344						P01133	Pro-epidermal growth factor	Homo sapiens	Encontrado	https://alphafold.ebi.ac.uk/entry/P01133
EGF			752760134						P01133	Pro-epidermal growth factor	Homo sapiens	Encontrado	https://alphafold.ebi.ac.uk/entry/P01133
EGF			752806358	P01133	rs752806358	T779M	0.003		P01133	Pro-epidermal growth factor	Homo sapiens	Encontrado	https://alphafold.ebi.ac.uk/entry/P01133
EGF			752806358	P01133	rs752806358	T779M	0.59		P01133	Pro-epidermal growth factor	Homo sapiens	Encontrado	https://alphafold.ebi.ac.uk/entry/P01133
EGF			753035391						P01133	Pro-epidermal growth factor	Homo sapiens	Encontrado	https://alphafold.ebi.ac.uk/entry/P01133
EGF			753084591						P01133	Pro-epidermal growth factor	Homo sapiens	Encontrado	https://alphafold.ebi.ac.uk/entry/P01133
EGF			753102908						P01133	Pro-epidermal growth factor	Homo sapiens	Encontrado	https://alphafold.ebi.ac.uk/entry/P01133
EGF			753326587						P01133	Pro-epidermal growth factor	Homo sapiens	Encontrado	https://alphafold.ebi.ac.uk/entry/P01133
EGF			753638331						P01133	Pro-epidermal growth factor	Homo sapiens	Encontrado	https://alphafold.ebi.ac.uk/entry/P01133
EGF			753681170						P01133	Pro-epidermal growth factor	Homo sapiens	Encontrado	https://alphafold.ebi.ac.uk/entry/P01133
EGF			753951180						P01133	Pro-epidermal growth factor	Homo sapiens	Encontrado	https://alphafold.ebi.ac.uk/entry/P01133
EGF			753971021						P01133	Pro-epidermal growth factor	Homo sapiens	Encontrado	https://alphafold.ebi.ac.uk/entry/P01133
EGF			754198882						P01133	Pro-epidermal growth factor	Homo sapiens	Encontrado	https://alphafold.ebi.ac.uk/entry/P01133
EGF			754215714						P01133	Pro-epidermal growth factor	Homo sapiens	Encontrado	https://alphafold.ebi.ac.uk/entry/P01133
EGF			754378480						P01133	Pro-epidermal growth factor	Homo sapiens	Encontrado	https://alphafold.ebi.ac.uk/entry/P01133
EGF			754440165						P01133	Pro-epidermal growth factor	Homo sapiens	Encontrado	https://alphafold.ebi.ac.uk/entry/P01133
EGF			754758349						P01133	Pro-epidermal growth factor	Homo sapiens	Encontrado	https://alphafold.ebi.ac.uk/entry/P01133
EGF			754959264	P01133	rs754959264	P1096S	0.125		P01133	Pro-epidermal growth factor	Homo sapiens	Encontrado	https://alphafold.ebi.ac.uk/entry/P01133
EGF			754959264	P01133	rs754959264	P1096S	0.27		P01133	Pro-epidermal growth factor	Homo sapiens	Encontrado	https://alphafold.ebi.ac.uk/entry/P01133
EGF			755316861	P01133	rs755316861	E169K	0.01		P01133	Pro-epidermal growth factor	Homo sapiens	Encontrado	https://alphafold.ebi.ac.uk/entry/P01133
EGF			755316861	P01133	rs755316861	E169K	0.27		P01133	Pro-epidermal growth factor	Homo sapiens	Encontrado	https://alphafold.ebi.ac.uk/entry/P01133
EGF			755406765						P01133	Pro-epidermal growth factor	Homo sapiens	Encontrado	https://alphafold.ebi.ac.uk/entry/P01133
EGF			755499341						P01133	Pro-epidermal growth factor	Homo sapiens	Encontrado	https://alphafold.ebi.ac.uk/entry/P01133
EGF			755587723						P01133	Pro-epidermal growth factor	Homo sapiens	Encontrado	https://alphafold.ebi.ac.uk/entry/P01133
EGF			755866001						P01133	Pro-epidermal growth factor	Homo sapiens	Encontrado	https://alphafold.ebi.ac.uk/entry/P01133
EGF			755888937						P01133	Pro-epidermal growth factor	Homo sapiens	Encontrado	https://alphafold.ebi.ac.uk/entry/P01133
EGF			755934636	P01133	rs755934636	V690I	0.02		P01133	Pro-epidermal growth factor	Homo sapiens	Encontrado	https://alphafold.ebi.ac.uk/entry/P01133
EGF			755934636	P01133	rs755934636	V690I	0.28		P01133	Pro-epidermal growth factor	Homo sapiens	Encontrado	https://alphafold.ebi.ac.uk/entry/P01133
EGF			756093900	P01133	rs756093900	Q1112P	0.003		P01133	Pro-epidermal growth factor	Homo sapiens	Encontrado	https://alphafold.ebi.ac.uk/entry/P01133
EGF			756093900	P01133	rs756093900	Q1112P	0.23		P01133	Pro-epidermal growth factor	Homo sapiens	Encontrado	https://alphafold.ebi.ac.uk/entry/P01133
EGF			756147522						P01133	Pro-epidermal growth factor	Homo sapiens	Encontrado	https://alphafold.ebi.ac.uk/entry/P01133
EGF			756663067						P01133	Pro-epidermal growth factor	Homo sapiens	Encontrado	https://alphafold.ebi.ac.uk/entry/P01133
EGF			756954377						P01133	Pro-epidermal growth factor	Homo sapiens	Encontrado	https://alphafold.ebi.ac.uk/entry/P01133
EGF			757116955						P01133	Pro-epidermal growth factor	Homo sapiens	Encontrado	https://alphafold.ebi.ac.uk/entry/P01133
EGF			757131048	P01133	rs757131048	R258C	0.0		P01133	Pro-epidermal growth factor	Homo sapiens	Encontrado	https://alphafold.ebi.ac.uk/entry/P01133
EGF			757131048	P01133	rs757131048	R258C	0.04		P01133	Pro-epidermal growth factor	Homo sapiens	Encontrado	https://alphafold.ebi.ac.uk/entry/P01133
EGF			757204959						P01133	Pro-epidermal growth factor	Homo sapiens	Encontrado	https://alphafold.ebi.ac.uk/entry/P01133
EGF			757524102	P01133	rs757524102	R898Q	0.0		P01133	Pro-epidermal growth factor	Homo sapiens	Encontrado	https://alphafold.ebi.ac.uk/entry/P01133
EGF			757524102	P01133	rs757524102	R898Q	0.54		P01133	Pro-epidermal growth factor	Homo sapiens	Encontrado	https://alphafold.ebi.ac.uk/entry/P01133
EGF			757524102	P01133	rs757524102	R898Q	0.0		P01133	Pro-epidermal growth factor	Homo sapiens	Encontrado	https://alphafold.ebi.ac.uk/entry/P01133
EGF			757524102	P01133	rs757524102	R898Q	0.55		P01133	Pro-epidermal growth factor	Homo sapiens	Encontrado	https://alphafold.ebi.ac.uk/entry/P01133
EGF			757775061						P01133	Pro-epidermal growth factor	Homo sapiens	Encontrado	https://alphafold.ebi.ac.uk/entry/P01133
EGF			757866419	P01133	rs757866419	G433E	1.0		P01133	Pro-epidermal growth factor	Homo sapiens	Encontrado	https://alphafold.ebi.ac.uk/entry/P01133
EGF			757866419	P01133	rs757866419	G433E	0.02		P01133	Pro-epidermal growth factor	Homo sapiens	Encontrado	https://alphafold.ebi.ac.uk/entry/P01133
EGF			758061482						P01133	Pro-epidermal growth factor	Homo sapiens	Encontrado	https://alphafold.ebi.ac.uk/entry/P01133
EGF			758084747						P01133	Pro-epidermal growth factor	Homo sapiens	Encontrado	https://alphafold.ebi.ac.uk/entry/P01133
EGF			758189794						P01133	Pro-epidermal growth factor	Homo sapiens	Encontrado	https://alphafold.ebi.ac.uk/entry/P01133
EGF			758238904						P01133	Pro-epidermal growth factor	Homo sapiens	Encontrado	https://alphafold.ebi.ac.uk/entry/P01133
EGF			758375964						P01133	Pro-epidermal growth factor	Homo sapiens	Encontrado	https://alphafold.ebi.ac.uk/entry/P01133
EGF			758414654						P01133	Pro-epidermal growth factor	Homo sapiens	Encontrado	https://alphafold.ebi.ac.uk/entry/P01133
EGF			758470342	P01133	rs758470342	M280V	0.0		P01133	Pro-epidermal growth factor	Homo sapiens	Encontrado	https://alphafold.ebi.ac.uk/entry/P01133
EGF			758470342	P01133	rs758470342	M280V	0.77		P01133	Pro-epidermal growth factor	Homo sapiens	Encontrado	https://alphafold.ebi.ac.uk/entry/P01133
EGF			758664927						P01133	Pro-epidermal growth factor	Homo sapiens	Encontrado	https://alphafold.ebi.ac.uk/entry/P01133
EGF			758792470						P01133	Pro-epidermal growth factor	Homo sapiens	Encontrado	https://alphafold.ebi.ac.uk/entry/P01133
EGF			758800260	P01133	rs758800260	R588C	0.657		P01133	Pro-epidermal growth factor	Homo sapiens	Encontrado	https://alphafold.ebi.ac.uk/entry/P01133
EGF			758800260	P01133	rs758800260	R588C	0.01		P01133	Pro-epidermal growth factor	Homo sapiens	Encontrado	https://alphafold.ebi.ac.uk/entry/P01133
EGF			758800260	P01133	rs758800260	R588C	0.652		P01133	Pro-epidermal growth factor	Homo sapiens	Encontrado	https://alphafold.ebi.ac.uk/entry/P01133
EGF			758800260	P01133	rs758800260	R588C	0.01		P01133	Pro-epidermal growth factor	Homo sapiens	Encontrado	https://alphafold.ebi.ac.uk/entry/P01133
EGF			758922930						P01133	Pro-epidermal growth factor	Homo sapiens	Encontrado	https://alphafold.ebi.ac.uk/entry/P01133
EGF			759026179						P01133	Pro-epidermal growth factor	Homo sapiens	Encontrado	https://alphafold.ebi.ac.uk/entry/P01133
EGF			759220369						P01133	Pro-epidermal growth factor	Homo sapiens	Encontrado	https://alphafold.ebi.ac.uk/entry/P01133
EGF			75935899	P01133	rs75935899	V1040M	0.062		P01133	Pro-epidermal growth factor	Homo sapiens	Encontrado	https://alphafold.ebi.ac.uk/entry/P01133
EGF			75935899	P01133	rs75935899	V1040M	0.23		P01133	Pro-epidermal growth factor	Homo sapiens	Encontrado	https://alphafold.ebi.ac.uk/entry/P01133
EGF			759537571	P01133	rs759537571	K808N	0.013		P01133	Pro-epidermal growth factor	Homo sapiens	Encontrado	https://alphafold.ebi.ac.uk/entry/P01133
EGF			759537571	P01133	rs759537571	K808N	0.42		P01133	Pro-epidermal growth factor	Homo sapiens	Encontrado	https://alphafold.ebi.ac.uk/entry/P01133
EGF			759576285	P01133	rs759576285	M772V	0.0		P01133	Pro-epidermal growth factor	Homo sapiens	Encontrado	https://alphafold.ebi.ac.uk/entry/P01133
EGF			759576285	P01133	rs759576285	M772V	1.0		P01133	Pro-epidermal growth factor	Homo sapiens	Encontrado	https://alphafold.ebi.ac.uk/entry/P01133
EGF			759723051						P01133	Pro-epidermal growth factor	Homo sapiens	Encontrado	https://alphafold.ebi.ac.uk/entry/P01133
EGF			759730707						P01133	Pro-epidermal growth factor	Homo sapiens	Encontrado	https://alphafold.ebi.ac.uk/entry/P01133
EGF			759771801						P01133	Pro-epidermal growth factor	Homo sapiens	Encontrado	https://alphafold.ebi.ac.uk/entry/P01133
EGF			759992344						P01133	Pro-epidermal growth factor	Homo sapiens	Encontrado	https://alphafold.ebi.ac.uk/entry/P01133
EGF			760127815	P01133	rs760127815	K296T	0.598		P01133	Pro-epidermal growth factor	Homo sapiens	Encontrado	https://alphafold.ebi.ac.uk/entry/P01133
EGF			760127815	P01133	rs760127815	K296T	0.01		P01133	Pro-epidermal growth factor	Homo sapiens	Encontrado	https://alphafold.ebi.ac.uk/entry/P01133
EGF			760369040						P01133	Pro-epidermal growth factor	Homo sapiens	Encontrado	https://alphafold.ebi.ac.uk/entry/P01133
EGF			760433446						P01133	Pro-epidermal growth factor	Homo sapiens	Encontrado	https://alphafold.ebi.ac.uk/entry/P01133
EGF			760507781						P01133	Pro-epidermal growth factor	Homo sapiens	Encontrado	https://alphafold.ebi.ac.uk/entry/P01133
EGF			760581670	P01133	rs760581670	E1162K	0.006		P01133	Pro-epidermal growth factor	Homo sapiens	Encontrado	https://alphafold.ebi.ac.uk/entry/P01133
EGF			760581670	P01133	rs760581670	E1162K	0.29		P01133	Pro-epidermal growth factor	Homo sapiens	Encontrado	https://alphafold.ebi.ac.uk/entry/P01133
EGF			760585665						P01133	Pro-epidermal growth factor	Homo sapiens	Encontrado	https://alphafold.ebi.ac.uk/entry/P01133
EGF			760672241						P01133	Pro-epidermal growth factor	Homo sapiens	Encontrado	https://alphafold.ebi.ac.uk/entry/P01133
EGF			760745991						P01133	Pro-epidermal growth factor	Homo sapiens	Encontrado	https://alphafold.ebi.ac.uk/entry/P01133
EGF			761236090	P01133	rs761236090	A661V	0.676		P01133	Pro-epidermal growth factor	Homo sapiens	Encontrado	https://alphafold.ebi.ac.uk/entry/P01133
EGF			761236090	P01133	rs761236090	A661V	0.05		P01133	Pro-epidermal growth factor	Homo sapiens	Encontrado	https://alphafold.ebi.ac.uk/entry/P01133
EGF			761236090	P01133	rs761236090	A661V	0.685		P01133	Pro-epidermal growth factor	Homo sapiens	Encontrado	https://alphafold.ebi.ac.uk/entry/P01133
EGF			761236090	P01133	rs761236090	A661V	0.01		P01133	Pro-epidermal growth factor	Homo sapiens	Encontrado	https://alphafold.ebi.ac.uk/entry/P01133
EGF			761326095						P01133	Pro-epidermal growth factor	Homo sapiens	Encontrado	https://alphafold.ebi.ac.uk/entry/P01133
EGF			761442826						P01133	Pro-epidermal growth factor	Homo sapiens	Encontrado	https://alphafold.ebi.ac.uk/entry/P01133
EGF			761571360						P01133	Pro-epidermal growth factor	Homo sapiens	Encontrado	https://alphafold.ebi.ac.uk/entry/P01133
EGF			761675450						P01133	Pro-epidermal growth factor	Homo sapiens	Encontrado	https://alphafold.ebi.ac.uk/entry/P01133
EGF			761722528						P01133	Pro-epidermal growth factor	Homo sapiens	Encontrado	https://alphafold.ebi.ac.uk/entry/P01133
EGF			761810613						P01133	Pro-epidermal growth factor	Homo sapiens	Encontrado	https://alphafold.ebi.ac.uk/entry/P01133
EGF			76189946						P01133	Pro-epidermal growth factor	Homo sapiens	Encontrado	https://alphafold.ebi.ac.uk/entry/P01133
EGF			762377419						P01133	Pro-epidermal growth factor	Homo sapiens	Encontrado	https://alphafold.ebi.ac.uk/entry/P01133
EGF			762578374						P01133	Pro-epidermal growth factor	Homo sapiens	Encontrado	https://alphafold.ebi.ac.uk/entry/P01133
EGF			762703977						P01133	Pro-epidermal growth factor	Homo sapiens	Encontrado	https://alphafold.ebi.ac.uk/entry/P01133
EGF			76275519	P01133	rs76275519	E892K	0.996		P01133	Pro-epidermal growth factor	Homo sapiens	Encontrado	https://alphafold.ebi.ac.uk/entry/P01133
EGF			76275519	P01133	rs76275519	E892K	0.01		P01133	Pro-epidermal growth factor	Homo sapiens	Encontrado	https://alphafold.ebi.ac.uk/entry/P01133
EGF			762816834						P01133	Pro-epidermal growth factor	Homo sapiens	Encontrado	https://alphafold.ebi.ac.uk/entry/P01133
EGF			762841951	P01133	rs762841951	R768C	0.517		P01133	Pro-epidermal growth factor	Homo sapiens	Encontrado	https://alphafold.ebi.ac.uk/entry/P01133
EGF			762841951	P01133	rs762841951	R768C	0.19		P01133	Pro-epidermal growth factor	Homo sapiens	Encontrado	https://alphafold.ebi.ac.uk/entry/P01133
EGF			762841951	P01133	rs762841951	R768C	0.511		P01133	Pro-epidermal growth factor	Homo sapiens	Encontrado	https://alphafold.ebi.ac.uk/entry/P01133
EGF			762841951	P01133	rs762841951	R768C	0.04		P01133	Pro-epidermal growth factor	Homo sapiens	Encontrado	https://alphafold.ebi.ac.uk/entry/P01133
EGF			763092051						P01133	Pro-epidermal growth factor	Homo sapiens	Encontrado	https://alphafold.ebi.ac.uk/entry/P01133
EGF			763112495	P01133	rs763112495	Y159C	0.001		P01133	Pro-epidermal growth factor	Homo sapiens	Encontrado	https://alphafold.ebi.ac.uk/entry/P01133
EGF			763112495	P01133	rs763112495	Y159C	0.11		P01133	Pro-epidermal growth factor	Homo sapiens	Encontrado	https://alphafold.ebi.ac.uk/entry/P01133
EGF			763156901						P01133	Pro-epidermal growth factor	Homo sapiens	Encontrado	https://alphafold.ebi.ac.uk/entry/P01133
EGF			763367935						P01133	Pro-epidermal growth factor	Homo sapiens	Encontrado	https://alphafold.ebi.ac.uk/entry/P01133
EGF			763584084						P01133	Pro-epidermal growth factor	Homo sapiens	Encontrado	https://alphafold.ebi.ac.uk/entry/P01133
EGF			763602539						P01133	Pro-epidermal growth factor	Homo sapiens	Encontrado	https://alphafold.ebi.ac.uk/entry/P01133
EGF			763686145	P01133	rs763686145	L254P	0.497		P01133	Pro-epidermal growth factor	Homo sapiens	Encontrado	https://alphafold.ebi.ac.uk/entry/P01133
EGF			763686145	P01133	rs763686145	L254P	0.01		P01133	Pro-epidermal growth factor	Homo sapiens	Encontrado	https://alphafold.ebi.ac.uk/entry/P01133
EGF			763816678						P01133	Pro-epidermal growth factor	Homo sapiens	Encontrado	https://alphafold.ebi.ac.uk/entry/P01133
EGF			763832012						P01133	Pro-epidermal growth factor	Homo sapiens	Encontrado	https://alphafold.ebi.ac.uk/entry/P01133
EGF			763897036						P01133	Pro-epidermal growth factor	Homo sapiens	Encontrado	https://alphafold.ebi.ac.uk/entry/P01133
EGF			764253043						P01133	Pro-epidermal growth factor	Homo sapiens	Encontrado	https://alphafold.ebi.ac.uk/entry/P01133
EGF			764312466	P01133	rs764312466	D188N	0.0		P01133	Pro-epidermal growth factor	Homo sapiens	Encontrado	https://alphafold.ebi.ac.uk/entry/P01133
EGF			764312466	P01133	rs764312466	D188N	1.0		P01133	Pro-epidermal growth factor	Homo sapiens	Encontrado	https://alphafold.ebi.ac.uk/entry/P01133
EGF			764312466	P01133	rs764312466	D188N	0.0		P01133	Pro-epidermal growth factor	Homo sapiens	Encontrado	https://alphafold.ebi.ac.uk/entry/P01133
EGF			764312466	P01133	rs764312466	D188N	1.0		P01133	Pro-epidermal growth factor	Homo sapiens	Encontrado	https://alphafold.ebi.ac.uk/entry/P01133
EGF			764375422						P01133	Pro-epidermal growth factor	Homo sapiens	Encontrado	https://alphafold.ebi.ac.uk/entry/P01133
EGF			764399941						P01133	Pro-epidermal growth factor	Homo sapiens	Encontrado	https://alphafold.ebi.ac.uk/entry/P01133
EGF			764743412						P01133	Pro-epidermal growth factor	Homo sapiens	Encontrado	https://alphafold.ebi.ac.uk/entry/P01133
EGF			764782326						P01133	Pro-epidermal growth factor	Homo sapiens	Encontrado	https://alphafold.ebi.ac.uk/entry/P01133
EGF			764784391	P01133	rs764784391	G632D	0.007		P01133	Pro-epidermal growth factor	Homo sapiens	Encontrado	https://alphafold.ebi.ac.uk/entry/P01133
EGF			764784391	P01133	rs764784391	G632D	1.0		P01133	Pro-epidermal growth factor	Homo sapiens	Encontrado	https://alphafold.ebi.ac.uk/entry/P01133
EGF			764784391	P01133	rs764784391	G632D	0.007		P01133	Pro-epidermal growth factor	Homo sapiens	Encontrado	https://alphafold.ebi.ac.uk/entry/P01133
EGF			764784391	P01133	rs764784391	G632D	1.0		P01133	Pro-epidermal growth factor	Homo sapiens	Encontrado	https://alphafold.ebi.ac.uk/entry/P01133
EGF			764839108						P01133	Pro-epidermal growth factor	Homo sapiens	Encontrado	https://alphafold.ebi.ac.uk/entry/P01133
EGF			764972836						P01133	Pro-epidermal growth factor	Homo sapiens	Encontrado	https://alphafold.ebi.ac.uk/entry/P01133
EGF			765143879						P01133	Pro-epidermal growth factor	Homo sapiens	Encontrado	https://alphafold.ebi.ac.uk/entry/P01133
EGF			765257185						P01133	Pro-epidermal growth factor	Homo sapiens	Encontrado	https://alphafold.ebi.ac.uk/entry/P01133
EGF			765299912	P01133	rs765299912	Y936H	0.084		P01133	Pro-epidermal growth factor	Homo sapiens	Encontrado	https://alphafold.ebi.ac.uk/entry/P01133
EGF			765299912	P01133	rs765299912	Y936H	0.04		P01133	Pro-epidermal growth factor	Homo sapiens	Encontrado	https://alphafold.ebi.ac.uk/entry/P01133
EGF			765366740						P01133	Pro-epidermal growth factor	Homo sapiens	Encontrado	https://alphafold.ebi.ac.uk/entry/P01133
EGF			765454715						P01133	Pro-epidermal growth factor	Homo sapiens	Encontrado	https://alphafold.ebi.ac.uk/entry/P01133
EGF			765529399	P01133	rs765529399	L369P	0.993		P01133	Pro-epidermal growth factor	Homo sapiens	Encontrado	https://alphafold.ebi.ac.uk/entry/P01133
EGF			765529399	P01133	rs765529399	L369P	0.0		P01133	Pro-epidermal growth factor	Homo sapiens	Encontrado	https://alphafold.ebi.ac.uk/entry/P01133
EGF			765706561						P01133	Pro-epidermal growth factor	Homo sapiens	Encontrado	https://alphafold.ebi.ac.uk/entry/P01133
EGF			765752124						P01133	Pro-epidermal growth factor	Homo sapiens	Encontrado	https://alphafold.ebi.ac.uk/entry/P01133
EGF			765922184						P01133	Pro-epidermal growth factor	Homo sapiens	Encontrado	https://alphafold.ebi.ac.uk/entry/P01133
EGF			765930486	P01133	rs765930486	A346G	0.159		P01133	Pro-epidermal growth factor	Homo sapiens	Encontrado	https://alphafold.ebi.ac.uk/entry/P01133
EGF			765930486	P01133	rs765930486	A346G	0.08		P01133	Pro-epidermal growth factor	Homo sapiens	Encontrado	https://alphafold.ebi.ac.uk/entry/P01133
EGF			765930486	P01133	rs765930486	A346G	0.164		P01133	Pro-epidermal growth factor	Homo sapiens	Encontrado	https://alphafold.ebi.ac.uk/entry/P01133
EGF			765930486	P01133	rs765930486	A346G	0.08		P01133	Pro-epidermal growth factor	Homo sapiens	Encontrado	https://alphafold.ebi.ac.uk/entry/P01133
EGF			765975005						P01133	Pro-epidermal growth factor	Homo sapiens	Encontrado	https://alphafold.ebi.ac.uk/entry/P01133
EGF			766116193						P01133	Pro-epidermal growth factor	Homo sapiens	Encontrado	https://alphafold.ebi.ac.uk/entry/P01133
EGF			766285974						P01133	Pro-epidermal growth factor	Homo sapiens	Encontrado	https://alphafold.ebi.ac.uk/entry/P01133
EGF			766311143						P01133	Pro-epidermal growth factor	Homo sapiens	Encontrado	https://alphafold.ebi.ac.uk/entry/P01133
EGF			766515514						P01133	Pro-epidermal growth factor	Homo sapiens	Encontrado	https://alphafold.ebi.ac.uk/entry/P01133
EGF			766651293						P01133	Pro-epidermal growth factor	Homo sapiens	Encontrado	https://alphafold.ebi.ac.uk/entry/P01133
EGF			766804174						P01133	Pro-epidermal growth factor	Homo sapiens	Encontrado	https://alphafold.ebi.ac.uk/entry/P01133
EGF			766856972						P01133	Pro-epidermal growth factor	Homo sapiens	Encontrado	https://alphafold.ebi.ac.uk/entry/P01133
EGF			766984407						P01133	Pro-epidermal growth factor	Homo sapiens	Encontrado	https://alphafold.ebi.ac.uk/entry/P01133
EGF			767058334						P01133	Pro-epidermal growth factor	Homo sapiens	Encontrado	https://alphafold.ebi.ac.uk/entry/P01133
EGF			767231962						P01133	Pro-epidermal growth factor	Homo sapiens	Encontrado	https://alphafold.ebi.ac.uk/entry/P01133
EGF			767243178						P01133	Pro-epidermal growth factor	Homo sapiens	Encontrado	https://alphafold.ebi.ac.uk/entry/P01133
EGF			767257754						P01133	Pro-epidermal growth factor	Homo sapiens	Encontrado	https://alphafold.ebi.ac.uk/entry/P01133
EGF			767419033						P01133	Pro-epidermal growth factor	Homo sapiens	Encontrado	https://alphafold.ebi.ac.uk/entry/P01133
EGF			767519919						P01133	Pro-epidermal growth factor	Homo sapiens	Encontrado	https://alphafold.ebi.ac.uk/entry/P01133
EGF			767639101						P01133	Pro-epidermal growth factor	Homo sapiens	Encontrado	https://alphafold.ebi.ac.uk/entry/P01133
EGF			767731807	P01133	rs767731807	D776G	0.006		P01133	Pro-epidermal growth factor	Homo sapiens	Encontrado	https://alphafold.ebi.ac.uk/entry/P01133
EGF			767731807	P01133	rs767731807	D776G	0.05		P01133	Pro-epidermal growth factor	Homo sapiens	Encontrado	https://alphafold.ebi.ac.uk/entry/P01133
EGF			767731807	P01133	rs767731807	D776V	0.312		P01133	Pro-epidermal growth factor	Homo sapiens	Encontrado	https://alphafold.ebi.ac.uk/entry/P01133
EGF			767731807	P01133	rs767731807	D776V	0.01		P01133	Pro-epidermal growth factor	Homo sapiens	Encontrado	https://alphafold.ebi.ac.uk/entry/P01133
EGF			767731807	P01133	rs767731807	D776V	0.321		P01133	Pro-epidermal growth factor	Homo sapiens	Encontrado	https://alphafold.ebi.ac.uk/entry/P01133
EGF			767731807	P01133	rs767731807	D776V	0.0		P01133	Pro-epidermal growth factor	Homo sapiens	Encontrado	https://alphafold.ebi.ac.uk/entry/P01133
EGF			767759847						P01133	Pro-epidermal growth factor	Homo sapiens	Encontrado	https://alphafold.ebi.ac.uk/entry/P01133
EGF			768225219	P01133	rs768225219	A529S	1.0		P01133	Pro-epidermal growth factor	Homo sapiens	Encontrado	https://alphafold.ebi.ac.uk/entry/P01133
EGF			768225219	P01133	rs768225219	A529S	0.01		P01133	Pro-epidermal growth factor	Homo sapiens	Encontrado	https://alphafold.ebi.ac.uk/entry/P01133
EGF			768396167						P01133	Pro-epidermal growth factor	Homo sapiens	Encontrado	https://alphafold.ebi.ac.uk/entry/P01133
EGF			768443831						P01133	Pro-epidermal growth factor	Homo sapiens	Encontrado	https://alphafold.ebi.ac.uk/entry/P01133
EGF			768471434	P01133	rs768471434	G865A	0.836		P01133	Pro-epidermal growth factor	Homo sapiens	Encontrado	https://alphafold.ebi.ac.uk/entry/P01133
EGF			768471434	P01133	rs768471434	G865A	0.02		P01133	Pro-epidermal growth factor	Homo sapiens	Encontrado	https://alphafold.ebi.ac.uk/entry/P01133
EGF			768471434	P01133	rs768471434	G865E	0.997		P01133	Pro-epidermal growth factor	Homo sapiens	Encontrado	https://alphafold.ebi.ac.uk/entry/P01133
EGF			768471434	P01133	rs768471434	G865E	0.0		P01133	Pro-epidermal growth factor	Homo sapiens	Encontrado	https://alphafold.ebi.ac.uk/entry/P01133
EGF			768471434	P01133	rs768471434	G865E	0.997		P01133	Pro-epidermal growth factor	Homo sapiens	Encontrado	https://alphafold.ebi.ac.uk/entry/P01133
EGF			768471434	P01133	rs768471434	G865E	0.0		P01133	Pro-epidermal growth factor	Homo sapiens	Encontrado	https://alphafold.ebi.ac.uk/entry/P01133
EGF			768479710	P01133	rs768479710	E1180K	0.036		P01133	Pro-epidermal growth factor	Homo sapiens	Encontrado	https://alphafold.ebi.ac.uk/entry/P01133
EGF			768479710	P01133	rs768479710	E1180K	0.04		P01133	Pro-epidermal growth factor	Homo sapiens	Encontrado	https://alphafold.ebi.ac.uk/entry/P01133
EGF			768479710	P01133	rs768479710	E1180K	0.035		P01133	Pro-epidermal growth factor	Homo sapiens	Encontrado	https://alphafold.ebi.ac.uk/entry/P01133
EGF			768479710	P01133	rs768479710	E1180K	0.04		P01133	Pro-epidermal growth factor	Homo sapiens	Encontrado	https://alphafold.ebi.ac.uk/entry/P01133
EGF			768730588						P01133	Pro-epidermal growth factor	Homo sapiens	Encontrado	https://alphafold.ebi.ac.uk/entry/P01133
EGF			768797122						P01133	Pro-epidermal growth factor	Homo sapiens	Encontrado	https://alphafold.ebi.ac.uk/entry/P01133
EGF			769173882						P01133	Pro-epidermal growth factor	Homo sapiens	Encontrado	https://alphafold.ebi.ac.uk/entry/P01133
EGF			769244252						P01133	Pro-epidermal growth factor	Homo sapiens	Encontrado	https://alphafold.ebi.ac.uk/entry/P01133
EGF			769358506						P01133	Pro-epidermal growth factor	Homo sapiens	Encontrado	https://alphafold.ebi.ac.uk/entry/P01133
EGF			769369081						P01133	Pro-epidermal growth factor	Homo sapiens	Encontrado	https://alphafold.ebi.ac.uk/entry/P01133
EGF			769460305						P01133	Pro-epidermal growth factor	Homo sapiens	Encontrado	https://alphafold.ebi.ac.uk/entry/P01133
EGF			769513396	P01133	rs769513396	V562L	0.149		P01133	Pro-epidermal growth factor	Homo sapiens	Encontrado	https://alphafold.ebi.ac.uk/entry/P01133
EGF			769513396	P01133	rs769513396	V562L	0.07		P01133	Pro-epidermal growth factor	Homo sapiens	Encontrado	https://alphafold.ebi.ac.uk/entry/P01133
EGF			769655695						P01133	Pro-epidermal growth factor	Homo sapiens	Encontrado	https://alphafold.ebi.ac.uk/entry/P01133
EGF			769753492						P01133	Pro-epidermal growth factor	Homo sapiens	Encontrado	https://alphafold.ebi.ac.uk/entry/P01133
EGF			769930395	P01133	rs769930395	T374I	0.001		P01133	Pro-epidermal growth factor	Homo sapiens	Encontrado	https://alphafold.ebi.ac.uk/entry/P01133
EGF			769930395	P01133	rs769930395	T374I	1.0		P01133	Pro-epidermal growth factor	Homo sapiens	Encontrado	https://alphafold.ebi.ac.uk/entry/P01133
EGF			769941021						P01133	Pro-epidermal growth factor	Homo sapiens	Encontrado	https://alphafold.ebi.ac.uk/entry/P01133
EGF			770409286						P01133	Pro-epidermal growth factor	Homo sapiens	Encontrado	https://alphafold.ebi.ac.uk/entry/P01133
EGF			770423758						P01133	Pro-epidermal growth factor	Homo sapiens	Encontrado	https://alphafold.ebi.ac.uk/entry/P01133
EGF			770512561						P01133	Pro-epidermal growth factor	Homo sapiens	Encontrado	https://alphafold.ebi.ac.uk/entry/P01133
EGF			770656149						P01133	Pro-epidermal growth factor	Homo sapiens	Encontrado	https://alphafold.ebi.ac.uk/entry/P01133
EGF			770714526						P01133	Pro-epidermal growth factor	Homo sapiens	Encontrado	https://alphafold.ebi.ac.uk/entry/P01133
EGF			771028435	P01133	rs771028435	G877S	0.027		P01133	Pro-epidermal growth factor	Homo sapiens	Encontrado	https://alphafold.ebi.ac.uk/entry/P01133
EGF			771028435	P01133	rs771028435	G877S	0.23		P01133	Pro-epidermal growth factor	Homo sapiens	Encontrado	https://alphafold.ebi.ac.uk/entry/P01133
EGF			771293553						P01133	Pro-epidermal growth factor	Homo sapiens	Encontrado	https://alphafold.ebi.ac.uk/entry/P01133
EGF			771786517	P01133	rs771786517	I597M	0.074		P01133	Pro-epidermal growth factor	Homo sapiens	Encontrado	https://alphafold.ebi.ac.uk/entry/P01133
EGF			771786517	P01133	rs771786517	I597M	0.06		P01133	Pro-epidermal growth factor	Homo sapiens	Encontrado	https://alphafold.ebi.ac.uk/entry/P01133
EGF			772016292	P01133	rs772016292	V811A	0.003		P01133	Pro-epidermal growth factor	Homo sapiens	Encontrado	https://alphafold.ebi.ac.uk/entry/P01133
EGF			772016292	P01133	rs772016292	V811A	0.85		P01133	Pro-epidermal growth factor	Homo sapiens	Encontrado	https://alphafold.ebi.ac.uk/entry/P01133
EGF			772229546						P01133	Pro-epidermal growth factor	Homo sapiens	Encontrado	https://alphafold.ebi.ac.uk/entry/P01133
EGF			772594896	P01133	rs772594896	A1121E	0.058		P01133	Pro-epidermal growth factor	Homo sapiens	Encontrado	https://alphafold.ebi.ac.uk/entry/P01133
EGF			772594896	P01133	rs772594896	A1121E	0.08		P01133	Pro-epidermal growth factor	Homo sapiens	Encontrado	https://alphafold.ebi.ac.uk/entry/P01133
EGF			772594896	P01133	rs772594896	A1121E	0.061		P01133	Pro-epidermal growth factor	Homo sapiens	Encontrado	https://alphafold.ebi.ac.uk/entry/P01133
EGF			772594896	P01133	rs772594896	A1121E	0.11		P01133	Pro-epidermal growth factor	Homo sapiens	Encontrado	https://alphafold.ebi.ac.uk/entry/P01133
EGF			772688411						P01133	Pro-epidermal growth factor	Homo sapiens	Encontrado	https://alphafold.ebi.ac.uk/entry/P01133
EGF			773112456						P01133	Pro-epidermal growth factor	Homo sapiens	Encontrado	https://alphafold.ebi.ac.uk/entry/P01133
EGF			773442580	P01133	rs773442580	V11A	0.018		P01133	Pro-epidermal growth factor	Homo sapiens	Encontrado	https://alphafold.ebi.ac.uk/entry/P01133
EGF			773442580	P01133	rs773442580	V11A	0.07		P01133	Pro-epidermal growth factor	Homo sapiens	Encontrado	https://alphafold.ebi.ac.uk/entry/P01133
EGF			773442580	P01133	rs773442580	V11A	0.018		P01133	Pro-epidermal growth factor	Homo sapiens	Encontrado	https://alphafold.ebi.ac.uk/entry/P01133
EGF			773442580	P01133	rs773442580	V11A	0.03		P01133	Pro-epidermal growth factor	Homo sapiens	Encontrado	https://alphafold.ebi.ac.uk/entry/P01133
EGF			773467757						P01133	Pro-epidermal growth factor	Homo sapiens	Encontrado	https://alphafold.ebi.ac.uk/entry/P01133
EGF			773712258						P01133	Pro-epidermal growth factor	Homo sapiens	Encontrado	https://alphafold.ebi.ac.uk/entry/P01133
EGF			773885185						P01133	Pro-epidermal growth factor	Homo sapiens	Encontrado	https://alphafold.ebi.ac.uk/entry/P01133
EGF			773963383	P01133	rs773963383	R709K	0.917		P01133	Pro-epidermal growth factor	Homo sapiens	Encontrado	https://alphafold.ebi.ac.uk/entry/P01133
EGF			773963383	P01133	rs773963383	R709K	0.03		P01133	Pro-epidermal growth factor	Homo sapiens	Encontrado	https://alphafold.ebi.ac.uk/entry/P01133
EGF			773963383	P01133	rs773963383	R709K	0.92		P01133	Pro-epidermal growth factor	Homo sapiens	Encontrado	https://alphafold.ebi.ac.uk/entry/P01133
EGF			773963383	P01133	rs773963383	R709K	0.03		P01133	Pro-epidermal growth factor	Homo sapiens	Encontrado	https://alphafold.ebi.ac.uk/entry/P01133
EGF			774090421						P01133	Pro-epidermal growth factor	Homo sapiens	Encontrado	https://alphafold.ebi.ac.uk/entry/P01133
EGF			774189307						P01133	Pro-epidermal growth factor	Homo sapiens	Encontrado	https://alphafold.ebi.ac.uk/entry/P01133
EGF			774278695						P01133	Pro-epidermal growth factor	Homo sapiens	Encontrado	https://alphafold.ebi.ac.uk/entry/P01133
EGF			774316545						P01133	Pro-epidermal growth factor	Homo sapiens	Encontrado	https://alphafold.ebi.ac.uk/entry/P01133
EGF			774628592						P01133	Pro-epidermal growth factor	Homo sapiens	Encontrado	https://alphafold.ebi.ac.uk/entry/P01133
EGF			774786316	P01133	rs774786316	R1081C	0.18		P01133	Pro-epidermal growth factor	Homo sapiens	Encontrado	https://alphafold.ebi.ac.uk/entry/P01133
EGF			774786316	P01133	rs774786316	R1081C	0.01		P01133	Pro-epidermal growth factor	Homo sapiens	Encontrado	https://alphafold.ebi.ac.uk/entry/P01133
EGF			774883058						P01133	Pro-epidermal growth factor	Homo sapiens	Encontrado	https://alphafold.ebi.ac.uk/entry/P01133
EGF			775166280						P01133	Pro-epidermal growth factor	Homo sapiens	Encontrado	https://alphafold.ebi.ac.uk/entry/P01133
EGF			775234641						P01133	Pro-epidermal growth factor	Homo sapiens	Encontrado	https://alphafold.ebi.ac.uk/entry/P01133
EGF			775412469						P01133	Pro-epidermal growth factor	Homo sapiens	Encontrado	https://alphafold.ebi.ac.uk/entry/P01133
EGF			775725663	P01133	rs775725663	G1009R	1.0		P01133	Pro-epidermal growth factor	Homo sapiens	Encontrado	https://alphafold.ebi.ac.uk/entry/P01133
EGF			775725663	P01133	rs775725663	G1009R	0.0		P01133	Pro-epidermal growth factor	Homo sapiens	Encontrado	https://alphafold.ebi.ac.uk/entry/P01133
EGF			775725663	P01133	rs775725663	G1009R	1.0		P01133	Pro-epidermal growth factor	Homo sapiens	Encontrado	https://alphafold.ebi.ac.uk/entry/P01133
EGF			775725663	P01133	rs775725663	G1009R	0.0		P01133	Pro-epidermal growth factor	Homo sapiens	Encontrado	https://alphafold.ebi.ac.uk/entry/P01133
EGF			775817356						P01133	Pro-epidermal growth factor	Homo sapiens	Encontrado	https://alphafold.ebi.ac.uk/entry/P01133
EGF			775871998						P01133	Pro-epidermal growth factor	Homo sapiens	Encontrado	https://alphafold.ebi.ac.uk/entry/P01133
EGF			775904938						P01133	Pro-epidermal growth factor	Homo sapiens	Encontrado	https://alphafold.ebi.ac.uk/entry/P01133
EGF			775907076						P01133	Pro-epidermal growth factor	Homo sapiens	Encontrado	https://alphafold.ebi.ac.uk/entry/P01133
EGF			776036080						P01133	Pro-epidermal growth factor	Homo sapiens	Encontrado	https://alphafold.ebi.ac.uk/entry/P01133
EGF			776085111						P01133	Pro-epidermal growth factor	Homo sapiens	Encontrado	https://alphafold.ebi.ac.uk/entry/P01133
EGF			776095220						P01133	Pro-epidermal growth factor	Homo sapiens	Encontrado	https://alphafold.ebi.ac.uk/entry/P01133
EGF			776342427						P01133	Pro-epidermal growth factor	Homo sapiens	Encontrado	https://alphafold.ebi.ac.uk/entry/P01133
EGF			776429505						P01133	Pro-epidermal growth factor	Homo sapiens	Encontrado	https://alphafold.ebi.ac.uk/entry/P01133
EGF			776578198						P01133	Pro-epidermal growth factor	Homo sapiens	Encontrado	https://alphafold.ebi.ac.uk/entry/P01133
EGF			776610382						P01133	Pro-epidermal growth factor	Homo sapiens	Encontrado	https://alphafold.ebi.ac.uk/entry/P01133
EGF			776647507	P01133	rs776647507	R403C	0.163		P01133	Pro-epidermal growth factor	Homo sapiens	Encontrado	https://alphafold.ebi.ac.uk/entry/P01133
EGF			776647507	P01133	rs776647507	R403C	0.01		P01133	Pro-epidermal growth factor	Homo sapiens	Encontrado	https://alphafold.ebi.ac.uk/entry/P01133
EGF			776647507	P01133	rs776647507	R403C	0.161		P01133	Pro-epidermal growth factor	Homo sapiens	Encontrado	https://alphafold.ebi.ac.uk/entry/P01133
EGF			776647507	P01133	rs776647507	R403C	0.0		P01133	Pro-epidermal growth factor	Homo sapiens	Encontrado	https://alphafold.ebi.ac.uk/entry/P01133
EGF			776728511						P01133	Pro-epidermal growth factor	Homo sapiens	Encontrado	https://alphafold.ebi.ac.uk/entry/P01133
EGF			776887325						P01133	Pro-epidermal growth factor	Homo sapiens	Encontrado	https://alphafold.ebi.ac.uk/entry/P01133
EGF			776923840						P01133	Pro-epidermal growth factor	Homo sapiens	Encontrado	https://alphafold.ebi.ac.uk/entry/P01133
EGF			776970150						P01133	Pro-epidermal growth factor	Homo sapiens	Encontrado	https://alphafold.ebi.ac.uk/entry/P01133
EGF			777131517	P01133	rs777131517	V457I	0.225		P01133	Pro-epidermal growth factor	Homo sapiens	Encontrado	https://alphafold.ebi.ac.uk/entry/P01133
EGF			777131517	P01133	rs777131517	V457I	0.18		P01133	Pro-epidermal growth factor	Homo sapiens	Encontrado	https://alphafold.ebi.ac.uk/entry/P01133
EGF			777153012						P01133	Pro-epidermal growth factor	Homo sapiens	Encontrado	https://alphafold.ebi.ac.uk/entry/P01133
EGF			777195383						P01133	Pro-epidermal growth factor	Homo sapiens	Encontrado	https://alphafold.ebi.ac.uk/entry/P01133
EGF			777217655						P01133	Pro-epidermal growth factor	Homo sapiens	Encontrado	https://alphafold.ebi.ac.uk/entry/P01133
EGF			777246724						P01133	Pro-epidermal growth factor	Homo sapiens	Encontrado	https://alphafold.ebi.ac.uk/entry/P01133
EGF			777805094	P01133	rs777805094	R677Q	0.023		P01133	Pro-epidermal growth factor	Homo sapiens	Encontrado	https://alphafold.ebi.ac.uk/entry/P01133
EGF			777805094	P01133	rs777805094	R677Q	0.69		P01133	Pro-epidermal growth factor	Homo sapiens	Encontrado	https://alphafold.ebi.ac.uk/entry/P01133
EGF			777805094	P01133	rs777805094	R677Q	0.023		P01133	Pro-epidermal growth factor	Homo sapiens	Encontrado	https://alphafold.ebi.ac.uk/entry/P01133
EGF			777805094	P01133	rs777805094	R677Q	0.89		P01133	Pro-epidermal growth factor	Homo sapiens	Encontrado	https://alphafold.ebi.ac.uk/entry/P01133
EGF			777857946						P01133	Pro-epidermal growth factor	Homo sapiens	Encontrado	https://alphafold.ebi.ac.uk/entry/P01133
EGF			777994103						P01133	Pro-epidermal growth factor	Homo sapiens	Encontrado	https://alphafold.ebi.ac.uk/entry/P01133
EGF			778040733	P01133	rs778040733	V896A	0.978		P01133	Pro-epidermal growth factor	Homo sapiens	Encontrado	https://alphafold.ebi.ac.uk/entry/P01133
EGF			778040733	P01133	rs778040733	V896A	0.05		P01133	Pro-epidermal growth factor	Homo sapiens	Encontrado	https://alphafold.ebi.ac.uk/entry/P01133
EGF			778066637						P01133	Pro-epidermal growth factor	Homo sapiens	Encontrado	https://alphafold.ebi.ac.uk/entry/P01133
EGF			778121711						P01133	Pro-epidermal growth factor	Homo sapiens	Encontrado	https://alphafold.ebi.ac.uk/entry/P01133
EGF			778357456						P01133	Pro-epidermal growth factor	Homo sapiens	Encontrado	https://alphafold.ebi.ac.uk/entry/P01133
EGF			778386346						P01133	Pro-epidermal growth factor	Homo sapiens	Encontrado	https://alphafold.ebi.ac.uk/entry/P01133
EGF			778489001						P01133	Pro-epidermal growth factor	Homo sapiens	Encontrado	https://alphafold.ebi.ac.uk/entry/P01133
EGF			778541371	P01133	rs778541371	R1081H	0.0		P01133	Pro-epidermal growth factor	Homo sapiens	Encontrado	https://alphafold.ebi.ac.uk/entry/P01133
EGF			778541371	P01133	rs778541371	R1081H	0.11		P01133	Pro-epidermal growth factor	Homo sapiens	Encontrado	https://alphafold.ebi.ac.uk/entry/P01133
EGF			778541371	P01133	rs778541371	R1081H	0.0		P01133	Pro-epidermal growth factor	Homo sapiens	Encontrado	https://alphafold.ebi.ac.uk/entry/P01133
EGF			778541371	P01133	rs778541371	R1081H	0.14		P01133	Pro-epidermal growth factor	Homo sapiens	Encontrado	https://alphafold.ebi.ac.uk/entry/P01133
EGF			778566062						P01133	Pro-epidermal growth factor	Homo sapiens	Encontrado	https://alphafold.ebi.ac.uk/entry/P01133
EGF			778765935						P01133	Pro-epidermal growth factor	Homo sapiens	Encontrado	https://alphafold.ebi.ac.uk/entry/P01133
EGF			778787208	P01133	rs778787208	D279N	0.01		P01133	Pro-epidermal growth factor	Homo sapiens	Encontrado	https://alphafold.ebi.ac.uk/entry/P01133
EGF			778787208	P01133	rs778787208	D279N	0.33		P01133	Pro-epidermal growth factor	Homo sapiens	Encontrado	https://alphafold.ebi.ac.uk/entry/P01133
EGF			778787208	P01133	rs778787208	D279N	0.01		P01133	Pro-epidermal growth factor	Homo sapiens	Encontrado	https://alphafold.ebi.ac.uk/entry/P01133
EGF			778787208	P01133	rs778787208	D279N	0.37		P01133	Pro-epidermal growth factor	Homo sapiens	Encontrado	https://alphafold.ebi.ac.uk/entry/P01133
EGF			778961708						P01133	Pro-epidermal growth factor	Homo sapiens	Encontrado	https://alphafold.ebi.ac.uk/entry/P01133
EGF			779113791						P01133	Pro-epidermal growth factor	Homo sapiens	Encontrado	https://alphafold.ebi.ac.uk/entry/P01133
EGF			779296856						P01133	Pro-epidermal growth factor	Homo sapiens	Encontrado	https://alphafold.ebi.ac.uk/entry/P01133
EGF			779382659						P01133	Pro-epidermal growth factor	Homo sapiens	Encontrado	https://alphafold.ebi.ac.uk/entry/P01133
EGF			779402563						P01133	Pro-epidermal growth factor	Homo sapiens	Encontrado	https://alphafold.ebi.ac.uk/entry/P01133
EGF			779511742						P01133	Pro-epidermal growth factor	Homo sapiens	Encontrado	https://alphafold.ebi.ac.uk/entry/P01133
EGF			779866555	P01133	rs779866555	A862T	0.003		P01133	Pro-epidermal growth factor	Homo sapiens	Encontrado	https://alphafold.ebi.ac.uk/entry/P01133
EGF			779866555	P01133	rs779866555	A862T	1.0		P01133	Pro-epidermal growth factor	Homo sapiens	Encontrado	https://alphafold.ebi.ac.uk/entry/P01133
EGF			779926869						P01133	Pro-epidermal growth factor	Homo sapiens	Encontrado	https://alphafold.ebi.ac.uk/entry/P01133
EGF			780021823						P01133	Pro-epidermal growth factor	Homo sapiens	Encontrado	https://alphafold.ebi.ac.uk/entry/P01133
EGF			780086665						P01133	Pro-epidermal growth factor	Homo sapiens	Encontrado	https://alphafold.ebi.ac.uk/entry/P01133
EGF			780249764						P01133	Pro-epidermal growth factor	Homo sapiens	Encontrado	https://alphafold.ebi.ac.uk/entry/P01133
EGF			780307505						P01133	Pro-epidermal growth factor	Homo sapiens	Encontrado	https://alphafold.ebi.ac.uk/entry/P01133
EGF			780320641						P01133	Pro-epidermal growth factor	Homo sapiens	Encontrado	https://alphafold.ebi.ac.uk/entry/P01133
EGF			780451968						P01133	Pro-epidermal growth factor	Homo sapiens	Encontrado	https://alphafold.ebi.ac.uk/entry/P01133
EGF			780719136	P01133	rs780719136	R1023H	0.037		P01133	Pro-epidermal growth factor	Homo sapiens	Encontrado	https://alphafold.ebi.ac.uk/entry/P01133
EGF			780719136	P01133	rs780719136	R1023H	0.11		P01133	Pro-epidermal growth factor	Homo sapiens	Encontrado	https://alphafold.ebi.ac.uk/entry/P01133
EGF			780719136	P01133	rs780719136	R1023H	0.037		P01133	Pro-epidermal growth factor	Homo sapiens	Encontrado	https://alphafold.ebi.ac.uk/entry/P01133
EGF			780719136	P01133	rs780719136	R1023H	0.08		P01133	Pro-epidermal growth factor	Homo sapiens	Encontrado	https://alphafold.ebi.ac.uk/entry/P01133
EGF			780903158						P01133	Pro-epidermal growth factor	Homo sapiens	Encontrado	https://alphafold.ebi.ac.uk/entry/P01133
EGF			781407303						P01133	Pro-epidermal growth factor	Homo sapiens	Encontrado	https://alphafold.ebi.ac.uk/entry/P01133
EGF			781610348						P01133	Pro-epidermal growth factor	Homo sapiens	Encontrado	https://alphafold.ebi.ac.uk/entry/P01133
EGF			781676849						P01133	Pro-epidermal growth factor	Homo sapiens	Encontrado	https://alphafold.ebi.ac.uk/entry/P01133
EGF			781754383						P01133	Pro-epidermal growth factor	Homo sapiens	Encontrado	https://alphafold.ebi.ac.uk/entry/P01133
EGF			866358449	P01133	rs866358449	G618E	0.998		P01133	Pro-epidermal growth factor	Homo sapiens	Encontrado	https://alphafold.ebi.ac.uk/entry/P01133
EGF			866358449	P01133	rs866358449	G618E	0.0		P01133	Pro-epidermal growth factor	Homo sapiens	Encontrado	https://alphafold.ebi.ac.uk/entry/P01133
EGF			866514649						P01133	Pro-epidermal growth factor	Homo sapiens	Encontrado	https://alphafold.ebi.ac.uk/entry/P01133
EGF			866842842						P01133	Pro-epidermal growth factor	Homo sapiens	Encontrado	https://alphafold.ebi.ac.uk/entry/P01133
EGF			867268941						P01133	Pro-epidermal growth factor	Homo sapiens	Encontrado	https://alphafold.ebi.ac.uk/entry/P01133
EGF			867461162						P01133	Pro-epidermal growth factor	Homo sapiens	Encontrado	https://alphafold.ebi.ac.uk/entry/P01133
EGF			867516974						P01133	Pro-epidermal growth factor	Homo sapiens	Encontrado	https://alphafold.ebi.ac.uk/entry/P01133
EGF			879008809						P01133	Pro-epidermal growth factor	Homo sapiens	Encontrado	https://alphafold.ebi.ac.uk/entry/P01133
EGF			886058994	P01133	rs886058994	G919R	0.947		P01133	Pro-epidermal growth factor	Homo sapiens	Encontrado	https://alphafold.ebi.ac.uk/entry/P01133
EGF			886058994	P01133	rs886058994	G919R	0.01		P01133	Pro-epidermal growth factor	Homo sapiens	Encontrado	https://alphafold.ebi.ac.uk/entry/P01133
EGF			886058995	P01133	rs886058995	G1116C	0.544		P01133	Pro-epidermal growth factor	Homo sapiens	Encontrado	https://alphafold.ebi.ac.uk/entry/P01133
EGF			886058995	P01133	rs886058995	G1116C	0.18		P01133	Pro-epidermal growth factor	Homo sapiens	Encontrado	https://alphafold.ebi.ac.uk/entry/P01133
EGF			887183646						P01133	Pro-epidermal growth factor	Homo sapiens	Encontrado	https://alphafold.ebi.ac.uk/entry/P01133
EGF			890665967						P01133	Pro-epidermal growth factor	Homo sapiens	Encontrado	https://alphafold.ebi.ac.uk/entry/P01133
EGF			891487797						P01133	Pro-epidermal growth factor	Homo sapiens	Encontrado	https://alphafold.ebi.ac.uk/entry/P01133
EGF			892960409						P01133	Pro-epidermal growth factor	Homo sapiens	Encontrado	https://alphafold.ebi.ac.uk/entry/P01133
EGF			895990677						P01133	Pro-epidermal growth factor	Homo sapiens	Encontrado	https://alphafold.ebi.ac.uk/entry/P01133
EGF			897219794						P01133	Pro-epidermal growth factor	Homo sapiens	Encontrado	https://alphafold.ebi.ac.uk/entry/P01133
EGF			899613927						P01133	Pro-epidermal growth factor	Homo sapiens	Encontrado	https://alphafold.ebi.ac.uk/entry/P01133
EGF			901322091	P01133	rs901322091	G907E	0.999		P01133	Pro-epidermal growth factor	Homo sapiens	Encontrado	https://alphafold.ebi.ac.uk/entry/P01133
EGF			901322091	P01133	rs901322091	G907E	0.02		P01133	Pro-epidermal growth factor	Homo sapiens	Encontrado	https://alphafold.ebi.ac.uk/entry/P01133
EGF			901322091	P01133	rs901322091	G907E	0.999		P01133	Pro-epidermal growth factor	Homo sapiens	Encontrado	https://alphafold.ebi.ac.uk/entry/P01133
EGF			901322091	P01133	rs901322091	G907E	0.04		P01133	Pro-epidermal growth factor	Homo sapiens	Encontrado	https://alphafold.ebi.ac.uk/entry/P01133
EGF			902596253						P01133	Pro-epidermal growth factor	Homo sapiens	Encontrado	https://alphafold.ebi.ac.uk/entry/P01133
EGF			910620478	P01133	rs910620478	Y747H	0.0		P01133	Pro-epidermal growth factor	Homo sapiens	Encontrado	https://alphafold.ebi.ac.uk/entry/P01133
EGF			910620478	P01133	rs910620478	Y747H	0.88		P01133	Pro-epidermal growth factor	Homo sapiens	Encontrado	https://alphafold.ebi.ac.uk/entry/P01133
EGF			911364618						P01133	Pro-epidermal growth factor	Homo sapiens	Encontrado	https://alphafold.ebi.ac.uk/entry/P01133
EGF			913711424						P01133	Pro-epidermal growth factor	Homo sapiens	Encontrado	https://alphafold.ebi.ac.uk/entry/P01133
EGF			913827959	P01133	rs913827959	G277E	1.0		P01133	Pro-epidermal growth factor	Homo sapiens	Encontrado	https://alphafold.ebi.ac.uk/entry/P01133
EGF			913827959	P01133	rs913827959	G277E	0.0		P01133	Pro-epidermal growth factor	Homo sapiens	Encontrado	https://alphafold.ebi.ac.uk/entry/P01133
EGF			913827959	P01133	rs913827959	G277E	1.0		P01133	Pro-epidermal growth factor	Homo sapiens	Encontrado	https://alphafold.ebi.ac.uk/entry/P01133
EGF			913827959	P01133	rs913827959	G277E	0.0		P01133	Pro-epidermal growth factor	Homo sapiens	Encontrado	https://alphafold.ebi.ac.uk/entry/P01133
EGF			913827959	P01133	rs913827959	G277V	1.0		P01133	Pro-epidermal growth factor	Homo sapiens	Encontrado	https://alphafold.ebi.ac.uk/entry/P01133
EGF			913827959	P01133	rs913827959	G277V	0.0		P01133	Pro-epidermal growth factor	Homo sapiens	Encontrado	https://alphafold.ebi.ac.uk/entry/P01133
EGF			914367962						P01133	Pro-epidermal growth factor	Homo sapiens	Encontrado	https://alphafold.ebi.ac.uk/entry/P01133
EGF			914687877						P01133	Pro-epidermal growth factor	Homo sapiens	Encontrado	https://alphafold.ebi.ac.uk/entry/P01133
EGF			917869664						P01133	Pro-epidermal growth factor	Homo sapiens	Encontrado	https://alphafold.ebi.ac.uk/entry/P01133
EGF			919129361						P01133	Pro-epidermal growth factor	Homo sapiens	Encontrado	https://alphafold.ebi.ac.uk/entry/P01133
EGF			922585218						P01133	Pro-epidermal growth factor	Homo sapiens	Encontrado	https://alphafold.ebi.ac.uk/entry/P01133
EGF			922894532						P01133	Pro-epidermal growth factor	Homo sapiens	Encontrado	https://alphafold.ebi.ac.uk/entry/P01133
EGF			926876335	P01133	rs926876335	M991I	0.007		P01133	Pro-epidermal growth factor	Homo sapiens	Encontrado	https://alphafold.ebi.ac.uk/entry/P01133
EGF			926876335	P01133	rs926876335	M991I	1.0		P01133	Pro-epidermal growth factor	Homo sapiens	Encontrado	https://alphafold.ebi.ac.uk/entry/P01133
EGF			926881361						P01133	Pro-epidermal growth factor	Homo sapiens	Encontrado	https://alphafold.ebi.ac.uk/entry/P01133
EGF			934431466						P01133	Pro-epidermal growth factor	Homo sapiens	Encontrado	https://alphafold.ebi.ac.uk/entry/P01133
EGF			934899379	P01133	rs934899379	R1011Q	1.0		P01133	Pro-epidermal growth factor	Homo sapiens	Encontrado	https://alphafold.ebi.ac.uk/entry/P01133
EGF			934899379	P01133	rs934899379	R1011Q	0.0		P01133	Pro-epidermal growth factor	Homo sapiens	Encontrado	https://alphafold.ebi.ac.uk/entry/P01133
EGF			934899379	P01133	rs934899379	R1011Q	1.0		P01133	Pro-epidermal growth factor	Homo sapiens	Encontrado	https://alphafold.ebi.ac.uk/entry/P01133
EGF			934899379	P01133	rs934899379	R1011Q	0.01		P01133	Pro-epidermal growth factor	Homo sapiens	Encontrado	https://alphafold.ebi.ac.uk/entry/P01133
EGF			938815902						P01133	Pro-epidermal growth factor	Homo sapiens	Encontrado	https://alphafold.ebi.ac.uk/entry/P01133
EGF			944000240						P01133	Pro-epidermal growth factor	Homo sapiens	Encontrado	https://alphafold.ebi.ac.uk/entry/P01133
EGF			946419697						P01133	Pro-epidermal growth factor	Homo sapiens	Encontrado	https://alphafold.ebi.ac.uk/entry/P01133
EGF			947293649						P01133	Pro-epidermal growth factor	Homo sapiens	Encontrado	https://alphafold.ebi.ac.uk/entry/P01133
EGF			948823567						P01133	Pro-epidermal growth factor	Homo sapiens	Encontrado	https://alphafold.ebi.ac.uk/entry/P01133
EGF			950142791						P01133	Pro-epidermal growth factor	Homo sapiens	Encontrado	https://alphafold.ebi.ac.uk/entry/P01133
EGF			951934572						P01133	Pro-epidermal growth factor	Homo sapiens	Encontrado	https://alphafold.ebi.ac.uk/entry/P01133
EGF			954524553	P01133	rs954524553	D660N	1.0		P01133	Pro-epidermal growth factor	Homo sapiens	Encontrado	https://alphafold.ebi.ac.uk/entry/P01133
EGF			954524553	P01133	rs954524553	D660N	0.0		P01133	Pro-epidermal growth factor	Homo sapiens	Encontrado	https://alphafold.ebi.ac.uk/entry/P01133
EGF			954524553	P01133	rs954524553	D660N	1.0		P01133	Pro-epidermal growth factor	Homo sapiens	Encontrado	https://alphafold.ebi.ac.uk/entry/P01133
EGF			954524553	P01133	rs954524553	D660N	0.0		P01133	Pro-epidermal growth factor	Homo sapiens	Encontrado	https://alphafold.ebi.ac.uk/entry/P01133
EGF			954524553	P01133	rs954524553	D660Y	1.0		P01133	Pro-epidermal growth factor	Homo sapiens	Encontrado	https://alphafold.ebi.ac.uk/entry/P01133
EGF			954524553	P01133	rs954524553	D660Y	0.0		P01133	Pro-epidermal growth factor	Homo sapiens	Encontrado	https://alphafold.ebi.ac.uk/entry/P01133
EGF			954524553	P01133	rs954524553	D660Y	1.0		P01133	Pro-epidermal growth factor	Homo sapiens	Encontrado	https://alphafold.ebi.ac.uk/entry/P01133
EGF			954524553	P01133	rs954524553	D660Y	0.0		P01133	Pro-epidermal growth factor	Homo sapiens	Encontrado	https://alphafold.ebi.ac.uk/entry/P01133
EGF			955232184	P01133	rs955232184	R258H	0.0		P01133	Pro-epidermal growth factor	Homo sapiens	Encontrado	https://alphafold.ebi.ac.uk/entry/P01133
EGF			955232184	P01133	rs955232184	R258H	1.0		P01133	Pro-epidermal growth factor	Homo sapiens	Encontrado	https://alphafold.ebi.ac.uk/entry/P01133
EGF			955232184	P01133	rs955232184	R258H	0.0		P01133	Pro-epidermal growth factor	Homo sapiens	Encontrado	https://alphafold.ebi.ac.uk/entry/P01133
EGF			955232184	P01133	rs955232184	R258H	1.0		P01133	Pro-epidermal growth factor	Homo sapiens	Encontrado	https://alphafold.ebi.ac.uk/entry/P01133
EGF			960267915						P01133	Pro-epidermal growth factor	Homo sapiens	Encontrado	https://alphafold.ebi.ac.uk/entry/P01133
EGF			961305194						P01133	Pro-epidermal growth factor	Homo sapiens	Encontrado	https://alphafold.ebi.ac.uk/entry/P01133
EGF			962299408						P01133	Pro-epidermal growth factor	Homo sapiens	Encontrado	https://alphafold.ebi.ac.uk/entry/P01133
EGF			964205080						P01133	Pro-epidermal growth factor	Homo sapiens	Encontrado	https://alphafold.ebi.ac.uk/entry/P01133
EGF			967447422						P01133	Pro-epidermal growth factor	Homo sapiens	Encontrado	https://alphafold.ebi.ac.uk/entry/P01133
EGF			968262857						P01133	Pro-epidermal growth factor	Homo sapiens	Encontrado	https://alphafold.ebi.ac.uk/entry/P01133
EGF			976483352						P01133	Pro-epidermal growth factor	Homo sapiens	Encontrado	https://alphafold.ebi.ac.uk/entry/P01133
EGF			979219087						P01133	Pro-epidermal growth factor	Homo sapiens	Encontrado	https://alphafold.ebi.ac.uk/entry/P01133
EGF			980266576						P01133	Pro-epidermal growth factor	Homo sapiens	Encontrado	https://alphafold.ebi.ac.uk/entry/P01133
EGF			981442195						P01133	Pro-epidermal growth factor	Homo sapiens	Encontrado	https://alphafold.ebi.ac.uk/entry/P01133
EGF			981721153						P01133	Pro-epidermal growth factor	Homo sapiens	Encontrado	https://alphafold.ebi.ac.uk/entry/P01133
EGF			982758728						P01133	Pro-epidermal growth factor	Homo sapiens	Encontrado	https://alphafold.ebi.ac.uk/entry/P01133
EGF			988286670	P01133	rs988286670	V192M	0.073		P01133	Pro-epidermal growth factor	Homo sapiens	Encontrado	https://alphafold.ebi.ac.uk/entry/P01133
EGF			988286670	P01133	rs988286670	V192M	0.18		P01133	Pro-epidermal growth factor	Homo sapiens	Encontrado	https://alphafold.ebi.ac.uk/entry/P01133
EGF			988645236						P01133	Pro-epidermal growth factor	Homo sapiens	Encontrado	https://alphafold.ebi.ac.uk/entry/P01133
EGF			990194181						P01133	Pro-epidermal growth factor	Homo sapiens	Encontrado	https://alphafold.ebi.ac.uk/entry/P01133
EGF			991882907	P01133	rs991882907	S455T	0.127		P01133	Pro-epidermal growth factor	Homo sapiens	Encontrado	https://alphafold.ebi.ac.uk/entry/P01133
EGF			991882907	P01133	rs991882907	S455T	0.11		P01133	Pro-epidermal growth factor	Homo sapiens	Encontrado	https://alphafold.ebi.ac.uk/entry/P01133
EGF			993439536						P01133	Pro-epidermal growth factor	Homo sapiens	Encontrado	https://alphafold.ebi.ac.uk/entry/P01133
EGF			994191579						P01133	Pro-epidermal growth factor	Homo sapiens	Encontrado	https://alphafold.ebi.ac.uk/entry/P01133
EGF			9991664						P01133	Pro-epidermal growth factor	Homo sapiens	Encontrado	https://alphafold.ebi.ac.uk/entry/P01133
EGF			999263406						P01133	Pro-epidermal growth factor	Homo sapiens	Encontrado	https://alphafold.ebi.ac.uk/entry/P01133
