Gene	Consequencia	Significancia_Clinica	rs_key	UniProt_ID	rsID_dbSNP	Proteina_Mudanca	AlphaMissense_Score	AlphaMissense_Classificacao	ID_UniProt	Nome_Proteina	Organismo	Status	Link_AlphaFold
IL17RA	missense_variant		1002733639						Q96F46	Interleukin-17 receptor A	Homo sapiens	Encontrado	https://alphafold.ebi.ac.uk/entry/Q96F46
IL17RA	missense_variant		1005206117						Q96F46	Interleukin-17 receptor A	Homo sapiens	Encontrado	https://alphafold.ebi.ac.uk/entry/Q96F46
IL17RA	missense_variant	uncertain significance	1006074686	Q96F46	rs1006074686	Q45K	0.705		Q96F46	Interleukin-17 receptor A	Homo sapiens	Encontrado	https://alphafold.ebi.ac.uk/entry/Q96F46
IL17RA	missense_variant	uncertain significance	1006074686	Q96F46	rs1006074686	Q45K	0.01		Q96F46	Interleukin-17 receptor A	Homo sapiens	Encontrado	https://alphafold.ebi.ac.uk/entry/Q96F46
IL17RA	missense_variant		1012154562	Q96F46	rs1012154562	R713Q	0.041		Q96F46	Interleukin-17 receptor A	Homo sapiens	Encontrado	https://alphafold.ebi.ac.uk/entry/Q96F46
IL17RA	missense_variant		1012154562	Q96F46	rs1012154562	R713Q	0.07		Q96F46	Interleukin-17 receptor A	Homo sapiens	Encontrado	https://alphafold.ebi.ac.uk/entry/Q96F46
IL17RA	missense_variant		1012154562	Q96F46	rs1012154562	R713Q	0.04		Q96F46	Interleukin-17 receptor A	Homo sapiens	Encontrado	https://alphafold.ebi.ac.uk/entry/Q96F46
IL17RA	missense_variant		1012154562	Q96F46	rs1012154562	R713Q	0.06		Q96F46	Interleukin-17 receptor A	Homo sapiens	Encontrado	https://alphafold.ebi.ac.uk/entry/Q96F46
IL17RA	missense_variant		1013156522						Q96F46	Interleukin-17 receptor A	Homo sapiens	Encontrado	https://alphafold.ebi.ac.uk/entry/Q96F46
IL17RA	missense_variant		1014756601						Q96F46	Interleukin-17 receptor A	Homo sapiens	Encontrado	https://alphafold.ebi.ac.uk/entry/Q96F46
IL17RA	missense_variant		1015717962						Q96F46	Interleukin-17 receptor A	Homo sapiens	Encontrado	https://alphafold.ebi.ac.uk/entry/Q96F46
IL17RA	missense_variant		1019352997						Q96F46	Interleukin-17 receptor A	Homo sapiens	Encontrado	https://alphafold.ebi.ac.uk/entry/Q96F46
IL17RA	missense_variant		1025389235						Q96F46	Interleukin-17 receptor A	Homo sapiens	Encontrado	https://alphafold.ebi.ac.uk/entry/Q96F46
IL17RA	missense_variant		1026602660						Q96F46	Interleukin-17 receptor A	Homo sapiens	Encontrado	https://alphafold.ebi.ac.uk/entry/Q96F46
IL17RA	missense_variant	uncertain significance	1041169990						Q96F46	Interleukin-17 receptor A	Homo sapiens	Encontrado	https://alphafold.ebi.ac.uk/entry/Q96F46
IL17RA	missense_variant		1045960937						Q96F46	Interleukin-17 receptor A	Homo sapiens	Encontrado	https://alphafold.ebi.ac.uk/entry/Q96F46
IL17RA	missense_variant	likely benign	1046787585						Q96F46	Interleukin-17 receptor A	Homo sapiens	Encontrado	https://alphafold.ebi.ac.uk/entry/Q96F46
IL17RA	missense_variant		1049465877						Q96F46	Interleukin-17 receptor A	Homo sapiens	Encontrado	https://alphafold.ebi.ac.uk/entry/Q96F46
IL17RA	missense_variant	pathogenic	1057519079	Q96F46	rs1057519079	D387N	0.999		Q96F46	Interleukin-17 receptor A	Homo sapiens	Encontrado	https://alphafold.ebi.ac.uk/entry/Q96F46
IL17RA	missense_variant	pathogenic	1057519079	Q96F46	rs1057519079	D387N	0.0		Q96F46	Interleukin-17 receptor A	Homo sapiens	Encontrado	https://alphafold.ebi.ac.uk/entry/Q96F46
IL17RA	missense_variant	uncertain significance	112267700	Q96F46	rs112267700	V266I	0.0		Q96F46	Interleukin-17 receptor A	Homo sapiens	Encontrado	https://alphafold.ebi.ac.uk/entry/Q96F46
IL17RA	missense_variant	uncertain significance	112267700	Q96F46	rs112267700	V266I	0.27		Q96F46	Interleukin-17 receptor A	Homo sapiens	Encontrado	https://alphafold.ebi.ac.uk/entry/Q96F46
IL17RA	missense_variant	uncertain significance, likely benign	113571926	Q96F46	rs113571926	F756L	0.0		Q96F46	Interleukin-17 receptor A	Homo sapiens	Encontrado	https://alphafold.ebi.ac.uk/entry/Q96F46
IL17RA	missense_variant	uncertain significance, likely benign	113571926	Q96F46	rs113571926	F756L	0.6		Q96F46	Interleukin-17 receptor A	Homo sapiens	Encontrado	https://alphafold.ebi.ac.uk/entry/Q96F46
IL17RA	missense_variant		113670534						Q96F46	Interleukin-17 receptor A	Homo sapiens	Encontrado	https://alphafold.ebi.ac.uk/entry/Q96F46
IL17RA	missense_variant		1156238328						Q96F46	Interleukin-17 receptor A	Homo sapiens	Encontrado	https://alphafold.ebi.ac.uk/entry/Q96F46
IL17RA	missense_variant	uncertain significance	1156352906	Q96F46	rs1156352906	G47E	0.133		Q96F46	Interleukin-17 receptor A	Homo sapiens	Encontrado	https://alphafold.ebi.ac.uk/entry/Q96F46
IL17RA	missense_variant	uncertain significance	1156352906	Q96F46	rs1156352906	G47E	0.21		Q96F46	Interleukin-17 receptor A	Homo sapiens	Encontrado	https://alphafold.ebi.ac.uk/entry/Q96F46
IL17RA	missense_variant		1160974632						Q96F46	Interleukin-17 receptor A	Homo sapiens	Encontrado	https://alphafold.ebi.ac.uk/entry/Q96F46
IL17RA	missense_variant		1161646034						Q96F46	Interleukin-17 receptor A	Homo sapiens	Encontrado	https://alphafold.ebi.ac.uk/entry/Q96F46
IL17RA	missense_variant		1162016910						Q96F46	Interleukin-17 receptor A	Homo sapiens	Encontrado	https://alphafold.ebi.ac.uk/entry/Q96F46
IL17RA	missense_variant		1165040238						Q96F46	Interleukin-17 receptor A	Homo sapiens	Encontrado	https://alphafold.ebi.ac.uk/entry/Q96F46
IL17RA	missense_variant		1166112131						Q96F46	Interleukin-17 receptor A	Homo sapiens	Encontrado	https://alphafold.ebi.ac.uk/entry/Q96F46
IL17RA	missense_variant		1167001946						Q96F46	Interleukin-17 receptor A	Homo sapiens	Encontrado	https://alphafold.ebi.ac.uk/entry/Q96F46
IL17RA	missense_variant		1167138690						Q96F46	Interleukin-17 receptor A	Homo sapiens	Encontrado	https://alphafold.ebi.ac.uk/entry/Q96F46
IL17RA	missense_variant	uncertain significance	1169306314	Q96F46	rs1169306314	P652T	0.627		Q96F46	Interleukin-17 receptor A	Homo sapiens	Encontrado	https://alphafold.ebi.ac.uk/entry/Q96F46
IL17RA	missense_variant	uncertain significance	1169306314	Q96F46	rs1169306314	P652T	0.02		Q96F46	Interleukin-17 receptor A	Homo sapiens	Encontrado	https://alphafold.ebi.ac.uk/entry/Q96F46
IL17RA	missense_variant		1170765945						Q96F46	Interleukin-17 receptor A	Homo sapiens	Encontrado	https://alphafold.ebi.ac.uk/entry/Q96F46
IL17RA	missense_variant		1173818708						Q96F46	Interleukin-17 receptor A	Homo sapiens	Encontrado	https://alphafold.ebi.ac.uk/entry/Q96F46
IL17RA	missense_variant		1173829580						Q96F46	Interleukin-17 receptor A	Homo sapiens	Encontrado	https://alphafold.ebi.ac.uk/entry/Q96F46
IL17RA	missense_variant		1175984604						Q96F46	Interleukin-17 receptor A	Homo sapiens	Encontrado	https://alphafold.ebi.ac.uk/entry/Q96F46
IL17RA	missense_variant		1176174047						Q96F46	Interleukin-17 receptor A	Homo sapiens	Encontrado	https://alphafold.ebi.ac.uk/entry/Q96F46
IL17RA	missense_variant		1178483117						Q96F46	Interleukin-17 receptor A	Homo sapiens	Encontrado	https://alphafold.ebi.ac.uk/entry/Q96F46
IL17RA	missense_variant		1181144928						Q96F46	Interleukin-17 receptor A	Homo sapiens	Encontrado	https://alphafold.ebi.ac.uk/entry/Q96F46
IL17RA	missense_variant		1181895942						Q96F46	Interleukin-17 receptor A	Homo sapiens	Encontrado	https://alphafold.ebi.ac.uk/entry/Q96F46
IL17RA	missense_variant		1182699102						Q96F46	Interleukin-17 receptor A	Homo sapiens	Encontrado	https://alphafold.ebi.ac.uk/entry/Q96F46
IL17RA	missense_variant		1184312970						Q96F46	Interleukin-17 receptor A	Homo sapiens	Encontrado	https://alphafold.ebi.ac.uk/entry/Q96F46
IL17RA	missense_variant		1185589091						Q96F46	Interleukin-17 receptor A	Homo sapiens	Encontrado	https://alphafold.ebi.ac.uk/entry/Q96F46
IL17RA	missense_variant		1186479435						Q96F46	Interleukin-17 receptor A	Homo sapiens	Encontrado	https://alphafold.ebi.ac.uk/entry/Q96F46
IL17RA	missense_variant		1187942311	Q96F46	rs1187942311	A405T	0.013		Q96F46	Interleukin-17 receptor A	Homo sapiens	Encontrado	https://alphafold.ebi.ac.uk/entry/Q96F46
IL17RA	missense_variant		1187942311	Q96F46	rs1187942311	A405T	0.16		Q96F46	Interleukin-17 receptor A	Homo sapiens	Encontrado	https://alphafold.ebi.ac.uk/entry/Q96F46
IL17RA	missense_variant		1187942311	Q96F46	rs1187942311	A405T	0.029		Q96F46	Interleukin-17 receptor A	Homo sapiens	Encontrado	https://alphafold.ebi.ac.uk/entry/Q96F46
IL17RA	missense_variant		1187942311	Q96F46	rs1187942311	A405T	0.21		Q96F46	Interleukin-17 receptor A	Homo sapiens	Encontrado	https://alphafold.ebi.ac.uk/entry/Q96F46
IL17RA	missense_variant		1189893883						Q96F46	Interleukin-17 receptor A	Homo sapiens	Encontrado	https://alphafold.ebi.ac.uk/entry/Q96F46
IL17RA	missense_variant		1192539170						Q96F46	Interleukin-17 receptor A	Homo sapiens	Encontrado	https://alphafold.ebi.ac.uk/entry/Q96F46
IL17RA	missense_variant		1192665491						Q96F46	Interleukin-17 receptor A	Homo sapiens	Encontrado	https://alphafold.ebi.ac.uk/entry/Q96F46
IL17RA	missense_variant		1194412935						Q96F46	Interleukin-17 receptor A	Homo sapiens	Encontrado	https://alphafold.ebi.ac.uk/entry/Q96F46
IL17RA	missense_variant	uncertain significance	1194431734	Q96F46	rs1194431734	Q566R	0.844		Q96F46	Interleukin-17 receptor A	Homo sapiens	Encontrado	https://alphafold.ebi.ac.uk/entry/Q96F46
IL17RA	missense_variant	uncertain significance	1194431734	Q96F46	rs1194431734	Q566R	0.03		Q96F46	Interleukin-17 receptor A	Homo sapiens	Encontrado	https://alphafold.ebi.ac.uk/entry/Q96F46
IL17RA	missense_variant		1195103699						Q96F46	Interleukin-17 receptor A	Homo sapiens	Encontrado	https://alphafold.ebi.ac.uk/entry/Q96F46
IL17RA	missense_variant	uncertain significance	1195489020	Q96F46	rs1195489020	A672G	0.001		Q96F46	Interleukin-17 receptor A	Homo sapiens	Encontrado	https://alphafold.ebi.ac.uk/entry/Q96F46
IL17RA	missense_variant	uncertain significance	1195489020	Q96F46	rs1195489020	A672G	0.28		Q96F46	Interleukin-17 receptor A	Homo sapiens	Encontrado	https://alphafold.ebi.ac.uk/entry/Q96F46
IL17RA	missense_variant	uncertain significance	1196585604	Q96F46	rs1196585604	V647M	0.006		Q96F46	Interleukin-17 receptor A	Homo sapiens	Encontrado	https://alphafold.ebi.ac.uk/entry/Q96F46
IL17RA	missense_variant	uncertain significance	1196585604	Q96F46	rs1196585604	V647M	0.3		Q96F46	Interleukin-17 receptor A	Homo sapiens	Encontrado	https://alphafold.ebi.ac.uk/entry/Q96F46
IL17RA	missense_variant	uncertain significance	1198329596	Q96F46	rs1198329596	G476E	1.0		Q96F46	Interleukin-17 receptor A	Homo sapiens	Encontrado	https://alphafold.ebi.ac.uk/entry/Q96F46
IL17RA	missense_variant	uncertain significance	1198329596	Q96F46	rs1198329596	G476E	0.0		Q96F46	Interleukin-17 receptor A	Homo sapiens	Encontrado	https://alphafold.ebi.ac.uk/entry/Q96F46
IL17RA	missense_variant		1200060346						Q96F46	Interleukin-17 receptor A	Homo sapiens	Encontrado	https://alphafold.ebi.ac.uk/entry/Q96F46
IL17RA	missense_variant		1202524949						Q96F46	Interleukin-17 receptor A	Homo sapiens	Encontrado	https://alphafold.ebi.ac.uk/entry/Q96F46
IL17RA	missense_variant		1204871136						Q96F46	Interleukin-17 receptor A	Homo sapiens	Encontrado	https://alphafold.ebi.ac.uk/entry/Q96F46
IL17RA	missense_variant	uncertain significance	1208693308	Q96F46	rs1208693308	M317V	0.0		Q96F46	Interleukin-17 receptor A	Homo sapiens	Encontrado	https://alphafold.ebi.ac.uk/entry/Q96F46
IL17RA	missense_variant	uncertain significance	1208693308	Q96F46	rs1208693308	M317V	0.4		Q96F46	Interleukin-17 receptor A	Homo sapiens	Encontrado	https://alphafold.ebi.ac.uk/entry/Q96F46
IL17RA	missense_variant		1213537715						Q96F46	Interleukin-17 receptor A	Homo sapiens	Encontrado	https://alphafold.ebi.ac.uk/entry/Q96F46
IL17RA	missense_variant		1214636523						Q96F46	Interleukin-17 receptor A	Homo sapiens	Encontrado	https://alphafold.ebi.ac.uk/entry/Q96F46
IL17RA	missense_variant		1215508376						Q96F46	Interleukin-17 receptor A	Homo sapiens	Encontrado	https://alphafold.ebi.ac.uk/entry/Q96F46
IL17RA	missense_variant		1215738202						Q96F46	Interleukin-17 receptor A	Homo sapiens	Encontrado	https://alphafold.ebi.ac.uk/entry/Q96F46
IL17RA	missense_variant		1215781069						Q96F46	Interleukin-17 receptor A	Homo sapiens	Encontrado	https://alphafold.ebi.ac.uk/entry/Q96F46
IL17RA	missense_variant		1215834994						Q96F46	Interleukin-17 receptor A	Homo sapiens	Encontrado	https://alphafold.ebi.ac.uk/entry/Q96F46
IL17RA	missense_variant	uncertain significance	1218310098	Q96F46	rs1218310098	G658C	0.825		Q96F46	Interleukin-17 receptor A	Homo sapiens	Encontrado	https://alphafold.ebi.ac.uk/entry/Q96F46
IL17RA	missense_variant	uncertain significance	1218310098	Q96F46	rs1218310098	G658C	0.0		Q96F46	Interleukin-17 receptor A	Homo sapiens	Encontrado	https://alphafold.ebi.ac.uk/entry/Q96F46
IL17RA	missense_variant		1219003949						Q96F46	Interleukin-17 receptor A	Homo sapiens	Encontrado	https://alphafold.ebi.ac.uk/entry/Q96F46
IL17RA	missense_variant	uncertain significance	1220150798	Q96F46	rs1220150798	D722G	0.986		Q96F46	Interleukin-17 receptor A	Homo sapiens	Encontrado	https://alphafold.ebi.ac.uk/entry/Q96F46
IL17RA	missense_variant	uncertain significance	1220150798	Q96F46	rs1220150798	D722G	0.04		Q96F46	Interleukin-17 receptor A	Homo sapiens	Encontrado	https://alphafold.ebi.ac.uk/entry/Q96F46
IL17RA	missense_variant	uncertain significance	1221696207	Q96F46	rs1221696207	G640R	0.003		Q96F46	Interleukin-17 receptor A	Homo sapiens	Encontrado	https://alphafold.ebi.ac.uk/entry/Q96F46
IL17RA	missense_variant	uncertain significance	1221696207	Q96F46	rs1221696207	G640R	0.57		Q96F46	Interleukin-17 receptor A	Homo sapiens	Encontrado	https://alphafold.ebi.ac.uk/entry/Q96F46
IL17RA	missense_variant	uncertain significance	1221696207	Q96F46	rs1221696207	G640R	0.003		Q96F46	Interleukin-17 receptor A	Homo sapiens	Encontrado	https://alphafold.ebi.ac.uk/entry/Q96F46
IL17RA	missense_variant	uncertain significance	1221696207	Q96F46	rs1221696207	G640R	0.52		Q96F46	Interleukin-17 receptor A	Homo sapiens	Encontrado	https://alphafold.ebi.ac.uk/entry/Q96F46
IL17RA	missense_variant		1221965265						Q96F46	Interleukin-17 receptor A	Homo sapiens	Encontrado	https://alphafold.ebi.ac.uk/entry/Q96F46
IL17RA	missense_variant	likely benign	1222021723						Q96F46	Interleukin-17 receptor A	Homo sapiens	Encontrado	https://alphafold.ebi.ac.uk/entry/Q96F46
IL17RA	missense_variant		1222720035						Q96F46	Interleukin-17 receptor A	Homo sapiens	Encontrado	https://alphafold.ebi.ac.uk/entry/Q96F46
IL17RA	missense_variant		1223441618						Q96F46	Interleukin-17 receptor A	Homo sapiens	Encontrado	https://alphafold.ebi.ac.uk/entry/Q96F46
IL17RA	missense_variant	uncertain significance	1223546319	Q96F46	rs1223546319	G710S	0.031		Q96F46	Interleukin-17 receptor A	Homo sapiens	Encontrado	https://alphafold.ebi.ac.uk/entry/Q96F46
IL17RA	missense_variant	uncertain significance	1223546319	Q96F46	rs1223546319	G710S	0.43		Q96F46	Interleukin-17 receptor A	Homo sapiens	Encontrado	https://alphafold.ebi.ac.uk/entry/Q96F46
IL17RA	missense_variant		1224744002						Q96F46	Interleukin-17 receptor A	Homo sapiens	Encontrado	https://alphafold.ebi.ac.uk/entry/Q96F46
IL17RA	missense_variant		1225010999						Q96F46	Interleukin-17 receptor A	Homo sapiens	Encontrado	https://alphafold.ebi.ac.uk/entry/Q96F46
IL17RA	missense_variant	uncertain significance	1226272790						Q96F46	Interleukin-17 receptor A	Homo sapiens	Encontrado	https://alphafold.ebi.ac.uk/entry/Q96F46
IL17RA	missense_variant		1226513467						Q96F46	Interleukin-17 receptor A	Homo sapiens	Encontrado	https://alphafold.ebi.ac.uk/entry/Q96F46
IL17RA	missense_variant		1226936494						Q96F46	Interleukin-17 receptor A	Homo sapiens	Encontrado	https://alphafold.ebi.ac.uk/entry/Q96F46
IL17RA	missense_variant		1226991818	Q96F46	rs1226991818	R39L	0.0		Q96F46	Interleukin-17 receptor A	Homo sapiens	Encontrado	https://alphafold.ebi.ac.uk/entry/Q96F46
IL17RA	missense_variant		1226991818	Q96F46	rs1226991818	R39L	0.01		Q96F46	Interleukin-17 receptor A	Homo sapiens	Encontrado	https://alphafold.ebi.ac.uk/entry/Q96F46
IL17RA	missense_variant		1226991818	Q96F46	rs1226991818	R39L	0.003		Q96F46	Interleukin-17 receptor A	Homo sapiens	Encontrado	https://alphafold.ebi.ac.uk/entry/Q96F46
IL17RA	missense_variant		1226991818	Q96F46	rs1226991818	R39L	0.0		Q96F46	Interleukin-17 receptor A	Homo sapiens	Encontrado	https://alphafold.ebi.ac.uk/entry/Q96F46
IL17RA	missense_variant		1229266459						Q96F46	Interleukin-17 receptor A	Homo sapiens	Encontrado	https://alphafold.ebi.ac.uk/entry/Q96F46
IL17RA	missense_variant		1234489030						Q96F46	Interleukin-17 receptor A	Homo sapiens	Encontrado	https://alphafold.ebi.ac.uk/entry/Q96F46
IL17RA	missense_variant		1236554644	Q96F46	rs1236554644	E530K	0.998		Q96F46	Interleukin-17 receptor A	Homo sapiens	Encontrado	https://alphafold.ebi.ac.uk/entry/Q96F46
IL17RA	missense_variant		1236554644	Q96F46	rs1236554644	E530K	0.0		Q96F46	Interleukin-17 receptor A	Homo sapiens	Encontrado	https://alphafold.ebi.ac.uk/entry/Q96F46
IL17RA	missense_variant		1236554644	Q96F46	rs1236554644	E530K	0.998		Q96F46	Interleukin-17 receptor A	Homo sapiens	Encontrado	https://alphafold.ebi.ac.uk/entry/Q96F46
IL17RA	missense_variant		1236554644	Q96F46	rs1236554644	E530K	0.0		Q96F46	Interleukin-17 receptor A	Homo sapiens	Encontrado	https://alphafold.ebi.ac.uk/entry/Q96F46
IL17RA	missense_variant		1238345860						Q96F46	Interleukin-17 receptor A	Homo sapiens	Encontrado	https://alphafold.ebi.ac.uk/entry/Q96F46
IL17RA	missense_variant		1240027789						Q96F46	Interleukin-17 receptor A	Homo sapiens	Encontrado	https://alphafold.ebi.ac.uk/entry/Q96F46
IL17RA	missense_variant		1240100389						Q96F46	Interleukin-17 receptor A	Homo sapiens	Encontrado	https://alphafold.ebi.ac.uk/entry/Q96F46
IL17RA	missense_variant		1241014831						Q96F46	Interleukin-17 receptor A	Homo sapiens	Encontrado	https://alphafold.ebi.ac.uk/entry/Q96F46
IL17RA	missense_variant		1241152443						Q96F46	Interleukin-17 receptor A	Homo sapiens	Encontrado	https://alphafold.ebi.ac.uk/entry/Q96F46
IL17RA	missense_variant		1242804446						Q96F46	Interleukin-17 receptor A	Homo sapiens	Encontrado	https://alphafold.ebi.ac.uk/entry/Q96F46
IL17RA	missense_variant		1242913404						Q96F46	Interleukin-17 receptor A	Homo sapiens	Encontrado	https://alphafold.ebi.ac.uk/entry/Q96F46
IL17RA	missense_variant	uncertain significance	1243791728						Q96F46	Interleukin-17 receptor A	Homo sapiens	Encontrado	https://alphafold.ebi.ac.uk/entry/Q96F46
IL17RA	missense_variant		1244548977						Q96F46	Interleukin-17 receptor A	Homo sapiens	Encontrado	https://alphafold.ebi.ac.uk/entry/Q96F46
IL17RA	missense_variant	uncertain significance	1245969526	Q96F46	rs1245969526	P741T	0.061		Q96F46	Interleukin-17 receptor A	Homo sapiens	Encontrado	https://alphafold.ebi.ac.uk/entry/Q96F46
IL17RA	missense_variant	uncertain significance	1245969526	Q96F46	rs1245969526	P741T	0.01		Q96F46	Interleukin-17 receptor A	Homo sapiens	Encontrado	https://alphafold.ebi.ac.uk/entry/Q96F46
IL17RA	missense_variant	uncertain significance	1247109019	Q96F46	rs1247109019	K491N	0.999		Q96F46	Interleukin-17 receptor A	Homo sapiens	Encontrado	https://alphafold.ebi.ac.uk/entry/Q96F46
IL17RA	missense_variant	uncertain significance	1247109019	Q96F46	rs1247109019	K491N	0.0		Q96F46	Interleukin-17 receptor A	Homo sapiens	Encontrado	https://alphafold.ebi.ac.uk/entry/Q96F46
IL17RA	missense_variant		1248088916						Q96F46	Interleukin-17 receptor A	Homo sapiens	Encontrado	https://alphafold.ebi.ac.uk/entry/Q96F46
IL17RA	missense_variant	benign	12484684						Q96F46	Interleukin-17 receptor A	Homo sapiens	Encontrado	https://alphafold.ebi.ac.uk/entry/Q96F46
IL17RA	missense_variant		1248570379						Q96F46	Interleukin-17 receptor A	Homo sapiens	Encontrado	https://alphafold.ebi.ac.uk/entry/Q96F46
IL17RA	missense_variant		1248895848						Q96F46	Interleukin-17 receptor A	Homo sapiens	Encontrado	https://alphafold.ebi.ac.uk/entry/Q96F46
IL17RA	missense_variant		1250523543						Q96F46	Interleukin-17 receptor A	Homo sapiens	Encontrado	https://alphafold.ebi.ac.uk/entry/Q96F46
IL17RA	missense_variant		1250611615						Q96F46	Interleukin-17 receptor A	Homo sapiens	Encontrado	https://alphafold.ebi.ac.uk/entry/Q96F46
IL17RA	missense_variant		1251029214						Q96F46	Interleukin-17 receptor A	Homo sapiens	Encontrado	https://alphafold.ebi.ac.uk/entry/Q96F46
IL17RA	missense_variant		1256430189						Q96F46	Interleukin-17 receptor A	Homo sapiens	Encontrado	https://alphafold.ebi.ac.uk/entry/Q96F46
IL17RA	missense_variant		1256484112						Q96F46	Interleukin-17 receptor A	Homo sapiens	Encontrado	https://alphafold.ebi.ac.uk/entry/Q96F46
IL17RA	missense_variant		1256706077	Q96F46	rs1256706077	R620Q	0.0		Q96F46	Interleukin-17 receptor A	Homo sapiens	Encontrado	https://alphafold.ebi.ac.uk/entry/Q96F46
IL17RA	missense_variant		1256706077	Q96F46	rs1256706077	R620Q	1.0		Q96F46	Interleukin-17 receptor A	Homo sapiens	Encontrado	https://alphafold.ebi.ac.uk/entry/Q96F46
IL17RA	missense_variant		1256706077	Q96F46	rs1256706077	R620Q	0.0		Q96F46	Interleukin-17 receptor A	Homo sapiens	Encontrado	https://alphafold.ebi.ac.uk/entry/Q96F46
IL17RA	missense_variant		1256706077	Q96F46	rs1256706077	R620Q	1.0		Q96F46	Interleukin-17 receptor A	Homo sapiens	Encontrado	https://alphafold.ebi.ac.uk/entry/Q96F46
IL17RA	missense_variant		1256999040						Q96F46	Interleukin-17 receptor A	Homo sapiens	Encontrado	https://alphafold.ebi.ac.uk/entry/Q96F46
IL17RA	missense_variant		1258601666						Q96F46	Interleukin-17 receptor A	Homo sapiens	Encontrado	https://alphafold.ebi.ac.uk/entry/Q96F46
IL17RA	missense_variant		1259898930						Q96F46	Interleukin-17 receptor A	Homo sapiens	Encontrado	https://alphafold.ebi.ac.uk/entry/Q96F46
IL17RA	missense_variant	uncertain significance	1260203473	Q96F46	rs1260203473	T208I	0.38		Q96F46	Interleukin-17 receptor A	Homo sapiens	Encontrado	https://alphafold.ebi.ac.uk/entry/Q96F46
IL17RA	missense_variant	uncertain significance	1260203473	Q96F46	rs1260203473	T208I	0.08		Q96F46	Interleukin-17 receptor A	Homo sapiens	Encontrado	https://alphafold.ebi.ac.uk/entry/Q96F46
IL17RA	missense_variant	uncertain significance, likely benign	1260284396	Q96F46	rs1260284396	Q758H	0.005		Q96F46	Interleukin-17 receptor A	Homo sapiens	Encontrado	https://alphafold.ebi.ac.uk/entry/Q96F46
IL17RA	missense_variant	uncertain significance, likely benign	1260284396	Q96F46	rs1260284396	Q758H	0.02		Q96F46	Interleukin-17 receptor A	Homo sapiens	Encontrado	https://alphafold.ebi.ac.uk/entry/Q96F46
IL17RA	missense_variant		1260624307						Q96F46	Interleukin-17 receptor A	Homo sapiens	Encontrado	https://alphafold.ebi.ac.uk/entry/Q96F46
IL17RA	missense_variant	uncertain significance	1262180152	Q96F46	rs1262180152	A672T	0.003		Q96F46	Interleukin-17 receptor A	Homo sapiens	Encontrado	https://alphafold.ebi.ac.uk/entry/Q96F46
IL17RA	missense_variant	uncertain significance	1262180152	Q96F46	rs1262180152	A672T	0.33		Q96F46	Interleukin-17 receptor A	Homo sapiens	Encontrado	https://alphafold.ebi.ac.uk/entry/Q96F46
IL17RA	missense_variant		1262736574						Q96F46	Interleukin-17 receptor A	Homo sapiens	Encontrado	https://alphafold.ebi.ac.uk/entry/Q96F46
IL17RA	missense_variant	uncertain significance	1263027029	Q96F46	rs1263027029	A419G	0.241		Q96F46	Interleukin-17 receptor A	Homo sapiens	Encontrado	https://alphafold.ebi.ac.uk/entry/Q96F46
IL17RA	missense_variant	uncertain significance	1263027029	Q96F46	rs1263027029	A419G	0.03		Q96F46	Interleukin-17 receptor A	Homo sapiens	Encontrado	https://alphafold.ebi.ac.uk/entry/Q96F46
IL17RA	missense_variant	uncertain significance	1263299514	Q96F46	rs1263299514	V445I	0.007		Q96F46	Interleukin-17 receptor A	Homo sapiens	Encontrado	https://alphafold.ebi.ac.uk/entry/Q96F46
IL17RA	missense_variant	uncertain significance	1263299514	Q96F46	rs1263299514	V445I	1.0		Q96F46	Interleukin-17 receptor A	Homo sapiens	Encontrado	https://alphafold.ebi.ac.uk/entry/Q96F46
IL17RA	missense_variant	uncertain significance	1264790183	Q96F46	rs1264790183	P662L	0.041		Q96F46	Interleukin-17 receptor A	Homo sapiens	Encontrado	https://alphafold.ebi.ac.uk/entry/Q96F46
IL17RA	missense_variant	uncertain significance	1264790183	Q96F46	rs1264790183	P662L	0.06		Q96F46	Interleukin-17 receptor A	Homo sapiens	Encontrado	https://alphafold.ebi.ac.uk/entry/Q96F46
IL17RA	missense_variant		1265175898						Q96F46	Interleukin-17 receptor A	Homo sapiens	Encontrado	https://alphafold.ebi.ac.uk/entry/Q96F46
IL17RA	missense_variant		1265938048						Q96F46	Interleukin-17 receptor A	Homo sapiens	Encontrado	https://alphafold.ebi.ac.uk/entry/Q96F46
IL17RA	missense_variant	uncertain significance	1265981258	Q96F46	rs1265981258	P660L	0.0		Q96F46	Interleukin-17 receptor A	Homo sapiens	Encontrado	https://alphafold.ebi.ac.uk/entry/Q96F46
IL17RA	missense_variant	uncertain significance	1265981258	Q96F46	rs1265981258	P660L	1.0		Q96F46	Interleukin-17 receptor A	Homo sapiens	Encontrado	https://alphafold.ebi.ac.uk/entry/Q96F46
IL17RA	missense_variant	uncertain significance	1267318006						Q96F46	Interleukin-17 receptor A	Homo sapiens	Encontrado	https://alphafold.ebi.ac.uk/entry/Q96F46
IL17RA	missense_variant		1267889120						Q96F46	Interleukin-17 receptor A	Homo sapiens	Encontrado	https://alphafold.ebi.ac.uk/entry/Q96F46
IL17RA	missense_variant		1272018700						Q96F46	Interleukin-17 receptor A	Homo sapiens	Encontrado	https://alphafold.ebi.ac.uk/entry/Q96F46
IL17RA	missense_variant		1272568446						Q96F46	Interleukin-17 receptor A	Homo sapiens	Encontrado	https://alphafold.ebi.ac.uk/entry/Q96F46
IL17RA	missense_variant	uncertain significance	1273182117	Q96F46	rs1273182117	E642G	0.201		Q96F46	Interleukin-17 receptor A	Homo sapiens	Encontrado	https://alphafold.ebi.ac.uk/entry/Q96F46
IL17RA	missense_variant	uncertain significance	1273182117	Q96F46	rs1273182117	E642G	0.02		Q96F46	Interleukin-17 receptor A	Homo sapiens	Encontrado	https://alphafold.ebi.ac.uk/entry/Q96F46
IL17RA	missense_variant		1273627017						Q96F46	Interleukin-17 receptor A	Homo sapiens	Encontrado	https://alphafold.ebi.ac.uk/entry/Q96F46
IL17RA	missense_variant		1275186747						Q96F46	Interleukin-17 receptor A	Homo sapiens	Encontrado	https://alphafold.ebi.ac.uk/entry/Q96F46
IL17RA	missense_variant		1277805865						Q96F46	Interleukin-17 receptor A	Homo sapiens	Encontrado	https://alphafold.ebi.ac.uk/entry/Q96F46
IL17RA	missense_variant		1280237196						Q96F46	Interleukin-17 receptor A	Homo sapiens	Encontrado	https://alphafold.ebi.ac.uk/entry/Q96F46
IL17RA	missense_variant		1280258319						Q96F46	Interleukin-17 receptor A	Homo sapiens	Encontrado	https://alphafold.ebi.ac.uk/entry/Q96F46
IL17RA	missense_variant		1280563177						Q96F46	Interleukin-17 receptor A	Homo sapiens	Encontrado	https://alphafold.ebi.ac.uk/entry/Q96F46
IL17RA	missense_variant	uncertain significance	1281144372	Q96F46	rs1281144372	N851K	0.193		Q96F46	Interleukin-17 receptor A	Homo sapiens	Encontrado	https://alphafold.ebi.ac.uk/entry/Q96F46
IL17RA	missense_variant	uncertain significance	1281144372	Q96F46	rs1281144372	N851K	0.08		Q96F46	Interleukin-17 receptor A	Homo sapiens	Encontrado	https://alphafold.ebi.ac.uk/entry/Q96F46
IL17RA	missense_variant		1284200977						Q96F46	Interleukin-17 receptor A	Homo sapiens	Encontrado	https://alphafold.ebi.ac.uk/entry/Q96F46
IL17RA	missense_variant	uncertain significance	1284908688	Q96F46	rs1284908688	S600C	0.958		Q96F46	Interleukin-17 receptor A	Homo sapiens	Encontrado	https://alphafold.ebi.ac.uk/entry/Q96F46
IL17RA	missense_variant	uncertain significance	1284908688	Q96F46	rs1284908688	S600C	0.01		Q96F46	Interleukin-17 receptor A	Homo sapiens	Encontrado	https://alphafold.ebi.ac.uk/entry/Q96F46
IL17RA	missense_variant	uncertain significance	1285581737	Q96F46	rs1285581737	R575Q	0.013		Q96F46	Interleukin-17 receptor A	Homo sapiens	Encontrado	https://alphafold.ebi.ac.uk/entry/Q96F46
IL17RA	missense_variant	uncertain significance	1285581737	Q96F46	rs1285581737	R575Q	0.8		Q96F46	Interleukin-17 receptor A	Homo sapiens	Encontrado	https://alphafold.ebi.ac.uk/entry/Q96F46
IL17RA	missense_variant		1286101830						Q96F46	Interleukin-17 receptor A	Homo sapiens	Encontrado	https://alphafold.ebi.ac.uk/entry/Q96F46
IL17RA	missense_variant		1286196311						Q96F46	Interleukin-17 receptor A	Homo sapiens	Encontrado	https://alphafold.ebi.ac.uk/entry/Q96F46
IL17RA	missense_variant	uncertain significance	1287364014						Q96F46	Interleukin-17 receptor A	Homo sapiens	Encontrado	https://alphafold.ebi.ac.uk/entry/Q96F46
IL17RA	missense_variant		1289523953						Q96F46	Interleukin-17 receptor A	Homo sapiens	Encontrado	https://alphafold.ebi.ac.uk/entry/Q96F46
IL17RA	missense_variant		1289687102						Q96F46	Interleukin-17 receptor A	Homo sapiens	Encontrado	https://alphafold.ebi.ac.uk/entry/Q96F46
IL17RA	missense_variant		1290874167						Q96F46	Interleukin-17 receptor A	Homo sapiens	Encontrado	https://alphafold.ebi.ac.uk/entry/Q96F46
IL17RA	missense_variant		1291002698						Q96F46	Interleukin-17 receptor A	Homo sapiens	Encontrado	https://alphafold.ebi.ac.uk/entry/Q96F46
IL17RA	missense_variant		1292337675						Q96F46	Interleukin-17 receptor A	Homo sapiens	Encontrado	https://alphafold.ebi.ac.uk/entry/Q96F46
IL17RA	missense_variant	likely benign	1293184930	Q96F46	rs1293184930	L273F	0.0		Q96F46	Interleukin-17 receptor A	Homo sapiens	Encontrado	https://alphafold.ebi.ac.uk/entry/Q96F46
IL17RA	missense_variant	likely benign	1293184930	Q96F46	rs1293184930	L273F	0.68		Q96F46	Interleukin-17 receptor A	Homo sapiens	Encontrado	https://alphafold.ebi.ac.uk/entry/Q96F46
IL17RA	missense_variant		1293623909	Q96F46	rs1293623909	G658D	0.03		Q96F46	Interleukin-17 receptor A	Homo sapiens	Encontrado	https://alphafold.ebi.ac.uk/entry/Q96F46
IL17RA	missense_variant		1293623909	Q96F46	rs1293623909	G658D	0.12		Q96F46	Interleukin-17 receptor A	Homo sapiens	Encontrado	https://alphafold.ebi.ac.uk/entry/Q96F46
IL17RA	missense_variant		1293623909	Q96F46	rs1293623909	G658D	0.611		Q96F46	Interleukin-17 receptor A	Homo sapiens	Encontrado	https://alphafold.ebi.ac.uk/entry/Q96F46
IL17RA	missense_variant		1293623909	Q96F46	rs1293623909	G658D	0.07		Q96F46	Interleukin-17 receptor A	Homo sapiens	Encontrado	https://alphafold.ebi.ac.uk/entry/Q96F46
IL17RA	missense_variant		1294835487						Q96F46	Interleukin-17 receptor A	Homo sapiens	Encontrado	https://alphafold.ebi.ac.uk/entry/Q96F46
IL17RA	missense_variant	uncertain significance	1295037189	Q96F46	rs1295037189	L41V	0.039		Q96F46	Interleukin-17 receptor A	Homo sapiens	Encontrado	https://alphafold.ebi.ac.uk/entry/Q96F46
IL17RA	missense_variant	uncertain significance	1295037189	Q96F46	rs1295037189	L41V	0.63		Q96F46	Interleukin-17 receptor A	Homo sapiens	Encontrado	https://alphafold.ebi.ac.uk/entry/Q96F46
IL17RA	missense_variant		1296881893						Q96F46	Interleukin-17 receptor A	Homo sapiens	Encontrado	https://alphafold.ebi.ac.uk/entry/Q96F46
IL17RA	missense_variant	uncertain significance	1297016157	Q96F46	rs1297016157	V25L	0.0		Q96F46	Interleukin-17 receptor A	Homo sapiens	Encontrado	https://alphafold.ebi.ac.uk/entry/Q96F46
IL17RA	missense_variant	uncertain significance	1297016157	Q96F46	rs1297016157	V25L	0.79		Q96F46	Interleukin-17 receptor A	Homo sapiens	Encontrado	https://alphafold.ebi.ac.uk/entry/Q96F46
IL17RA	missense_variant		1298128127						Q96F46	Interleukin-17 receptor A	Homo sapiens	Encontrado	https://alphafold.ebi.ac.uk/entry/Q96F46
IL17RA	missense_variant		1300159939						Q96F46	Interleukin-17 receptor A	Homo sapiens	Encontrado	https://alphafold.ebi.ac.uk/entry/Q96F46
IL17RA	missense_variant		1300589062						Q96F46	Interleukin-17 receptor A	Homo sapiens	Encontrado	https://alphafold.ebi.ac.uk/entry/Q96F46
IL17RA	missense_variant		1301274600						Q96F46	Interleukin-17 receptor A	Homo sapiens	Encontrado	https://alphafold.ebi.ac.uk/entry/Q96F46
IL17RA	missense_variant	uncertain significance	1302439369	Q96F46	rs1302439369	L233P	1.0		Q96F46	Interleukin-17 receptor A	Homo sapiens	Encontrado	https://alphafold.ebi.ac.uk/entry/Q96F46
IL17RA	missense_variant	uncertain significance	1302439369	Q96F46	rs1302439369	L233P	0.06		Q96F46	Interleukin-17 receptor A	Homo sapiens	Encontrado	https://alphafold.ebi.ac.uk/entry/Q96F46
IL17RA	missense_variant	uncertain significance	1302572998						Q96F46	Interleukin-17 receptor A	Homo sapiens	Encontrado	https://alphafold.ebi.ac.uk/entry/Q96F46
IL17RA	missense_variant	uncertain significance	1304084287	Q96F46	rs1304084287	E435G	0.951		Q96F46	Interleukin-17 receptor A	Homo sapiens	Encontrado	https://alphafold.ebi.ac.uk/entry/Q96F46
IL17RA	missense_variant	uncertain significance	1304084287	Q96F46	rs1304084287	E435G	0.0		Q96F46	Interleukin-17 receptor A	Homo sapiens	Encontrado	https://alphafold.ebi.ac.uk/entry/Q96F46
IL17RA	missense_variant		1304252335						Q96F46	Interleukin-17 receptor A	Homo sapiens	Encontrado	https://alphafold.ebi.ac.uk/entry/Q96F46
IL17RA	missense_variant		1305551355						Q96F46	Interleukin-17 receptor A	Homo sapiens	Encontrado	https://alphafold.ebi.ac.uk/entry/Q96F46
IL17RA	missense_variant		1305555621						Q96F46	Interleukin-17 receptor A	Homo sapiens	Encontrado	https://alphafold.ebi.ac.uk/entry/Q96F46
IL17RA	missense_variant	uncertain significance	1306833720	Q96F46	rs1306833720	A772T	0.111		Q96F46	Interleukin-17 receptor A	Homo sapiens	Encontrado	https://alphafold.ebi.ac.uk/entry/Q96F46
IL17RA	missense_variant	uncertain significance	1306833720	Q96F46	rs1306833720	A772T	0.46		Q96F46	Interleukin-17 receptor A	Homo sapiens	Encontrado	https://alphafold.ebi.ac.uk/entry/Q96F46
IL17RA	missense_variant		1309767599						Q96F46	Interleukin-17 receptor A	Homo sapiens	Encontrado	https://alphafold.ebi.ac.uk/entry/Q96F46
IL17RA	missense_variant	uncertain significance	1312675148	Q96F46	rs1312675148	V182L	0.891		Q96F46	Interleukin-17 receptor A	Homo sapiens	Encontrado	https://alphafold.ebi.ac.uk/entry/Q96F46
IL17RA	missense_variant	uncertain significance	1312675148	Q96F46	rs1312675148	V182L	0.01		Q96F46	Interleukin-17 receptor A	Homo sapiens	Encontrado	https://alphafold.ebi.ac.uk/entry/Q96F46
IL17RA	missense_variant		1314614440						Q96F46	Interleukin-17 receptor A	Homo sapiens	Encontrado	https://alphafold.ebi.ac.uk/entry/Q96F46
IL17RA	missense_variant		1315518314						Q96F46	Interleukin-17 receptor A	Homo sapiens	Encontrado	https://alphafold.ebi.ac.uk/entry/Q96F46
IL17RA	missense_variant		1315603062						Q96F46	Interleukin-17 receptor A	Homo sapiens	Encontrado	https://alphafold.ebi.ac.uk/entry/Q96F46
IL17RA	missense_variant		1316327951						Q96F46	Interleukin-17 receptor A	Homo sapiens	Encontrado	https://alphafold.ebi.ac.uk/entry/Q96F46
IL17RA	missense_variant	uncertain significance	1318707550	Q96F46	rs1318707550	D489E	0.998		Q96F46	Interleukin-17 receptor A	Homo sapiens	Encontrado	https://alphafold.ebi.ac.uk/entry/Q96F46
IL17RA	missense_variant	uncertain significance	1318707550	Q96F46	rs1318707550	D489E	0.0		Q96F46	Interleukin-17 receptor A	Homo sapiens	Encontrado	https://alphafold.ebi.ac.uk/entry/Q96F46
IL17RA	missense_variant		1320470293						Q96F46	Interleukin-17 receptor A	Homo sapiens	Encontrado	https://alphafold.ebi.ac.uk/entry/Q96F46
IL17RA	missense_variant		1321029036						Q96F46	Interleukin-17 receptor A	Homo sapiens	Encontrado	https://alphafold.ebi.ac.uk/entry/Q96F46
IL17RA	missense_variant		1321999394						Q96F46	Interleukin-17 receptor A	Homo sapiens	Encontrado	https://alphafold.ebi.ac.uk/entry/Q96F46
IL17RA	missense_variant		1323144196						Q96F46	Interleukin-17 receptor A	Homo sapiens	Encontrado	https://alphafold.ebi.ac.uk/entry/Q96F46
IL17RA	missense_variant		1325289390						Q96F46	Interleukin-17 receptor A	Homo sapiens	Encontrado	https://alphafold.ebi.ac.uk/entry/Q96F46
IL17RA	missense_variant		1328164977						Q96F46	Interleukin-17 receptor A	Homo sapiens	Encontrado	https://alphafold.ebi.ac.uk/entry/Q96F46
IL17RA	missense_variant		1329113153						Q96F46	Interleukin-17 receptor A	Homo sapiens	Encontrado	https://alphafold.ebi.ac.uk/entry/Q96F46
IL17RA	missense_variant	uncertain significance	1329579069						Q96F46	Interleukin-17 receptor A	Homo sapiens	Encontrado	https://alphafold.ebi.ac.uk/entry/Q96F46
IL17RA	missense_variant		1332297840						Q96F46	Interleukin-17 receptor A	Homo sapiens	Encontrado	https://alphafold.ebi.ac.uk/entry/Q96F46
IL17RA	missense_variant		1335482114						Q96F46	Interleukin-17 receptor A	Homo sapiens	Encontrado	https://alphafold.ebi.ac.uk/entry/Q96F46
IL17RA	missense_variant		1336307065						Q96F46	Interleukin-17 receptor A	Homo sapiens	Encontrado	https://alphafold.ebi.ac.uk/entry/Q96F46
IL17RA	missense_variant		1337156520						Q96F46	Interleukin-17 receptor A	Homo sapiens	Encontrado	https://alphafold.ebi.ac.uk/entry/Q96F46
IL17RA	missense_variant		1338337623						Q96F46	Interleukin-17 receptor A	Homo sapiens	Encontrado	https://alphafold.ebi.ac.uk/entry/Q96F46
IL17RA	missense_variant		1339685582						Q96F46	Interleukin-17 receptor A	Homo sapiens	Encontrado	https://alphafold.ebi.ac.uk/entry/Q96F46
IL17RA	missense_variant		1340102677						Q96F46	Interleukin-17 receptor A	Homo sapiens	Encontrado	https://alphafold.ebi.ac.uk/entry/Q96F46
IL17RA	missense_variant	uncertain significance	1341181529	Q96F46	rs1341181529	R657Q	0.0		Q96F46	Interleukin-17 receptor A	Homo sapiens	Encontrado	https://alphafold.ebi.ac.uk/entry/Q96F46
IL17RA	missense_variant	uncertain significance	1341181529	Q96F46	rs1341181529	R657Q	0.52		Q96F46	Interleukin-17 receptor A	Homo sapiens	Encontrado	https://alphafold.ebi.ac.uk/entry/Q96F46
IL17RA	missense_variant		1342472049						Q96F46	Interleukin-17 receptor A	Homo sapiens	Encontrado	https://alphafold.ebi.ac.uk/entry/Q96F46
IL17RA	missense_variant		1342580351						Q96F46	Interleukin-17 receptor A	Homo sapiens	Encontrado	https://alphafold.ebi.ac.uk/entry/Q96F46
IL17RA	missense_variant	uncertain significance	1345851682						Q96F46	Interleukin-17 receptor A	Homo sapiens	Encontrado	https://alphafold.ebi.ac.uk/entry/Q96F46
IL17RA	missense_variant	uncertain significance	1346358296	Q96F46	rs1346358296	E642K	0.263		Q96F46	Interleukin-17 receptor A	Homo sapiens	Encontrado	https://alphafold.ebi.ac.uk/entry/Q96F46
IL17RA	missense_variant	uncertain significance	1346358296	Q96F46	rs1346358296	E642K	0.03		Q96F46	Interleukin-17 receptor A	Homo sapiens	Encontrado	https://alphafold.ebi.ac.uk/entry/Q96F46
IL17RA	missense_variant		1346925760						Q96F46	Interleukin-17 receptor A	Homo sapiens	Encontrado	https://alphafold.ebi.ac.uk/entry/Q96F46
IL17RA	missense_variant		1346973737						Q96F46	Interleukin-17 receptor A	Homo sapiens	Encontrado	https://alphafold.ebi.ac.uk/entry/Q96F46
IL17RA	missense_variant	uncertain significance	1348611201						Q96F46	Interleukin-17 receptor A	Homo sapiens	Encontrado	https://alphafold.ebi.ac.uk/entry/Q96F46
IL17RA	missense_variant	uncertain significance	1351337413	Q96F46	rs1351337413	R5C	0.0		Q96F46	Interleukin-17 receptor A	Homo sapiens	Encontrado	https://alphafold.ebi.ac.uk/entry/Q96F46
IL17RA	missense_variant	uncertain significance	1351337413	Q96F46	rs1351337413	R5C	0.18		Q96F46	Interleukin-17 receptor A	Homo sapiens	Encontrado	https://alphafold.ebi.ac.uk/entry/Q96F46
IL17RA	missense_variant	uncertain significance	1354147415	Q96F46	rs1354147415	D154H	0.087		Q96F46	Interleukin-17 receptor A	Homo sapiens	Encontrado	https://alphafold.ebi.ac.uk/entry/Q96F46
IL17RA	missense_variant	uncertain significance	1354147415	Q96F46	rs1354147415	D154H	0.0		Q96F46	Interleukin-17 receptor A	Homo sapiens	Encontrado	https://alphafold.ebi.ac.uk/entry/Q96F46
IL17RA	missense_variant		1356146066						Q96F46	Interleukin-17 receptor A	Homo sapiens	Encontrado	https://alphafold.ebi.ac.uk/entry/Q96F46
IL17RA	missense_variant		1357479180						Q96F46	Interleukin-17 receptor A	Homo sapiens	Encontrado	https://alphafold.ebi.ac.uk/entry/Q96F46
IL17RA	missense_variant		1358137864						Q96F46	Interleukin-17 receptor A	Homo sapiens	Encontrado	https://alphafold.ebi.ac.uk/entry/Q96F46
IL17RA	missense_variant		1358457786						Q96F46	Interleukin-17 receptor A	Homo sapiens	Encontrado	https://alphafold.ebi.ac.uk/entry/Q96F46
IL17RA	missense_variant	uncertain significance	1361983195	Q96F46	rs1361983195	A711T	0.081		Q96F46	Interleukin-17 receptor A	Homo sapiens	Encontrado	https://alphafold.ebi.ac.uk/entry/Q96F46
IL17RA	missense_variant	uncertain significance	1361983195	Q96F46	rs1361983195	A711T	0.04		Q96F46	Interleukin-17 receptor A	Homo sapiens	Encontrado	https://alphafold.ebi.ac.uk/entry/Q96F46
IL17RA	missense_variant		1362868958						Q96F46	Interleukin-17 receptor A	Homo sapiens	Encontrado	https://alphafold.ebi.ac.uk/entry/Q96F46
IL17RA	missense_variant		1363280244						Q96F46	Interleukin-17 receptor A	Homo sapiens	Encontrado	https://alphafold.ebi.ac.uk/entry/Q96F46
IL17RA	missense_variant	uncertain significance	1365038211	Q96F46	rs1365038211	Q803H	0.996		Q96F46	Interleukin-17 receptor A	Homo sapiens	Encontrado	https://alphafold.ebi.ac.uk/entry/Q96F46
IL17RA	missense_variant	uncertain significance	1365038211	Q96F46	rs1365038211	Q803H	0.02		Q96F46	Interleukin-17 receptor A	Homo sapiens	Encontrado	https://alphafold.ebi.ac.uk/entry/Q96F46
IL17RA	missense_variant		1365357950						Q96F46	Interleukin-17 receptor A	Homo sapiens	Encontrado	https://alphafold.ebi.ac.uk/entry/Q96F46
IL17RA	missense_variant		1365505249						Q96F46	Interleukin-17 receptor A	Homo sapiens	Encontrado	https://alphafold.ebi.ac.uk/entry/Q96F46
IL17RA	missense_variant		1366117500						Q96F46	Interleukin-17 receptor A	Homo sapiens	Encontrado	https://alphafold.ebi.ac.uk/entry/Q96F46
IL17RA	missense_variant		1367323619						Q96F46	Interleukin-17 receptor A	Homo sapiens	Encontrado	https://alphafold.ebi.ac.uk/entry/Q96F46
IL17RA	missense_variant		1369980858						Q96F46	Interleukin-17 receptor A	Homo sapiens	Encontrado	https://alphafold.ebi.ac.uk/entry/Q96F46
IL17RA	missense_variant		1371592498						Q96F46	Interleukin-17 receptor A	Homo sapiens	Encontrado	https://alphafold.ebi.ac.uk/entry/Q96F46
IL17RA	missense_variant		1371677239						Q96F46	Interleukin-17 receptor A	Homo sapiens	Encontrado	https://alphafold.ebi.ac.uk/entry/Q96F46
IL17RA	missense_variant		1372010968						Q96F46	Interleukin-17 receptor A	Homo sapiens	Encontrado	https://alphafold.ebi.ac.uk/entry/Q96F46
IL17RA	missense_variant	uncertain significance	1372676490	Q96F46	rs1372676490	S730G	0.0		Q96F46	Interleukin-17 receptor A	Homo sapiens	Encontrado	https://alphafold.ebi.ac.uk/entry/Q96F46
IL17RA	missense_variant	uncertain significance	1372676490	Q96F46	rs1372676490	S730G	0.19		Q96F46	Interleukin-17 receptor A	Homo sapiens	Encontrado	https://alphafold.ebi.ac.uk/entry/Q96F46
IL17RA	missense_variant		1375826395						Q96F46	Interleukin-17 receptor A	Homo sapiens	Encontrado	https://alphafold.ebi.ac.uk/entry/Q96F46
IL17RA	missense_variant		1375878420						Q96F46	Interleukin-17 receptor A	Homo sapiens	Encontrado	https://alphafold.ebi.ac.uk/entry/Q96F46
IL17RA	missense_variant		1376672436						Q96F46	Interleukin-17 receptor A	Homo sapiens	Encontrado	https://alphafold.ebi.ac.uk/entry/Q96F46
IL17RA	missense_variant		1377750457						Q96F46	Interleukin-17 receptor A	Homo sapiens	Encontrado	https://alphafold.ebi.ac.uk/entry/Q96F46
IL17RA	missense_variant		1379971384						Q96F46	Interleukin-17 receptor A	Homo sapiens	Encontrado	https://alphafold.ebi.ac.uk/entry/Q96F46
IL17RA	missense_variant		1380037218						Q96F46	Interleukin-17 receptor A	Homo sapiens	Encontrado	https://alphafold.ebi.ac.uk/entry/Q96F46
IL17RA	missense_variant		138012070						Q96F46	Interleukin-17 receptor A	Homo sapiens	Encontrado	https://alphafold.ebi.ac.uk/entry/Q96F46
IL17RA	missense_variant		1380240224						Q96F46	Interleukin-17 receptor A	Homo sapiens	Encontrado	https://alphafold.ebi.ac.uk/entry/Q96F46
IL17RA	missense_variant		1380293327						Q96F46	Interleukin-17 receptor A	Homo sapiens	Encontrado	https://alphafold.ebi.ac.uk/entry/Q96F46
IL17RA	missense_variant		1381389770						Q96F46	Interleukin-17 receptor A	Homo sapiens	Encontrado	https://alphafold.ebi.ac.uk/entry/Q96F46
IL17RA	missense_variant		1381427466						Q96F46	Interleukin-17 receptor A	Homo sapiens	Encontrado	https://alphafold.ebi.ac.uk/entry/Q96F46
IL17RA	missense_variant		1384010727						Q96F46	Interleukin-17 receptor A	Homo sapiens	Encontrado	https://alphafold.ebi.ac.uk/entry/Q96F46
IL17RA	missense_variant	uncertain significance	138404135	Q96F46	rs138404135	V336I	0.114		Q96F46	Interleukin-17 receptor A	Homo sapiens	Encontrado	https://alphafold.ebi.ac.uk/entry/Q96F46
IL17RA	missense_variant	uncertain significance	138404135	Q96F46	rs138404135	V336I	0.17		Q96F46	Interleukin-17 receptor A	Homo sapiens	Encontrado	https://alphafold.ebi.ac.uk/entry/Q96F46
IL17RA	missense_variant	uncertain significance	138404135	Q96F46	rs138404135	V336I	0.112		Q96F46	Interleukin-17 receptor A	Homo sapiens	Encontrado	https://alphafold.ebi.ac.uk/entry/Q96F46
IL17RA	missense_variant	uncertain significance	138404135	Q96F46	rs138404135	V336I	0.19		Q96F46	Interleukin-17 receptor A	Homo sapiens	Encontrado	https://alphafold.ebi.ac.uk/entry/Q96F46
IL17RA	missense_variant	likely benign	138446583	Q96F46	rs138446583	H471R	0.005		Q96F46	Interleukin-17 receptor A	Homo sapiens	Encontrado	https://alphafold.ebi.ac.uk/entry/Q96F46
IL17RA	missense_variant	likely benign	138446583	Q96F46	rs138446583	H471R	0.86		Q96F46	Interleukin-17 receptor A	Homo sapiens	Encontrado	https://alphafold.ebi.ac.uk/entry/Q96F46
IL17RA	missense_variant		1385636355						Q96F46	Interleukin-17 receptor A	Homo sapiens	Encontrado	https://alphafold.ebi.ac.uk/entry/Q96F46
IL17RA	missense_variant		1388008373						Q96F46	Interleukin-17 receptor A	Homo sapiens	Encontrado	https://alphafold.ebi.ac.uk/entry/Q96F46
IL17RA	missense_variant		1389099960						Q96F46	Interleukin-17 receptor A	Homo sapiens	Encontrado	https://alphafold.ebi.ac.uk/entry/Q96F46
IL17RA	missense_variant		1391459999						Q96F46	Interleukin-17 receptor A	Homo sapiens	Encontrado	https://alphafold.ebi.ac.uk/entry/Q96F46
IL17RA	missense_variant		1393149066						Q96F46	Interleukin-17 receptor A	Homo sapiens	Encontrado	https://alphafold.ebi.ac.uk/entry/Q96F46
IL17RA	missense_variant		1394093753						Q96F46	Interleukin-17 receptor A	Homo sapiens	Encontrado	https://alphafold.ebi.ac.uk/entry/Q96F46
IL17RA	missense_variant		1394760223						Q96F46	Interleukin-17 receptor A	Homo sapiens	Encontrado	https://alphafold.ebi.ac.uk/entry/Q96F46
IL17RA	missense_variant	uncertain significance	139743316	Q96F46	rs139743316	R136K	0.006		Q96F46	Interleukin-17 receptor A	Homo sapiens	Encontrado	https://alphafold.ebi.ac.uk/entry/Q96F46
IL17RA	missense_variant	uncertain significance	139743316	Q96F46	rs139743316	R136K	0.9		Q96F46	Interleukin-17 receptor A	Homo sapiens	Encontrado	https://alphafold.ebi.ac.uk/entry/Q96F46
IL17RA	missense_variant		1397626965						Q96F46	Interleukin-17 receptor A	Homo sapiens	Encontrado	https://alphafold.ebi.ac.uk/entry/Q96F46
IL17RA	missense_variant		1399497688						Q96F46	Interleukin-17 receptor A	Homo sapiens	Encontrado	https://alphafold.ebi.ac.uk/entry/Q96F46
IL17RA	missense_variant	uncertain significance	140221307	Q96F46	rs140221307	W320R	0.973		Q96F46	Interleukin-17 receptor A	Homo sapiens	Encontrado	https://alphafold.ebi.ac.uk/entry/Q96F46
IL17RA	missense_variant	uncertain significance	140221307	Q96F46	rs140221307	W320R	0.0		Q96F46	Interleukin-17 receptor A	Homo sapiens	Encontrado	https://alphafold.ebi.ac.uk/entry/Q96F46
IL17RA	missense_variant	uncertain significance	140367455	Q96F46	rs140367455	R218H	0.329		Q96F46	Interleukin-17 receptor A	Homo sapiens	Encontrado	https://alphafold.ebi.ac.uk/entry/Q96F46
IL17RA	missense_variant	uncertain significance	140367455	Q96F46	rs140367455	R218H	0.26		Q96F46	Interleukin-17 receptor A	Homo sapiens	Encontrado	https://alphafold.ebi.ac.uk/entry/Q96F46
IL17RA	missense_variant		1404104054						Q96F46	Interleukin-17 receptor A	Homo sapiens	Encontrado	https://alphafold.ebi.ac.uk/entry/Q96F46
IL17RA	missense_variant	uncertain significance	1404382349	Q96F46	rs1404382349	E816K	0.0		Q96F46	Interleukin-17 receptor A	Homo sapiens	Encontrado	https://alphafold.ebi.ac.uk/entry/Q96F46
IL17RA	missense_variant	uncertain significance	1404382349	Q96F46	rs1404382349	E816K	0.05		Q96F46	Interleukin-17 receptor A	Homo sapiens	Encontrado	https://alphafold.ebi.ac.uk/entry/Q96F46
IL17RA	missense_variant		1405066148						Q96F46	Interleukin-17 receptor A	Homo sapiens	Encontrado	https://alphafold.ebi.ac.uk/entry/Q96F46
IL17RA	missense_variant		1405456545						Q96F46	Interleukin-17 receptor A	Homo sapiens	Encontrado	https://alphafold.ebi.ac.uk/entry/Q96F46
IL17RA	missense_variant		1407863754						Q96F46	Interleukin-17 receptor A	Homo sapiens	Encontrado	https://alphafold.ebi.ac.uk/entry/Q96F46
IL17RA	missense_variant		1408443834						Q96F46	Interleukin-17 receptor A	Homo sapiens	Encontrado	https://alphafold.ebi.ac.uk/entry/Q96F46
IL17RA	missense_variant	uncertain significance	140868574	Q96F46	rs140868574	E241K	0.13		Q96F46	Interleukin-17 receptor A	Homo sapiens	Encontrado	https://alphafold.ebi.ac.uk/entry/Q96F46
IL17RA	missense_variant	uncertain significance	140868574	Q96F46	rs140868574	E241K	0.16		Q96F46	Interleukin-17 receptor A	Homo sapiens	Encontrado	https://alphafold.ebi.ac.uk/entry/Q96F46
IL17RA	missense_variant	uncertain significance	1410039989						Q96F46	Interleukin-17 receptor A	Homo sapiens	Encontrado	https://alphafold.ebi.ac.uk/entry/Q96F46
IL17RA	missense_variant		1410266278						Q96F46	Interleukin-17 receptor A	Homo sapiens	Encontrado	https://alphafold.ebi.ac.uk/entry/Q96F46
IL17RA	missense_variant		1412028212						Q96F46	Interleukin-17 receptor A	Homo sapiens	Encontrado	https://alphafold.ebi.ac.uk/entry/Q96F46
IL17RA	missense_variant		1414517819						Q96F46	Interleukin-17 receptor A	Homo sapiens	Encontrado	https://alphafold.ebi.ac.uk/entry/Q96F46
IL17RA	missense_variant	uncertain significance	1414561554	Q96F46	rs1414561554	L332P	0.964		Q96F46	Interleukin-17 receptor A	Homo sapiens	Encontrado	https://alphafold.ebi.ac.uk/entry/Q96F46
IL17RA	missense_variant	uncertain significance	1414561554	Q96F46	rs1414561554	L332P	0.0		Q96F46	Interleukin-17 receptor A	Homo sapiens	Encontrado	https://alphafold.ebi.ac.uk/entry/Q96F46
IL17RA	missense_variant	benign	141467790	Q96F46	rs141467790	R278H	0.003		Q96F46	Interleukin-17 receptor A	Homo sapiens	Encontrado	https://alphafold.ebi.ac.uk/entry/Q96F46
IL17RA	missense_variant	benign	141467790	Q96F46	rs141467790	R278H	0.28		Q96F46	Interleukin-17 receptor A	Homo sapiens	Encontrado	https://alphafold.ebi.ac.uk/entry/Q96F46
IL17RA	missense_variant		1415054873						Q96F46	Interleukin-17 receptor A	Homo sapiens	Encontrado	https://alphafold.ebi.ac.uk/entry/Q96F46
IL17RA	missense_variant	uncertain significance	1415141558	Q96F46	rs1415141558	R535H	0.999		Q96F46	Interleukin-17 receptor A	Homo sapiens	Encontrado	https://alphafold.ebi.ac.uk/entry/Q96F46
IL17RA	missense_variant	uncertain significance	1415141558	Q96F46	rs1415141558	R535H	0.02		Q96F46	Interleukin-17 receptor A	Homo sapiens	Encontrado	https://alphafold.ebi.ac.uk/entry/Q96F46
IL17RA	missense_variant		1416810316						Q96F46	Interleukin-17 receptor A	Homo sapiens	Encontrado	https://alphafold.ebi.ac.uk/entry/Q96F46
IL17RA	missense_variant		1418345362						Q96F46	Interleukin-17 receptor A	Homo sapiens	Encontrado	https://alphafold.ebi.ac.uk/entry/Q96F46
IL17RA	missense_variant	uncertain significance	142092933	Q96F46	rs142092933	T408S	0.996		Q96F46	Interleukin-17 receptor A	Homo sapiens	Encontrado	https://alphafold.ebi.ac.uk/entry/Q96F46
IL17RA	missense_variant	uncertain significance	142092933	Q96F46	rs142092933	T408S	0.0		Q96F46	Interleukin-17 receptor A	Homo sapiens	Encontrado	https://alphafold.ebi.ac.uk/entry/Q96F46
IL17RA	missense_variant	uncertain significance	142199303	Q96F46	rs142199303	Q155H	0.495		Q96F46	Interleukin-17 receptor A	Homo sapiens	Encontrado	https://alphafold.ebi.ac.uk/entry/Q96F46
IL17RA	missense_variant	uncertain significance	142199303	Q96F46	rs142199303	Q155H	0.01		Q96F46	Interleukin-17 receptor A	Homo sapiens	Encontrado	https://alphafold.ebi.ac.uk/entry/Q96F46
IL17RA	missense_variant	uncertain significance	1423239651						Q96F46	Interleukin-17 receptor A	Homo sapiens	Encontrado	https://alphafold.ebi.ac.uk/entry/Q96F46
IL17RA	missense_variant		1423244964						Q96F46	Interleukin-17 receptor A	Homo sapiens	Encontrado	https://alphafold.ebi.ac.uk/entry/Q96F46
IL17RA	missense_variant		1423942558						Q96F46	Interleukin-17 receptor A	Homo sapiens	Encontrado	https://alphafold.ebi.ac.uk/entry/Q96F46
IL17RA	missense_variant	uncertain significance	1424925225	Q96F46	rs1424925225	P205L	0.996		Q96F46	Interleukin-17 receptor A	Homo sapiens	Encontrado	https://alphafold.ebi.ac.uk/entry/Q96F46
IL17RA	missense_variant	uncertain significance	1424925225	Q96F46	rs1424925225	P205L	0.0		Q96F46	Interleukin-17 receptor A	Homo sapiens	Encontrado	https://alphafold.ebi.ac.uk/entry/Q96F46
IL17RA	missense_variant		1425048324						Q96F46	Interleukin-17 receptor A	Homo sapiens	Encontrado	https://alphafold.ebi.ac.uk/entry/Q96F46
IL17RA	missense_variant		1425128867						Q96F46	Interleukin-17 receptor A	Homo sapiens	Encontrado	https://alphafold.ebi.ac.uk/entry/Q96F46
IL17RA	missense_variant		1427785922						Q96F46	Interleukin-17 receptor A	Homo sapiens	Encontrado	https://alphafold.ebi.ac.uk/entry/Q96F46
IL17RA	missense_variant	uncertain significance	1429270259	Q96F46	rs1429270259	L19F	0.0		Q96F46	Interleukin-17 receptor A	Homo sapiens	Encontrado	https://alphafold.ebi.ac.uk/entry/Q96F46
IL17RA	missense_variant	uncertain significance	1429270259	Q96F46	rs1429270259	L19F	0.13		Q96F46	Interleukin-17 receptor A	Homo sapiens	Encontrado	https://alphafold.ebi.ac.uk/entry/Q96F46
IL17RA	missense_variant		1429359444						Q96F46	Interleukin-17 receptor A	Homo sapiens	Encontrado	https://alphafold.ebi.ac.uk/entry/Q96F46
IL17RA	missense_variant		1430023191						Q96F46	Interleukin-17 receptor A	Homo sapiens	Encontrado	https://alphafold.ebi.ac.uk/entry/Q96F46
IL17RA	missense_variant	uncertain significance	143008696	Q96F46	rs143008696	T51M	0.499		Q96F46	Interleukin-17 receptor A	Homo sapiens	Encontrado	https://alphafold.ebi.ac.uk/entry/Q96F46
IL17RA	missense_variant	uncertain significance	143008696	Q96F46	rs143008696	T51M	0.17		Q96F46	Interleukin-17 receptor A	Homo sapiens	Encontrado	https://alphafold.ebi.ac.uk/entry/Q96F46
IL17RA	missense_variant		1430226715						Q96F46	Interleukin-17 receptor A	Homo sapiens	Encontrado	https://alphafold.ebi.ac.uk/entry/Q96F46
IL17RA	missense_variant	likely benign	143198423	Q96F46	rs143198423	D75N	0.0		Q96F46	Interleukin-17 receptor A	Homo sapiens	Encontrado	https://alphafold.ebi.ac.uk/entry/Q96F46
IL17RA	missense_variant	likely benign	143198423	Q96F46	rs143198423	D75N	0.28		Q96F46	Interleukin-17 receptor A	Homo sapiens	Encontrado	https://alphafold.ebi.ac.uk/entry/Q96F46
IL17RA	missense_variant	uncertain significance	1432571501	Q96F46	rs1432571501	F479L	0.996		Q96F46	Interleukin-17 receptor A	Homo sapiens	Encontrado	https://alphafold.ebi.ac.uk/entry/Q96F46
IL17RA	missense_variant	uncertain significance	1432571501	Q96F46	rs1432571501	F479L	0.0		Q96F46	Interleukin-17 receptor A	Homo sapiens	Encontrado	https://alphafold.ebi.ac.uk/entry/Q96F46
IL17RA	missense_variant	uncertain significance	1433880642	Q96F46	rs1433880642	M240V	0.003		Q96F46	Interleukin-17 receptor A	Homo sapiens	Encontrado	https://alphafold.ebi.ac.uk/entry/Q96F46
IL17RA	missense_variant	uncertain significance	1433880642	Q96F46	rs1433880642	M240V	0.28		Q96F46	Interleukin-17 receptor A	Homo sapiens	Encontrado	https://alphafold.ebi.ac.uk/entry/Q96F46
IL17RA	missense_variant		1434161027						Q96F46	Interleukin-17 receptor A	Homo sapiens	Encontrado	https://alphafold.ebi.ac.uk/entry/Q96F46
IL17RA	missense_variant		1434362620						Q96F46	Interleukin-17 receptor A	Homo sapiens	Encontrado	https://alphafold.ebi.ac.uk/entry/Q96F46
IL17RA	missense_variant	uncertain significance, likely benign	143652002	Q96F46	rs143652002	P7L	0.0		Q96F46	Interleukin-17 receptor A	Homo sapiens	Encontrado	https://alphafold.ebi.ac.uk/entry/Q96F46
IL17RA	missense_variant	uncertain significance, likely benign	143652002	Q96F46	rs143652002	P7L	0.32		Q96F46	Interleukin-17 receptor A	Homo sapiens	Encontrado	https://alphafold.ebi.ac.uk/entry/Q96F46
IL17RA	missense_variant	uncertain significance	143897670	Q96F46	rs143897670	G349A	0.666		Q96F46	Interleukin-17 receptor A	Homo sapiens	Encontrado	https://alphafold.ebi.ac.uk/entry/Q96F46
IL17RA	missense_variant	uncertain significance	143897670	Q96F46	rs143897670	G349A	0.15		Q96F46	Interleukin-17 receptor A	Homo sapiens	Encontrado	https://alphafold.ebi.ac.uk/entry/Q96F46
IL17RA	missense_variant		1440204541						Q96F46	Interleukin-17 receptor A	Homo sapiens	Encontrado	https://alphafold.ebi.ac.uk/entry/Q96F46
IL17RA	missense_variant	uncertain significance	144085995	Q96F46	rs144085995	E226K	0.965		Q96F46	Interleukin-17 receptor A	Homo sapiens	Encontrado	https://alphafold.ebi.ac.uk/entry/Q96F46
IL17RA	missense_variant	uncertain significance	144085995	Q96F46	rs144085995	E226K	0.03		Q96F46	Interleukin-17 receptor A	Homo sapiens	Encontrado	https://alphafold.ebi.ac.uk/entry/Q96F46
IL17RA	missense_variant	uncertain significance	144085995	Q96F46	rs144085995	E226Q	0.976		Q96F46	Interleukin-17 receptor A	Homo sapiens	Encontrado	https://alphafold.ebi.ac.uk/entry/Q96F46
IL17RA	missense_variant	uncertain significance	144085995	Q96F46	rs144085995	E226Q	0.01		Q96F46	Interleukin-17 receptor A	Homo sapiens	Encontrado	https://alphafold.ebi.ac.uk/entry/Q96F46
IL17RA	missense_variant		1440973636						Q96F46	Interleukin-17 receptor A	Homo sapiens	Encontrado	https://alphafold.ebi.ac.uk/entry/Q96F46
IL17RA	missense_variant		1441476450						Q96F46	Interleukin-17 receptor A	Homo sapiens	Encontrado	https://alphafold.ebi.ac.uk/entry/Q96F46
IL17RA	missense_variant	uncertain significance	1444953023	Q96F46	rs1444953023	L748F	0.998		Q96F46	Interleukin-17 receptor A	Homo sapiens	Encontrado	https://alphafold.ebi.ac.uk/entry/Q96F46
IL17RA	missense_variant	uncertain significance	1444953023	Q96F46	rs1444953023	L748F	0.0		Q96F46	Interleukin-17 receptor A	Homo sapiens	Encontrado	https://alphafold.ebi.ac.uk/entry/Q96F46
IL17RA	missense_variant	uncertain significance	1445798719	Q96F46	rs1445798719	N557S	0.013		Q96F46	Interleukin-17 receptor A	Homo sapiens	Encontrado	https://alphafold.ebi.ac.uk/entry/Q96F46
IL17RA	missense_variant	uncertain significance	1445798719	Q96F46	rs1445798719	N557S	0.05		Q96F46	Interleukin-17 receptor A	Homo sapiens	Encontrado	https://alphafold.ebi.ac.uk/entry/Q96F46
IL17RA	missense_variant	uncertain significance	1445816700	Q96F46	rs1445816700	Q849R	0.0		Q96F46	Interleukin-17 receptor A	Homo sapiens	Encontrado	https://alphafold.ebi.ac.uk/entry/Q96F46
IL17RA	missense_variant	uncertain significance	1445816700	Q96F46	rs1445816700	Q849R	0.06		Q96F46	Interleukin-17 receptor A	Homo sapiens	Encontrado	https://alphafold.ebi.ac.uk/entry/Q96F46
IL17RA	missense_variant		1446576074						Q96F46	Interleukin-17 receptor A	Homo sapiens	Encontrado	https://alphafold.ebi.ac.uk/entry/Q96F46
IL17RA	missense_variant		1446930779						Q96F46	Interleukin-17 receptor A	Homo sapiens	Encontrado	https://alphafold.ebi.ac.uk/entry/Q96F46
IL17RA	missense_variant		1448424666						Q96F46	Interleukin-17 receptor A	Homo sapiens	Encontrado	https://alphafold.ebi.ac.uk/entry/Q96F46
IL17RA	missense_variant		1449114324						Q96F46	Interleukin-17 receptor A	Homo sapiens	Encontrado	https://alphafold.ebi.ac.uk/entry/Q96F46
IL17RA	missense_variant		1449333436						Q96F46	Interleukin-17 receptor A	Homo sapiens	Encontrado	https://alphafold.ebi.ac.uk/entry/Q96F46
IL17RA	missense_variant	uncertain significance	1450910603	Q96F46	rs1450910603	G766E	0.0		Q96F46	Interleukin-17 receptor A	Homo sapiens	Encontrado	https://alphafold.ebi.ac.uk/entry/Q96F46
IL17RA	missense_variant	uncertain significance	1450910603	Q96F46	rs1450910603	G766E	1.0		Q96F46	Interleukin-17 receptor A	Homo sapiens	Encontrado	https://alphafold.ebi.ac.uk/entry/Q96F46
IL17RA	missense_variant	uncertain significance	1451038504	Q96F46	rs1451038504	P612L	0.998		Q96F46	Interleukin-17 receptor A	Homo sapiens	Encontrado	https://alphafold.ebi.ac.uk/entry/Q96F46
IL17RA	missense_variant	uncertain significance	1451038504	Q96F46	rs1451038504	P612L	0.06		Q96F46	Interleukin-17 receptor A	Homo sapiens	Encontrado	https://alphafold.ebi.ac.uk/entry/Q96F46
IL17RA	missense_variant	uncertain significance	1451038504	Q96F46	rs1451038504	P612R	0.998		Q96F46	Interleukin-17 receptor A	Homo sapiens	Encontrado	https://alphafold.ebi.ac.uk/entry/Q96F46
IL17RA	missense_variant	uncertain significance	1451038504	Q96F46	rs1451038504	P612R	0.02		Q96F46	Interleukin-17 receptor A	Homo sapiens	Encontrado	https://alphafold.ebi.ac.uk/entry/Q96F46
IL17RA	missense_variant	uncertain significance	1453480856	Q96F46	rs1453480856	E641Q	0.285		Q96F46	Interleukin-17 receptor A	Homo sapiens	Encontrado	https://alphafold.ebi.ac.uk/entry/Q96F46
IL17RA	missense_variant	uncertain significance	1453480856	Q96F46	rs1453480856	E641Q	0.25		Q96F46	Interleukin-17 receptor A	Homo sapiens	Encontrado	https://alphafold.ebi.ac.uk/entry/Q96F46
IL17RA	missense_variant	uncertain significance	145378071	Q96F46	rs145378071	R143C	0.969		Q96F46	Interleukin-17 receptor A	Homo sapiens	Encontrado	https://alphafold.ebi.ac.uk/entry/Q96F46
IL17RA	missense_variant	uncertain significance	145378071	Q96F46	rs145378071	R143C	0.01		Q96F46	Interleukin-17 receptor A	Homo sapiens	Encontrado	https://alphafold.ebi.ac.uk/entry/Q96F46
IL17RA	missense_variant		1454334065						Q96F46	Interleukin-17 receptor A	Homo sapiens	Encontrado	https://alphafold.ebi.ac.uk/entry/Q96F46
IL17RA	missense_variant		1454981530						Q96F46	Interleukin-17 receptor A	Homo sapiens	Encontrado	https://alphafold.ebi.ac.uk/entry/Q96F46
IL17RA	missense_variant	uncertain significance	145526959	Q96F46	rs145526959	S726A	0.015		Q96F46	Interleukin-17 receptor A	Homo sapiens	Encontrado	https://alphafold.ebi.ac.uk/entry/Q96F46
IL17RA	missense_variant	uncertain significance	145526959	Q96F46	rs145526959	S726A	0.59		Q96F46	Interleukin-17 receptor A	Homo sapiens	Encontrado	https://alphafold.ebi.ac.uk/entry/Q96F46
IL17RA	missense_variant		1456279112						Q96F46	Interleukin-17 receptor A	Homo sapiens	Encontrado	https://alphafold.ebi.ac.uk/entry/Q96F46
IL17RA	missense_variant		1456704788						Q96F46	Interleukin-17 receptor A	Homo sapiens	Encontrado	https://alphafold.ebi.ac.uk/entry/Q96F46
IL17RA	missense_variant		1456909210						Q96F46	Interleukin-17 receptor A	Homo sapiens	Encontrado	https://alphafold.ebi.ac.uk/entry/Q96F46
IL17RA	missense_variant		1457603223						Q96F46	Interleukin-17 receptor A	Homo sapiens	Encontrado	https://alphafold.ebi.ac.uk/entry/Q96F46
IL17RA	missense_variant		1459797725						Q96F46	Interleukin-17 receptor A	Homo sapiens	Encontrado	https://alphafold.ebi.ac.uk/entry/Q96F46
IL17RA	missense_variant		146002484						Q96F46	Interleukin-17 receptor A	Homo sapiens	Encontrado	https://alphafold.ebi.ac.uk/entry/Q96F46
IL17RA	missense_variant		1462090713						Q96F46	Interleukin-17 receptor A	Homo sapiens	Encontrado	https://alphafold.ebi.ac.uk/entry/Q96F46
IL17RA	missense_variant	uncertain significance	1462952056	Q96F46	rs1462952056	L836P	0.993		Q96F46	Interleukin-17 receptor A	Homo sapiens	Encontrado	https://alphafold.ebi.ac.uk/entry/Q96F46
IL17RA	missense_variant	uncertain significance	1462952056	Q96F46	rs1462952056	L836P	0.0		Q96F46	Interleukin-17 receptor A	Homo sapiens	Encontrado	https://alphafold.ebi.ac.uk/entry/Q96F46
IL17RA	missense_variant		1464301866						Q96F46	Interleukin-17 receptor A	Homo sapiens	Encontrado	https://alphafold.ebi.ac.uk/entry/Q96F46
IL17RA	missense_variant		1464532223						Q96F46	Interleukin-17 receptor A	Homo sapiens	Encontrado	https://alphafold.ebi.ac.uk/entry/Q96F46
IL17RA	missense_variant	uncertain significance	1464593132						Q96F46	Interleukin-17 receptor A	Homo sapiens	Encontrado	https://alphafold.ebi.ac.uk/entry/Q96F46
IL17RA	missense_variant	uncertain significance, likely benign	146478431	Q96F46	rs146478431	V392L	0.997		Q96F46	Interleukin-17 receptor A	Homo sapiens	Encontrado	https://alphafold.ebi.ac.uk/entry/Q96F46
IL17RA	missense_variant	uncertain significance, likely benign	146478431	Q96F46	rs146478431	V392L	0.01		Q96F46	Interleukin-17 receptor A	Homo sapiens	Encontrado	https://alphafold.ebi.ac.uk/entry/Q96F46
IL17RA	missense_variant	uncertain significance	1465132286	Q96F46	rs1465132286	R468C	0.999		Q96F46	Interleukin-17 receptor A	Homo sapiens	Encontrado	https://alphafold.ebi.ac.uk/entry/Q96F46
IL17RA	missense_variant	uncertain significance	1465132286	Q96F46	rs1465132286	R468C	0.02		Q96F46	Interleukin-17 receptor A	Homo sapiens	Encontrado	https://alphafold.ebi.ac.uk/entry/Q96F46
IL17RA	missense_variant		1465825134						Q96F46	Interleukin-17 receptor A	Homo sapiens	Encontrado	https://alphafold.ebi.ac.uk/entry/Q96F46
IL17RA	missense_variant	uncertain significance	1468777104	Q96F46	rs1468777104	A631T	0.017		Q96F46	Interleukin-17 receptor A	Homo sapiens	Encontrado	https://alphafold.ebi.ac.uk/entry/Q96F46
IL17RA	missense_variant	uncertain significance	1468777104	Q96F46	rs1468777104	A631T	0.2		Q96F46	Interleukin-17 receptor A	Homo sapiens	Encontrado	https://alphafold.ebi.ac.uk/entry/Q96F46
IL17RA	missense_variant		1468942722						Q96F46	Interleukin-17 receptor A	Homo sapiens	Encontrado	https://alphafold.ebi.ac.uk/entry/Q96F46
IL17RA	missense_variant		1469722582						Q96F46	Interleukin-17 receptor A	Homo sapiens	Encontrado	https://alphafold.ebi.ac.uk/entry/Q96F46
IL17RA	missense_variant	likely benign	1470108250						Q96F46	Interleukin-17 receptor A	Homo sapiens	Encontrado	https://alphafold.ebi.ac.uk/entry/Q96F46
IL17RA	missense_variant		1470802868	Q96F46	rs1470802868	R141W	0.981		Q96F46	Interleukin-17 receptor A	Homo sapiens	Encontrado	https://alphafold.ebi.ac.uk/entry/Q96F46
IL17RA	missense_variant		1470802868	Q96F46	rs1470802868	R141W	0.0		Q96F46	Interleukin-17 receptor A	Homo sapiens	Encontrado	https://alphafold.ebi.ac.uk/entry/Q96F46
IL17RA	missense_variant		1470802868	Q96F46	rs1470802868	R141W	0.97		Q96F46	Interleukin-17 receptor A	Homo sapiens	Encontrado	https://alphafold.ebi.ac.uk/entry/Q96F46
IL17RA	missense_variant		1470802868	Q96F46	rs1470802868	R141W	0.0		Q96F46	Interleukin-17 receptor A	Homo sapiens	Encontrado	https://alphafold.ebi.ac.uk/entry/Q96F46
IL17RA	missense_variant		147093270						Q96F46	Interleukin-17 receptor A	Homo sapiens	Encontrado	https://alphafold.ebi.ac.uk/entry/Q96F46
IL17RA	missense_variant		1471204985						Q96F46	Interleukin-17 receptor A	Homo sapiens	Encontrado	https://alphafold.ebi.ac.uk/entry/Q96F46
IL17RA	missense_variant		147125372						Q96F46	Interleukin-17 receptor A	Homo sapiens	Encontrado	https://alphafold.ebi.ac.uk/entry/Q96F46
IL17RA	missense_variant	uncertain significance	147495146	Q96F46	rs147495146	V93M	0.742		Q96F46	Interleukin-17 receptor A	Homo sapiens	Encontrado	https://alphafold.ebi.ac.uk/entry/Q96F46
IL17RA	missense_variant	uncertain significance	147495146	Q96F46	rs147495146	V93M	0.0		Q96F46	Interleukin-17 receptor A	Homo sapiens	Encontrado	https://alphafold.ebi.ac.uk/entry/Q96F46
IL17RA	missense_variant	uncertain significance	147554210	Q96F46	rs147554210	P778S	0.107		Q96F46	Interleukin-17 receptor A	Homo sapiens	Encontrado	https://alphafold.ebi.ac.uk/entry/Q96F46
IL17RA	missense_variant	uncertain significance	147554210	Q96F46	rs147554210	P778S	0.68		Q96F46	Interleukin-17 receptor A	Homo sapiens	Encontrado	https://alphafold.ebi.ac.uk/entry/Q96F46
IL17RA	missense_variant	uncertain significance	147554210	Q96F46	rs147554210	P778S	0.111		Q96F46	Interleukin-17 receptor A	Homo sapiens	Encontrado	https://alphafold.ebi.ac.uk/entry/Q96F46
IL17RA	missense_variant	uncertain significance	147554210	Q96F46	rs147554210	P778S	0.4		Q96F46	Interleukin-17 receptor A	Homo sapiens	Encontrado	https://alphafold.ebi.ac.uk/entry/Q96F46
IL17RA	missense_variant		1476884977						Q96F46	Interleukin-17 receptor A	Homo sapiens	Encontrado	https://alphafold.ebi.ac.uk/entry/Q96F46
IL17RA	missense_variant		1479647846						Q96F46	Interleukin-17 receptor A	Homo sapiens	Encontrado	https://alphafold.ebi.ac.uk/entry/Q96F46
IL17RA	missense_variant	uncertain significance	147965632	Q96F46	rs147965632	G460D	1.0		Q96F46	Interleukin-17 receptor A	Homo sapiens	Encontrado	https://alphafold.ebi.ac.uk/entry/Q96F46
IL17RA	missense_variant	uncertain significance	147965632	Q96F46	rs147965632	G460D	0.02		Q96F46	Interleukin-17 receptor A	Homo sapiens	Encontrado	https://alphafold.ebi.ac.uk/entry/Q96F46
IL17RA	missense_variant		1479941034						Q96F46	Interleukin-17 receptor A	Homo sapiens	Encontrado	https://alphafold.ebi.ac.uk/entry/Q96F46
IL17RA	missense_variant		1480563206						Q96F46	Interleukin-17 receptor A	Homo sapiens	Encontrado	https://alphafold.ebi.ac.uk/entry/Q96F46
IL17RA	missense_variant		1482097231						Q96F46	Interleukin-17 receptor A	Homo sapiens	Encontrado	https://alphafold.ebi.ac.uk/entry/Q96F46
IL17RA	missense_variant		1483146972						Q96F46	Interleukin-17 receptor A	Homo sapiens	Encontrado	https://alphafold.ebi.ac.uk/entry/Q96F46
IL17RA	missense_variant	uncertain significance	1484059759	Q96F46	rs1484059759	P685T	0.127		Q96F46	Interleukin-17 receptor A	Homo sapiens	Encontrado	https://alphafold.ebi.ac.uk/entry/Q96F46
IL17RA	missense_variant	uncertain significance	1484059759	Q96F46	rs1484059759	P685T	0.01		Q96F46	Interleukin-17 receptor A	Homo sapiens	Encontrado	https://alphafold.ebi.ac.uk/entry/Q96F46
IL17RA	missense_variant	uncertain significance	1486018314	Q96F46	rs1486018314	E814G	0.0		Q96F46	Interleukin-17 receptor A	Homo sapiens	Encontrado	https://alphafold.ebi.ac.uk/entry/Q96F46
IL17RA	missense_variant	uncertain significance	1486018314	Q96F46	rs1486018314	E814G	0.05		Q96F46	Interleukin-17 receptor A	Homo sapiens	Encontrado	https://alphafold.ebi.ac.uk/entry/Q96F46
IL17RA	missense_variant	uncertain significance, likely benign	148692192	Q96F46	rs148692192	D152E	0.0		Q96F46	Interleukin-17 receptor A	Homo sapiens	Encontrado	https://alphafold.ebi.ac.uk/entry/Q96F46
IL17RA	missense_variant	uncertain significance, likely benign	148692192	Q96F46	rs148692192	D152E	1.0		Q96F46	Interleukin-17 receptor A	Homo sapiens	Encontrado	https://alphafold.ebi.ac.uk/entry/Q96F46
IL17RA	missense_variant	uncertain significance	1487564476	Q96F46	rs1487564476	R449H	0.999		Q96F46	Interleukin-17 receptor A	Homo sapiens	Encontrado	https://alphafold.ebi.ac.uk/entry/Q96F46
IL17RA	missense_variant	uncertain significance	1487564476	Q96F46	rs1487564476	R449H	0.04		Q96F46	Interleukin-17 receptor A	Homo sapiens	Encontrado	https://alphafold.ebi.ac.uk/entry/Q96F46
IL17RA	missense_variant	uncertain significance	1487756841	Q96F46	rs1487756841	P28L	0.0		Q96F46	Interleukin-17 receptor A	Homo sapiens	Encontrado	https://alphafold.ebi.ac.uk/entry/Q96F46
IL17RA	missense_variant	uncertain significance	1487756841	Q96F46	rs1487756841	P28L	0.19		Q96F46	Interleukin-17 receptor A	Homo sapiens	Encontrado	https://alphafold.ebi.ac.uk/entry/Q96F46
IL17RA	missense_variant		1488131655						Q96F46	Interleukin-17 receptor A	Homo sapiens	Encontrado	https://alphafold.ebi.ac.uk/entry/Q96F46
IL17RA	missense_variant	uncertain significance	1490180198	Q96F46	rs1490180198	A661V	0.005		Q96F46	Interleukin-17 receptor A	Homo sapiens	Encontrado	https://alphafold.ebi.ac.uk/entry/Q96F46
IL17RA	missense_variant	uncertain significance	1490180198	Q96F46	rs1490180198	A661V	0.32		Q96F46	Interleukin-17 receptor A	Homo sapiens	Encontrado	https://alphafold.ebi.ac.uk/entry/Q96F46
IL17RA	missense_variant	uncertain significance	1490955421	Q96F46	rs1490955421	A27D	0.0		Q96F46	Interleukin-17 receptor A	Homo sapiens	Encontrado	https://alphafold.ebi.ac.uk/entry/Q96F46
IL17RA	missense_variant	uncertain significance	1490955421	Q96F46	rs1490955421	A27D	0.03		Q96F46	Interleukin-17 receptor A	Homo sapiens	Encontrado	https://alphafold.ebi.ac.uk/entry/Q96F46
IL17RA	missense_variant		149220878						Q96F46	Interleukin-17 receptor A	Homo sapiens	Encontrado	https://alphafold.ebi.ac.uk/entry/Q96F46
IL17RA	missense_variant	uncertain significance	149717999	Q96F46	rs149717999	E724K	0.248		Q96F46	Interleukin-17 receptor A	Homo sapiens	Encontrado	https://alphafold.ebi.ac.uk/entry/Q96F46
IL17RA	missense_variant	uncertain significance	149717999	Q96F46	rs149717999	E724K	0.08		Q96F46	Interleukin-17 receptor A	Homo sapiens	Encontrado	https://alphafold.ebi.ac.uk/entry/Q96F46
IL17RA	missense_variant	uncertain significance	149771513	Q96F46	rs149771513	D363N	0.005		Q96F46	Interleukin-17 receptor A	Homo sapiens	Encontrado	https://alphafold.ebi.ac.uk/entry/Q96F46
IL17RA	missense_variant	uncertain significance	149771513	Q96F46	rs149771513	D363N	0.18		Q96F46	Interleukin-17 receptor A	Homo sapiens	Encontrado	https://alphafold.ebi.ac.uk/entry/Q96F46
IL17RA	missense_variant	uncertain significance	150290858						Q96F46	Interleukin-17 receptor A	Homo sapiens	Encontrado	https://alphafold.ebi.ac.uk/entry/Q96F46
IL17RA	missense_variant		150618101						Q96F46	Interleukin-17 receptor A	Homo sapiens	Encontrado	https://alphafold.ebi.ac.uk/entry/Q96F46
IL17RA	missense_variant	uncertain significance	151166583	Q96F46	rs151166583	A411V	0.89		Q96F46	Interleukin-17 receptor A	Homo sapiens	Encontrado	https://alphafold.ebi.ac.uk/entry/Q96F46
IL17RA	missense_variant	uncertain significance	151166583	Q96F46	rs151166583	A411V	0.16		Q96F46	Interleukin-17 receptor A	Homo sapiens	Encontrado	https://alphafold.ebi.ac.uk/entry/Q96F46
IL17RA	missense_variant	uncertain significance	151220068	Q96F46	rs151220068	T194M	0.536		Q96F46	Interleukin-17 receptor A	Homo sapiens	Encontrado	https://alphafold.ebi.ac.uk/entry/Q96F46
IL17RA	missense_variant	uncertain significance	151220068	Q96F46	rs151220068	T194M	0.12		Q96F46	Interleukin-17 receptor A	Homo sapiens	Encontrado	https://alphafold.ebi.ac.uk/entry/Q96F46
IL17RA	missense_variant	uncertain significance	151220068	Q96F46	rs151220068	T194M	0.596		Q96F46	Interleukin-17 receptor A	Homo sapiens	Encontrado	https://alphafold.ebi.ac.uk/entry/Q96F46
IL17RA	missense_variant	uncertain significance	151220068	Q96F46	rs151220068	T194M	0.12		Q96F46	Interleukin-17 receptor A	Homo sapiens	Encontrado	https://alphafold.ebi.ac.uk/entry/Q96F46
IL17RA	missense_variant		151315255						Q96F46	Interleukin-17 receptor A	Homo sapiens	Encontrado	https://alphafold.ebi.ac.uk/entry/Q96F46
IL17RA	missense_variant		1568914031						Q96F46	Interleukin-17 receptor A	Homo sapiens	Encontrado	https://alphafold.ebi.ac.uk/entry/Q96F46
IL17RA	missense_variant		1568914083						Q96F46	Interleukin-17 receptor A	Homo sapiens	Encontrado	https://alphafold.ebi.ac.uk/entry/Q96F46
IL17RA	missense_variant		1568918537						Q96F46	Interleukin-17 receptor A	Homo sapiens	Encontrado	https://alphafold.ebi.ac.uk/entry/Q96F46
IL17RA	missense_variant		1568918547						Q96F46	Interleukin-17 receptor A	Homo sapiens	Encontrado	https://alphafold.ebi.ac.uk/entry/Q96F46
IL17RA	missense_variant		1568918567						Q96F46	Interleukin-17 receptor A	Homo sapiens	Encontrado	https://alphafold.ebi.ac.uk/entry/Q96F46
IL17RA	missense_variant		1568919004						Q96F46	Interleukin-17 receptor A	Homo sapiens	Encontrado	https://alphafold.ebi.ac.uk/entry/Q96F46
IL17RA	missense_variant		1568919008						Q96F46	Interleukin-17 receptor A	Homo sapiens	Encontrado	https://alphafold.ebi.ac.uk/entry/Q96F46
IL17RA	missense_variant	uncertain significance	1568920472	Q96F46	rs1568920472	T222N	0.179		Q96F46	Interleukin-17 receptor A	Homo sapiens	Encontrado	https://alphafold.ebi.ac.uk/entry/Q96F46
IL17RA	missense_variant	uncertain significance	1568920472	Q96F46	rs1568920472	T222N	0.93		Q96F46	Interleukin-17 receptor A	Homo sapiens	Encontrado	https://alphafold.ebi.ac.uk/entry/Q96F46
IL17RA	missense_variant	uncertain significance	1568923119	Q96F46	rs1568923119	A368T	0.005		Q96F46	Interleukin-17 receptor A	Homo sapiens	Encontrado	https://alphafold.ebi.ac.uk/entry/Q96F46
IL17RA	missense_variant	uncertain significance	1568923119	Q96F46	rs1568923119	A368T	0.77		Q96F46	Interleukin-17 receptor A	Homo sapiens	Encontrado	https://alphafold.ebi.ac.uk/entry/Q96F46
IL17RA	missense_variant		1568923232						Q96F46	Interleukin-17 receptor A	Homo sapiens	Encontrado	https://alphafold.ebi.ac.uk/entry/Q96F46
IL17RA	missense_variant		1568923390						Q96F46	Interleukin-17 receptor A	Homo sapiens	Encontrado	https://alphafold.ebi.ac.uk/entry/Q96F46
IL17RA	missense_variant		1568923436						Q96F46	Interleukin-17 receptor A	Homo sapiens	Encontrado	https://alphafold.ebi.ac.uk/entry/Q96F46
IL17RA	missense_variant		1568923752						Q96F46	Interleukin-17 receptor A	Homo sapiens	Encontrado	https://alphafold.ebi.ac.uk/entry/Q96F46
IL17RA	missense_variant		1568923892						Q96F46	Interleukin-17 receptor A	Homo sapiens	Encontrado	https://alphafold.ebi.ac.uk/entry/Q96F46
IL17RA	missense_variant		1568924213						Q96F46	Interleukin-17 receptor A	Homo sapiens	Encontrado	https://alphafold.ebi.ac.uk/entry/Q96F46
IL17RA	missense_variant	uncertain significance	1568924302	Q96F46	rs1568924302	G767D	0.192		Q96F46	Interleukin-17 receptor A	Homo sapiens	Encontrado	https://alphafold.ebi.ac.uk/entry/Q96F46
IL17RA	missense_variant	uncertain significance	1568924302	Q96F46	rs1568924302	G767D	0.63		Q96F46	Interleukin-17 receptor A	Homo sapiens	Encontrado	https://alphafold.ebi.ac.uk/entry/Q96F46
IL17RA	missense_variant	uncertain significance, likely benign	1568924494	Q96F46	rs1568924494	L826V	0.015		Q96F46	Interleukin-17 receptor A	Homo sapiens	Encontrado	https://alphafold.ebi.ac.uk/entry/Q96F46
IL17RA	missense_variant	uncertain significance, likely benign	1568924494	Q96F46	rs1568924494	L826V	0.45		Q96F46	Interleukin-17 receptor A	Homo sapiens	Encontrado	https://alphafold.ebi.ac.uk/entry/Q96F46
IL17RA	missense_variant	uncertain significance	1601332814						Q96F46	Interleukin-17 receptor A	Homo sapiens	Encontrado	https://alphafold.ebi.ac.uk/entry/Q96F46
IL17RA	missense_variant		1601332920						Q96F46	Interleukin-17 receptor A	Homo sapiens	Encontrado	https://alphafold.ebi.ac.uk/entry/Q96F46
IL17RA	missense_variant		1601341741						Q96F46	Interleukin-17 receptor A	Homo sapiens	Encontrado	https://alphafold.ebi.ac.uk/entry/Q96F46
IL17RA	missense_variant		1601343117						Q96F46	Interleukin-17 receptor A	Homo sapiens	Encontrado	https://alphafold.ebi.ac.uk/entry/Q96F46
IL17RA	missense_variant		1601344285						Q96F46	Interleukin-17 receptor A	Homo sapiens	Encontrado	https://alphafold.ebi.ac.uk/entry/Q96F46
IL17RA	missense_variant		1601344299						Q96F46	Interleukin-17 receptor A	Homo sapiens	Encontrado	https://alphafold.ebi.ac.uk/entry/Q96F46
IL17RA	missense_variant	uncertain significance	1601344417	Q96F46	rs1601344417	H250R	0.0		Q96F46	Interleukin-17 receptor A	Homo sapiens	Encontrado	https://alphafold.ebi.ac.uk/entry/Q96F46
IL17RA	missense_variant	uncertain significance	1601344417	Q96F46	rs1601344417	H250R	0.4		Q96F46	Interleukin-17 receptor A	Homo sapiens	Encontrado	https://alphafold.ebi.ac.uk/entry/Q96F46
IL17RA	missense_variant	uncertain significance	1601345228	Q96F46	rs1601345228	R271Q	0.0		Q96F46	Interleukin-17 receptor A	Homo sapiens	Encontrado	https://alphafold.ebi.ac.uk/entry/Q96F46
IL17RA	missense_variant	uncertain significance	1601345228	Q96F46	rs1601345228	R271Q	0.26		Q96F46	Interleukin-17 receptor A	Homo sapiens	Encontrado	https://alphafold.ebi.ac.uk/entry/Q96F46
IL17RA	missense_variant		1601346536						Q96F46	Interleukin-17 receptor A	Homo sapiens	Encontrado	https://alphafold.ebi.ac.uk/entry/Q96F46
IL17RA	missense_variant		1601349149						Q96F46	Interleukin-17 receptor A	Homo sapiens	Encontrado	https://alphafold.ebi.ac.uk/entry/Q96F46
IL17RA	missense_variant	uncertain significance	1601349199	Q96F46	rs1601349199	P374S	0.925		Q96F46	Interleukin-17 receptor A	Homo sapiens	Encontrado	https://alphafold.ebi.ac.uk/entry/Q96F46
IL17RA	missense_variant	uncertain significance	1601349199	Q96F46	rs1601349199	P374S	0.09		Q96F46	Interleukin-17 receptor A	Homo sapiens	Encontrado	https://alphafold.ebi.ac.uk/entry/Q96F46
IL17RA	missense_variant		1601349910						Q96F46	Interleukin-17 receptor A	Homo sapiens	Encontrado	https://alphafold.ebi.ac.uk/entry/Q96F46
IL17RA	missense_variant		1601349974						Q96F46	Interleukin-17 receptor A	Homo sapiens	Encontrado	https://alphafold.ebi.ac.uk/entry/Q96F46
IL17RA	missense_variant		1601350473						Q96F46	Interleukin-17 receptor A	Homo sapiens	Encontrado	https://alphafold.ebi.ac.uk/entry/Q96F46
IL17RA	missense_variant		1601350543						Q96F46	Interleukin-17 receptor A	Homo sapiens	Encontrado	https://alphafold.ebi.ac.uk/entry/Q96F46
IL17RA	missense_variant		1601351131						Q96F46	Interleukin-17 receptor A	Homo sapiens	Encontrado	https://alphafold.ebi.ac.uk/entry/Q96F46
IL17RA	missense_variant	uncertain significance	1601351180	Q96F46	rs1601351180	E810K	0.265		Q96F46	Interleukin-17 receptor A	Homo sapiens	Encontrado	https://alphafold.ebi.ac.uk/entry/Q96F46
IL17RA	missense_variant	uncertain significance	1601351180	Q96F46	rs1601351180	E810K	0.01		Q96F46	Interleukin-17 receptor A	Homo sapiens	Encontrado	https://alphafold.ebi.ac.uk/entry/Q96F46
IL17RA	missense_variant		1601351212						Q96F46	Interleukin-17 receptor A	Homo sapiens	Encontrado	https://alphafold.ebi.ac.uk/entry/Q96F46
IL17RA	missense_variant		1601351358						Q96F46	Interleukin-17 receptor A	Homo sapiens	Encontrado	https://alphafold.ebi.ac.uk/entry/Q96F46
IL17RA	missense_variant	uncertain significance	17850765						Q96F46	Interleukin-17 receptor A	Homo sapiens	Encontrado	https://alphafold.ebi.ac.uk/entry/Q96F46
IL17RA	missense_variant	benign	180787596	Q96F46	rs180787596	H297Y	0.003		Q96F46	Interleukin-17 receptor A	Homo sapiens	Encontrado	https://alphafold.ebi.ac.uk/entry/Q96F46
IL17RA	missense_variant	benign	180787596	Q96F46	rs180787596	H297Y	0.09		Q96F46	Interleukin-17 receptor A	Homo sapiens	Encontrado	https://alphafold.ebi.ac.uk/entry/Q96F46
IL17RA	missense_variant	uncertain significance	181468995	Q96F46	rs181468995	A680S	0.35		Q96F46	Interleukin-17 receptor A	Homo sapiens	Encontrado	https://alphafold.ebi.ac.uk/entry/Q96F46
IL17RA	missense_variant	uncertain significance	181468995	Q96F46	rs181468995	A680S	0.01		Q96F46	Interleukin-17 receptor A	Homo sapiens	Encontrado	https://alphafold.ebi.ac.uk/entry/Q96F46
IL17RA	missense_variant	uncertain significance	181691316	Q96F46	rs181691316	E815K	0.084		Q96F46	Interleukin-17 receptor A	Homo sapiens	Encontrado	https://alphafold.ebi.ac.uk/entry/Q96F46
IL17RA	missense_variant	uncertain significance	181691316	Q96F46	rs181691316	E815K	0.0		Q96F46	Interleukin-17 receptor A	Homo sapiens	Encontrado	https://alphafold.ebi.ac.uk/entry/Q96F46
IL17RA	missense_variant	likely benign	186541010	Q96F46	rs186541010	V219L	0.001		Q96F46	Interleukin-17 receptor A	Homo sapiens	Encontrado	https://alphafold.ebi.ac.uk/entry/Q96F46
IL17RA	missense_variant	likely benign	186541010	Q96F46	rs186541010	V219L	0.08		Q96F46	Interleukin-17 receptor A	Homo sapiens	Encontrado	https://alphafold.ebi.ac.uk/entry/Q96F46
IL17RA	missense_variant	uncertain significance	189025188	Q96F46	rs189025188	R625H	0.001		Q96F46	Interleukin-17 receptor A	Homo sapiens	Encontrado	https://alphafold.ebi.ac.uk/entry/Q96F46
IL17RA	missense_variant	uncertain significance	189025188	Q96F46	rs189025188	R625H	0.07		Q96F46	Interleukin-17 receptor A	Homo sapiens	Encontrado	https://alphafold.ebi.ac.uk/entry/Q96F46
IL17RA	missense_variant	likely benign	192300437	Q96F46	rs192300437	G430A	0.495		Q96F46	Interleukin-17 receptor A	Homo sapiens	Encontrado	https://alphafold.ebi.ac.uk/entry/Q96F46
IL17RA	missense_variant	likely benign	192300437	Q96F46	rs192300437	G430A	0.39		Q96F46	Interleukin-17 receptor A	Homo sapiens	Encontrado	https://alphafold.ebi.ac.uk/entry/Q96F46
IL17RA	missense_variant		199551186						Q96F46	Interleukin-17 receptor A	Homo sapiens	Encontrado	https://alphafold.ebi.ac.uk/entry/Q96F46
IL17RA	missense_variant		199564978						Q96F46	Interleukin-17 receptor A	Homo sapiens	Encontrado	https://alphafold.ebi.ac.uk/entry/Q96F46
IL17RA	missense_variant	uncertain significance	199569526	Q96F46	rs199569526	P257A	0.044		Q96F46	Interleukin-17 receptor A	Homo sapiens	Encontrado	https://alphafold.ebi.ac.uk/entry/Q96F46
IL17RA	missense_variant	uncertain significance	199569526	Q96F46	rs199569526	P257A	0.53		Q96F46	Interleukin-17 receptor A	Homo sapiens	Encontrado	https://alphafold.ebi.ac.uk/entry/Q96F46
IL17RA	missense_variant		200056051						Q96F46	Interleukin-17 receptor A	Homo sapiens	Encontrado	https://alphafold.ebi.ac.uk/entry/Q96F46
IL17RA	missense_variant	uncertain significance	200201810	Q96F46	rs200201810	A621E	0.0		Q96F46	Interleukin-17 receptor A	Homo sapiens	Encontrado	https://alphafold.ebi.ac.uk/entry/Q96F46
IL17RA	missense_variant	uncertain significance	200201810	Q96F46	rs200201810	A621E	0.24		Q96F46	Interleukin-17 receptor A	Homo sapiens	Encontrado	https://alphafold.ebi.ac.uk/entry/Q96F46
IL17RA	missense_variant	uncertain significance	200201810	Q96F46	rs200201810	A621V	0.003		Q96F46	Interleukin-17 receptor A	Homo sapiens	Encontrado	https://alphafold.ebi.ac.uk/entry/Q96F46
IL17RA	missense_variant	uncertain significance	200201810	Q96F46	rs200201810	A621V	0.3		Q96F46	Interleukin-17 receptor A	Homo sapiens	Encontrado	https://alphafold.ebi.ac.uk/entry/Q96F46
IL17RA	missense_variant	uncertain significance	200201810	Q96F46	rs200201810	A621V	0.003		Q96F46	Interleukin-17 receptor A	Homo sapiens	Encontrado	https://alphafold.ebi.ac.uk/entry/Q96F46
IL17RA	missense_variant	uncertain significance	200201810	Q96F46	rs200201810	A621V	0.07		Q96F46	Interleukin-17 receptor A	Homo sapiens	Encontrado	https://alphafold.ebi.ac.uk/entry/Q96F46
IL17RA	missense_variant	uncertain significance	200302492	Q96F46	rs200302492	H215P	0.448		Q96F46	Interleukin-17 receptor A	Homo sapiens	Encontrado	https://alphafold.ebi.ac.uk/entry/Q96F46
IL17RA	missense_variant	uncertain significance	200302492	Q96F46	rs200302492	H215P	0.23		Q96F46	Interleukin-17 receptor A	Homo sapiens	Encontrado	https://alphafold.ebi.ac.uk/entry/Q96F46
IL17RA	missense_variant		200422686						Q96F46	Interleukin-17 receptor A	Homo sapiens	Encontrado	https://alphafold.ebi.ac.uk/entry/Q96F46
IL17RA	missense_variant	uncertain significance	200724343	Q96F46	rs200724343	P318S	0.241		Q96F46	Interleukin-17 receptor A	Homo sapiens	Encontrado	https://alphafold.ebi.ac.uk/entry/Q96F46
IL17RA	missense_variant	uncertain significance	200724343	Q96F46	rs200724343	P318S	0.38		Q96F46	Interleukin-17 receptor A	Homo sapiens	Encontrado	https://alphafold.ebi.ac.uk/entry/Q96F46
IL17RA	missense_variant		200804430						Q96F46	Interleukin-17 receptor A	Homo sapiens	Encontrado	https://alphafold.ebi.ac.uk/entry/Q96F46
IL17RA	missense_variant	likely benign	200880853	Q96F46	rs200880853	L633V	0.017		Q96F46	Interleukin-17 receptor A	Homo sapiens	Encontrado	https://alphafold.ebi.ac.uk/entry/Q96F46
IL17RA	missense_variant	likely benign	200880853	Q96F46	rs200880853	L633V	0.04		Q96F46	Interleukin-17 receptor A	Homo sapiens	Encontrado	https://alphafold.ebi.ac.uk/entry/Q96F46
IL17RA	missense_variant	uncertain significance	201250724	Q96F46	rs201250724	N265S	0.001		Q96F46	Interleukin-17 receptor A	Homo sapiens	Encontrado	https://alphafold.ebi.ac.uk/entry/Q96F46
IL17RA	missense_variant	uncertain significance	201250724	Q96F46	rs201250724	N265S	0.06		Q96F46	Interleukin-17 receptor A	Homo sapiens	Encontrado	https://alphafold.ebi.ac.uk/entry/Q96F46
IL17RA	missense_variant		201450930						Q96F46	Interleukin-17 receptor A	Homo sapiens	Encontrado	https://alphafold.ebi.ac.uk/entry/Q96F46
IL17RA	missense_variant		201500195	Q96F46	rs201500195	R66Q	0.0		Q96F46	Interleukin-17 receptor A	Homo sapiens	Encontrado	https://alphafold.ebi.ac.uk/entry/Q96F46
IL17RA	missense_variant		201500195	Q96F46	rs201500195	R66Q	0.58		Q96F46	Interleukin-17 receptor A	Homo sapiens	Encontrado	https://alphafold.ebi.ac.uk/entry/Q96F46
IL17RA	missense_variant		201500195	Q96F46	rs201500195	R66Q	0.001		Q96F46	Interleukin-17 receptor A	Homo sapiens	Encontrado	https://alphafold.ebi.ac.uk/entry/Q96F46
IL17RA	missense_variant		201500195	Q96F46	rs201500195	R66Q	0.44		Q96F46	Interleukin-17 receptor A	Homo sapiens	Encontrado	https://alphafold.ebi.ac.uk/entry/Q96F46
IL17RA	missense_variant	uncertain significance	201996921	Q96F46	rs201996921	A83T	0.0		Q96F46	Interleukin-17 receptor A	Homo sapiens	Encontrado	https://alphafold.ebi.ac.uk/entry/Q96F46
IL17RA	missense_variant	uncertain significance	201996921	Q96F46	rs201996921	A83T	0.3		Q96F46	Interleukin-17 receptor A	Homo sapiens	Encontrado	https://alphafold.ebi.ac.uk/entry/Q96F46
IL17RA	missense_variant	uncertain significance	2061321130	Q96F46	rs2061321130	S6T	0.0		Q96F46	Interleukin-17 receptor A	Homo sapiens	Encontrado	https://alphafold.ebi.ac.uk/entry/Q96F46
IL17RA	missense_variant	uncertain significance	2061321130	Q96F46	rs2061321130	S6T	0.48		Q96F46	Interleukin-17 receptor A	Homo sapiens	Encontrado	https://alphafold.ebi.ac.uk/entry/Q96F46
IL17RA	missense_variant		2061321262						Q96F46	Interleukin-17 receptor A	Homo sapiens	Encontrado	https://alphafold.ebi.ac.uk/entry/Q96F46
IL17RA	missense_variant	uncertain significance	2061321486	Q96F46	rs2061321486	L18P	0.0		Q96F46	Interleukin-17 receptor A	Homo sapiens	Encontrado	https://alphafold.ebi.ac.uk/entry/Q96F46
IL17RA	missense_variant	uncertain significance	2061321486	Q96F46	rs2061321486	L18P	0.3		Q96F46	Interleukin-17 receptor A	Homo sapiens	Encontrado	https://alphafold.ebi.ac.uk/entry/Q96F46
IL17RA	missense_variant		2061321574						Q96F46	Interleukin-17 receptor A	Homo sapiens	Encontrado	https://alphafold.ebi.ac.uk/entry/Q96F46
IL17RA	missense_variant		2061321828						Q96F46	Interleukin-17 receptor A	Homo sapiens	Encontrado	https://alphafold.ebi.ac.uk/entry/Q96F46
IL17RA	missense_variant	uncertain significance	2061321959	Q96F46	rs2061321959	L36V	0.975		Q96F46	Interleukin-17 receptor A	Homo sapiens	Encontrado	https://alphafold.ebi.ac.uk/entry/Q96F46
IL17RA	missense_variant	uncertain significance	2061321959	Q96F46	rs2061321959	L36V	0.02		Q96F46	Interleukin-17 receptor A	Homo sapiens	Encontrado	https://alphafold.ebi.ac.uk/entry/Q96F46
IL17RA	missense_variant		2061321987						Q96F46	Interleukin-17 receptor A	Homo sapiens	Encontrado	https://alphafold.ebi.ac.uk/entry/Q96F46
IL17RA	missense_variant		2061322077						Q96F46	Interleukin-17 receptor A	Homo sapiens	Encontrado	https://alphafold.ebi.ac.uk/entry/Q96F46
IL17RA	missense_variant		2061322152						Q96F46	Interleukin-17 receptor A	Homo sapiens	Encontrado	https://alphafold.ebi.ac.uk/entry/Q96F46
IL17RA	missense_variant		2061370917						Q96F46	Interleukin-17 receptor A	Homo sapiens	Encontrado	https://alphafold.ebi.ac.uk/entry/Q96F46
IL17RA	missense_variant		2061373553						Q96F46	Interleukin-17 receptor A	Homo sapiens	Encontrado	https://alphafold.ebi.ac.uk/entry/Q96F46
IL17RA	missense_variant		2061373581						Q96F46	Interleukin-17 receptor A	Homo sapiens	Encontrado	https://alphafold.ebi.ac.uk/entry/Q96F46
IL17RA	missense_variant		2061373733						Q96F46	Interleukin-17 receptor A	Homo sapiens	Encontrado	https://alphafold.ebi.ac.uk/entry/Q96F46
IL17RA	missense_variant	uncertain significance	2061373772						Q96F46	Interleukin-17 receptor A	Homo sapiens	Encontrado	https://alphafold.ebi.ac.uk/entry/Q96F46
IL17RA	missense_variant		2061374014						Q96F46	Interleukin-17 receptor A	Homo sapiens	Encontrado	https://alphafold.ebi.ac.uk/entry/Q96F46
IL17RA	missense_variant		2061374094						Q96F46	Interleukin-17 receptor A	Homo sapiens	Encontrado	https://alphafold.ebi.ac.uk/entry/Q96F46
IL17RA	missense_variant		2061374163						Q96F46	Interleukin-17 receptor A	Homo sapiens	Encontrado	https://alphafold.ebi.ac.uk/entry/Q96F46
IL17RA	missense_variant		2061374354						Q96F46	Interleukin-17 receptor A	Homo sapiens	Encontrado	https://alphafold.ebi.ac.uk/entry/Q96F46
IL17RA	missense_variant		2061378597						Q96F46	Interleukin-17 receptor A	Homo sapiens	Encontrado	https://alphafold.ebi.ac.uk/entry/Q96F46
IL17RA	missense_variant		2061378603						Q96F46	Interleukin-17 receptor A	Homo sapiens	Encontrado	https://alphafold.ebi.ac.uk/entry/Q96F46
IL17RA	missense_variant	uncertain significance	2061378960	Q96F46	rs2061378960	E130Q	0.012		Q96F46	Interleukin-17 receptor A	Homo sapiens	Encontrado	https://alphafold.ebi.ac.uk/entry/Q96F46
IL17RA	missense_variant	uncertain significance	2061378960	Q96F46	rs2061378960	E130Q	0.06		Q96F46	Interleukin-17 receptor A	Homo sapiens	Encontrado	https://alphafold.ebi.ac.uk/entry/Q96F46
IL17RA	missense_variant	uncertain significance	2061378960	Q96F46	rs2061378960	E130Q	0.007		Q96F46	Interleukin-17 receptor A	Homo sapiens	Encontrado	https://alphafold.ebi.ac.uk/entry/Q96F46
IL17RA	missense_variant	uncertain significance	2061378960	Q96F46	rs2061378960	E130Q	0.07		Q96F46	Interleukin-17 receptor A	Homo sapiens	Encontrado	https://alphafold.ebi.ac.uk/entry/Q96F46
IL17RA	missense_variant		2061386640						Q96F46	Interleukin-17 receptor A	Homo sapiens	Encontrado	https://alphafold.ebi.ac.uk/entry/Q96F46
IL17RA	missense_variant		2061386720						Q96F46	Interleukin-17 receptor A	Homo sapiens	Encontrado	https://alphafold.ebi.ac.uk/entry/Q96F46
IL17RA	missense_variant		2061386751						Q96F46	Interleukin-17 receptor A	Homo sapiens	Encontrado	https://alphafold.ebi.ac.uk/entry/Q96F46
IL17RA	missense_variant		2061386817						Q96F46	Interleukin-17 receptor A	Homo sapiens	Encontrado	https://alphafold.ebi.ac.uk/entry/Q96F46
IL17RA	missense_variant		2061386894						Q96F46	Interleukin-17 receptor A	Homo sapiens	Encontrado	https://alphafold.ebi.ac.uk/entry/Q96F46
IL17RA	missense_variant		2061393253						Q96F46	Interleukin-17 receptor A	Homo sapiens	Encontrado	https://alphafold.ebi.ac.uk/entry/Q96F46
IL17RA	missense_variant		2061393282						Q96F46	Interleukin-17 receptor A	Homo sapiens	Encontrado	https://alphafold.ebi.ac.uk/entry/Q96F46
IL17RA	missense_variant	uncertain significance	2061393955						Q96F46	Interleukin-17 receptor A	Homo sapiens	Encontrado	https://alphafold.ebi.ac.uk/entry/Q96F46
IL17RA	missense_variant		2061394135						Q96F46	Interleukin-17 receptor A	Homo sapiens	Encontrado	https://alphafold.ebi.ac.uk/entry/Q96F46
IL17RA	missense_variant		2061394198						Q96F46	Interleukin-17 receptor A	Homo sapiens	Encontrado	https://alphafold.ebi.ac.uk/entry/Q96F46
IL17RA	missense_variant		2061394209						Q96F46	Interleukin-17 receptor A	Homo sapiens	Encontrado	https://alphafold.ebi.ac.uk/entry/Q96F46
IL17RA	missense_variant		2061394309						Q96F46	Interleukin-17 receptor A	Homo sapiens	Encontrado	https://alphafold.ebi.ac.uk/entry/Q96F46
IL17RA	missense_variant		2061394420						Q96F46	Interleukin-17 receptor A	Homo sapiens	Encontrado	https://alphafold.ebi.ac.uk/entry/Q96F46
IL17RA	missense_variant	uncertain significance	2061394471	Q96F46	rs2061394471	T228I	0.311		Q96F46	Interleukin-17 receptor A	Homo sapiens	Encontrado	https://alphafold.ebi.ac.uk/entry/Q96F46
IL17RA	missense_variant	uncertain significance	2061394471	Q96F46	rs2061394471	T228I	0.05		Q96F46	Interleukin-17 receptor A	Homo sapiens	Encontrado	https://alphafold.ebi.ac.uk/entry/Q96F46
IL17RA	missense_variant		2061394716						Q96F46	Interleukin-17 receptor A	Homo sapiens	Encontrado	https://alphafold.ebi.ac.uk/entry/Q96F46
IL17RA	missense_variant		2061394727						Q96F46	Interleukin-17 receptor A	Homo sapiens	Encontrado	https://alphafold.ebi.ac.uk/entry/Q96F46
IL17RA	missense_variant		2061394749						Q96F46	Interleukin-17 receptor A	Homo sapiens	Encontrado	https://alphafold.ebi.ac.uk/entry/Q96F46
IL17RA	missense_variant		2061394825						Q96F46	Interleukin-17 receptor A	Homo sapiens	Encontrado	https://alphafold.ebi.ac.uk/entry/Q96F46
IL17RA	missense_variant	uncertain significance	2061399166	Q96F46	rs2061399166	S264F	0.063		Q96F46	Interleukin-17 receptor A	Homo sapiens	Encontrado	https://alphafold.ebi.ac.uk/entry/Q96F46
IL17RA	missense_variant	uncertain significance	2061399166	Q96F46	rs2061399166	S264F	0.2		Q96F46	Interleukin-17 receptor A	Homo sapiens	Encontrado	https://alphafold.ebi.ac.uk/entry/Q96F46
IL17RA	missense_variant	uncertain significance	2061399292	Q96F46	rs2061399292	T269I	0.024		Q96F46	Interleukin-17 receptor A	Homo sapiens	Encontrado	https://alphafold.ebi.ac.uk/entry/Q96F46
IL17RA	missense_variant	uncertain significance	2061399292	Q96F46	rs2061399292	T269I	0.08		Q96F46	Interleukin-17 receptor A	Homo sapiens	Encontrado	https://alphafold.ebi.ac.uk/entry/Q96F46
IL17RA	missense_variant	uncertain significance	2061407304	Q96F46	rs2061407304	C303R	0.858		Q96F46	Interleukin-17 receptor A	Homo sapiens	Encontrado	https://alphafold.ebi.ac.uk/entry/Q96F46
IL17RA	missense_variant	uncertain significance	2061407304	Q96F46	rs2061407304	C303R	0.0		Q96F46	Interleukin-17 receptor A	Homo sapiens	Encontrado	https://alphafold.ebi.ac.uk/entry/Q96F46
IL17RA	missense_variant		2061412922						Q96F46	Interleukin-17 receptor A	Homo sapiens	Encontrado	https://alphafold.ebi.ac.uk/entry/Q96F46
IL17RA	missense_variant		2061412989						Q96F46	Interleukin-17 receptor A	Homo sapiens	Encontrado	https://alphafold.ebi.ac.uk/entry/Q96F46
IL17RA	missense_variant		2061413011						Q96F46	Interleukin-17 receptor A	Homo sapiens	Encontrado	https://alphafold.ebi.ac.uk/entry/Q96F46
IL17RA	missense_variant	uncertain significance	2061413031						Q96F46	Interleukin-17 receptor A	Homo sapiens	Encontrado	https://alphafold.ebi.ac.uk/entry/Q96F46
IL17RA	missense_variant		2061413080						Q96F46	Interleukin-17 receptor A	Homo sapiens	Encontrado	https://alphafold.ebi.ac.uk/entry/Q96F46
IL17RA	missense_variant	uncertain significance	2061413124						Q96F46	Interleukin-17 receptor A	Homo sapiens	Encontrado	https://alphafold.ebi.ac.uk/entry/Q96F46
IL17RA	missense_variant		2061413136						Q96F46	Interleukin-17 receptor A	Homo sapiens	Encontrado	https://alphafold.ebi.ac.uk/entry/Q96F46
IL17RA	missense_variant	uncertain significance	2061413259	Q96F46	rs2061413259	T344A	0.011		Q96F46	Interleukin-17 receptor A	Homo sapiens	Encontrado	https://alphafold.ebi.ac.uk/entry/Q96F46
IL17RA	missense_variant	uncertain significance	2061413259	Q96F46	rs2061413259	T344A	0.14		Q96F46	Interleukin-17 receptor A	Homo sapiens	Encontrado	https://alphafold.ebi.ac.uk/entry/Q96F46
IL17RA	missense_variant		2061420098						Q96F46	Interleukin-17 receptor A	Homo sapiens	Encontrado	https://alphafold.ebi.ac.uk/entry/Q96F46
IL17RA	missense_variant		2061420114						Q96F46	Interleukin-17 receptor A	Homo sapiens	Encontrado	https://alphafold.ebi.ac.uk/entry/Q96F46
IL17RA	missense_variant		2061422126						Q96F46	Interleukin-17 receptor A	Homo sapiens	Encontrado	https://alphafold.ebi.ac.uk/entry/Q96F46
IL17RA	missense_variant		2061422159						Q96F46	Interleukin-17 receptor A	Homo sapiens	Encontrado	https://alphafold.ebi.ac.uk/entry/Q96F46
IL17RA	missense_variant		2061422564						Q96F46	Interleukin-17 receptor A	Homo sapiens	Encontrado	https://alphafold.ebi.ac.uk/entry/Q96F46
IL17RA	missense_variant		2061422572						Q96F46	Interleukin-17 receptor A	Homo sapiens	Encontrado	https://alphafold.ebi.ac.uk/entry/Q96F46
IL17RA	missense_variant	uncertain significance	2061422876	Q96F46	rs2061422876	L402V	0.998		Q96F46	Interleukin-17 receptor A	Homo sapiens	Encontrado	https://alphafold.ebi.ac.uk/entry/Q96F46
IL17RA	missense_variant	uncertain significance	2061422876	Q96F46	rs2061422876	L402V	0.0		Q96F46	Interleukin-17 receptor A	Homo sapiens	Encontrado	https://alphafold.ebi.ac.uk/entry/Q96F46
IL17RA	missense_variant		2061422895						Q96F46	Interleukin-17 receptor A	Homo sapiens	Encontrado	https://alphafold.ebi.ac.uk/entry/Q96F46
IL17RA	missense_variant		2061422980						Q96F46	Interleukin-17 receptor A	Homo sapiens	Encontrado	https://alphafold.ebi.ac.uk/entry/Q96F46
IL17RA	missense_variant		2061423004						Q96F46	Interleukin-17 receptor A	Homo sapiens	Encontrado	https://alphafold.ebi.ac.uk/entry/Q96F46
IL17RA	missense_variant	uncertain significance	2061423105	Q96F46	rs2061423105	Q418H	0.973		Q96F46	Interleukin-17 receptor A	Homo sapiens	Encontrado	https://alphafold.ebi.ac.uk/entry/Q96F46
IL17RA	missense_variant	uncertain significance	2061423105	Q96F46	rs2061423105	Q418H	0.54		Q96F46	Interleukin-17 receptor A	Homo sapiens	Encontrado	https://alphafold.ebi.ac.uk/entry/Q96F46
IL17RA	missense_variant		2061423243						Q96F46	Interleukin-17 receptor A	Homo sapiens	Encontrado	https://alphafold.ebi.ac.uk/entry/Q96F46
IL17RA	missense_variant		2061423269						Q96F46	Interleukin-17 receptor A	Homo sapiens	Encontrado	https://alphafold.ebi.ac.uk/entry/Q96F46
IL17RA	missense_variant		2061423324						Q96F46	Interleukin-17 receptor A	Homo sapiens	Encontrado	https://alphafold.ebi.ac.uk/entry/Q96F46
IL17RA	missense_variant	uncertain significance	2061423435	Q96F46	rs2061423435	S439N	0.729		Q96F46	Interleukin-17 receptor A	Homo sapiens	Encontrado	https://alphafold.ebi.ac.uk/entry/Q96F46
IL17RA	missense_variant	uncertain significance	2061423435	Q96F46	rs2061423435	S439N	0.31		Q96F46	Interleukin-17 receptor A	Homo sapiens	Encontrado	https://alphafold.ebi.ac.uk/entry/Q96F46
IL17RA	missense_variant		2061423882						Q96F46	Interleukin-17 receptor A	Homo sapiens	Encontrado	https://alphafold.ebi.ac.uk/entry/Q96F46
IL17RA	missense_variant		2061424001						Q96F46	Interleukin-17 receptor A	Homo sapiens	Encontrado	https://alphafold.ebi.ac.uk/entry/Q96F46
IL17RA	missense_variant		2061424040						Q96F46	Interleukin-17 receptor A	Homo sapiens	Encontrado	https://alphafold.ebi.ac.uk/entry/Q96F46
IL17RA	missense_variant		2061424795						Q96F46	Interleukin-17 receptor A	Homo sapiens	Encontrado	https://alphafold.ebi.ac.uk/entry/Q96F46
IL17RA	missense_variant		2061424979						Q96F46	Interleukin-17 receptor A	Homo sapiens	Encontrado	https://alphafold.ebi.ac.uk/entry/Q96F46
IL17RA	missense_variant		2061425057						Q96F46	Interleukin-17 receptor A	Homo sapiens	Encontrado	https://alphafold.ebi.ac.uk/entry/Q96F46
IL17RA	missense_variant		2061425213						Q96F46	Interleukin-17 receptor A	Homo sapiens	Encontrado	https://alphafold.ebi.ac.uk/entry/Q96F46
IL17RA	missense_variant		2061425327						Q96F46	Interleukin-17 receptor A	Homo sapiens	Encontrado	https://alphafold.ebi.ac.uk/entry/Q96F46
IL17RA	missense_variant		2061425361						Q96F46	Interleukin-17 receptor A	Homo sapiens	Encontrado	https://alphafold.ebi.ac.uk/entry/Q96F46
IL17RA	missense_variant	uncertain significance	2061425386	Q96F46	rs2061425386	L516P	0.502		Q96F46	Interleukin-17 receptor A	Homo sapiens	Encontrado	https://alphafold.ebi.ac.uk/entry/Q96F46
IL17RA	missense_variant	uncertain significance	2061425386	Q96F46	rs2061425386	L516P	0.26		Q96F46	Interleukin-17 receptor A	Homo sapiens	Encontrado	https://alphafold.ebi.ac.uk/entry/Q96F46
IL17RA	missense_variant		2061425687						Q96F46	Interleukin-17 receptor A	Homo sapiens	Encontrado	https://alphafold.ebi.ac.uk/entry/Q96F46
IL17RA	missense_variant		2061425712						Q96F46	Interleukin-17 receptor A	Homo sapiens	Encontrado	https://alphafold.ebi.ac.uk/entry/Q96F46
IL17RA	missense_variant		2061425736						Q96F46	Interleukin-17 receptor A	Homo sapiens	Encontrado	https://alphafold.ebi.ac.uk/entry/Q96F46
IL17RA	missense_variant		2061425901						Q96F46	Interleukin-17 receptor A	Homo sapiens	Encontrado	https://alphafold.ebi.ac.uk/entry/Q96F46
IL17RA	missense_variant		2061426375						Q96F46	Interleukin-17 receptor A	Homo sapiens	Encontrado	https://alphafold.ebi.ac.uk/entry/Q96F46
IL17RA	missense_variant		2061426499						Q96F46	Interleukin-17 receptor A	Homo sapiens	Encontrado	https://alphafold.ebi.ac.uk/entry/Q96F46
IL17RA	missense_variant		2061426766						Q96F46	Interleukin-17 receptor A	Homo sapiens	Encontrado	https://alphafold.ebi.ac.uk/entry/Q96F46
IL17RA	missense_variant		2061427120						Q96F46	Interleukin-17 receptor A	Homo sapiens	Encontrado	https://alphafold.ebi.ac.uk/entry/Q96F46
IL17RA	missense_variant		2061427236						Q96F46	Interleukin-17 receptor A	Homo sapiens	Encontrado	https://alphafold.ebi.ac.uk/entry/Q96F46
IL17RA	missense_variant		2061427290						Q96F46	Interleukin-17 receptor A	Homo sapiens	Encontrado	https://alphafold.ebi.ac.uk/entry/Q96F46
IL17RA	missense_variant		2061427358						Q96F46	Interleukin-17 receptor A	Homo sapiens	Encontrado	https://alphafold.ebi.ac.uk/entry/Q96F46
IL17RA	missense_variant		2061427388						Q96F46	Interleukin-17 receptor A	Homo sapiens	Encontrado	https://alphafold.ebi.ac.uk/entry/Q96F46
IL17RA	missense_variant	uncertain significance	2061427507	Q96F46	rs2061427507	P613A	0.062		Q96F46	Interleukin-17 receptor A	Homo sapiens	Encontrado	https://alphafold.ebi.ac.uk/entry/Q96F46
IL17RA	missense_variant	uncertain significance	2061427507	Q96F46	rs2061427507	P613A	0.14		Q96F46	Interleukin-17 receptor A	Homo sapiens	Encontrado	https://alphafold.ebi.ac.uk/entry/Q96F46
IL17RA	missense_variant		2061427520						Q96F46	Interleukin-17 receptor A	Homo sapiens	Encontrado	https://alphafold.ebi.ac.uk/entry/Q96F46
IL17RA	missense_variant		2061427568						Q96F46	Interleukin-17 receptor A	Homo sapiens	Encontrado	https://alphafold.ebi.ac.uk/entry/Q96F46
IL17RA	missense_variant		2061427642						Q96F46	Interleukin-17 receptor A	Homo sapiens	Encontrado	https://alphafold.ebi.ac.uk/entry/Q96F46
IL17RA	missense_variant		2061427823						Q96F46	Interleukin-17 receptor A	Homo sapiens	Encontrado	https://alphafold.ebi.ac.uk/entry/Q96F46
IL17RA	missense_variant		2061427863						Q96F46	Interleukin-17 receptor A	Homo sapiens	Encontrado	https://alphafold.ebi.ac.uk/entry/Q96F46
IL17RA	missense_variant	uncertain significance	2061428011	Q96F46	rs2061428011	I635V	0.0		Q96F46	Interleukin-17 receptor A	Homo sapiens	Encontrado	https://alphafold.ebi.ac.uk/entry/Q96F46
IL17RA	missense_variant	uncertain significance	2061428011	Q96F46	rs2061428011	I635V	1.0		Q96F46	Interleukin-17 receptor A	Homo sapiens	Encontrado	https://alphafold.ebi.ac.uk/entry/Q96F46
IL17RA	missense_variant		2061428117						Q96F46	Interleukin-17 receptor A	Homo sapiens	Encontrado	https://alphafold.ebi.ac.uk/entry/Q96F46
IL17RA	missense_variant		2061428345						Q96F46	Interleukin-17 receptor A	Homo sapiens	Encontrado	https://alphafold.ebi.ac.uk/entry/Q96F46
IL17RA	missense_variant		2061428377						Q96F46	Interleukin-17 receptor A	Homo sapiens	Encontrado	https://alphafold.ebi.ac.uk/entry/Q96F46
IL17RA	missense_variant		2061428389						Q96F46	Interleukin-17 receptor A	Homo sapiens	Encontrado	https://alphafold.ebi.ac.uk/entry/Q96F46
IL17RA	missense_variant	uncertain significance	2061428420	Q96F46	rs2061428420	E651A	0.015		Q96F46	Interleukin-17 receptor A	Homo sapiens	Encontrado	https://alphafold.ebi.ac.uk/entry/Q96F46
IL17RA	missense_variant	uncertain significance	2061428420	Q96F46	rs2061428420	E651A	0.19		Q96F46	Interleukin-17 receptor A	Homo sapiens	Encontrado	https://alphafold.ebi.ac.uk/entry/Q96F46
IL17RA	missense_variant		2061428511						Q96F46	Interleukin-17 receptor A	Homo sapiens	Encontrado	https://alphafold.ebi.ac.uk/entry/Q96F46
IL17RA	missense_variant		2061428715						Q96F46	Interleukin-17 receptor A	Homo sapiens	Encontrado	https://alphafold.ebi.ac.uk/entry/Q96F46
IL17RA	missense_variant	uncertain significance	2061428792	Q96F46	rs2061428792	L670F	0.007		Q96F46	Interleukin-17 receptor A	Homo sapiens	Encontrado	https://alphafold.ebi.ac.uk/entry/Q96F46
IL17RA	missense_variant	uncertain significance	2061428792	Q96F46	rs2061428792	L670F	0.12		Q96F46	Interleukin-17 receptor A	Homo sapiens	Encontrado	https://alphafold.ebi.ac.uk/entry/Q96F46
IL17RA	missense_variant		2061429033						Q96F46	Interleukin-17 receptor A	Homo sapiens	Encontrado	https://alphafold.ebi.ac.uk/entry/Q96F46
IL17RA	missense_variant	uncertain significance	2061429644	Q96F46	rs2061429644	P709T	0.012		Q96F46	Interleukin-17 receptor A	Homo sapiens	Encontrado	https://alphafold.ebi.ac.uk/entry/Q96F46
IL17RA	missense_variant	uncertain significance	2061429644	Q96F46	rs2061429644	P709T	0.17		Q96F46	Interleukin-17 receptor A	Homo sapiens	Encontrado	https://alphafold.ebi.ac.uk/entry/Q96F46
IL17RA	missense_variant		2061429992						Q96F46	Interleukin-17 receptor A	Homo sapiens	Encontrado	https://alphafold.ebi.ac.uk/entry/Q96F46
IL17RA	missense_variant	uncertain significance	2061430206	Q96F46	rs2061430206	L728F	0.829		Q96F46	Interleukin-17 receptor A	Homo sapiens	Encontrado	https://alphafold.ebi.ac.uk/entry/Q96F46
IL17RA	missense_variant	uncertain significance	2061430206	Q96F46	rs2061430206	L728F	0.01		Q96F46	Interleukin-17 receptor A	Homo sapiens	Encontrado	https://alphafold.ebi.ac.uk/entry/Q96F46
IL17RA	missense_variant	uncertain significance	2061430229	Q96F46	rs2061430229	G729D	0.0		Q96F46	Interleukin-17 receptor A	Homo sapiens	Encontrado	https://alphafold.ebi.ac.uk/entry/Q96F46
IL17RA	missense_variant	uncertain significance	2061430229	Q96F46	rs2061430229	G729D	0.66		Q96F46	Interleukin-17 receptor A	Homo sapiens	Encontrado	https://alphafold.ebi.ac.uk/entry/Q96F46
IL17RA	missense_variant		2061430258						Q96F46	Interleukin-17 receptor A	Homo sapiens	Encontrado	https://alphafold.ebi.ac.uk/entry/Q96F46
IL17RA	missense_variant		2061430271						Q96F46	Interleukin-17 receptor A	Homo sapiens	Encontrado	https://alphafold.ebi.ac.uk/entry/Q96F46
IL17RA	missense_variant		2061430317						Q96F46	Interleukin-17 receptor A	Homo sapiens	Encontrado	https://alphafold.ebi.ac.uk/entry/Q96F46
IL17RA	missense_variant		2061430420						Q96F46	Interleukin-17 receptor A	Homo sapiens	Encontrado	https://alphafold.ebi.ac.uk/entry/Q96F46
IL17RA	missense_variant		2061430526						Q96F46	Interleukin-17 receptor A	Homo sapiens	Encontrado	https://alphafold.ebi.ac.uk/entry/Q96F46
IL17RA	missense_variant		2061430756						Q96F46	Interleukin-17 receptor A	Homo sapiens	Encontrado	https://alphafold.ebi.ac.uk/entry/Q96F46
IL17RA	missense_variant	uncertain significance	2061430914	Q96F46	rs2061430914	Q758R	0.087		Q96F46	Interleukin-17 receptor A	Homo sapiens	Encontrado	https://alphafold.ebi.ac.uk/entry/Q96F46
IL17RA	missense_variant	uncertain significance	2061430914	Q96F46	rs2061430914	Q758R	0.04		Q96F46	Interleukin-17 receptor A	Homo sapiens	Encontrado	https://alphafold.ebi.ac.uk/entry/Q96F46
IL17RA	missense_variant		2061430968						Q96F46	Interleukin-17 receptor A	Homo sapiens	Encontrado	https://alphafold.ebi.ac.uk/entry/Q96F46
IL17RA	missense_variant		2061431611						Q96F46	Interleukin-17 receptor A	Homo sapiens	Encontrado	https://alphafold.ebi.ac.uk/entry/Q96F46
IL17RA	missense_variant		2061431676						Q96F46	Interleukin-17 receptor A	Homo sapiens	Encontrado	https://alphafold.ebi.ac.uk/entry/Q96F46
IL17RA	missense_variant		2061432043						Q96F46	Interleukin-17 receptor A	Homo sapiens	Encontrado	https://alphafold.ebi.ac.uk/entry/Q96F46
IL17RA	missense_variant		2061432177						Q96F46	Interleukin-17 receptor A	Homo sapiens	Encontrado	https://alphafold.ebi.ac.uk/entry/Q96F46
IL17RA	missense_variant	uncertain significance	2061432279	Q96F46	rs2061432279	E817D	0.077		Q96F46	Interleukin-17 receptor A	Homo sapiens	Encontrado	https://alphafold.ebi.ac.uk/entry/Q96F46
IL17RA	missense_variant	uncertain significance	2061432279	Q96F46	rs2061432279	E817D	0.17		Q96F46	Interleukin-17 receptor A	Homo sapiens	Encontrado	https://alphafold.ebi.ac.uk/entry/Q96F46
IL17RA	missense_variant	uncertain significance	2061432294	Q96F46	rs2061432294	Q819R	0.057		Q96F46	Interleukin-17 receptor A	Homo sapiens	Encontrado	https://alphafold.ebi.ac.uk/entry/Q96F46
IL17RA	missense_variant	uncertain significance	2061432294	Q96F46	rs2061432294	Q819R	0.05		Q96F46	Interleukin-17 receptor A	Homo sapiens	Encontrado	https://alphafold.ebi.ac.uk/entry/Q96F46
IL17RA	missense_variant	uncertain significance	2061432498	Q96F46	rs2061432498	S829F	0.987		Q96F46	Interleukin-17 receptor A	Homo sapiens	Encontrado	https://alphafold.ebi.ac.uk/entry/Q96F46
IL17RA	missense_variant	uncertain significance	2061432498	Q96F46	rs2061432498	S829F	0.0		Q96F46	Interleukin-17 receptor A	Homo sapiens	Encontrado	https://alphafold.ebi.ac.uk/entry/Q96F46
IL17RA	missense_variant		2061432771						Q96F46	Interleukin-17 receptor A	Homo sapiens	Encontrado	https://alphafold.ebi.ac.uk/entry/Q96F46
IL17RA	missense_variant		2061432809						Q96F46	Interleukin-17 receptor A	Homo sapiens	Encontrado	https://alphafold.ebi.ac.uk/entry/Q96F46
IL17RA	missense_variant		2061432905						Q96F46	Interleukin-17 receptor A	Homo sapiens	Encontrado	https://alphafold.ebi.ac.uk/entry/Q96F46
IL17RA	missense_variant	uncertain significance	2061433119	Q96F46	rs2061433119	G863A	0.0		Q96F46	Interleukin-17 receptor A	Homo sapiens	Encontrado	https://alphafold.ebi.ac.uk/entry/Q96F46
IL17RA	missense_variant	uncertain significance	2061433119	Q96F46	rs2061433119	G863A	1.0		Q96F46	Interleukin-17 receptor A	Homo sapiens	Encontrado	https://alphafold.ebi.ac.uk/entry/Q96F46
IL17RA	missense_variant		2061433159						Q96F46	Interleukin-17 receptor A	Homo sapiens	Encontrado	https://alphafold.ebi.ac.uk/entry/Q96F46
IL17RA	missense_variant	uncertain significance	2123786576	Q96F46	rs2123786576	P8L	0.0		Q96F46	Interleukin-17 receptor A	Homo sapiens	Encontrado	https://alphafold.ebi.ac.uk/entry/Q96F46
IL17RA	missense_variant	uncertain significance	2123786576	Q96F46	rs2123786576	P8L	0.0		Q96F46	Interleukin-17 receptor A	Homo sapiens	Encontrado	https://alphafold.ebi.ac.uk/entry/Q96F46
IL17RA	missense_variant		2123799026						Q96F46	Interleukin-17 receptor A	Homo sapiens	Encontrado	https://alphafold.ebi.ac.uk/entry/Q96F46
IL17RA	missense_variant	uncertain significance	2123799032	Q96F46	rs2123799032	L114I	0.996		Q96F46	Interleukin-17 receptor A	Homo sapiens	Encontrado	https://alphafold.ebi.ac.uk/entry/Q96F46
IL17RA	missense_variant	uncertain significance	2123799032	Q96F46	rs2123799032	L114I	0.01		Q96F46	Interleukin-17 receptor A	Homo sapiens	Encontrado	https://alphafold.ebi.ac.uk/entry/Q96F46
IL17RA	missense_variant		2123799077						Q96F46	Interleukin-17 receptor A	Homo sapiens	Encontrado	https://alphafold.ebi.ac.uk/entry/Q96F46
IL17RA	missense_variant	uncertain significance	2123800881	Q96F46	rs2123800881	G171E	0.976		Q96F46	Interleukin-17 receptor A	Homo sapiens	Encontrado	https://alphafold.ebi.ac.uk/entry/Q96F46
IL17RA	missense_variant	uncertain significance	2123800881	Q96F46	rs2123800881	G171E	0.04		Q96F46	Interleukin-17 receptor A	Homo sapiens	Encontrado	https://alphafold.ebi.ac.uk/entry/Q96F46
IL17RA	missense_variant		2123802476						Q96F46	Interleukin-17 receptor A	Homo sapiens	Encontrado	https://alphafold.ebi.ac.uk/entry/Q96F46
IL17RA	missense_variant		2123802703						Q96F46	Interleukin-17 receptor A	Homo sapiens	Encontrado	https://alphafold.ebi.ac.uk/entry/Q96F46
IL17RA	missense_variant	uncertain significance	2123802746	Q96F46	rs2123802746	T235I	0.04		Q96F46	Interleukin-17 receptor A	Homo sapiens	Encontrado	https://alphafold.ebi.ac.uk/entry/Q96F46
IL17RA	missense_variant	uncertain significance	2123802746	Q96F46	rs2123802746	T235I	0.33		Q96F46	Interleukin-17 receptor A	Homo sapiens	Encontrado	https://alphafold.ebi.ac.uk/entry/Q96F46
IL17RA	missense_variant		2123803735						Q96F46	Interleukin-17 receptor A	Homo sapiens	Encontrado	https://alphafold.ebi.ac.uk/entry/Q96F46
IL17RA	missense_variant	uncertain significance	2123803804	Q96F46	rs2123803804	L270V	0.0		Q96F46	Interleukin-17 receptor A	Homo sapiens	Encontrado	https://alphafold.ebi.ac.uk/entry/Q96F46
IL17RA	missense_variant	uncertain significance	2123803804	Q96F46	rs2123803804	L270V	0.07		Q96F46	Interleukin-17 receptor A	Homo sapiens	Encontrado	https://alphafold.ebi.ac.uk/entry/Q96F46
IL17RA	missense_variant		2123807858						Q96F46	Interleukin-17 receptor A	Homo sapiens	Encontrado	https://alphafold.ebi.ac.uk/entry/Q96F46
IL17RA	missense_variant	uncertain significance	2123807952	Q96F46	rs2123807952	R346S	0.964		Q96F46	Interleukin-17 receptor A	Homo sapiens	Encontrado	https://alphafold.ebi.ac.uk/entry/Q96F46
IL17RA	missense_variant	uncertain significance	2123807952	Q96F46	rs2123807952	R346S	0.0		Q96F46	Interleukin-17 receptor A	Homo sapiens	Encontrado	https://alphafold.ebi.ac.uk/entry/Q96F46
IL17RA	missense_variant		2123810038						Q96F46	Interleukin-17 receptor A	Homo sapiens	Encontrado	https://alphafold.ebi.ac.uk/entry/Q96F46
IL17RA	missense_variant		2123810851						Q96F46	Interleukin-17 receptor A	Homo sapiens	Encontrado	https://alphafold.ebi.ac.uk/entry/Q96F46
IL17RA	missense_variant	uncertain significance	2123811523	Q96F46	rs2123811523	P493A	0.999		Q96F46	Interleukin-17 receptor A	Homo sapiens	Encontrado	https://alphafold.ebi.ac.uk/entry/Q96F46
IL17RA	missense_variant	uncertain significance	2123811523	Q96F46	rs2123811523	P493A	0.0		Q96F46	Interleukin-17 receptor A	Homo sapiens	Encontrado	https://alphafold.ebi.ac.uk/entry/Q96F46
IL17RA	missense_variant	uncertain significance	2123811782	Q96F46	rs2123811782	L539V	0.992		Q96F46	Interleukin-17 receptor A	Homo sapiens	Encontrado	https://alphafold.ebi.ac.uk/entry/Q96F46
IL17RA	missense_variant	uncertain significance	2123811782	Q96F46	rs2123811782	L539V	0.0		Q96F46	Interleukin-17 receptor A	Homo sapiens	Encontrado	https://alphafold.ebi.ac.uk/entry/Q96F46
IL17RA	missense_variant	uncertain significance	2123811788	Q96F46	rs2123811788	M541V	0.954		Q96F46	Interleukin-17 receptor A	Homo sapiens	Encontrado	https://alphafold.ebi.ac.uk/entry/Q96F46
IL17RA	missense_variant	uncertain significance	2123811788	Q96F46	rs2123811788	M541V	0.03		Q96F46	Interleukin-17 receptor A	Homo sapiens	Encontrado	https://alphafold.ebi.ac.uk/entry/Q96F46
IL17RA	missense_variant		2123811798						Q96F46	Interleukin-17 receptor A	Homo sapiens	Encontrado	https://alphafold.ebi.ac.uk/entry/Q96F46
IL17RA	missense_variant		2123812891						Q96F46	Interleukin-17 receptor A	Homo sapiens	Encontrado	https://alphafold.ebi.ac.uk/entry/Q96F46
IL17RA	missense_variant		2123812923						Q96F46	Interleukin-17 receptor A	Homo sapiens	Encontrado	https://alphafold.ebi.ac.uk/entry/Q96F46
IL17RA	missense_variant	uncertain significance	2123813088	Q96F46	rs2123813088	A735T	0.108		Q96F46	Interleukin-17 receptor A	Homo sapiens	Encontrado	https://alphafold.ebi.ac.uk/entry/Q96F46
IL17RA	missense_variant	uncertain significance	2123813088	Q96F46	rs2123813088	A735T	0.34		Q96F46	Interleukin-17 receptor A	Homo sapiens	Encontrado	https://alphafold.ebi.ac.uk/entry/Q96F46
IL17RA	missense_variant		2123813176						Q96F46	Interleukin-17 receptor A	Homo sapiens	Encontrado	https://alphafold.ebi.ac.uk/entry/Q96F46
IL17RA	missense_variant		2123813308						Q96F46	Interleukin-17 receptor A	Homo sapiens	Encontrado	https://alphafold.ebi.ac.uk/entry/Q96F46
IL17RA	missense_variant		2123813317						Q96F46	Interleukin-17 receptor A	Homo sapiens	Encontrado	https://alphafold.ebi.ac.uk/entry/Q96F46
IL17RA	missense_variant	uncertain significance	2123813612	Q96F46	rs2123813612	P821L	0.0		Q96F46	Interleukin-17 receptor A	Homo sapiens	Encontrado	https://alphafold.ebi.ac.uk/entry/Q96F46
IL17RA	missense_variant	uncertain significance	2123813612	Q96F46	rs2123813612	P821L	0.32		Q96F46	Interleukin-17 receptor A	Homo sapiens	Encontrado	https://alphafold.ebi.ac.uk/entry/Q96F46
IL17RA	missense_variant		2123813626						Q96F46	Interleukin-17 receptor A	Homo sapiens	Encontrado	https://alphafold.ebi.ac.uk/entry/Q96F46
IL17RA	missense_variant		2123813863						Q96F46	Interleukin-17 receptor A	Homo sapiens	Encontrado	https://alphafold.ebi.ac.uk/entry/Q96F46
IL17RA	missense_variant	uncertain significance	2517159011	Q96F46	rs2517159011	Q86K	0.001		Q96F46	Interleukin-17 receptor A	Homo sapiens	Encontrado	https://alphafold.ebi.ac.uk/entry/Q96F46
IL17RA	missense_variant	uncertain significance	2517159011	Q96F46	rs2517159011	Q86K	0.34		Q96F46	Interleukin-17 receptor A	Homo sapiens	Encontrado	https://alphafold.ebi.ac.uk/entry/Q96F46
IL17RA	missense_variant	likely pathogenic	2517159112						Q96F46	Interleukin-17 receptor A	Homo sapiens	Encontrado	https://alphafold.ebi.ac.uk/entry/Q96F46
IL17RA	missense_variant	uncertain significance	2517159936						Q96F46	Interleukin-17 receptor A	Homo sapiens	Encontrado	https://alphafold.ebi.ac.uk/entry/Q96F46
IL17RA	missense_variant	uncertain significance	2517160035						Q96F46	Interleukin-17 receptor A	Homo sapiens	Encontrado	https://alphafold.ebi.ac.uk/entry/Q96F46
IL17RA	missense_variant	uncertain significance	2517164425						Q96F46	Interleukin-17 receptor A	Homo sapiens	Encontrado	https://alphafold.ebi.ac.uk/entry/Q96F46
IL17RA	missense_variant	uncertain significance	2517164506						Q96F46	Interleukin-17 receptor A	Homo sapiens	Encontrado	https://alphafold.ebi.ac.uk/entry/Q96F46
IL17RA	missense_variant	uncertain significance	2517173019						Q96F46	Interleukin-17 receptor A	Homo sapiens	Encontrado	https://alphafold.ebi.ac.uk/entry/Q96F46
IL17RA	missense_variant	uncertain significance	2517173452						Q96F46	Interleukin-17 receptor A	Homo sapiens	Encontrado	https://alphafold.ebi.ac.uk/entry/Q96F46
IL17RA	missense_variant	uncertain significance	2517173832						Q96F46	Interleukin-17 receptor A	Homo sapiens	Encontrado	https://alphafold.ebi.ac.uk/entry/Q96F46
IL17RA	missense_variant	uncertain significance	2517174089						Q96F46	Interleukin-17 receptor A	Homo sapiens	Encontrado	https://alphafold.ebi.ac.uk/entry/Q96F46
IL17RA	missense_variant	uncertain significance	2517174100						Q96F46	Interleukin-17 receptor A	Homo sapiens	Encontrado	https://alphafold.ebi.ac.uk/entry/Q96F46
IL17RA	missense_variant	uncertain significance	2517174487						Q96F46	Interleukin-17 receptor A	Homo sapiens	Encontrado	https://alphafold.ebi.ac.uk/entry/Q96F46
IL17RA	missense_variant	uncertain significance	2517174697						Q96F46	Interleukin-17 receptor A	Homo sapiens	Encontrado	https://alphafold.ebi.ac.uk/entry/Q96F46
IL17RA	missense_variant	uncertain significance	2517174997						Q96F46	Interleukin-17 receptor A	Homo sapiens	Encontrado	https://alphafold.ebi.ac.uk/entry/Q96F46
IL17RA	missense_variant	uncertain significance	2517175175						Q96F46	Interleukin-17 receptor A	Homo sapiens	Encontrado	https://alphafold.ebi.ac.uk/entry/Q96F46
IL17RA	missense_variant	uncertain significance	2517175189						Q96F46	Interleukin-17 receptor A	Homo sapiens	Encontrado	https://alphafold.ebi.ac.uk/entry/Q96F46
IL17RA	missense_variant	uncertain significance	2517175479						Q96F46	Interleukin-17 receptor A	Homo sapiens	Encontrado	https://alphafold.ebi.ac.uk/entry/Q96F46
IL17RA	missense_variant	likely benign	2517176017						Q96F46	Interleukin-17 receptor A	Homo sapiens	Encontrado	https://alphafold.ebi.ac.uk/entry/Q96F46
IL17RA	missense_variant	uncertain significance	2517176272						Q96F46	Interleukin-17 receptor A	Homo sapiens	Encontrado	https://alphafold.ebi.ac.uk/entry/Q96F46
IL17RA	missense_variant	likely benign	2517176430						Q96F46	Interleukin-17 receptor A	Homo sapiens	Encontrado	https://alphafold.ebi.ac.uk/entry/Q96F46
IL17RA	missense_variant	benign	28376631	Q96F46	rs28376631	E607K	0.561		Q96F46	Interleukin-17 receptor A	Homo sapiens	Encontrado	https://alphafold.ebi.ac.uk/entry/Q96F46
IL17RA	missense_variant	benign	28376631	Q96F46	rs28376631	E607K	0.24		Q96F46	Interleukin-17 receptor A	Homo sapiens	Encontrado	https://alphafold.ebi.ac.uk/entry/Q96F46
IL17RA	missense_variant	uncertain significance	34545718	Q96F46	rs34545718	Y361H	0.0		Q96F46	Interleukin-17 receptor A	Homo sapiens	Encontrado	https://alphafold.ebi.ac.uk/entry/Q96F46
IL17RA	missense_variant	uncertain significance	34545718	Q96F46	rs34545718	Y361H	0.56		Q96F46	Interleukin-17 receptor A	Homo sapiens	Encontrado	https://alphafold.ebi.ac.uk/entry/Q96F46
IL17RA	missense_variant	uncertain significance	367569746	Q96F46	rs367569746	R124H	0.029		Q96F46	Interleukin-17 receptor A	Homo sapiens	Encontrado	https://alphafold.ebi.ac.uk/entry/Q96F46
IL17RA	missense_variant	uncertain significance	367569746	Q96F46	rs367569746	R124H	0.18		Q96F46	Interleukin-17 receptor A	Homo sapiens	Encontrado	https://alphafold.ebi.ac.uk/entry/Q96F46
IL17RA	missense_variant	uncertain significance	367985576	Q96F46	rs367985576	H653R	0.001		Q96F46	Interleukin-17 receptor A	Homo sapiens	Encontrado	https://alphafold.ebi.ac.uk/entry/Q96F46
IL17RA	missense_variant	uncertain significance	367985576	Q96F46	rs367985576	H653R	0.11		Q96F46	Interleukin-17 receptor A	Homo sapiens	Encontrado	https://alphafold.ebi.ac.uk/entry/Q96F46
IL17RA	missense_variant	uncertain significance	369019806	Q96F46	rs369019806	N292S	0.267		Q96F46	Interleukin-17 receptor A	Homo sapiens	Encontrado	https://alphafold.ebi.ac.uk/entry/Q96F46
IL17RA	missense_variant	uncertain significance	369019806	Q96F46	rs369019806	N292S	0.08		Q96F46	Interleukin-17 receptor A	Homo sapiens	Encontrado	https://alphafold.ebi.ac.uk/entry/Q96F46
IL17RA	missense_variant	uncertain significance	369239916	Q96F46	rs369239916	L839V	0.009		Q96F46	Interleukin-17 receptor A	Homo sapiens	Encontrado	https://alphafold.ebi.ac.uk/entry/Q96F46
IL17RA	missense_variant	uncertain significance	369239916	Q96F46	rs369239916	L839V	0.01		Q96F46	Interleukin-17 receptor A	Homo sapiens	Encontrado	https://alphafold.ebi.ac.uk/entry/Q96F46
IL17RA	missense_variant	uncertain significance	369259606	Q96F46	rs369259606	H239Y	0.046		Q96F46	Interleukin-17 receptor A	Homo sapiens	Encontrado	https://alphafold.ebi.ac.uk/entry/Q96F46
IL17RA	missense_variant	uncertain significance	369259606	Q96F46	rs369259606	H239Y	0.54		Q96F46	Interleukin-17 receptor A	Homo sapiens	Encontrado	https://alphafold.ebi.ac.uk/entry/Q96F46
IL17RA	missense_variant	uncertain significance	369409494	Q96F46	rs369409494	S201R	0.991		Q96F46	Interleukin-17 receptor A	Homo sapiens	Encontrado	https://alphafold.ebi.ac.uk/entry/Q96F46
IL17RA	missense_variant	uncertain significance	369409494	Q96F46	rs369409494	S201R	0.01		Q96F46	Interleukin-17 receptor A	Homo sapiens	Encontrado	https://alphafold.ebi.ac.uk/entry/Q96F46
IL17RA	missense_variant	uncertain significance	369516280	Q96F46	rs369516280	V721M	0.009		Q96F46	Interleukin-17 receptor A	Homo sapiens	Encontrado	https://alphafold.ebi.ac.uk/entry/Q96F46
IL17RA	missense_variant	uncertain significance	369516280	Q96F46	rs369516280	V721M	0.16		Q96F46	Interleukin-17 receptor A	Homo sapiens	Encontrado	https://alphafold.ebi.ac.uk/entry/Q96F46
IL17RA	missense_variant	uncertain significance	369723943	Q96F46	rs369723943	P652R	0.778		Q96F46	Interleukin-17 receptor A	Homo sapiens	Encontrado	https://alphafold.ebi.ac.uk/entry/Q96F46
IL17RA	missense_variant	uncertain significance	369723943	Q96F46	rs369723943	P652R	0.0		Q96F46	Interleukin-17 receptor A	Homo sapiens	Encontrado	https://alphafold.ebi.ac.uk/entry/Q96F46
IL17RA	missense_variant	uncertain significance	369912474	Q96F46	rs369912474	L467P	1.0		Q96F46	Interleukin-17 receptor A	Homo sapiens	Encontrado	https://alphafold.ebi.ac.uk/entry/Q96F46
IL17RA	missense_variant	uncertain significance	369912474	Q96F46	rs369912474	L467P	0.0		Q96F46	Interleukin-17 receptor A	Homo sapiens	Encontrado	https://alphafold.ebi.ac.uk/entry/Q96F46
IL17RA	missense_variant	uncertain significance	371055145						Q96F46	Interleukin-17 receptor A	Homo sapiens	Encontrado	https://alphafold.ebi.ac.uk/entry/Q96F46
IL17RA	missense_variant	uncertain significance	371494126	Q96F46	rs371494126	S227A	0.971		Q96F46	Interleukin-17 receptor A	Homo sapiens	Encontrado	https://alphafold.ebi.ac.uk/entry/Q96F46
IL17RA	missense_variant	uncertain significance	371494126	Q96F46	rs371494126	S227A	0.11		Q96F46	Interleukin-17 receptor A	Homo sapiens	Encontrado	https://alphafold.ebi.ac.uk/entry/Q96F46
IL17RA	missense_variant	uncertain significance	371565499	Q96F46	rs371565499	T362I	0.014		Q96F46	Interleukin-17 receptor A	Homo sapiens	Encontrado	https://alphafold.ebi.ac.uk/entry/Q96F46
IL17RA	missense_variant	uncertain significance	371565499	Q96F46	rs371565499	T362I	0.18		Q96F46	Interleukin-17 receptor A	Homo sapiens	Encontrado	https://alphafold.ebi.ac.uk/entry/Q96F46
IL17RA	missense_variant	uncertain significance	371565499	Q96F46	rs371565499	T362I	0.015		Q96F46	Interleukin-17 receptor A	Homo sapiens	Encontrado	https://alphafold.ebi.ac.uk/entry/Q96F46
IL17RA	missense_variant	uncertain significance	371565499	Q96F46	rs371565499	T362I	0.14		Q96F46	Interleukin-17 receptor A	Homo sapiens	Encontrado	https://alphafold.ebi.ac.uk/entry/Q96F46
IL17RA	missense_variant	likely benign	371674761						Q96F46	Interleukin-17 receptor A	Homo sapiens	Encontrado	https://alphafold.ebi.ac.uk/entry/Q96F46
IL17RA	missense_variant		371872088						Q96F46	Interleukin-17 receptor A	Homo sapiens	Encontrado	https://alphafold.ebi.ac.uk/entry/Q96F46
IL17RA	missense_variant	uncertain significance	372238432	Q96F46	rs372238432	L590F	0.9		Q96F46	Interleukin-17 receptor A	Homo sapiens	Encontrado	https://alphafold.ebi.ac.uk/entry/Q96F46
IL17RA	missense_variant	uncertain significance	372238432	Q96F46	rs372238432	L590F	0.0		Q96F46	Interleukin-17 receptor A	Homo sapiens	Encontrado	https://alphafold.ebi.ac.uk/entry/Q96F46
IL17RA	missense_variant	uncertain significance	372238432	Q96F46	rs372238432	L590V	0.56		Q96F46	Interleukin-17 receptor A	Homo sapiens	Encontrado	https://alphafold.ebi.ac.uk/entry/Q96F46
IL17RA	missense_variant	uncertain significance	372238432	Q96F46	rs372238432	L590V	0.26		Q96F46	Interleukin-17 receptor A	Homo sapiens	Encontrado	https://alphafold.ebi.ac.uk/entry/Q96F46
IL17RA	missense_variant	uncertain significance	372510142	Q96F46	rs372510142	R522Q	0.084		Q96F46	Interleukin-17 receptor A	Homo sapiens	Encontrado	https://alphafold.ebi.ac.uk/entry/Q96F46
IL17RA	missense_variant	uncertain significance	372510142	Q96F46	rs372510142	R522Q	0.03		Q96F46	Interleukin-17 receptor A	Homo sapiens	Encontrado	https://alphafold.ebi.ac.uk/entry/Q96F46
IL17RA	missense_variant		372584256						Q96F46	Interleukin-17 receptor A	Homo sapiens	Encontrado	https://alphafold.ebi.ac.uk/entry/Q96F46
IL17RA	missense_variant		372805328						Q96F46	Interleukin-17 receptor A	Homo sapiens	Encontrado	https://alphafold.ebi.ac.uk/entry/Q96F46
IL17RA	missense_variant	uncertain significance	372834294	Q96F46	rs372834294	F129Y	0.964		Q96F46	Interleukin-17 receptor A	Homo sapiens	Encontrado	https://alphafold.ebi.ac.uk/entry/Q96F46
IL17RA	missense_variant	uncertain significance	372834294	Q96F46	rs372834294	F129Y	0.06		Q96F46	Interleukin-17 receptor A	Homo sapiens	Encontrado	https://alphafold.ebi.ac.uk/entry/Q96F46
IL17RA	missense_variant	uncertain significance	372842141	Q96F46	rs372842141	V394M	1.0		Q96F46	Interleukin-17 receptor A	Homo sapiens	Encontrado	https://alphafold.ebi.ac.uk/entry/Q96F46
IL17RA	missense_variant	uncertain significance	372842141	Q96F46	rs372842141	V394M	0.0		Q96F46	Interleukin-17 receptor A	Homo sapiens	Encontrado	https://alphafold.ebi.ac.uk/entry/Q96F46
IL17RA	missense_variant	uncertain significance	373598318	Q96F46	rs373598318	L828H	0.995		Q96F46	Interleukin-17 receptor A	Homo sapiens	Encontrado	https://alphafold.ebi.ac.uk/entry/Q96F46
IL17RA	missense_variant	uncertain significance	373598318	Q96F46	rs373598318	L828H	0.0		Q96F46	Interleukin-17 receptor A	Homo sapiens	Encontrado	https://alphafold.ebi.ac.uk/entry/Q96F46
IL17RA	missense_variant		373988755						Q96F46	Interleukin-17 receptor A	Homo sapiens	Encontrado	https://alphafold.ebi.ac.uk/entry/Q96F46
IL17RA	missense_variant		374263008						Q96F46	Interleukin-17 receptor A	Homo sapiens	Encontrado	https://alphafold.ebi.ac.uk/entry/Q96F46
IL17RA	missense_variant		374444452						Q96F46	Interleukin-17 receptor A	Homo sapiens	Encontrado	https://alphafold.ebi.ac.uk/entry/Q96F46
IL17RA	missense_variant		374474958						Q96F46	Interleukin-17 receptor A	Homo sapiens	Encontrado	https://alphafold.ebi.ac.uk/entry/Q96F46
IL17RA	missense_variant	uncertain significance	374891419	Q96F46	rs374891419	S236C	0.853		Q96F46	Interleukin-17 receptor A	Homo sapiens	Encontrado	https://alphafold.ebi.ac.uk/entry/Q96F46
IL17RA	missense_variant	uncertain significance	374891419	Q96F46	rs374891419	S236C	0.0		Q96F46	Interleukin-17 receptor A	Homo sapiens	Encontrado	https://alphafold.ebi.ac.uk/entry/Q96F46
IL17RA	missense_variant	uncertain significance	375160919	Q96F46	rs375160919	P599R	0.473		Q96F46	Interleukin-17 receptor A	Homo sapiens	Encontrado	https://alphafold.ebi.ac.uk/entry/Q96F46
IL17RA	missense_variant	uncertain significance	375160919	Q96F46	rs375160919	P599R	0.09		Q96F46	Interleukin-17 receptor A	Homo sapiens	Encontrado	https://alphafold.ebi.ac.uk/entry/Q96F46
IL17RA	missense_variant	uncertain significance	375341860	Q96F46	rs375341860	P255S	0.031		Q96F46	Interleukin-17 receptor A	Homo sapiens	Encontrado	https://alphafold.ebi.ac.uk/entry/Q96F46
IL17RA	missense_variant	uncertain significance	375341860	Q96F46	rs375341860	P255S	0.07		Q96F46	Interleukin-17 receptor A	Homo sapiens	Encontrado	https://alphafold.ebi.ac.uk/entry/Q96F46
IL17RA	missense_variant	uncertain significance	375421722	Q96F46	rs375421722	G616S	0.622		Q96F46	Interleukin-17 receptor A	Homo sapiens	Encontrado	https://alphafold.ebi.ac.uk/entry/Q96F46
IL17RA	missense_variant	uncertain significance	375421722	Q96F46	rs375421722	G616S	0.01		Q96F46	Interleukin-17 receptor A	Homo sapiens	Encontrado	https://alphafold.ebi.ac.uk/entry/Q96F46
IL17RA	missense_variant		375768730						Q96F46	Interleukin-17 receptor A	Homo sapiens	Encontrado	https://alphafold.ebi.ac.uk/entry/Q96F46
IL17RA	missense_variant	uncertain significance	376575302	Q96F46	rs376575302	E110K	0.01		Q96F46	Interleukin-17 receptor A	Homo sapiens	Encontrado	https://alphafold.ebi.ac.uk/entry/Q96F46
IL17RA	missense_variant	uncertain significance	376575302	Q96F46	rs376575302	E110K	0.27		Q96F46	Interleukin-17 receptor A	Homo sapiens	Encontrado	https://alphafold.ebi.ac.uk/entry/Q96F46
IL17RA	missense_variant	uncertain significance	376591791	Q96F46	rs376591791	F718V	0.059		Q96F46	Interleukin-17 receptor A	Homo sapiens	Encontrado	https://alphafold.ebi.ac.uk/entry/Q96F46
IL17RA	missense_variant	uncertain significance	376591791	Q96F46	rs376591791	F718V	0.05		Q96F46	Interleukin-17 receptor A	Homo sapiens	Encontrado	https://alphafold.ebi.ac.uk/entry/Q96F46
IL17RA	missense_variant	uncertain significance	376663042	Q96F46	rs376663042	T809K	0.084		Q96F46	Interleukin-17 receptor A	Homo sapiens	Encontrado	https://alphafold.ebi.ac.uk/entry/Q96F46
IL17RA	missense_variant	uncertain significance	376663042	Q96F46	rs376663042	T809K	0.25		Q96F46	Interleukin-17 receptor A	Homo sapiens	Encontrado	https://alphafold.ebi.ac.uk/entry/Q96F46
IL17RA	missense_variant	uncertain significance	376923038	Q96F46	rs376923038	V161A	0.984		Q96F46	Interleukin-17 receptor A	Homo sapiens	Encontrado	https://alphafold.ebi.ac.uk/entry/Q96F46
IL17RA	missense_variant	uncertain significance	376923038	Q96F46	rs376923038	V161A	0.0		Q96F46	Interleukin-17 receptor A	Homo sapiens	Encontrado	https://alphafold.ebi.ac.uk/entry/Q96F46
IL17RA	missense_variant	uncertain significance	377143132	Q96F46	rs377143132	A519P	0.775		Q96F46	Interleukin-17 receptor A	Homo sapiens	Encontrado	https://alphafold.ebi.ac.uk/entry/Q96F46
IL17RA	missense_variant	uncertain significance	377143132	Q96F46	rs377143132	A519P	0.0		Q96F46	Interleukin-17 receptor A	Homo sapiens	Encontrado	https://alphafold.ebi.ac.uk/entry/Q96F46
IL17RA	missense_variant	uncertain significance	377143132	Q96F46	rs377143132	A519T	0.324		Q96F46	Interleukin-17 receptor A	Homo sapiens	Encontrado	https://alphafold.ebi.ac.uk/entry/Q96F46
IL17RA	missense_variant	uncertain significance	377143132	Q96F46	rs377143132	A519T	0.0		Q96F46	Interleukin-17 receptor A	Homo sapiens	Encontrado	https://alphafold.ebi.ac.uk/entry/Q96F46
IL17RA	missense_variant		377307666						Q96F46	Interleukin-17 receptor A	Homo sapiens	Encontrado	https://alphafold.ebi.ac.uk/entry/Q96F46
IL17RA	missense_variant	benign	41323645	Q96F46	rs41323645	A691T	0.925		Q96F46	Interleukin-17 receptor A	Homo sapiens	Encontrado	https://alphafold.ebi.ac.uk/entry/Q96F46
IL17RA	missense_variant	benign	41323645	Q96F46	rs41323645	A691T	0.31		Q96F46	Interleukin-17 receptor A	Homo sapiens	Encontrado	https://alphafold.ebi.ac.uk/entry/Q96F46
IL17RA	missense_variant	uncertain significance	41358047	Q96F46	rs41358047	P733R	0.877		Q96F46	Interleukin-17 receptor A	Homo sapiens	Encontrado	https://alphafold.ebi.ac.uk/entry/Q96F46
IL17RA	missense_variant	uncertain significance	41358047	Q96F46	rs41358047	P733R	0.02		Q96F46	Interleukin-17 receptor A	Homo sapiens	Encontrado	https://alphafold.ebi.ac.uk/entry/Q96F46
IL17RA	missense_variant	benign	41432148	Q96F46	rs41432148	D583H	0.884		Q96F46	Interleukin-17 receptor A	Homo sapiens	Encontrado	https://alphafold.ebi.ac.uk/entry/Q96F46
IL17RA	missense_variant	benign	41432148	Q96F46	rs41432148	D583H	0.0		Q96F46	Interleukin-17 receptor A	Homo sapiens	Encontrado	https://alphafold.ebi.ac.uk/entry/Q96F46
IL17RA	missense_variant	benign	41482444						Q96F46	Interleukin-17 receptor A	Homo sapiens	Encontrado	https://alphafold.ebi.ac.uk/entry/Q96F46
IL17RA	missense_variant	uncertain significance	41510847	Q96F46	rs41510847	G24R	0.0		Q96F46	Interleukin-17 receptor A	Homo sapiens	Encontrado	https://alphafold.ebi.ac.uk/entry/Q96F46
IL17RA	missense_variant	uncertain significance	41510847	Q96F46	rs41510847	G24R	0.26		Q96F46	Interleukin-17 receptor A	Homo sapiens	Encontrado	https://alphafold.ebi.ac.uk/entry/Q96F46
IL17RA	missense_variant	uncertain significance	41529049	Q96F46	rs41529049	T498I	0.882		Q96F46	Interleukin-17 receptor A	Homo sapiens	Encontrado	https://alphafold.ebi.ac.uk/entry/Q96F46
IL17RA	missense_variant	uncertain significance	41529049	Q96F46	rs41529049	T498I	0.01		Q96F46	Interleukin-17 receptor A	Homo sapiens	Encontrado	https://alphafold.ebi.ac.uk/entry/Q96F46
IL17RA	missense_variant	uncertain significance	527593084	Q96F46	rs527593084	A188T	0.0		Q96F46	Interleukin-17 receptor A	Homo sapiens	Encontrado	https://alphafold.ebi.ac.uk/entry/Q96F46
IL17RA	missense_variant	uncertain significance	527593084	Q96F46	rs527593084	A188T	0.12		Q96F46	Interleukin-17 receptor A	Homo sapiens	Encontrado	https://alphafold.ebi.ac.uk/entry/Q96F46
IL17RA	missense_variant		528982481						Q96F46	Interleukin-17 receptor A	Homo sapiens	Encontrado	https://alphafold.ebi.ac.uk/entry/Q96F46
IL17RA	missense_variant		532732809						Q96F46	Interleukin-17 receptor A	Homo sapiens	Encontrado	https://alphafold.ebi.ac.uk/entry/Q96F46
IL17RA	missense_variant	uncertain significance, likely benign	534399492	Q96F46	rs534399492	P7S	0.0		Q96F46	Interleukin-17 receptor A	Homo sapiens	Encontrado	https://alphafold.ebi.ac.uk/entry/Q96F46
IL17RA	missense_variant	uncertain significance, likely benign	534399492	Q96F46	rs534399492	P7S	0.58		Q96F46	Interleukin-17 receptor A	Homo sapiens	Encontrado	https://alphafold.ebi.ac.uk/entry/Q96F46
IL17RA	missense_variant	uncertain significance	534512644	Q96F46	rs534512644	V209M	0.4		Q96F46	Interleukin-17 receptor A	Homo sapiens	Encontrado	https://alphafold.ebi.ac.uk/entry/Q96F46
IL17RA	missense_variant	uncertain significance	534512644	Q96F46	rs534512644	V209M	0.24		Q96F46	Interleukin-17 receptor A	Homo sapiens	Encontrado	https://alphafold.ebi.ac.uk/entry/Q96F46
IL17RA	missense_variant	uncertain significance	539782982	Q96F46	rs539782982	L22F	0.0		Q96F46	Interleukin-17 receptor A	Homo sapiens	Encontrado	https://alphafold.ebi.ac.uk/entry/Q96F46
IL17RA	missense_variant	uncertain significance	539782982	Q96F46	rs539782982	L22F	0.27		Q96F46	Interleukin-17 receptor A	Homo sapiens	Encontrado	https://alphafold.ebi.ac.uk/entry/Q96F46
IL17RA	missense_variant	uncertain significance	543278251	Q96F46	rs543278251	R522W	0.914		Q96F46	Interleukin-17 receptor A	Homo sapiens	Encontrado	https://alphafold.ebi.ac.uk/entry/Q96F46
IL17RA	missense_variant	uncertain significance	543278251	Q96F46	rs543278251	R522W	0.02		Q96F46	Interleukin-17 receptor A	Homo sapiens	Encontrado	https://alphafold.ebi.ac.uk/entry/Q96F46
IL17RA	missense_variant		544653285						Q96F46	Interleukin-17 receptor A	Homo sapiens	Encontrado	https://alphafold.ebi.ac.uk/entry/Q96F46
IL17RA	missense_variant		544657320						Q96F46	Interleukin-17 receptor A	Homo sapiens	Encontrado	https://alphafold.ebi.ac.uk/entry/Q96F46
IL17RA	missense_variant		547985757						Q96F46	Interleukin-17 receptor A	Homo sapiens	Encontrado	https://alphafold.ebi.ac.uk/entry/Q96F46
IL17RA	missense_variant	uncertain significance	549305543	Q96F46	rs549305543	D572E	0.0		Q96F46	Interleukin-17 receptor A	Homo sapiens	Encontrado	https://alphafold.ebi.ac.uk/entry/Q96F46
IL17RA	missense_variant	uncertain significance	549305543	Q96F46	rs549305543	D572E	0.67		Q96F46	Interleukin-17 receptor A	Homo sapiens	Encontrado	https://alphafold.ebi.ac.uk/entry/Q96F46
IL17RA	missense_variant	uncertain significance	550421038	Q96F46	rs550421038	A690D	0.282		Q96F46	Interleukin-17 receptor A	Homo sapiens	Encontrado	https://alphafold.ebi.ac.uk/entry/Q96F46
IL17RA	missense_variant	uncertain significance	550421038	Q96F46	rs550421038	A690D	0.51		Q96F46	Interleukin-17 receptor A	Homo sapiens	Encontrado	https://alphafold.ebi.ac.uk/entry/Q96F46
IL17RA	missense_variant	uncertain significance	552176381	Q96F46	rs552176381	V161I	0.01		Q96F46	Interleukin-17 receptor A	Homo sapiens	Encontrado	https://alphafold.ebi.ac.uk/entry/Q96F46
IL17RA	missense_variant	uncertain significance	552176381	Q96F46	rs552176381	V161I	0.03		Q96F46	Interleukin-17 receptor A	Homo sapiens	Encontrado	https://alphafold.ebi.ac.uk/entry/Q96F46
IL17RA	missense_variant	uncertain significance	552176381	Q96F46	rs552176381	V161L	0.068		Q96F46	Interleukin-17 receptor A	Homo sapiens	Encontrado	https://alphafold.ebi.ac.uk/entry/Q96F46
IL17RA	missense_variant	uncertain significance	552176381	Q96F46	rs552176381	V161L	0.0		Q96F46	Interleukin-17 receptor A	Homo sapiens	Encontrado	https://alphafold.ebi.ac.uk/entry/Q96F46
IL17RA	missense_variant		552451486						Q96F46	Interleukin-17 receptor A	Homo sapiens	Encontrado	https://alphafold.ebi.ac.uk/entry/Q96F46
IL17RA	missense_variant	uncertain significance	554211497	Q96F46	rs554211497	R461W	0.0		Q96F46	Interleukin-17 receptor A	Homo sapiens	Encontrado	https://alphafold.ebi.ac.uk/entry/Q96F46
IL17RA	missense_variant	uncertain significance	554211497	Q96F46	rs554211497	R461W	0.07		Q96F46	Interleukin-17 receptor A	Homo sapiens	Encontrado	https://alphafold.ebi.ac.uk/entry/Q96F46
IL17RA	missense_variant		556317837						Q96F46	Interleukin-17 receptor A	Homo sapiens	Encontrado	https://alphafold.ebi.ac.uk/entry/Q96F46
IL17RA	missense_variant	uncertain significance	558799480	Q96F46	rs558799480	A214V	0.012		Q96F46	Interleukin-17 receptor A	Homo sapiens	Encontrado	https://alphafold.ebi.ac.uk/entry/Q96F46
IL17RA	missense_variant	uncertain significance	558799480	Q96F46	rs558799480	A214V	0.16		Q96F46	Interleukin-17 receptor A	Homo sapiens	Encontrado	https://alphafold.ebi.ac.uk/entry/Q96F46
IL17RA	missense_variant	uncertain significance	559058243	Q96F46	rs559058243	G643E	0.973		Q96F46	Interleukin-17 receptor A	Homo sapiens	Encontrado	https://alphafold.ebi.ac.uk/entry/Q96F46
IL17RA	missense_variant	uncertain significance	559058243	Q96F46	rs559058243	G643E	0.34		Q96F46	Interleukin-17 receptor A	Homo sapiens	Encontrado	https://alphafold.ebi.ac.uk/entry/Q96F46
IL17RA	missense_variant		560474451						Q96F46	Interleukin-17 receptor A	Homo sapiens	Encontrado	https://alphafold.ebi.ac.uk/entry/Q96F46
IL17RA	missense_variant	uncertain significance	561656428	Q96F46	rs561656428	P389R	1.0		Q96F46	Interleukin-17 receptor A	Homo sapiens	Encontrado	https://alphafold.ebi.ac.uk/entry/Q96F46
IL17RA	missense_variant	uncertain significance	561656428	Q96F46	rs561656428	P389R	0.4		Q96F46	Interleukin-17 receptor A	Homo sapiens	Encontrado	https://alphafold.ebi.ac.uk/entry/Q96F46
IL17RA	missense_variant		561912993	Q96F46	rs561912993	E506K	0.192		Q96F46	Interleukin-17 receptor A	Homo sapiens	Encontrado	https://alphafold.ebi.ac.uk/entry/Q96F46
IL17RA	missense_variant		561912993	Q96F46	rs561912993	E506K	0.02		Q96F46	Interleukin-17 receptor A	Homo sapiens	Encontrado	https://alphafold.ebi.ac.uk/entry/Q96F46
IL17RA	missense_variant		561912993	Q96F46	rs561912993	E506K	0.188		Q96F46	Interleukin-17 receptor A	Homo sapiens	Encontrado	https://alphafold.ebi.ac.uk/entry/Q96F46
IL17RA	missense_variant		561912993	Q96F46	rs561912993	E506K	0.0		Q96F46	Interleukin-17 receptor A	Homo sapiens	Encontrado	https://alphafold.ebi.ac.uk/entry/Q96F46
IL17RA	missense_variant	uncertain significance	567320041	Q96F46	rs567320041	A3V	0.0		Q96F46	Interleukin-17 receptor A	Homo sapiens	Encontrado	https://alphafold.ebi.ac.uk/entry/Q96F46
IL17RA	missense_variant	uncertain significance	567320041	Q96F46	rs567320041	A3V	0.31		Q96F46	Interleukin-17 receptor A	Homo sapiens	Encontrado	https://alphafold.ebi.ac.uk/entry/Q96F46
IL17RA	missense_variant		569080265						Q96F46	Interleukin-17 receptor A	Homo sapiens	Encontrado	https://alphafold.ebi.ac.uk/entry/Q96F46
IL17RA	missense_variant	uncertain significance	569989686	Q96F46	rs569989686	A735V	0.015		Q96F46	Interleukin-17 receptor A	Homo sapiens	Encontrado	https://alphafold.ebi.ac.uk/entry/Q96F46
IL17RA	missense_variant	uncertain significance	569989686	Q96F46	rs569989686	A735V	0.17		Q96F46	Interleukin-17 receptor A	Homo sapiens	Encontrado	https://alphafold.ebi.ac.uk/entry/Q96F46
IL17RA	missense_variant		573583763	Q96F46	rs573583763	E757K	0.011		Q96F46	Interleukin-17 receptor A	Homo sapiens	Encontrado	https://alphafold.ebi.ac.uk/entry/Q96F46
IL17RA	missense_variant		573583763	Q96F46	rs573583763	E757K	0.04		Q96F46	Interleukin-17 receptor A	Homo sapiens	Encontrado	https://alphafold.ebi.ac.uk/entry/Q96F46
IL17RA	missense_variant		573583763	Q96F46	rs573583763	E757K	0.01		Q96F46	Interleukin-17 receptor A	Homo sapiens	Encontrado	https://alphafold.ebi.ac.uk/entry/Q96F46
IL17RA	missense_variant		573583763	Q96F46	rs573583763	E757K	0.01		Q96F46	Interleukin-17 receptor A	Homo sapiens	Encontrado	https://alphafold.ebi.ac.uk/entry/Q96F46
IL17RA	missense_variant	uncertain significance	573755642						Q96F46	Interleukin-17 receptor A	Homo sapiens	Encontrado	https://alphafold.ebi.ac.uk/entry/Q96F46
IL17RA	missense_variant	likely benign	574409116	Q96F46	rs574409116	L755P	0.838		Q96F46	Interleukin-17 receptor A	Homo sapiens	Encontrado	https://alphafold.ebi.ac.uk/entry/Q96F46
IL17RA	missense_variant	likely benign	574409116	Q96F46	rs574409116	L755P	0.02		Q96F46	Interleukin-17 receptor A	Homo sapiens	Encontrado	https://alphafold.ebi.ac.uk/entry/Q96F46
IL17RA	missense_variant	uncertain significance	577326347	Q96F46	rs577326347	M773T	0.01		Q96F46	Interleukin-17 receptor A	Homo sapiens	Encontrado	https://alphafold.ebi.ac.uk/entry/Q96F46
IL17RA	missense_variant	uncertain significance	577326347	Q96F46	rs577326347	M773T	0.57		Q96F46	Interleukin-17 receptor A	Homo sapiens	Encontrado	https://alphafold.ebi.ac.uk/entry/Q96F46
IL17RA	missense_variant		745329193						Q96F46	Interleukin-17 receptor A	Homo sapiens	Encontrado	https://alphafold.ebi.ac.uk/entry/Q96F46
IL17RA	missense_variant	uncertain significance	745404600						Q96F46	Interleukin-17 receptor A	Homo sapiens	Encontrado	https://alphafold.ebi.ac.uk/entry/Q96F46
IL17RA	missense_variant		745599502						Q96F46	Interleukin-17 receptor A	Homo sapiens	Encontrado	https://alphafold.ebi.ac.uk/entry/Q96F46
IL17RA	missense_variant		745681628	Q96F46	rs745681628	G497S	0.994		Q96F46	Interleukin-17 receptor A	Homo sapiens	Encontrado	https://alphafold.ebi.ac.uk/entry/Q96F46
IL17RA	missense_variant		745681628	Q96F46	rs745681628	G497S	0.04		Q96F46	Interleukin-17 receptor A	Homo sapiens	Encontrado	https://alphafold.ebi.ac.uk/entry/Q96F46
IL17RA	missense_variant		745681628	Q96F46	rs745681628	G497S	1.0		Q96F46	Interleukin-17 receptor A	Homo sapiens	Encontrado	https://alphafold.ebi.ac.uk/entry/Q96F46
IL17RA	missense_variant		745681628	Q96F46	rs745681628	G497S	0.01		Q96F46	Interleukin-17 receptor A	Homo sapiens	Encontrado	https://alphafold.ebi.ac.uk/entry/Q96F46
IL17RA	missense_variant	uncertain significance	745774811	Q96F46	rs745774811	L76P	0.964		Q96F46	Interleukin-17 receptor A	Homo sapiens	Encontrado	https://alphafold.ebi.ac.uk/entry/Q96F46
IL17RA	missense_variant	uncertain significance	745774811	Q96F46	rs745774811	L76P	0.0		Q96F46	Interleukin-17 receptor A	Homo sapiens	Encontrado	https://alphafold.ebi.ac.uk/entry/Q96F46
IL17RA	missense_variant		745879144						Q96F46	Interleukin-17 receptor A	Homo sapiens	Encontrado	https://alphafold.ebi.ac.uk/entry/Q96F46
IL17RA	missense_variant	uncertain significance	746193437	Q96F46	rs746193437	R141Q	0.922		Q96F46	Interleukin-17 receptor A	Homo sapiens	Encontrado	https://alphafold.ebi.ac.uk/entry/Q96F46
IL17RA	missense_variant	uncertain significance	746193437	Q96F46	rs746193437	R141Q	0.07		Q96F46	Interleukin-17 receptor A	Homo sapiens	Encontrado	https://alphafold.ebi.ac.uk/entry/Q96F46
IL17RA	missense_variant	uncertain significance	746356951	Q96F46	rs746356951	A299E	0.0		Q96F46	Interleukin-17 receptor A	Homo sapiens	Encontrado	https://alphafold.ebi.ac.uk/entry/Q96F46
IL17RA	missense_variant	uncertain significance	746356951	Q96F46	rs746356951	A299E	0.04		Q96F46	Interleukin-17 receptor A	Homo sapiens	Encontrado	https://alphafold.ebi.ac.uk/entry/Q96F46
IL17RA	missense_variant	uncertain significance	746356951	Q96F46	rs746356951	A299V	0.0		Q96F46	Interleukin-17 receptor A	Homo sapiens	Encontrado	https://alphafold.ebi.ac.uk/entry/Q96F46
IL17RA	missense_variant	uncertain significance	746356951	Q96F46	rs746356951	A299V	1.0		Q96F46	Interleukin-17 receptor A	Homo sapiens	Encontrado	https://alphafold.ebi.ac.uk/entry/Q96F46
IL17RA	missense_variant	uncertain significance	746356951	Q96F46	rs746356951	A299V	0.0		Q96F46	Interleukin-17 receptor A	Homo sapiens	Encontrado	https://alphafold.ebi.ac.uk/entry/Q96F46
IL17RA	missense_variant	uncertain significance	746356951	Q96F46	rs746356951	A299V	1.0		Q96F46	Interleukin-17 receptor A	Homo sapiens	Encontrado	https://alphafold.ebi.ac.uk/entry/Q96F46
IL17RA	missense_variant		746436173						Q96F46	Interleukin-17 receptor A	Homo sapiens	Encontrado	https://alphafold.ebi.ac.uk/entry/Q96F46
IL17RA	missense_variant		746536417						Q96F46	Interleukin-17 receptor A	Homo sapiens	Encontrado	https://alphafold.ebi.ac.uk/entry/Q96F46
IL17RA	missense_variant		746639569						Q96F46	Interleukin-17 receptor A	Homo sapiens	Encontrado	https://alphafold.ebi.ac.uk/entry/Q96F46
IL17RA	missense_variant	uncertain significance	746727468	Q96F46	rs746727468	I106M	0.988		Q96F46	Interleukin-17 receptor A	Homo sapiens	Encontrado	https://alphafold.ebi.ac.uk/entry/Q96F46
IL17RA	missense_variant	uncertain significance	746727468	Q96F46	rs746727468	I106M	0.0		Q96F46	Interleukin-17 receptor A	Homo sapiens	Encontrado	https://alphafold.ebi.ac.uk/entry/Q96F46
IL17RA	missense_variant	uncertain significance	746798811	Q96F46	rs746798811	L753R	0.015		Q96F46	Interleukin-17 receptor A	Homo sapiens	Encontrado	https://alphafold.ebi.ac.uk/entry/Q96F46
IL17RA	missense_variant	uncertain significance	746798811	Q96F46	rs746798811	L753R	0.1		Q96F46	Interleukin-17 receptor A	Homo sapiens	Encontrado	https://alphafold.ebi.ac.uk/entry/Q96F46
IL17RA	missense_variant	uncertain significance	746817140	Q96F46	rs746817140	M734V	0.0		Q96F46	Interleukin-17 receptor A	Homo sapiens	Encontrado	https://alphafold.ebi.ac.uk/entry/Q96F46
IL17RA	missense_variant	uncertain significance	746817140	Q96F46	rs746817140	M734V	0.91		Q96F46	Interleukin-17 receptor A	Homo sapiens	Encontrado	https://alphafold.ebi.ac.uk/entry/Q96F46
IL17RA	missense_variant		747051124						Q96F46	Interleukin-17 receptor A	Homo sapiens	Encontrado	https://alphafold.ebi.ac.uk/entry/Q96F46
IL17RA	missense_variant	uncertain significance	747381686	Q96F46	rs747381686	E831K	0.958		Q96F46	Interleukin-17 receptor A	Homo sapiens	Encontrado	https://alphafold.ebi.ac.uk/entry/Q96F46
IL17RA	missense_variant	uncertain significance	747381686	Q96F46	rs747381686	E831K	0.0		Q96F46	Interleukin-17 receptor A	Homo sapiens	Encontrado	https://alphafold.ebi.ac.uk/entry/Q96F46
IL17RA	missense_variant	uncertain significance	747597787	Q96F46	rs747597787	P704L	0.998		Q96F46	Interleukin-17 receptor A	Homo sapiens	Encontrado	https://alphafold.ebi.ac.uk/entry/Q96F46
IL17RA	missense_variant	uncertain significance	747597787	Q96F46	rs747597787	P704L	0.01		Q96F46	Interleukin-17 receptor A	Homo sapiens	Encontrado	https://alphafold.ebi.ac.uk/entry/Q96F46
IL17RA	missense_variant	uncertain significance	747687323						Q96F46	Interleukin-17 receptor A	Homo sapiens	Encontrado	https://alphafold.ebi.ac.uk/entry/Q96F46
IL17RA	missense_variant	uncertain significance	747892404	Q96F46	rs747892404	S715N	0.066		Q96F46	Interleukin-17 receptor A	Homo sapiens	Encontrado	https://alphafold.ebi.ac.uk/entry/Q96F46
IL17RA	missense_variant	uncertain significance	747892404	Q96F46	rs747892404	S715N	0.74		Q96F46	Interleukin-17 receptor A	Homo sapiens	Encontrado	https://alphafold.ebi.ac.uk/entry/Q96F46
IL17RA	missense_variant		747969942						Q96F46	Interleukin-17 receptor A	Homo sapiens	Encontrado	https://alphafold.ebi.ac.uk/entry/Q96F46
IL17RA	missense_variant	benign	74827998	Q96F46	rs74827998	I797V	0.456		Q96F46	Interleukin-17 receptor A	Homo sapiens	Encontrado	https://alphafold.ebi.ac.uk/entry/Q96F46
IL17RA	missense_variant	benign	74827998	Q96F46	rs74827998	I797V	0.06		Q96F46	Interleukin-17 receptor A	Homo sapiens	Encontrado	https://alphafold.ebi.ac.uk/entry/Q96F46
IL17RA	missense_variant	uncertain significance	748447966	Q96F46	rs748447966	K491R	0.998		Q96F46	Interleukin-17 receptor A	Homo sapiens	Encontrado	https://alphafold.ebi.ac.uk/entry/Q96F46
IL17RA	missense_variant	uncertain significance	748447966	Q96F46	rs748447966	K491R	0.05		Q96F46	Interleukin-17 receptor A	Homo sapiens	Encontrado	https://alphafold.ebi.ac.uk/entry/Q96F46
IL17RA	missense_variant	uncertain significance	748566718	Q96F46	rs748566718	T667S	0.019		Q96F46	Interleukin-17 receptor A	Homo sapiens	Encontrado	https://alphafold.ebi.ac.uk/entry/Q96F46
IL17RA	missense_variant	uncertain significance	748566718	Q96F46	rs748566718	T667S	0.04		Q96F46	Interleukin-17 receptor A	Homo sapiens	Encontrado	https://alphafold.ebi.ac.uk/entry/Q96F46
IL17RA	missense_variant	uncertain significance	748641311	Q96F46	rs748641311	V618L	0.013		Q96F46	Interleukin-17 receptor A	Homo sapiens	Encontrado	https://alphafold.ebi.ac.uk/entry/Q96F46
IL17RA	missense_variant	uncertain significance	748641311	Q96F46	rs748641311	V618L	0.19		Q96F46	Interleukin-17 receptor A	Homo sapiens	Encontrado	https://alphafold.ebi.ac.uk/entry/Q96F46
IL17RA	missense_variant		748756243						Q96F46	Interleukin-17 receptor A	Homo sapiens	Encontrado	https://alphafold.ebi.ac.uk/entry/Q96F46
IL17RA	missense_variant		748827958						Q96F46	Interleukin-17 receptor A	Homo sapiens	Encontrado	https://alphafold.ebi.ac.uk/entry/Q96F46
IL17RA	missense_variant		748859963						Q96F46	Interleukin-17 receptor A	Homo sapiens	Encontrado	https://alphafold.ebi.ac.uk/entry/Q96F46
IL17RA	missense_variant	uncertain significance	748951854	Q96F46	rs748951854	P373S	0.948		Q96F46	Interleukin-17 receptor A	Homo sapiens	Encontrado	https://alphafold.ebi.ac.uk/entry/Q96F46
IL17RA	missense_variant	uncertain significance	748951854	Q96F46	rs748951854	P373S	0.03		Q96F46	Interleukin-17 receptor A	Homo sapiens	Encontrado	https://alphafold.ebi.ac.uk/entry/Q96F46
IL17RA	missense_variant		749026738						Q96F46	Interleukin-17 receptor A	Homo sapiens	Encontrado	https://alphafold.ebi.ac.uk/entry/Q96F46
IL17RA	missense_variant		749068493						Q96F46	Interleukin-17 receptor A	Homo sapiens	Encontrado	https://alphafold.ebi.ac.uk/entry/Q96F46
IL17RA	missense_variant	uncertain significance	749236026	Q96F46	rs749236026	P824L	0.028		Q96F46	Interleukin-17 receptor A	Homo sapiens	Encontrado	https://alphafold.ebi.ac.uk/entry/Q96F46
IL17RA	missense_variant	uncertain significance	749236026	Q96F46	rs749236026	P824L	0.81		Q96F46	Interleukin-17 receptor A	Homo sapiens	Encontrado	https://alphafold.ebi.ac.uk/entry/Q96F46
IL17RA	missense_variant	uncertain significance	749236026	Q96F46	rs749236026	P824L	0.027		Q96F46	Interleukin-17 receptor A	Homo sapiens	Encontrado	https://alphafold.ebi.ac.uk/entry/Q96F46
IL17RA	missense_variant	uncertain significance	749236026	Q96F46	rs749236026	P824L	0.33		Q96F46	Interleukin-17 receptor A	Homo sapiens	Encontrado	https://alphafold.ebi.ac.uk/entry/Q96F46
IL17RA	missense_variant	uncertain significance	749236026	Q96F46	rs749236026	P824Q	0.103		Q96F46	Interleukin-17 receptor A	Homo sapiens	Encontrado	https://alphafold.ebi.ac.uk/entry/Q96F46
IL17RA	missense_variant	uncertain significance	749236026	Q96F46	rs749236026	P824Q	0.66		Q96F46	Interleukin-17 receptor A	Homo sapiens	Encontrado	https://alphafold.ebi.ac.uk/entry/Q96F46
IL17RA	missense_variant	uncertain significance	749300733	Q96F46	rs749300733	G518S	0.198		Q96F46	Interleukin-17 receptor A	Homo sapiens	Encontrado	https://alphafold.ebi.ac.uk/entry/Q96F46
IL17RA	missense_variant	uncertain significance	749300733	Q96F46	rs749300733	G518S	0.02		Q96F46	Interleukin-17 receptor A	Homo sapiens	Encontrado	https://alphafold.ebi.ac.uk/entry/Q96F46
IL17RA	missense_variant	uncertain significance	749306401	Q96F46	rs749306401	E97K	0.006		Q96F46	Interleukin-17 receptor A	Homo sapiens	Encontrado	https://alphafold.ebi.ac.uk/entry/Q96F46
IL17RA	missense_variant	uncertain significance	749306401	Q96F46	rs749306401	E97K	0.07		Q96F46	Interleukin-17 receptor A	Homo sapiens	Encontrado	https://alphafold.ebi.ac.uk/entry/Q96F46
IL17RA	missense_variant		749312533						Q96F46	Interleukin-17 receptor A	Homo sapiens	Encontrado	https://alphafold.ebi.ac.uk/entry/Q96F46
IL17RA	missense_variant		749493551						Q96F46	Interleukin-17 receptor A	Homo sapiens	Encontrado	https://alphafold.ebi.ac.uk/entry/Q96F46
IL17RA	missense_variant		749675456						Q96F46	Interleukin-17 receptor A	Homo sapiens	Encontrado	https://alphafold.ebi.ac.uk/entry/Q96F46
IL17RA	missense_variant	uncertain significance	749845273	Q96F46	rs749845273	G644A	0.087		Q96F46	Interleukin-17 receptor A	Homo sapiens	Encontrado	https://alphafold.ebi.ac.uk/entry/Q96F46
IL17RA	missense_variant	uncertain significance	749845273	Q96F46	rs749845273	G644A	0.28		Q96F46	Interleukin-17 receptor A	Homo sapiens	Encontrado	https://alphafold.ebi.ac.uk/entry/Q96F46
IL17RA	missense_variant	uncertain significance	750454090	Q96F46	rs750454090	N206T	0.014		Q96F46	Interleukin-17 receptor A	Homo sapiens	Encontrado	https://alphafold.ebi.ac.uk/entry/Q96F46
IL17RA	missense_variant	uncertain significance	750454090	Q96F46	rs750454090	N206T	0.12		Q96F46	Interleukin-17 receptor A	Homo sapiens	Encontrado	https://alphafold.ebi.ac.uk/entry/Q96F46
IL17RA	missense_variant	uncertain significance	750666893	Q96F46	rs750666893	V579F	0.149		Q96F46	Interleukin-17 receptor A	Homo sapiens	Encontrado	https://alphafold.ebi.ac.uk/entry/Q96F46
IL17RA	missense_variant	uncertain significance	750666893	Q96F46	rs750666893	V579F	0.01		Q96F46	Interleukin-17 receptor A	Homo sapiens	Encontrado	https://alphafold.ebi.ac.uk/entry/Q96F46
IL17RA	missense_variant	uncertain significance	750666893	Q96F46	rs750666893	V579I	0.001		Q96F46	Interleukin-17 receptor A	Homo sapiens	Encontrado	https://alphafold.ebi.ac.uk/entry/Q96F46
IL17RA	missense_variant	uncertain significance	750666893	Q96F46	rs750666893	V579I	0.19		Q96F46	Interleukin-17 receptor A	Homo sapiens	Encontrado	https://alphafold.ebi.ac.uk/entry/Q96F46
IL17RA	missense_variant		750769527						Q96F46	Interleukin-17 receptor A	Homo sapiens	Encontrado	https://alphafold.ebi.ac.uk/entry/Q96F46
IL17RA	missense_variant	uncertain significance	750935138	Q96F46	rs750935138	Q231R	0.072		Q96F46	Interleukin-17 receptor A	Homo sapiens	Encontrado	https://alphafold.ebi.ac.uk/entry/Q96F46
IL17RA	missense_variant	uncertain significance	750935138	Q96F46	rs750935138	Q231R	0.24		Q96F46	Interleukin-17 receptor A	Homo sapiens	Encontrado	https://alphafold.ebi.ac.uk/entry/Q96F46
IL17RA	missense_variant		750946123						Q96F46	Interleukin-17 receptor A	Homo sapiens	Encontrado	https://alphafold.ebi.ac.uk/entry/Q96F46
IL17RA	missense_variant		751031767						Q96F46	Interleukin-17 receptor A	Homo sapiens	Encontrado	https://alphafold.ebi.ac.uk/entry/Q96F46
IL17RA	missense_variant		751510286						Q96F46	Interleukin-17 receptor A	Homo sapiens	Encontrado	https://alphafold.ebi.ac.uk/entry/Q96F46
IL17RA	missense_variant		751608278						Q96F46	Interleukin-17 receptor A	Homo sapiens	Encontrado	https://alphafold.ebi.ac.uk/entry/Q96F46
IL17RA	missense_variant	uncertain significance, likely benign	751753949	Q96F46	rs751753949	L559V	0.62		Q96F46	Interleukin-17 receptor A	Homo sapiens	Encontrado	https://alphafold.ebi.ac.uk/entry/Q96F46
IL17RA	missense_variant	uncertain significance, likely benign	751753949	Q96F46	rs751753949	L559V	0.13		Q96F46	Interleukin-17 receptor A	Homo sapiens	Encontrado	https://alphafold.ebi.ac.uk/entry/Q96F46
IL17RA	missense_variant		751787674						Q96F46	Interleukin-17 receptor A	Homo sapiens	Encontrado	https://alphafold.ebi.ac.uk/entry/Q96F46
IL17RA	missense_variant		751841893						Q96F46	Interleukin-17 receptor A	Homo sapiens	Encontrado	https://alphafold.ebi.ac.uk/entry/Q96F46
IL17RA	missense_variant		751902723						Q96F46	Interleukin-17 receptor A	Homo sapiens	Encontrado	https://alphafold.ebi.ac.uk/entry/Q96F46
IL17RA	missense_variant		751909044						Q96F46	Interleukin-17 receptor A	Homo sapiens	Encontrado	https://alphafold.ebi.ac.uk/entry/Q96F46
IL17RA	missense_variant		752093297						Q96F46	Interleukin-17 receptor A	Homo sapiens	Encontrado	https://alphafold.ebi.ac.uk/entry/Q96F46
IL17RA	missense_variant	uncertain significance	752247864	Q96F46	rs752247864	A866T	0.011		Q96F46	Interleukin-17 receptor A	Homo sapiens	Encontrado	https://alphafold.ebi.ac.uk/entry/Q96F46
IL17RA	missense_variant	uncertain significance	752247864	Q96F46	rs752247864	A866T	0.0		Q96F46	Interleukin-17 receptor A	Homo sapiens	Encontrado	https://alphafold.ebi.ac.uk/entry/Q96F46
IL17RA	missense_variant	uncertain significance	752402424	Q96F46	rs752402424	K442E	0.998		Q96F46	Interleukin-17 receptor A	Homo sapiens	Encontrado	https://alphafold.ebi.ac.uk/entry/Q96F46
IL17RA	missense_variant	uncertain significance	752402424	Q96F46	rs752402424	K442E	0.0		Q96F46	Interleukin-17 receptor A	Homo sapiens	Encontrado	https://alphafold.ebi.ac.uk/entry/Q96F46
IL17RA	missense_variant	uncertain significance	752407403	Q96F46	rs752407403	S9F	0.0		Q96F46	Interleukin-17 receptor A	Homo sapiens	Encontrado	https://alphafold.ebi.ac.uk/entry/Q96F46
IL17RA	missense_variant	uncertain significance	752407403	Q96F46	rs752407403	S9F	0.02		Q96F46	Interleukin-17 receptor A	Homo sapiens	Encontrado	https://alphafold.ebi.ac.uk/entry/Q96F46
IL17RA	missense_variant	uncertain significance	752451165	Q96F46	rs752451165	L719F	0.998		Q96F46	Interleukin-17 receptor A	Homo sapiens	Encontrado	https://alphafold.ebi.ac.uk/entry/Q96F46
IL17RA	missense_variant	uncertain significance	752451165	Q96F46	rs752451165	L719F	0.02		Q96F46	Interleukin-17 receptor A	Homo sapiens	Encontrado	https://alphafold.ebi.ac.uk/entry/Q96F46
IL17RA	missense_variant	uncertain significance	752747061	Q96F46	rs752747061	D512N	1.0		Q96F46	Interleukin-17 receptor A	Homo sapiens	Encontrado	https://alphafold.ebi.ac.uk/entry/Q96F46
IL17RA	missense_variant	uncertain significance	752747061	Q96F46	rs752747061	D512N	0.02		Q96F46	Interleukin-17 receptor A	Homo sapiens	Encontrado	https://alphafold.ebi.ac.uk/entry/Q96F46
IL17RA	missense_variant	uncertain significance	752747061	Q96F46	rs752747061	D512N	0.999		Q96F46	Interleukin-17 receptor A	Homo sapiens	Encontrado	https://alphafold.ebi.ac.uk/entry/Q96F46
IL17RA	missense_variant	uncertain significance	752747061	Q96F46	rs752747061	D512N	0.01		Q96F46	Interleukin-17 receptor A	Homo sapiens	Encontrado	https://alphafold.ebi.ac.uk/entry/Q96F46
IL17RA	missense_variant	uncertain significance	752803409						Q96F46	Interleukin-17 receptor A	Homo sapiens	Encontrado	https://alphafold.ebi.ac.uk/entry/Q96F46
IL17RA	missense_variant		752845204						Q96F46	Interleukin-17 receptor A	Homo sapiens	Encontrado	https://alphafold.ebi.ac.uk/entry/Q96F46
IL17RA	missense_variant		752933178						Q96F46	Interleukin-17 receptor A	Homo sapiens	Encontrado	https://alphafold.ebi.ac.uk/entry/Q96F46
IL17RA	missense_variant	uncertain significance	752964419	Q96F46	rs752964419	K74E	0.98		Q96F46	Interleukin-17 receptor A	Homo sapiens	Encontrado	https://alphafold.ebi.ac.uk/entry/Q96F46
IL17RA	missense_variant	uncertain significance	752964419	Q96F46	rs752964419	K74E	0.03		Q96F46	Interleukin-17 receptor A	Homo sapiens	Encontrado	https://alphafold.ebi.ac.uk/entry/Q96F46
IL17RA	missense_variant		753229386						Q96F46	Interleukin-17 receptor A	Homo sapiens	Encontrado	https://alphafold.ebi.ac.uk/entry/Q96F46
IL17RA	missense_variant	uncertain significance	753376068	Q96F46	rs753376068	L696R	0.37		Q96F46	Interleukin-17 receptor A	Homo sapiens	Encontrado	https://alphafold.ebi.ac.uk/entry/Q96F46
IL17RA	missense_variant	uncertain significance	753376068	Q96F46	rs753376068	L696R	0.07		Q96F46	Interleukin-17 receptor A	Homo sapiens	Encontrado	https://alphafold.ebi.ac.uk/entry/Q96F46
IL17RA	missense_variant	uncertain significance	753549556	Q96F46	rs753549556	E651K	0.059		Q96F46	Interleukin-17 receptor A	Homo sapiens	Encontrado	https://alphafold.ebi.ac.uk/entry/Q96F46
IL17RA	missense_variant	uncertain significance	753549556	Q96F46	rs753549556	E651K	0.12		Q96F46	Interleukin-17 receptor A	Homo sapiens	Encontrado	https://alphafold.ebi.ac.uk/entry/Q96F46
IL17RA	missense_variant		753613197						Q96F46	Interleukin-17 receptor A	Homo sapiens	Encontrado	https://alphafold.ebi.ac.uk/entry/Q96F46
IL17RA	missense_variant	uncertain significance	753793215	Q96F46	rs753793215	F287L	0.097		Q96F46	Interleukin-17 receptor A	Homo sapiens	Encontrado	https://alphafold.ebi.ac.uk/entry/Q96F46
IL17RA	missense_variant	uncertain significance	753793215	Q96F46	rs753793215	F287L	0.01		Q96F46	Interleukin-17 receptor A	Homo sapiens	Encontrado	https://alphafold.ebi.ac.uk/entry/Q96F46
IL17RA	missense_variant	uncertain significance	753883526	Q96F46	rs753883526	H747N	0.011		Q96F46	Interleukin-17 receptor A	Homo sapiens	Encontrado	https://alphafold.ebi.ac.uk/entry/Q96F46
IL17RA	missense_variant	uncertain significance	753883526	Q96F46	rs753883526	H747N	0.0		Q96F46	Interleukin-17 receptor A	Homo sapiens	Encontrado	https://alphafold.ebi.ac.uk/entry/Q96F46
IL17RA	missense_variant		753988382						Q96F46	Interleukin-17 receptor A	Homo sapiens	Encontrado	https://alphafold.ebi.ac.uk/entry/Q96F46
IL17RA	missense_variant		754359661						Q96F46	Interleukin-17 receptor A	Homo sapiens	Encontrado	https://alphafold.ebi.ac.uk/entry/Q96F46
IL17RA	missense_variant	uncertain significance	754574936	Q96F46	rs754574936	A697E	0.156		Q96F46	Interleukin-17 receptor A	Homo sapiens	Encontrado	https://alphafold.ebi.ac.uk/entry/Q96F46
IL17RA	missense_variant	uncertain significance	754574936	Q96F46	rs754574936	A697E	0.3		Q96F46	Interleukin-17 receptor A	Homo sapiens	Encontrado	https://alphafold.ebi.ac.uk/entry/Q96F46
IL17RA	missense_variant	uncertain significance	754574936	Q96F46	rs754574936	A697V	0.001		Q96F46	Interleukin-17 receptor A	Homo sapiens	Encontrado	https://alphafold.ebi.ac.uk/entry/Q96F46
IL17RA	missense_variant	uncertain significance	754574936	Q96F46	rs754574936	A697V	1.0		Q96F46	Interleukin-17 receptor A	Homo sapiens	Encontrado	https://alphafold.ebi.ac.uk/entry/Q96F46
IL17RA	missense_variant		754778782						Q96F46	Interleukin-17 receptor A	Homo sapiens	Encontrado	https://alphafold.ebi.ac.uk/entry/Q96F46
IL17RA	missense_variant		754897299						Q96F46	Interleukin-17 receptor A	Homo sapiens	Encontrado	https://alphafold.ebi.ac.uk/entry/Q96F46
IL17RA	missense_variant	uncertain significance, likely benign	754989357	Q96F46	rs754989357	G511S	0.003		Q96F46	Interleukin-17 receptor A	Homo sapiens	Encontrado	https://alphafold.ebi.ac.uk/entry/Q96F46
IL17RA	missense_variant	uncertain significance, likely benign	754989357	Q96F46	rs754989357	G511S	1.0		Q96F46	Interleukin-17 receptor A	Homo sapiens	Encontrado	https://alphafold.ebi.ac.uk/entry/Q96F46
IL17RA	missense_variant		755075254						Q96F46	Interleukin-17 receptor A	Homo sapiens	Encontrado	https://alphafold.ebi.ac.uk/entry/Q96F46
IL17RA	missense_variant		755272262						Q96F46	Interleukin-17 receptor A	Homo sapiens	Encontrado	https://alphafold.ebi.ac.uk/entry/Q96F46
IL17RA	missense_variant		755640796						Q96F46	Interleukin-17 receptor A	Homo sapiens	Encontrado	https://alphafold.ebi.ac.uk/entry/Q96F46
IL17RA	missense_variant	uncertain significance	755655195	Q96F46	rs755655195	A645V	0.047		Q96F46	Interleukin-17 receptor A	Homo sapiens	Encontrado	https://alphafold.ebi.ac.uk/entry/Q96F46
IL17RA	missense_variant	uncertain significance	755655195	Q96F46	rs755655195	A645V	0.19		Q96F46	Interleukin-17 receptor A	Homo sapiens	Encontrado	https://alphafold.ebi.ac.uk/entry/Q96F46
IL17RA	missense_variant	uncertain significance	755674003						Q96F46	Interleukin-17 receptor A	Homo sapiens	Encontrado	https://alphafold.ebi.ac.uk/entry/Q96F46
IL17RA	missense_variant	uncertain significance	755892857						Q96F46	Interleukin-17 receptor A	Homo sapiens	Encontrado	https://alphafold.ebi.ac.uk/entry/Q96F46
IL17RA	missense_variant		755929834						Q96F46	Interleukin-17 receptor A	Homo sapiens	Encontrado	https://alphafold.ebi.ac.uk/entry/Q96F46
IL17RA	missense_variant	uncertain significance	755993710	Q96F46	rs755993710	A94V	0.0		Q96F46	Interleukin-17 receptor A	Homo sapiens	Encontrado	https://alphafold.ebi.ac.uk/entry/Q96F46
IL17RA	missense_variant	uncertain significance	755993710	Q96F46	rs755993710	A94V	0.4		Q96F46	Interleukin-17 receptor A	Homo sapiens	Encontrado	https://alphafold.ebi.ac.uk/entry/Q96F46
IL17RA	missense_variant		756023403						Q96F46	Interleukin-17 receptor A	Homo sapiens	Encontrado	https://alphafold.ebi.ac.uk/entry/Q96F46
IL17RA	missense_variant		756184284						Q96F46	Interleukin-17 receptor A	Homo sapiens	Encontrado	https://alphafold.ebi.ac.uk/entry/Q96F46
IL17RA	missense_variant		756200741						Q96F46	Interleukin-17 receptor A	Homo sapiens	Encontrado	https://alphafold.ebi.ac.uk/entry/Q96F46
IL17RA	missense_variant		756240304						Q96F46	Interleukin-17 receptor A	Homo sapiens	Encontrado	https://alphafold.ebi.ac.uk/entry/Q96F46
IL17RA	missense_variant	uncertain significance	756332306	Q96F46	rs756332306	S726L	0.005		Q96F46	Interleukin-17 receptor A	Homo sapiens	Encontrado	https://alphafold.ebi.ac.uk/entry/Q96F46
IL17RA	missense_variant	uncertain significance	756332306	Q96F46	rs756332306	S726L	0.8		Q96F46	Interleukin-17 receptor A	Homo sapiens	Encontrado	https://alphafold.ebi.ac.uk/entry/Q96F46
IL17RA	missense_variant	uncertain significance	756332306	Q96F46	rs756332306	S726L	0.005		Q96F46	Interleukin-17 receptor A	Homo sapiens	Encontrado	https://alphafold.ebi.ac.uk/entry/Q96F46
IL17RA	missense_variant	uncertain significance	756332306	Q96F46	rs756332306	S726L	0.49		Q96F46	Interleukin-17 receptor A	Homo sapiens	Encontrado	https://alphafold.ebi.ac.uk/entry/Q96F46
IL17RA	missense_variant	uncertain significance	756651011	Q96F46	rs756651011	M483V	0.78		Q96F46	Interleukin-17 receptor A	Homo sapiens	Encontrado	https://alphafold.ebi.ac.uk/entry/Q96F46
IL17RA	missense_variant	uncertain significance	756651011	Q96F46	rs756651011	M483V	0.0		Q96F46	Interleukin-17 receptor A	Homo sapiens	Encontrado	https://alphafold.ebi.ac.uk/entry/Q96F46
IL17RA	missense_variant	uncertain significance	756664595	Q96F46	rs756664595	T56A	0.206		Q96F46	Interleukin-17 receptor A	Homo sapiens	Encontrado	https://alphafold.ebi.ac.uk/entry/Q96F46
IL17RA	missense_variant	uncertain significance	756664595	Q96F46	rs756664595	T56A	0.0		Q96F46	Interleukin-17 receptor A	Homo sapiens	Encontrado	https://alphafold.ebi.ac.uk/entry/Q96F46
IL17RA	missense_variant		757368546						Q96F46	Interleukin-17 receptor A	Homo sapiens	Encontrado	https://alphafold.ebi.ac.uk/entry/Q96F46
IL17RA	missense_variant	uncertain significance	757383824	Q96F46	rs757383824	P709L	0.0		Q96F46	Interleukin-17 receptor A	Homo sapiens	Encontrado	https://alphafold.ebi.ac.uk/entry/Q96F46
IL17RA	missense_variant	uncertain significance	757383824	Q96F46	rs757383824	P709L	0.37		Q96F46	Interleukin-17 receptor A	Homo sapiens	Encontrado	https://alphafold.ebi.ac.uk/entry/Q96F46
IL17RA	missense_variant	uncertain significance	757383824	Q96F46	rs757383824	P709R	0.012		Q96F46	Interleukin-17 receptor A	Homo sapiens	Encontrado	https://alphafold.ebi.ac.uk/entry/Q96F46
IL17RA	missense_variant	uncertain significance	757383824	Q96F46	rs757383824	P709R	0.31		Q96F46	Interleukin-17 receptor A	Homo sapiens	Encontrado	https://alphafold.ebi.ac.uk/entry/Q96F46
IL17RA	missense_variant		757412452						Q96F46	Interleukin-17 receptor A	Homo sapiens	Encontrado	https://alphafold.ebi.ac.uk/entry/Q96F46
IL17RA	missense_variant	uncertain significance	757649231	Q96F46	rs757649231	A463S	0.091		Q96F46	Interleukin-17 receptor A	Homo sapiens	Encontrado	https://alphafold.ebi.ac.uk/entry/Q96F46
IL17RA	missense_variant	uncertain significance	757649231	Q96F46	rs757649231	A463S	0.2		Q96F46	Interleukin-17 receptor A	Homo sapiens	Encontrado	https://alphafold.ebi.ac.uk/entry/Q96F46
IL17RA	missense_variant	uncertain significance	757649231	Q96F46	rs757649231	A463T	0.241		Q96F46	Interleukin-17 receptor A	Homo sapiens	Encontrado	https://alphafold.ebi.ac.uk/entry/Q96F46
IL17RA	missense_variant	uncertain significance	757649231	Q96F46	rs757649231	A463T	0.16		Q96F46	Interleukin-17 receptor A	Homo sapiens	Encontrado	https://alphafold.ebi.ac.uk/entry/Q96F46
IL17RA	missense_variant	uncertain significance, likely benign	757924870	Q96F46	rs757924870	C126W	0.997		Q96F46	Interleukin-17 receptor A	Homo sapiens	Encontrado	https://alphafold.ebi.ac.uk/entry/Q96F46
IL17RA	missense_variant	uncertain significance, likely benign	757924870	Q96F46	rs757924870	C126W	0.0		Q96F46	Interleukin-17 receptor A	Homo sapiens	Encontrado	https://alphafold.ebi.ac.uk/entry/Q96F46
IL17RA	missense_variant	uncertain significance	758003165	Q96F46	rs758003165	R461Q	0.58		Q96F46	Interleukin-17 receptor A	Homo sapiens	Encontrado	https://alphafold.ebi.ac.uk/entry/Q96F46
IL17RA	missense_variant	uncertain significance	758003165	Q96F46	rs758003165	R461Q	0.59		Q96F46	Interleukin-17 receptor A	Homo sapiens	Encontrado	https://alphafold.ebi.ac.uk/entry/Q96F46
IL17RA	missense_variant	uncertain significance	758399114	Q96F46	rs758399114	W320C	0.988		Q96F46	Interleukin-17 receptor A	Homo sapiens	Encontrado	https://alphafold.ebi.ac.uk/entry/Q96F46
IL17RA	missense_variant	uncertain significance	758399114	Q96F46	rs758399114	W320C	0.02		Q96F46	Interleukin-17 receptor A	Homo sapiens	Encontrado	https://alphafold.ebi.ac.uk/entry/Q96F46
IL17RA	missense_variant		758480091						Q96F46	Interleukin-17 receptor A	Homo sapiens	Encontrado	https://alphafold.ebi.ac.uk/entry/Q96F46
IL17RA	missense_variant		758738300						Q96F46	Interleukin-17 receptor A	Homo sapiens	Encontrado	https://alphafold.ebi.ac.uk/entry/Q96F46
IL17RA	missense_variant		758765484						Q96F46	Interleukin-17 receptor A	Homo sapiens	Encontrado	https://alphafold.ebi.ac.uk/entry/Q96F46
IL17RA	missense_variant	uncertain significance	758774505	Q96F46	rs758774505	A671T	0.047		Q96F46	Interleukin-17 receptor A	Homo sapiens	Encontrado	https://alphafold.ebi.ac.uk/entry/Q96F46
IL17RA	missense_variant	uncertain significance	758774505	Q96F46	rs758774505	A671T	0.02		Q96F46	Interleukin-17 receptor A	Homo sapiens	Encontrado	https://alphafold.ebi.ac.uk/entry/Q96F46
IL17RA	missense_variant		758860212	Q96F46	rs758860212	E699G	0.0		Q96F46	Interleukin-17 receptor A	Homo sapiens	Encontrado	https://alphafold.ebi.ac.uk/entry/Q96F46
IL17RA	missense_variant		758860212	Q96F46	rs758860212	E699G	0.26		Q96F46	Interleukin-17 receptor A	Homo sapiens	Encontrado	https://alphafold.ebi.ac.uk/entry/Q96F46
IL17RA	missense_variant		758860212	Q96F46	rs758860212	E699G	0.0		Q96F46	Interleukin-17 receptor A	Homo sapiens	Encontrado	https://alphafold.ebi.ac.uk/entry/Q96F46
IL17RA	missense_variant		758860212	Q96F46	rs758860212	E699G	0.25		Q96F46	Interleukin-17 receptor A	Homo sapiens	Encontrado	https://alphafold.ebi.ac.uk/entry/Q96F46
IL17RA	missense_variant		759032840						Q96F46	Interleukin-17 receptor A	Homo sapiens	Encontrado	https://alphafold.ebi.ac.uk/entry/Q96F46
IL17RA	missense_variant		759393806						Q96F46	Interleukin-17 receptor A	Homo sapiens	Encontrado	https://alphafold.ebi.ac.uk/entry/Q96F46
IL17RA	missense_variant		759542002						Q96F46	Interleukin-17 receptor A	Homo sapiens	Encontrado	https://alphafold.ebi.ac.uk/entry/Q96F46
IL17RA	missense_variant		759589886						Q96F46	Interleukin-17 receptor A	Homo sapiens	Encontrado	https://alphafold.ebi.ac.uk/entry/Q96F46
IL17RA	missense_variant		759638833						Q96F46	Interleukin-17 receptor A	Homo sapiens	Encontrado	https://alphafold.ebi.ac.uk/entry/Q96F46
IL17RA	missense_variant		759919351						Q96F46	Interleukin-17 receptor A	Homo sapiens	Encontrado	https://alphafold.ebi.ac.uk/entry/Q96F46
IL17RA	missense_variant		759971906						Q96F46	Interleukin-17 receptor A	Homo sapiens	Encontrado	https://alphafold.ebi.ac.uk/entry/Q96F46
IL17RA	missense_variant	uncertain significance	760515134	Q96F46	rs760515134	F286S	0.987		Q96F46	Interleukin-17 receptor A	Homo sapiens	Encontrado	https://alphafold.ebi.ac.uk/entry/Q96F46
IL17RA	missense_variant	uncertain significance	760515134	Q96F46	rs760515134	F286S	0.0		Q96F46	Interleukin-17 receptor A	Homo sapiens	Encontrado	https://alphafold.ebi.ac.uk/entry/Q96F46
IL17RA	missense_variant		760531659						Q96F46	Interleukin-17 receptor A	Homo sapiens	Encontrado	https://alphafold.ebi.ac.uk/entry/Q96F46
IL17RA	missense_variant		760766877						Q96F46	Interleukin-17 receptor A	Homo sapiens	Encontrado	https://alphafold.ebi.ac.uk/entry/Q96F46
IL17RA	missense_variant		761062684						Q96F46	Interleukin-17 receptor A	Homo sapiens	Encontrado	https://alphafold.ebi.ac.uk/entry/Q96F46
IL17RA	missense_variant		761125102						Q96F46	Interleukin-17 receptor A	Homo sapiens	Encontrado	https://alphafold.ebi.ac.uk/entry/Q96F46
IL17RA	missense_variant	uncertain significance	761253685	Q96F46	rs761253685	A519V	0.006		Q96F46	Interleukin-17 receptor A	Homo sapiens	Encontrado	https://alphafold.ebi.ac.uk/entry/Q96F46
IL17RA	missense_variant	uncertain significance	761253685	Q96F46	rs761253685	A519V	0.72		Q96F46	Interleukin-17 receptor A	Homo sapiens	Encontrado	https://alphafold.ebi.ac.uk/entry/Q96F46
IL17RA	missense_variant	uncertain significance	761253685	Q96F46	rs761253685	A519V	0.034		Q96F46	Interleukin-17 receptor A	Homo sapiens	Encontrado	https://alphafold.ebi.ac.uk/entry/Q96F46
IL17RA	missense_variant	uncertain significance	761253685	Q96F46	rs761253685	A519V	1.0		Q96F46	Interleukin-17 receptor A	Homo sapiens	Encontrado	https://alphafold.ebi.ac.uk/entry/Q96F46
IL17RA	missense_variant	uncertain significance	761289452	Q96F46	rs761289452	Q432R	0.996		Q96F46	Interleukin-17 receptor A	Homo sapiens	Encontrado	https://alphafold.ebi.ac.uk/entry/Q96F46
IL17RA	missense_variant	uncertain significance	761289452	Q96F46	rs761289452	Q432R	0.02		Q96F46	Interleukin-17 receptor A	Homo sapiens	Encontrado	https://alphafold.ebi.ac.uk/entry/Q96F46
IL17RA	missense_variant		761567739	Q96F46	rs761567739	S505G	0.003		Q96F46	Interleukin-17 receptor A	Homo sapiens	Encontrado	https://alphafold.ebi.ac.uk/entry/Q96F46
IL17RA	missense_variant		761567739	Q96F46	rs761567739	S505G	0.19		Q96F46	Interleukin-17 receptor A	Homo sapiens	Encontrado	https://alphafold.ebi.ac.uk/entry/Q96F46
IL17RA	missense_variant		761567739	Q96F46	rs761567739	S505G	0.331		Q96F46	Interleukin-17 receptor A	Homo sapiens	Encontrado	https://alphafold.ebi.ac.uk/entry/Q96F46
IL17RA	missense_variant		761567739	Q96F46	rs761567739	S505G	0.08		Q96F46	Interleukin-17 receptor A	Homo sapiens	Encontrado	https://alphafold.ebi.ac.uk/entry/Q96F46
IL17RA	missense_variant	uncertain significance	761619526	Q96F46	rs761619526	G640E	0.119		Q96F46	Interleukin-17 receptor A	Homo sapiens	Encontrado	https://alphafold.ebi.ac.uk/entry/Q96F46
IL17RA	missense_variant	uncertain significance	761619526	Q96F46	rs761619526	G640E	1.0		Q96F46	Interleukin-17 receptor A	Homo sapiens	Encontrado	https://alphafold.ebi.ac.uk/entry/Q96F46
IL17RA	missense_variant		761896397						Q96F46	Interleukin-17 receptor A	Homo sapiens	Encontrado	https://alphafold.ebi.ac.uk/entry/Q96F46
IL17RA	missense_variant		761989355						Q96F46	Interleukin-17 receptor A	Homo sapiens	Encontrado	https://alphafold.ebi.ac.uk/entry/Q96F46
IL17RA	missense_variant	uncertain significance	762025728	Q96F46	rs762025728	R218C	0.946		Q96F46	Interleukin-17 receptor A	Homo sapiens	Encontrado	https://alphafold.ebi.ac.uk/entry/Q96F46
IL17RA	missense_variant	uncertain significance	762025728	Q96F46	rs762025728	R218C	0.07		Q96F46	Interleukin-17 receptor A	Homo sapiens	Encontrado	https://alphafold.ebi.ac.uk/entry/Q96F46
IL17RA	missense_variant		762259577						Q96F46	Interleukin-17 receptor A	Homo sapiens	Encontrado	https://alphafold.ebi.ac.uk/entry/Q96F46
IL17RA	missense_variant		762273876						Q96F46	Interleukin-17 receptor A	Homo sapiens	Encontrado	https://alphafold.ebi.ac.uk/entry/Q96F46
IL17RA	missense_variant	uncertain significance	762369642	Q96F46	rs762369642	V500I	0.013		Q96F46	Interleukin-17 receptor A	Homo sapiens	Encontrado	https://alphafold.ebi.ac.uk/entry/Q96F46
IL17RA	missense_variant	uncertain significance	762369642	Q96F46	rs762369642	V500I	1.0		Q96F46	Interleukin-17 receptor A	Homo sapiens	Encontrado	https://alphafold.ebi.ac.uk/entry/Q96F46
IL17RA	missense_variant	uncertain significance	762369642	Q96F46	rs762369642	V500I	0.022		Q96F46	Interleukin-17 receptor A	Homo sapiens	Encontrado	https://alphafold.ebi.ac.uk/entry/Q96F46
IL17RA	missense_variant	uncertain significance	762369642	Q96F46	rs762369642	V500I	1.0		Q96F46	Interleukin-17 receptor A	Homo sapiens	Encontrado	https://alphafold.ebi.ac.uk/entry/Q96F46
IL17RA	missense_variant		762383999						Q96F46	Interleukin-17 receptor A	Homo sapiens	Encontrado	https://alphafold.ebi.ac.uk/entry/Q96F46
IL17RA	missense_variant	uncertain significance	762540559	Q96F46	rs762540559	V475M	0.493		Q96F46	Interleukin-17 receptor A	Homo sapiens	Encontrado	https://alphafold.ebi.ac.uk/entry/Q96F46
IL17RA	missense_variant	uncertain significance	762540559	Q96F46	rs762540559	V475M	0.4		Q96F46	Interleukin-17 receptor A	Homo sapiens	Encontrado	https://alphafold.ebi.ac.uk/entry/Q96F46
IL17RA	missense_variant	uncertain significance	762540559	Q96F46	rs762540559	V475M	0.488		Q96F46	Interleukin-17 receptor A	Homo sapiens	Encontrado	https://alphafold.ebi.ac.uk/entry/Q96F46
IL17RA	missense_variant	uncertain significance	762540559	Q96F46	rs762540559	V475M	0.41		Q96F46	Interleukin-17 receptor A	Homo sapiens	Encontrado	https://alphafold.ebi.ac.uk/entry/Q96F46
IL17RA	missense_variant		762826386						Q96F46	Interleukin-17 receptor A	Homo sapiens	Encontrado	https://alphafold.ebi.ac.uk/entry/Q96F46
IL17RA	missense_variant	uncertain significance	762930594	Q96F46	rs762930594	P314L	0.0		Q96F46	Interleukin-17 receptor A	Homo sapiens	Encontrado	https://alphafold.ebi.ac.uk/entry/Q96F46
IL17RA	missense_variant	uncertain significance	762930594	Q96F46	rs762930594	P314L	0.07		Q96F46	Interleukin-17 receptor A	Homo sapiens	Encontrado	https://alphafold.ebi.ac.uk/entry/Q96F46
IL17RA	missense_variant		763010332						Q96F46	Interleukin-17 receptor A	Homo sapiens	Encontrado	https://alphafold.ebi.ac.uk/entry/Q96F46
IL17RA	missense_variant		763154741						Q96F46	Interleukin-17 receptor A	Homo sapiens	Encontrado	https://alphafold.ebi.ac.uk/entry/Q96F46
IL17RA	missense_variant	uncertain significance	763589779	Q96F46	rs763589779	G476R	1.0		Q96F46	Interleukin-17 receptor A	Homo sapiens	Encontrado	https://alphafold.ebi.ac.uk/entry/Q96F46
IL17RA	missense_variant	uncertain significance	763589779	Q96F46	rs763589779	G476R	0.0		Q96F46	Interleukin-17 receptor A	Homo sapiens	Encontrado	https://alphafold.ebi.ac.uk/entry/Q96F46
IL17RA	missense_variant		763677791						Q96F46	Interleukin-17 receptor A	Homo sapiens	Encontrado	https://alphafold.ebi.ac.uk/entry/Q96F46
IL17RA	missense_variant		763832736						Q96F46	Interleukin-17 receptor A	Homo sapiens	Encontrado	https://alphafold.ebi.ac.uk/entry/Q96F46
IL17RA	missense_variant		763967134						Q96F46	Interleukin-17 receptor A	Homo sapiens	Encontrado	https://alphafold.ebi.ac.uk/entry/Q96F46
IL17RA	missense_variant	uncertain significance	764121162	Q96F46	rs764121162	E607G	0.48		Q96F46	Interleukin-17 receptor A	Homo sapiens	Encontrado	https://alphafold.ebi.ac.uk/entry/Q96F46
IL17RA	missense_variant	uncertain significance	764121162	Q96F46	rs764121162	E607G	0.11		Q96F46	Interleukin-17 receptor A	Homo sapiens	Encontrado	https://alphafold.ebi.ac.uk/entry/Q96F46
IL17RA	missense_variant		764212603						Q96F46	Interleukin-17 receptor A	Homo sapiens	Encontrado	https://alphafold.ebi.ac.uk/entry/Q96F46
IL17RA	missense_variant		764272629						Q96F46	Interleukin-17 receptor A	Homo sapiens	Encontrado	https://alphafold.ebi.ac.uk/entry/Q96F46
IL17RA	missense_variant		764296737						Q96F46	Interleukin-17 receptor A	Homo sapiens	Encontrado	https://alphafold.ebi.ac.uk/entry/Q96F46
IL17RA	missense_variant	uncertain significance	764316815	Q96F46	rs764316815	E817K	0.077		Q96F46	Interleukin-17 receptor A	Homo sapiens	Encontrado	https://alphafold.ebi.ac.uk/entry/Q96F46
IL17RA	missense_variant	uncertain significance	764316815	Q96F46	rs764316815	E817K	0.06		Q96F46	Interleukin-17 receptor A	Homo sapiens	Encontrado	https://alphafold.ebi.ac.uk/entry/Q96F46
IL17RA	missense_variant	uncertain significance	764531960	Q96F46	rs764531960	L48I	0.994		Q96F46	Interleukin-17 receptor A	Homo sapiens	Encontrado	https://alphafold.ebi.ac.uk/entry/Q96F46
IL17RA	missense_variant	uncertain significance	764531960	Q96F46	rs764531960	L48I	0.0		Q96F46	Interleukin-17 receptor A	Homo sapiens	Encontrado	https://alphafold.ebi.ac.uk/entry/Q96F46
IL17RA	missense_variant		764792332						Q96F46	Interleukin-17 receptor A	Homo sapiens	Encontrado	https://alphafold.ebi.ac.uk/entry/Q96F46
IL17RA	missense_variant	uncertain significance	764980726	Q96F46	rs764980726	R580C	0.419		Q96F46	Interleukin-17 receptor A	Homo sapiens	Encontrado	https://alphafold.ebi.ac.uk/entry/Q96F46
IL17RA	missense_variant	uncertain significance	764980726	Q96F46	rs764980726	R580C	0.0		Q96F46	Interleukin-17 receptor A	Homo sapiens	Encontrado	https://alphafold.ebi.ac.uk/entry/Q96F46
IL17RA	missense_variant		765097002						Q96F46	Interleukin-17 receptor A	Homo sapiens	Encontrado	https://alphafold.ebi.ac.uk/entry/Q96F46
IL17RA	missense_variant	uncertain significance	765167585	Q96F46	rs765167585	R124C	0.993		Q96F46	Interleukin-17 receptor A	Homo sapiens	Encontrado	https://alphafold.ebi.ac.uk/entry/Q96F46
IL17RA	missense_variant	uncertain significance	765167585	Q96F46	rs765167585	R124C	0.0		Q96F46	Interleukin-17 receptor A	Homo sapiens	Encontrado	https://alphafold.ebi.ac.uk/entry/Q96F46
IL17RA	missense_variant	uncertain significance	765188580	Q96F46	rs765188580	G472R	0.0		Q96F46	Interleukin-17 receptor A	Homo sapiens	Encontrado	https://alphafold.ebi.ac.uk/entry/Q96F46
IL17RA	missense_variant	uncertain significance	765188580	Q96F46	rs765188580	G472R	0.47		Q96F46	Interleukin-17 receptor A	Homo sapiens	Encontrado	https://alphafold.ebi.ac.uk/entry/Q96F46
IL17RA	missense_variant		765192966						Q96F46	Interleukin-17 receptor A	Homo sapiens	Encontrado	https://alphafold.ebi.ac.uk/entry/Q96F46
IL17RA	missense_variant		765683252						Q96F46	Interleukin-17 receptor A	Homo sapiens	Encontrado	https://alphafold.ebi.ac.uk/entry/Q96F46
IL17RA	missense_variant		765705560						Q96F46	Interleukin-17 receptor A	Homo sapiens	Encontrado	https://alphafold.ebi.ac.uk/entry/Q96F46
IL17RA	missense_variant	uncertain significance	765911585	Q96F46	rs765911585	A695V	0.01		Q96F46	Interleukin-17 receptor A	Homo sapiens	Encontrado	https://alphafold.ebi.ac.uk/entry/Q96F46
IL17RA	missense_variant	uncertain significance	765911585	Q96F46	rs765911585	A695V	0.76		Q96F46	Interleukin-17 receptor A	Homo sapiens	Encontrado	https://alphafold.ebi.ac.uk/entry/Q96F46
IL17RA	missense_variant		766078688						Q96F46	Interleukin-17 receptor A	Homo sapiens	Encontrado	https://alphafold.ebi.ac.uk/entry/Q96F46
IL17RA	missense_variant	uncertain significance	766131164	Q96F46	rs766131164	S852L	0.196		Q96F46	Interleukin-17 receptor A	Homo sapiens	Encontrado	https://alphafold.ebi.ac.uk/entry/Q96F46
IL17RA	missense_variant	uncertain significance	766131164	Q96F46	rs766131164	S852L	0.0		Q96F46	Interleukin-17 receptor A	Homo sapiens	Encontrado	https://alphafold.ebi.ac.uk/entry/Q96F46
IL17RA	missense_variant	uncertain significance	766246086	Q96F46	rs766246086	L119M	0.644		Q96F46	Interleukin-17 receptor A	Homo sapiens	Encontrado	https://alphafold.ebi.ac.uk/entry/Q96F46
IL17RA	missense_variant	uncertain significance	766246086	Q96F46	rs766246086	L119M	0.07		Q96F46	Interleukin-17 receptor A	Homo sapiens	Encontrado	https://alphafold.ebi.ac.uk/entry/Q96F46
IL17RA	missense_variant		766324837						Q96F46	Interleukin-17 receptor A	Homo sapiens	Encontrado	https://alphafold.ebi.ac.uk/entry/Q96F46
IL17RA	missense_variant	uncertain significance	766645390	Q96F46	rs766645390	V605M	0.093		Q96F46	Interleukin-17 receptor A	Homo sapiens	Encontrado	https://alphafold.ebi.ac.uk/entry/Q96F46
IL17RA	missense_variant	uncertain significance	766645390	Q96F46	rs766645390	V605M	0.13		Q96F46	Interleukin-17 receptor A	Homo sapiens	Encontrado	https://alphafold.ebi.ac.uk/entry/Q96F46
IL17RA	missense_variant	uncertain significance	766825875	Q96F46	rs766825875	Q87K	0.0		Q96F46	Interleukin-17 receptor A	Homo sapiens	Encontrado	https://alphafold.ebi.ac.uk/entry/Q96F46
IL17RA	missense_variant	uncertain significance	766825875	Q96F46	rs766825875	Q87K	0.12		Q96F46	Interleukin-17 receptor A	Homo sapiens	Encontrado	https://alphafold.ebi.ac.uk/entry/Q96F46
IL17RA	missense_variant		766900912	Q96F46	rs766900912	S798P	0.996		Q96F46	Interleukin-17 receptor A	Homo sapiens	Encontrado	https://alphafold.ebi.ac.uk/entry/Q96F46
IL17RA	missense_variant		766900912	Q96F46	rs766900912	S798P	0.0		Q96F46	Interleukin-17 receptor A	Homo sapiens	Encontrado	https://alphafold.ebi.ac.uk/entry/Q96F46
IL17RA	missense_variant		766900912	Q96F46	rs766900912	S798P	0.996		Q96F46	Interleukin-17 receptor A	Homo sapiens	Encontrado	https://alphafold.ebi.ac.uk/entry/Q96F46
IL17RA	missense_variant		766900912	Q96F46	rs766900912	S798P	0.0		Q96F46	Interleukin-17 receptor A	Homo sapiens	Encontrado	https://alphafold.ebi.ac.uk/entry/Q96F46
IL17RA	missense_variant		766987845						Q96F46	Interleukin-17 receptor A	Homo sapiens	Encontrado	https://alphafold.ebi.ac.uk/entry/Q96F46
IL17RA	missense_variant		767275300	Q96F46	rs767275300	S421L	0.993		Q96F46	Interleukin-17 receptor A	Homo sapiens	Encontrado	https://alphafold.ebi.ac.uk/entry/Q96F46
IL17RA	missense_variant		767275300	Q96F46	rs767275300	S421L	0.05		Q96F46	Interleukin-17 receptor A	Homo sapiens	Encontrado	https://alphafold.ebi.ac.uk/entry/Q96F46
IL17RA	missense_variant		767275300	Q96F46	rs767275300	S421L	0.998		Q96F46	Interleukin-17 receptor A	Homo sapiens	Encontrado	https://alphafold.ebi.ac.uk/entry/Q96F46
IL17RA	missense_variant		767275300	Q96F46	rs767275300	S421L	0.02		Q96F46	Interleukin-17 receptor A	Homo sapiens	Encontrado	https://alphafold.ebi.ac.uk/entry/Q96F46
IL17RA	missense_variant	uncertain significance	767291636	Q96F46	rs767291636	R693W	0.911		Q96F46	Interleukin-17 receptor A	Homo sapiens	Encontrado	https://alphafold.ebi.ac.uk/entry/Q96F46
IL17RA	missense_variant	uncertain significance	767291636	Q96F46	rs767291636	R693W	0.11		Q96F46	Interleukin-17 receptor A	Homo sapiens	Encontrado	https://alphafold.ebi.ac.uk/entry/Q96F46
IL17RA	missense_variant	uncertain significance	767388612	Q96F46	rs767388612	R278C	0.98		Q96F46	Interleukin-17 receptor A	Homo sapiens	Encontrado	https://alphafold.ebi.ac.uk/entry/Q96F46
IL17RA	missense_variant	uncertain significance	767388612	Q96F46	rs767388612	R278C	0.06		Q96F46	Interleukin-17 receptor A	Homo sapiens	Encontrado	https://alphafold.ebi.ac.uk/entry/Q96F46
IL17RA	missense_variant		767655587						Q96F46	Interleukin-17 receptor A	Homo sapiens	Encontrado	https://alphafold.ebi.ac.uk/entry/Q96F46
IL17RA	missense_variant		768043427						Q96F46	Interleukin-17 receptor A	Homo sapiens	Encontrado	https://alphafold.ebi.ac.uk/entry/Q96F46
IL17RA	missense_variant	uncertain significance	768137463	Q96F46	rs768137463	D743E	0.005		Q96F46	Interleukin-17 receptor A	Homo sapiens	Encontrado	https://alphafold.ebi.ac.uk/entry/Q96F46
IL17RA	missense_variant	uncertain significance	768137463	Q96F46	rs768137463	D743E	0.57		Q96F46	Interleukin-17 receptor A	Homo sapiens	Encontrado	https://alphafold.ebi.ac.uk/entry/Q96F46
IL17RA	missense_variant	uncertain significance	768137463	Q96F46	rs768137463	D743E	0.003		Q96F46	Interleukin-17 receptor A	Homo sapiens	Encontrado	https://alphafold.ebi.ac.uk/entry/Q96F46
IL17RA	missense_variant	uncertain significance	768137463	Q96F46	rs768137463	D743E	0.47		Q96F46	Interleukin-17 receptor A	Homo sapiens	Encontrado	https://alphafold.ebi.ac.uk/entry/Q96F46
IL17RA	missense_variant		768223829						Q96F46	Interleukin-17 receptor A	Homo sapiens	Encontrado	https://alphafold.ebi.ac.uk/entry/Q96F46
IL17RA	missense_variant	uncertain significance	768702255						Q96F46	Interleukin-17 receptor A	Homo sapiens	Encontrado	https://alphafold.ebi.ac.uk/entry/Q96F46
IL17RA	missense_variant		768788527						Q96F46	Interleukin-17 receptor A	Homo sapiens	Encontrado	https://alphafold.ebi.ac.uk/entry/Q96F46
IL17RA	missense_variant	uncertain significance	768923702	Q96F46	rs768923702	S302P	0.0		Q96F46	Interleukin-17 receptor A	Homo sapiens	Encontrado	https://alphafold.ebi.ac.uk/entry/Q96F46
IL17RA	missense_variant	uncertain significance	768923702	Q96F46	rs768923702	S302P	1.0		Q96F46	Interleukin-17 receptor A	Homo sapiens	Encontrado	https://alphafold.ebi.ac.uk/entry/Q96F46
IL17RA	missense_variant	uncertain significance	768987583	Q96F46	rs768987583	P373L	0.976		Q96F46	Interleukin-17 receptor A	Homo sapiens	Encontrado	https://alphafold.ebi.ac.uk/entry/Q96F46
IL17RA	missense_variant	uncertain significance	768987583	Q96F46	rs768987583	P373L	0.02		Q96F46	Interleukin-17 receptor A	Homo sapiens	Encontrado	https://alphafold.ebi.ac.uk/entry/Q96F46
IL17RA	missense_variant		769337933						Q96F46	Interleukin-17 receptor A	Homo sapiens	Encontrado	https://alphafold.ebi.ac.uk/entry/Q96F46
IL17RA	missense_variant		769414039						Q96F46	Interleukin-17 receptor A	Homo sapiens	Encontrado	https://alphafold.ebi.ac.uk/entry/Q96F46
IL17RA	missense_variant		769605444						Q96F46	Interleukin-17 receptor A	Homo sapiens	Encontrado	https://alphafold.ebi.ac.uk/entry/Q96F46
IL17RA	missense_variant	uncertain significance, likely benign	769646719	Q96F46	rs769646719	F517L	0.996		Q96F46	Interleukin-17 receptor A	Homo sapiens	Encontrado	https://alphafold.ebi.ac.uk/entry/Q96F46
IL17RA	missense_variant	uncertain significance, likely benign	769646719	Q96F46	rs769646719	F517L	0.0		Q96F46	Interleukin-17 receptor A	Homo sapiens	Encontrado	https://alphafold.ebi.ac.uk/entry/Q96F46
IL17RA	missense_variant		769877411						Q96F46	Interleukin-17 receptor A	Homo sapiens	Encontrado	https://alphafold.ebi.ac.uk/entry/Q96F46
IL17RA	missense_variant		769892007						Q96F46	Interleukin-17 receptor A	Homo sapiens	Encontrado	https://alphafold.ebi.ac.uk/entry/Q96F46
IL17RA	missense_variant	uncertain significance	769892740	Q96F46	rs769892740	I283M	0.962		Q96F46	Interleukin-17 receptor A	Homo sapiens	Encontrado	https://alphafold.ebi.ac.uk/entry/Q96F46
IL17RA	missense_variant	uncertain significance	769892740	Q96F46	rs769892740	I283M	0.0		Q96F46	Interleukin-17 receptor A	Homo sapiens	Encontrado	https://alphafold.ebi.ac.uk/entry/Q96F46
IL17RA	missense_variant		770068978						Q96F46	Interleukin-17 receptor A	Homo sapiens	Encontrado	https://alphafold.ebi.ac.uk/entry/Q96F46
IL17RA	missense_variant		770087463						Q96F46	Interleukin-17 receptor A	Homo sapiens	Encontrado	https://alphafold.ebi.ac.uk/entry/Q96F46
IL17RA	missense_variant		770117131						Q96F46	Interleukin-17 receptor A	Homo sapiens	Encontrado	https://alphafold.ebi.ac.uk/entry/Q96F46
IL17RA	missense_variant	uncertain significance	770168313	Q96F46	rs770168313	D583E	0.463		Q96F46	Interleukin-17 receptor A	Homo sapiens	Encontrado	https://alphafold.ebi.ac.uk/entry/Q96F46
IL17RA	missense_variant	uncertain significance	770168313	Q96F46	rs770168313	D583E	0.04		Q96F46	Interleukin-17 receptor A	Homo sapiens	Encontrado	https://alphafold.ebi.ac.uk/entry/Q96F46
IL17RA	missense_variant		770306356						Q96F46	Interleukin-17 receptor A	Homo sapiens	Encontrado	https://alphafold.ebi.ac.uk/entry/Q96F46
IL17RA	missense_variant		770556877						Q96F46	Interleukin-17 receptor A	Homo sapiens	Encontrado	https://alphafold.ebi.ac.uk/entry/Q96F46
IL17RA	missense_variant	uncertain significance, likely benign	770597137	Q96F46	rs770597137	R492K	0.007		Q96F46	Interleukin-17 receptor A	Homo sapiens	Encontrado	https://alphafold.ebi.ac.uk/entry/Q96F46
IL17RA	missense_variant	uncertain significance, likely benign	770597137	Q96F46	rs770597137	R492K	1.0		Q96F46	Interleukin-17 receptor A	Homo sapiens	Encontrado	https://alphafold.ebi.ac.uk/entry/Q96F46
IL17RA	missense_variant		770647362						Q96F46	Interleukin-17 receptor A	Homo sapiens	Encontrado	https://alphafold.ebi.ac.uk/entry/Q96F46
IL17RA	missense_variant		770726543						Q96F46	Interleukin-17 receptor A	Homo sapiens	Encontrado	https://alphafold.ebi.ac.uk/entry/Q96F46
IL17RA	missense_variant		770770473						Q96F46	Interleukin-17 receptor A	Homo sapiens	Encontrado	https://alphafold.ebi.ac.uk/entry/Q96F46
IL17RA	missense_variant	likely benign	770971320						Q96F46	Interleukin-17 receptor A	Homo sapiens	Encontrado	https://alphafold.ebi.ac.uk/entry/Q96F46
IL17RA	missense_variant		771223162						Q96F46	Interleukin-17 receptor A	Homo sapiens	Encontrado	https://alphafold.ebi.ac.uk/entry/Q96F46
IL17RA	missense_variant	uncertain significance	771298130	Q96F46	rs771298130	R449C	0.999		Q96F46	Interleukin-17 receptor A	Homo sapiens	Encontrado	https://alphafold.ebi.ac.uk/entry/Q96F46
IL17RA	missense_variant	uncertain significance	771298130	Q96F46	rs771298130	R449C	0.02		Q96F46	Interleukin-17 receptor A	Homo sapiens	Encontrado	https://alphafold.ebi.ac.uk/entry/Q96F46
IL17RA	missense_variant	uncertain significance	771298130	Q96F46	rs771298130	R449C	0.999		Q96F46	Interleukin-17 receptor A	Homo sapiens	Encontrado	https://alphafold.ebi.ac.uk/entry/Q96F46
IL17RA	missense_variant	uncertain significance	771298130	Q96F46	rs771298130	R449C	0.02		Q96F46	Interleukin-17 receptor A	Homo sapiens	Encontrado	https://alphafold.ebi.ac.uk/entry/Q96F46
IL17RA	missense_variant		771451546						Q96F46	Interleukin-17 receptor A	Homo sapiens	Encontrado	https://alphafold.ebi.ac.uk/entry/Q96F46
IL17RA	missense_variant		771781494						Q96F46	Interleukin-17 receptor A	Homo sapiens	Encontrado	https://alphafold.ebi.ac.uk/entry/Q96F46
IL17RA	missense_variant	uncertain significance	771869327	Q96F46	rs771869327	R452C	0.948		Q96F46	Interleukin-17 receptor A	Homo sapiens	Encontrado	https://alphafold.ebi.ac.uk/entry/Q96F46
IL17RA	missense_variant	uncertain significance	771869327	Q96F46	rs771869327	R452C	0.03		Q96F46	Interleukin-17 receptor A	Homo sapiens	Encontrado	https://alphafold.ebi.ac.uk/entry/Q96F46
IL17RA	missense_variant	uncertain significance	771961316	Q96F46	rs771961316	V716I	0.019		Q96F46	Interleukin-17 receptor A	Homo sapiens	Encontrado	https://alphafold.ebi.ac.uk/entry/Q96F46
IL17RA	missense_variant	uncertain significance	771961316	Q96F46	rs771961316	V716I	0.69		Q96F46	Interleukin-17 receptor A	Homo sapiens	Encontrado	https://alphafold.ebi.ac.uk/entry/Q96F46
IL17RA	missense_variant	uncertain significance	772083135	Q96F46	rs772083135	H84D	0.549		Q96F46	Interleukin-17 receptor A	Homo sapiens	Encontrado	https://alphafold.ebi.ac.uk/entry/Q96F46
IL17RA	missense_variant	uncertain significance	772083135	Q96F46	rs772083135	H84D	0.04		Q96F46	Interleukin-17 receptor A	Homo sapiens	Encontrado	https://alphafold.ebi.ac.uk/entry/Q96F46
IL17RA	missense_variant		772345540						Q96F46	Interleukin-17 receptor A	Homo sapiens	Encontrado	https://alphafold.ebi.ac.uk/entry/Q96F46
IL17RA	missense_variant	uncertain significance	772405373	Q96F46	rs772405373	R263Q	0.888		Q96F46	Interleukin-17 receptor A	Homo sapiens	Encontrado	https://alphafold.ebi.ac.uk/entry/Q96F46
IL17RA	missense_variant	uncertain significance	772405373	Q96F46	rs772405373	R263Q	0.39		Q96F46	Interleukin-17 receptor A	Homo sapiens	Encontrado	https://alphafold.ebi.ac.uk/entry/Q96F46
IL17RA	missense_variant	uncertain significance	772488643	Q96F46	rs772488643	K397Q	0.999		Q96F46	Interleukin-17 receptor A	Homo sapiens	Encontrado	https://alphafold.ebi.ac.uk/entry/Q96F46
IL17RA	missense_variant	uncertain significance	772488643	Q96F46	rs772488643	K397Q	0.0		Q96F46	Interleukin-17 receptor A	Homo sapiens	Encontrado	https://alphafold.ebi.ac.uk/entry/Q96F46
IL17RA	missense_variant	uncertain significance	772665587	Q96F46	rs772665587	R620W	0.328		Q96F46	Interleukin-17 receptor A	Homo sapiens	Encontrado	https://alphafold.ebi.ac.uk/entry/Q96F46
IL17RA	missense_variant	uncertain significance	772665587	Q96F46	rs772665587	R620W	0.0		Q96F46	Interleukin-17 receptor A	Homo sapiens	Encontrado	https://alphafold.ebi.ac.uk/entry/Q96F46
IL17RA	missense_variant		772844479	Q96F46	rs772844479	A453T	0.998		Q96F46	Interleukin-17 receptor A	Homo sapiens	Encontrado	https://alphafold.ebi.ac.uk/entry/Q96F46
IL17RA	missense_variant		772844479	Q96F46	rs772844479	A453T	0.02		Q96F46	Interleukin-17 receptor A	Homo sapiens	Encontrado	https://alphafold.ebi.ac.uk/entry/Q96F46
IL17RA	missense_variant		772844479	Q96F46	rs772844479	A453T	0.999		Q96F46	Interleukin-17 receptor A	Homo sapiens	Encontrado	https://alphafold.ebi.ac.uk/entry/Q96F46
IL17RA	missense_variant		772844479	Q96F46	rs772844479	A453T	0.02		Q96F46	Interleukin-17 receptor A	Homo sapiens	Encontrado	https://alphafold.ebi.ac.uk/entry/Q96F46
IL17RA	missense_variant		772976536						Q96F46	Interleukin-17 receptor A	Homo sapiens	Encontrado	https://alphafold.ebi.ac.uk/entry/Q96F46
IL17RA	missense_variant		773117766						Q96F46	Interleukin-17 receptor A	Homo sapiens	Encontrado	https://alphafold.ebi.ac.uk/entry/Q96F46
IL17RA	missense_variant		773216686						Q96F46	Interleukin-17 receptor A	Homo sapiens	Encontrado	https://alphafold.ebi.ac.uk/entry/Q96F46
IL17RA	missense_variant	uncertain significance	773268718						Q96F46	Interleukin-17 receptor A	Homo sapiens	Encontrado	https://alphafold.ebi.ac.uk/entry/Q96F46
IL17RA	missense_variant		773451956						Q96F46	Interleukin-17 receptor A	Homo sapiens	Encontrado	https://alphafold.ebi.ac.uk/entry/Q96F46
IL17RA	missense_variant	uncertain significance	773666876	Q96F46	rs773666876	H84R	0.0		Q96F46	Interleukin-17 receptor A	Homo sapiens	Encontrado	https://alphafold.ebi.ac.uk/entry/Q96F46
IL17RA	missense_variant	uncertain significance	773666876	Q96F46	rs773666876	H84R	1.0		Q96F46	Interleukin-17 receptor A	Homo sapiens	Encontrado	https://alphafold.ebi.ac.uk/entry/Q96F46
IL17RA	missense_variant		774129156						Q96F46	Interleukin-17 receptor A	Homo sapiens	Encontrado	https://alphafold.ebi.ac.uk/entry/Q96F46
IL17RA	missense_variant	uncertain significance	774179962	Q96F46	rs774179962	R189G	0.734		Q96F46	Interleukin-17 receptor A	Homo sapiens	Encontrado	https://alphafold.ebi.ac.uk/entry/Q96F46
IL17RA	missense_variant	uncertain significance	774179962	Q96F46	rs774179962	R189G	0.36		Q96F46	Interleukin-17 receptor A	Homo sapiens	Encontrado	https://alphafold.ebi.ac.uk/entry/Q96F46
IL17RA	missense_variant		774218993						Q96F46	Interleukin-17 receptor A	Homo sapiens	Encontrado	https://alphafold.ebi.ac.uk/entry/Q96F46
IL17RA	missense_variant		774366080						Q96F46	Interleukin-17 receptor A	Homo sapiens	Encontrado	https://alphafold.ebi.ac.uk/entry/Q96F46
IL17RA	missense_variant	uncertain significance	774700286	Q96F46	rs774700286	P304S	0.964		Q96F46	Interleukin-17 receptor A	Homo sapiens	Encontrado	https://alphafold.ebi.ac.uk/entry/Q96F46
IL17RA	missense_variant	uncertain significance	774700286	Q96F46	rs774700286	P304S	0.12		Q96F46	Interleukin-17 receptor A	Homo sapiens	Encontrado	https://alphafold.ebi.ac.uk/entry/Q96F46
IL17RA	missense_variant		774703910						Q96F46	Interleukin-17 receptor A	Homo sapiens	Encontrado	https://alphafold.ebi.ac.uk/entry/Q96F46
IL17RA	missense_variant		774845535						Q96F46	Interleukin-17 receptor A	Homo sapiens	Encontrado	https://alphafold.ebi.ac.uk/entry/Q96F46
IL17RA	missense_variant	uncertain significance	774973347	Q96F46	rs774973347	L739V	0.015		Q96F46	Interleukin-17 receptor A	Homo sapiens	Encontrado	https://alphafold.ebi.ac.uk/entry/Q96F46
IL17RA	missense_variant	uncertain significance	774973347	Q96F46	rs774973347	L739V	0.5		Q96F46	Interleukin-17 receptor A	Homo sapiens	Encontrado	https://alphafold.ebi.ac.uk/entry/Q96F46
IL17RA	missense_variant		775751135						Q96F46	Interleukin-17 receptor A	Homo sapiens	Encontrado	https://alphafold.ebi.ac.uk/entry/Q96F46
IL17RA	missense_variant		775785168						Q96F46	Interleukin-17 receptor A	Homo sapiens	Encontrado	https://alphafold.ebi.ac.uk/entry/Q96F46
IL17RA	missense_variant	uncertain significance, likely benign	775839180	Q96F46	rs775839180	R271H	0.0		Q96F46	Interleukin-17 receptor A	Homo sapiens	Encontrado	https://alphafold.ebi.ac.uk/entry/Q96F46
IL17RA	missense_variant	uncertain significance, likely benign	775839180	Q96F46	rs775839180	R271H	0.18		Q96F46	Interleukin-17 receptor A	Homo sapiens	Encontrado	https://alphafold.ebi.ac.uk/entry/Q96F46
IL17RA	missense_variant	uncertain significance, likely benign	775839180	Q96F46	rs775839180	R271H	0.0		Q96F46	Interleukin-17 receptor A	Homo sapiens	Encontrado	https://alphafold.ebi.ac.uk/entry/Q96F46
IL17RA	missense_variant	uncertain significance, likely benign	775839180	Q96F46	rs775839180	R271H	0.31		Q96F46	Interleukin-17 receptor A	Homo sapiens	Encontrado	https://alphafold.ebi.ac.uk/entry/Q96F46
IL17RA	missense_variant		775883465						Q96F46	Interleukin-17 receptor A	Homo sapiens	Encontrado	https://alphafold.ebi.ac.uk/entry/Q96F46
IL17RA	missense_variant		775930747						Q96F46	Interleukin-17 receptor A	Homo sapiens	Encontrado	https://alphafold.ebi.ac.uk/entry/Q96F46
IL17RA	missense_variant		776151079						Q96F46	Interleukin-17 receptor A	Homo sapiens	Encontrado	https://alphafold.ebi.ac.uk/entry/Q96F46
IL17RA	missense_variant	uncertain significance	776247658	Q96F46	rs776247658	T309I	0.005		Q96F46	Interleukin-17 receptor A	Homo sapiens	Encontrado	https://alphafold.ebi.ac.uk/entry/Q96F46
IL17RA	missense_variant	uncertain significance	776247658	Q96F46	rs776247658	T309I	0.14		Q96F46	Interleukin-17 receptor A	Homo sapiens	Encontrado	https://alphafold.ebi.ac.uk/entry/Q96F46
IL17RA	missense_variant	uncertain significance, likely benign	776536038	Q96F46	rs776536038	M773V	0.0		Q96F46	Interleukin-17 receptor A	Homo sapiens	Encontrado	https://alphafold.ebi.ac.uk/entry/Q96F46
IL17RA	missense_variant	uncertain significance, likely benign	776536038	Q96F46	rs776536038	M773V	0.73		Q96F46	Interleukin-17 receptor A	Homo sapiens	Encontrado	https://alphafold.ebi.ac.uk/entry/Q96F46
IL17RA	missense_variant	uncertain significance	776885778	Q96F46	rs776885778	P389S	0.999		Q96F46	Interleukin-17 receptor A	Homo sapiens	Encontrado	https://alphafold.ebi.ac.uk/entry/Q96F46
IL17RA	missense_variant	uncertain significance	776885778	Q96F46	rs776885778	P389S	0.07		Q96F46	Interleukin-17 receptor A	Homo sapiens	Encontrado	https://alphafold.ebi.ac.uk/entry/Q96F46
IL17RA	missense_variant		776930772						Q96F46	Interleukin-17 receptor A	Homo sapiens	Encontrado	https://alphafold.ebi.ac.uk/entry/Q96F46
IL17RA	missense_variant		777013339						Q96F46	Interleukin-17 receptor A	Homo sapiens	Encontrado	https://alphafold.ebi.ac.uk/entry/Q96F46
IL17RA	missense_variant	uncertain significance	777319486	Q96F46	rs777319486	V127I	0.961		Q96F46	Interleukin-17 receptor A	Homo sapiens	Encontrado	https://alphafold.ebi.ac.uk/entry/Q96F46
IL17RA	missense_variant	uncertain significance	777319486	Q96F46	rs777319486	V127I	0.18		Q96F46	Interleukin-17 receptor A	Homo sapiens	Encontrado	https://alphafold.ebi.ac.uk/entry/Q96F46
IL17RA	missense_variant	uncertain significance	777319486	Q96F46	rs777319486	V127I	0.891		Q96F46	Interleukin-17 receptor A	Homo sapiens	Encontrado	https://alphafold.ebi.ac.uk/entry/Q96F46
IL17RA	missense_variant	uncertain significance	777319486	Q96F46	rs777319486	V127I	0.19		Q96F46	Interleukin-17 receptor A	Homo sapiens	Encontrado	https://alphafold.ebi.ac.uk/entry/Q96F46
IL17RA	missense_variant		777335889						Q96F46	Interleukin-17 receptor A	Homo sapiens	Encontrado	https://alphafold.ebi.ac.uk/entry/Q96F46
IL17RA	missense_variant	uncertain significance	777343781						Q96F46	Interleukin-17 receptor A	Homo sapiens	Encontrado	https://alphafold.ebi.ac.uk/entry/Q96F46
IL17RA	missense_variant	uncertain significance	777845932	Q96F46	rs777845932	S356N	0.025		Q96F46	Interleukin-17 receptor A	Homo sapiens	Encontrado	https://alphafold.ebi.ac.uk/entry/Q96F46
IL17RA	missense_variant	uncertain significance	777845932	Q96F46	rs777845932	S356N	0.78		Q96F46	Interleukin-17 receptor A	Homo sapiens	Encontrado	https://alphafold.ebi.ac.uk/entry/Q96F46
IL17RA	missense_variant	uncertain significance	777862276	Q96F46	rs777862276	C581S	0.109		Q96F46	Interleukin-17 receptor A	Homo sapiens	Encontrado	https://alphafold.ebi.ac.uk/entry/Q96F46
IL17RA	missense_variant	uncertain significance	777862276	Q96F46	rs777862276	C581S	0.39		Q96F46	Interleukin-17 receptor A	Homo sapiens	Encontrado	https://alphafold.ebi.ac.uk/entry/Q96F46
IL17RA	missense_variant	uncertain significance	777862276	Q96F46	rs777862276	C581Y	0.001		Q96F46	Interleukin-17 receptor A	Homo sapiens	Encontrado	https://alphafold.ebi.ac.uk/entry/Q96F46
IL17RA	missense_variant	uncertain significance	777862276	Q96F46	rs777862276	C581Y	1.0		Q96F46	Interleukin-17 receptor A	Homo sapiens	Encontrado	https://alphafold.ebi.ac.uk/entry/Q96F46
IL17RA	missense_variant		777960930						Q96F46	Interleukin-17 receptor A	Homo sapiens	Encontrado	https://alphafold.ebi.ac.uk/entry/Q96F46
IL17RA	missense_variant		777981754						Q96F46	Interleukin-17 receptor A	Homo sapiens	Encontrado	https://alphafold.ebi.ac.uk/entry/Q96F46
IL17RA	missense_variant		778328440						Q96F46	Interleukin-17 receptor A	Homo sapiens	Encontrado	https://alphafold.ebi.ac.uk/entry/Q96F46
IL17RA	missense_variant		778947542						Q96F46	Interleukin-17 receptor A	Homo sapiens	Encontrado	https://alphafold.ebi.ac.uk/entry/Q96F46
IL17RA	missense_variant	uncertain significance, likely benign	778995730	Q96F46	rs778995730	G863R	0.0		Q96F46	Interleukin-17 receptor A	Homo sapiens	Encontrado	https://alphafold.ebi.ac.uk/entry/Q96F46
IL17RA	missense_variant	uncertain significance, likely benign	778995730	Q96F46	rs778995730	G863R	0.24		Q96F46	Interleukin-17 receptor A	Homo sapiens	Encontrado	https://alphafold.ebi.ac.uk/entry/Q96F46
IL17RA	missense_variant	uncertain significance	779004550	Q96F46	rs779004550	E749K	0.981		Q96F46	Interleukin-17 receptor A	Homo sapiens	Encontrado	https://alphafold.ebi.ac.uk/entry/Q96F46
IL17RA	missense_variant	uncertain significance	779004550	Q96F46	rs779004550	E749K	0.05		Q96F46	Interleukin-17 receptor A	Homo sapiens	Encontrado	https://alphafold.ebi.ac.uk/entry/Q96F46
IL17RA	missense_variant	uncertain significance	779004550	Q96F46	rs779004550	E749K	0.981		Q96F46	Interleukin-17 receptor A	Homo sapiens	Encontrado	https://alphafold.ebi.ac.uk/entry/Q96F46
IL17RA	missense_variant	uncertain significance	779004550	Q96F46	rs779004550	E749K	0.11		Q96F46	Interleukin-17 receptor A	Homo sapiens	Encontrado	https://alphafold.ebi.ac.uk/entry/Q96F46
IL17RA	missense_variant	likely benign	779479873						Q96F46	Interleukin-17 receptor A	Homo sapiens	Encontrado	https://alphafold.ebi.ac.uk/entry/Q96F46
IL17RA	missense_variant	uncertain significance	779662031	Q96F46	rs779662031	P253L	0.001		Q96F46	Interleukin-17 receptor A	Homo sapiens	Encontrado	https://alphafold.ebi.ac.uk/entry/Q96F46
IL17RA	missense_variant	uncertain significance	779662031	Q96F46	rs779662031	P253L	0.11		Q96F46	Interleukin-17 receptor A	Homo sapiens	Encontrado	https://alphafold.ebi.ac.uk/entry/Q96F46
IL17RA	missense_variant	uncertain significance	779695692	Q96F46	rs779695692	T615I	0.095		Q96F46	Interleukin-17 receptor A	Homo sapiens	Encontrado	https://alphafold.ebi.ac.uk/entry/Q96F46
IL17RA	missense_variant	uncertain significance	779695692	Q96F46	rs779695692	T615I	0.03		Q96F46	Interleukin-17 receptor A	Homo sapiens	Encontrado	https://alphafold.ebi.ac.uk/entry/Q96F46
IL17RA	missense_variant	uncertain significance	779762104	Q96F46	rs779762104	G766R	0.084		Q96F46	Interleukin-17 receptor A	Homo sapiens	Encontrado	https://alphafold.ebi.ac.uk/entry/Q96F46
IL17RA	missense_variant	uncertain significance	779762104	Q96F46	rs779762104	G766R	0.46		Q96F46	Interleukin-17 receptor A	Homo sapiens	Encontrado	https://alphafold.ebi.ac.uk/entry/Q96F46
IL17RA	missense_variant		779860885						Q96F46	Interleukin-17 receptor A	Homo sapiens	Encontrado	https://alphafold.ebi.ac.uk/entry/Q96F46
IL17RA	missense_variant	uncertain significance	780107646	Q96F46	rs780107646	M240T	0.0		Q96F46	Interleukin-17 receptor A	Homo sapiens	Encontrado	https://alphafold.ebi.ac.uk/entry/Q96F46
IL17RA	missense_variant	uncertain significance	780107646	Q96F46	rs780107646	M240T	0.67		Q96F46	Interleukin-17 receptor A	Homo sapiens	Encontrado	https://alphafold.ebi.ac.uk/entry/Q96F46
IL17RA	missense_variant		780129444						Q96F46	Interleukin-17 receptor A	Homo sapiens	Encontrado	https://alphafold.ebi.ac.uk/entry/Q96F46
IL17RA	missense_variant	uncertain significance	780225029	Q96F46	rs780225029	R745T	0.992		Q96F46	Interleukin-17 receptor A	Homo sapiens	Encontrado	https://alphafold.ebi.ac.uk/entry/Q96F46
IL17RA	missense_variant	uncertain significance	780225029	Q96F46	rs780225029	R745T	0.0		Q96F46	Interleukin-17 receptor A	Homo sapiens	Encontrado	https://alphafold.ebi.ac.uk/entry/Q96F46
IL17RA	missense_variant		780323893						Q96F46	Interleukin-17 receptor A	Homo sapiens	Encontrado	https://alphafold.ebi.ac.uk/entry/Q96F46
IL17RA	missense_variant		780730784						Q96F46	Interleukin-17 receptor A	Homo sapiens	Encontrado	https://alphafold.ebi.ac.uk/entry/Q96F46
IL17RA	missense_variant		780850931						Q96F46	Interleukin-17 receptor A	Homo sapiens	Encontrado	https://alphafold.ebi.ac.uk/entry/Q96F46
IL17RA	missense_variant		780892513						Q96F46	Interleukin-17 receptor A	Homo sapiens	Encontrado	https://alphafold.ebi.ac.uk/entry/Q96F46
IL17RA	missense_variant		780922627						Q96F46	Interleukin-17 receptor A	Homo sapiens	Encontrado	https://alphafold.ebi.ac.uk/entry/Q96F46
IL17RA	missense_variant		781093921						Q96F46	Interleukin-17 receptor A	Homo sapiens	Encontrado	https://alphafold.ebi.ac.uk/entry/Q96F46
IL17RA	missense_variant	uncertain significance	781461932	Q96F46	rs781461932	A299T	0.0		Q96F46	Interleukin-17 receptor A	Homo sapiens	Encontrado	https://alphafold.ebi.ac.uk/entry/Q96F46
IL17RA	missense_variant	uncertain significance	781461932	Q96F46	rs781461932	A299T	0.15		Q96F46	Interleukin-17 receptor A	Homo sapiens	Encontrado	https://alphafold.ebi.ac.uk/entry/Q96F46
IL17RA	missense_variant		781768130						Q96F46	Interleukin-17 receptor A	Homo sapiens	Encontrado	https://alphafold.ebi.ac.uk/entry/Q96F46
IL17RA	missense_variant		866327196						Q96F46	Interleukin-17 receptor A	Homo sapiens	Encontrado	https://alphafold.ebi.ac.uk/entry/Q96F46
IL17RA	missense_variant		867586342						Q96F46	Interleukin-17 receptor A	Homo sapiens	Encontrado	https://alphafold.ebi.ac.uk/entry/Q96F46
IL17RA	missense_variant		867971944						Q96F46	Interleukin-17 receptor A	Homo sapiens	Encontrado	https://alphafold.ebi.ac.uk/entry/Q96F46
IL17RA	missense_variant		868241754						Q96F46	Interleukin-17 receptor A	Homo sapiens	Encontrado	https://alphafold.ebi.ac.uk/entry/Q96F46
IL17RA	missense_variant	uncertain significance	868771675	Q96F46	rs868771675	D636G	0.167		Q96F46	Interleukin-17 receptor A	Homo sapiens	Encontrado	https://alphafold.ebi.ac.uk/entry/Q96F46
IL17RA	missense_variant	uncertain significance	868771675	Q96F46	rs868771675	D636G	0.03		Q96F46	Interleukin-17 receptor A	Homo sapiens	Encontrado	https://alphafold.ebi.ac.uk/entry/Q96F46
IL17RA	missense_variant	uncertain significance	868826492	Q96F46	rs868826492	V341I	0.003		Q96F46	Interleukin-17 receptor A	Homo sapiens	Encontrado	https://alphafold.ebi.ac.uk/entry/Q96F46
IL17RA	missense_variant	uncertain significance	868826492	Q96F46	rs868826492	V341I	1.0		Q96F46	Interleukin-17 receptor A	Homo sapiens	Encontrado	https://alphafold.ebi.ac.uk/entry/Q96F46
IL17RA	missense_variant		878969636						Q96F46	Interleukin-17 receptor A	Homo sapiens	Encontrado	https://alphafold.ebi.ac.uk/entry/Q96F46
IL17RA	missense_variant	benign	879576						Q96F46	Interleukin-17 receptor A	Homo sapiens	Encontrado	https://alphafold.ebi.ac.uk/entry/Q96F46
IL17RA	missense_variant	uncertain significance, benign	879577	Q96F46	rs879577	A367E	0.001		Q96F46	Interleukin-17 receptor A	Homo sapiens	Encontrado	https://alphafold.ebi.ac.uk/entry/Q96F46
IL17RA	missense_variant	uncertain significance, benign	879577	Q96F46	rs879577	A367E	0.27		Q96F46	Interleukin-17 receptor A	Homo sapiens	Encontrado	https://alphafold.ebi.ac.uk/entry/Q96F46
IL17RA	missense_variant	uncertain significance	886057201	Q96F46	rs886057201	N67D	0.326		Q96F46	Interleukin-17 receptor A	Homo sapiens	Encontrado	https://alphafold.ebi.ac.uk/entry/Q96F46
IL17RA	missense_variant	uncertain significance	886057201	Q96F46	rs886057201	N67D	0.28		Q96F46	Interleukin-17 receptor A	Homo sapiens	Encontrado	https://alphafold.ebi.ac.uk/entry/Q96F46
IL17RA	missense_variant	uncertain significance	886057202	Q96F46	rs886057202	I283V	0.007		Q96F46	Interleukin-17 receptor A	Homo sapiens	Encontrado	https://alphafold.ebi.ac.uk/entry/Q96F46
IL17RA	missense_variant	uncertain significance	886057202	Q96F46	rs886057202	I283V	0.2		Q96F46	Interleukin-17 receptor A	Homo sapiens	Encontrado	https://alphafold.ebi.ac.uk/entry/Q96F46
IL17RA	missense_variant	uncertain significance	886057203	Q96F46	rs886057203	F496L	0.996		Q96F46	Interleukin-17 receptor A	Homo sapiens	Encontrado	https://alphafold.ebi.ac.uk/entry/Q96F46
IL17RA	missense_variant	uncertain significance	886057203	Q96F46	rs886057203	F496L	0.0		Q96F46	Interleukin-17 receptor A	Homo sapiens	Encontrado	https://alphafold.ebi.ac.uk/entry/Q96F46
IL17RA	missense_variant	uncertain significance	886057204	Q96F46	rs886057204	L696M	0.022		Q96F46	Interleukin-17 receptor A	Homo sapiens	Encontrado	https://alphafold.ebi.ac.uk/entry/Q96F46
IL17RA	missense_variant	uncertain significance	886057204	Q96F46	rs886057204	L696M	0.08		Q96F46	Interleukin-17 receptor A	Homo sapiens	Encontrado	https://alphafold.ebi.ac.uk/entry/Q96F46
IL17RA	missense_variant		889998318						Q96F46	Interleukin-17 receptor A	Homo sapiens	Encontrado	https://alphafold.ebi.ac.uk/entry/Q96F46
IL17RA	missense_variant	uncertain significance	894469031						Q96F46	Interleukin-17 receptor A	Homo sapiens	Encontrado	https://alphafold.ebi.ac.uk/entry/Q96F46
IL17RA	missense_variant	uncertain significance	906456948	Q96F46	rs906456948	R841Q	0.0		Q96F46	Interleukin-17 receptor A	Homo sapiens	Encontrado	https://alphafold.ebi.ac.uk/entry/Q96F46
IL17RA	missense_variant	uncertain significance	906456948	Q96F46	rs906456948	R841Q	1.0		Q96F46	Interleukin-17 receptor A	Homo sapiens	Encontrado	https://alphafold.ebi.ac.uk/entry/Q96F46
IL17RA	missense_variant	uncertain significance	915964901						Q96F46	Interleukin-17 receptor A	Homo sapiens	Encontrado	https://alphafold.ebi.ac.uk/entry/Q96F46
IL17RA	missense_variant	uncertain significance	925100401	Q96F46	rs925100401	E586K	0.994		Q96F46	Interleukin-17 receptor A	Homo sapiens	Encontrado	https://alphafold.ebi.ac.uk/entry/Q96F46
IL17RA	missense_variant	uncertain significance	925100401	Q96F46	rs925100401	E586K	0.1		Q96F46	Interleukin-17 receptor A	Homo sapiens	Encontrado	https://alphafold.ebi.ac.uk/entry/Q96F46
IL17RA	missense_variant	uncertain significance	928752107	Q96F46	rs928752107	P720L	0.826		Q96F46	Interleukin-17 receptor A	Homo sapiens	Encontrado	https://alphafold.ebi.ac.uk/entry/Q96F46
IL17RA	missense_variant	uncertain significance	928752107	Q96F46	rs928752107	P720L	0.03		Q96F46	Interleukin-17 receptor A	Homo sapiens	Encontrado	https://alphafold.ebi.ac.uk/entry/Q96F46
IL17RA	missense_variant	uncertain significance	937902710	Q96F46	rs937902710	L19R	0.0		Q96F46	Interleukin-17 receptor A	Homo sapiens	Encontrado	https://alphafold.ebi.ac.uk/entry/Q96F46
IL17RA	missense_variant	uncertain significance	937902710	Q96F46	rs937902710	L19R	0.08		Q96F46	Interleukin-17 receptor A	Homo sapiens	Encontrado	https://alphafold.ebi.ac.uk/entry/Q96F46
IL17RA	missense_variant		944233818						Q96F46	Interleukin-17 receptor A	Homo sapiens	Encontrado	https://alphafold.ebi.ac.uk/entry/Q96F46
IL17RA	missense_variant		945215397						Q96F46	Interleukin-17 receptor A	Homo sapiens	Encontrado	https://alphafold.ebi.ac.uk/entry/Q96F46
IL17RA	missense_variant	uncertain significance	948738332	Q96F46	rs948738332	V550I	0.03		Q96F46	Interleukin-17 receptor A	Homo sapiens	Encontrado	https://alphafold.ebi.ac.uk/entry/Q96F46
IL17RA	missense_variant	uncertain significance	948738332	Q96F46	rs948738332	V550I	0.84		Q96F46	Interleukin-17 receptor A	Homo sapiens	Encontrado	https://alphafold.ebi.ac.uk/entry/Q96F46
IL17RA	missense_variant	uncertain significance	948738332	Q96F46	rs948738332	V550L	0.191		Q96F46	Interleukin-17 receptor A	Homo sapiens	Encontrado	https://alphafold.ebi.ac.uk/entry/Q96F46
IL17RA	missense_variant	uncertain significance	948738332	Q96F46	rs948738332	V550L	0.11		Q96F46	Interleukin-17 receptor A	Homo sapiens	Encontrado	https://alphafold.ebi.ac.uk/entry/Q96F46
IL17RA	missense_variant	uncertain significance	952667528	Q96F46	rs952667528	G853S	0.997		Q96F46	Interleukin-17 receptor A	Homo sapiens	Encontrado	https://alphafold.ebi.ac.uk/entry/Q96F46
IL17RA	missense_variant	uncertain significance	952667528	Q96F46	rs952667528	G853S	0.3		Q96F46	Interleukin-17 receptor A	Homo sapiens	Encontrado	https://alphafold.ebi.ac.uk/entry/Q96F46
IL17RA	missense_variant		957844995						Q96F46	Interleukin-17 receptor A	Homo sapiens	Encontrado	https://alphafold.ebi.ac.uk/entry/Q96F46
IL17RA	missense_variant		970541811						Q96F46	Interleukin-17 receptor A	Homo sapiens	Encontrado	https://alphafold.ebi.ac.uk/entry/Q96F46
IL17RA	missense_variant		972851244						Q96F46	Interleukin-17 receptor A	Homo sapiens	Encontrado	https://alphafold.ebi.ac.uk/entry/Q96F46
IL17RA	missense_variant		981571386						Q96F46	Interleukin-17 receptor A	Homo sapiens	Encontrado	https://alphafold.ebi.ac.uk/entry/Q96F46
IL17RA	missense_variant	likely benign	981973256						Q96F46	Interleukin-17 receptor A	Homo sapiens	Encontrado	https://alphafold.ebi.ac.uk/entry/Q96F46
IL17RA	missense_variant		985681630						Q96F46	Interleukin-17 receptor A	Homo sapiens	Encontrado	https://alphafold.ebi.ac.uk/entry/Q96F46
IL17RA	missense_variant	likely benign	988752151						Q96F46	Interleukin-17 receptor A	Homo sapiens	Encontrado	https://alphafold.ebi.ac.uk/entry/Q96F46
IL17RA	missense_variant		993343144						Q96F46	Interleukin-17 receptor A	Homo sapiens	Encontrado	https://alphafold.ebi.ac.uk/entry/Q96F46
IL17RA	missense_variant		995241235	Q96F46	rs995241235	A570T	0.999		Q96F46	Interleukin-17 receptor A	Homo sapiens	Encontrado	https://alphafold.ebi.ac.uk/entry/Q96F46
IL17RA	missense_variant		995241235	Q96F46	rs995241235	A570T	0.0		Q96F46	Interleukin-17 receptor A	Homo sapiens	Encontrado	https://alphafold.ebi.ac.uk/entry/Q96F46
IL17RA	missense_variant		995241235	Q96F46	rs995241235	A570T	0.996		Q96F46	Interleukin-17 receptor A	Homo sapiens	Encontrado	https://alphafold.ebi.ac.uk/entry/Q96F46
IL17RA	missense_variant		995241235	Q96F46	rs995241235	A570T	0.01		Q96F46	Interleukin-17 receptor A	Homo sapiens	Encontrado	https://alphafold.ebi.ac.uk/entry/Q96F46
IL17RA	missense_variant	uncertain significance	999219961	Q96F46	rs999219961	G700D	0.0		Q96F46	Interleukin-17 receptor A	Homo sapiens	Encontrado	https://alphafold.ebi.ac.uk/entry/Q96F46
IL17RA	missense_variant	uncertain significance	999219961	Q96F46	rs999219961	G700D	1.0		Q96F46	Interleukin-17 receptor A	Homo sapiens	Encontrado	https://alphafold.ebi.ac.uk/entry/Q96F46
