Gene	Consequencia	Significancia_Clinica	rs_key	UniProt_ID	rsID_dbSNP	Proteina_Mudanca	AlphaMissense_Score	AlphaMissense_Classificacao	ID_UniProt	Nome_Proteina	Organismo	Status	Link_AlphaFold
CDC42BPB	missense_variant		1002396118						Q9Y5S2	Serine/threonine-protein kinase MRCK beta	Homo sapiens	Encontrado	https://alphafold.ebi.ac.uk/entry/Q9Y5S2
CDC42BPB	missense_variant		1003129061						Q9Y5S2	Serine/threonine-protein kinase MRCK beta	Homo sapiens	Encontrado	https://alphafold.ebi.ac.uk/entry/Q9Y5S2
CDC42BPB	missense_variant		1004613613						Q9Y5S2	Serine/threonine-protein kinase MRCK beta	Homo sapiens	Encontrado	https://alphafold.ebi.ac.uk/entry/Q9Y5S2
CDC42BPB	missense_variant		1005957568						Q9Y5S2	Serine/threonine-protein kinase MRCK beta	Homo sapiens	Encontrado	https://alphafold.ebi.ac.uk/entry/Q9Y5S2
CDC42BPB	missense_variant		1009900223						Q9Y5S2	Serine/threonine-protein kinase MRCK beta	Homo sapiens	Encontrado	https://alphafold.ebi.ac.uk/entry/Q9Y5S2
CDC42BPB	missense_variant		1010112663						Q9Y5S2	Serine/threonine-protein kinase MRCK beta	Homo sapiens	Encontrado	https://alphafold.ebi.ac.uk/entry/Q9Y5S2
CDC42BPB	missense_variant		1011466308						Q9Y5S2	Serine/threonine-protein kinase MRCK beta	Homo sapiens	Encontrado	https://alphafold.ebi.ac.uk/entry/Q9Y5S2
CDC42BPB	missense_variant		1011557884						Q9Y5S2	Serine/threonine-protein kinase MRCK beta	Homo sapiens	Encontrado	https://alphafold.ebi.ac.uk/entry/Q9Y5S2
CDC42BPB	missense_variant		1011850433						Q9Y5S2	Serine/threonine-protein kinase MRCK beta	Homo sapiens	Encontrado	https://alphafold.ebi.ac.uk/entry/Q9Y5S2
CDC42BPB	missense_variant		1015324528						Q9Y5S2	Serine/threonine-protein kinase MRCK beta	Homo sapiens	Encontrado	https://alphafold.ebi.ac.uk/entry/Q9Y5S2
CDC42BPB	missense_variant	likely pathogenic, pathogenic	1016320330						Q9Y5S2	Serine/threonine-protein kinase MRCK beta	Homo sapiens	Encontrado	https://alphafold.ebi.ac.uk/entry/Q9Y5S2
CDC42BPB	missense_variant	likely benign	1016858776						Q9Y5S2	Serine/threonine-protein kinase MRCK beta	Homo sapiens	Encontrado	https://alphafold.ebi.ac.uk/entry/Q9Y5S2
CDC42BPB	missense_variant		1019328882						Q9Y5S2	Serine/threonine-protein kinase MRCK beta	Homo sapiens	Encontrado	https://alphafold.ebi.ac.uk/entry/Q9Y5S2
CDC42BPB	missense_variant		1020400206						Q9Y5S2	Serine/threonine-protein kinase MRCK beta	Homo sapiens	Encontrado	https://alphafold.ebi.ac.uk/entry/Q9Y5S2
CDC42BPB	missense_variant		1026416001						Q9Y5S2	Serine/threonine-protein kinase MRCK beta	Homo sapiens	Encontrado	https://alphafold.ebi.ac.uk/entry/Q9Y5S2
CDC42BPB	missense_variant	uncertain significance	1026746039	Q9Y5S2	rs1026746039	S1657R	0.679		Q9Y5S2	Serine/threonine-protein kinase MRCK beta	Homo sapiens	Encontrado	https://alphafold.ebi.ac.uk/entry/Q9Y5S2
CDC42BPB	missense_variant	uncertain significance	1026746039	Q9Y5S2	rs1026746039	S1657R	0.0		Q9Y5S2	Serine/threonine-protein kinase MRCK beta	Homo sapiens	Encontrado	https://alphafold.ebi.ac.uk/entry/Q9Y5S2
CDC42BPB	missense_variant		1029990072						Q9Y5S2	Serine/threonine-protein kinase MRCK beta	Homo sapiens	Encontrado	https://alphafold.ebi.ac.uk/entry/Q9Y5S2
CDC42BPB	missense_variant		1030181382						Q9Y5S2	Serine/threonine-protein kinase MRCK beta	Homo sapiens	Encontrado	https://alphafold.ebi.ac.uk/entry/Q9Y5S2
CDC42BPB	missense_variant		1031580687						Q9Y5S2	Serine/threonine-protein kinase MRCK beta	Homo sapiens	Encontrado	https://alphafold.ebi.ac.uk/entry/Q9Y5S2
CDC42BPB	missense_variant		1034656188						Q9Y5S2	Serine/threonine-protein kinase MRCK beta	Homo sapiens	Encontrado	https://alphafold.ebi.ac.uk/entry/Q9Y5S2
CDC42BPB	missense_variant	uncertain significance	1039611600	Q9Y5S2	rs1039611600	D1123H	0.998		Q9Y5S2	Serine/threonine-protein kinase MRCK beta	Homo sapiens	Encontrado	https://alphafold.ebi.ac.uk/entry/Q9Y5S2
CDC42BPB	missense_variant	uncertain significance	1039611600	Q9Y5S2	rs1039611600	D1123H	0.0		Q9Y5S2	Serine/threonine-protein kinase MRCK beta	Homo sapiens	Encontrado	https://alphafold.ebi.ac.uk/entry/Q9Y5S2
CDC42BPB	missense_variant		1040234745						Q9Y5S2	Serine/threonine-protein kinase MRCK beta	Homo sapiens	Encontrado	https://alphafold.ebi.ac.uk/entry/Q9Y5S2
CDC42BPB	missense_variant	uncertain significance	1041133482	Q9Y5S2	rs1041133482	M176T	0.996		Q9Y5S2	Serine/threonine-protein kinase MRCK beta	Homo sapiens	Encontrado	https://alphafold.ebi.ac.uk/entry/Q9Y5S2
CDC42BPB	missense_variant	uncertain significance	1041133482	Q9Y5S2	rs1041133482	M176T	0.0		Q9Y5S2	Serine/threonine-protein kinase MRCK beta	Homo sapiens	Encontrado	https://alphafold.ebi.ac.uk/entry/Q9Y5S2
CDC42BPB	missense_variant		1048432907						Q9Y5S2	Serine/threonine-protein kinase MRCK beta	Homo sapiens	Encontrado	https://alphafold.ebi.ac.uk/entry/Q9Y5S2
CDC42BPB	missense_variant		1048630181						Q9Y5S2	Serine/threonine-protein kinase MRCK beta	Homo sapiens	Encontrado	https://alphafold.ebi.ac.uk/entry/Q9Y5S2
CDC42BPB	missense_variant		1051697726						Q9Y5S2	Serine/threonine-protein kinase MRCK beta	Homo sapiens	Encontrado	https://alphafold.ebi.ac.uk/entry/Q9Y5S2
CDC42BPB	missense_variant		1052494408						Q9Y5S2	Serine/threonine-protein kinase MRCK beta	Homo sapiens	Encontrado	https://alphafold.ebi.ac.uk/entry/Q9Y5S2
CDC42BPB	missense_variant		1053399593						Q9Y5S2	Serine/threonine-protein kinase MRCK beta	Homo sapiens	Encontrado	https://alphafold.ebi.ac.uk/entry/Q9Y5S2
CDC42BPB	missense_variant	uncertain significance	1056905207	Q9Y5S2	rs1056905207	R521C	0.038		Q9Y5S2	Serine/threonine-protein kinase MRCK beta	Homo sapiens	Encontrado	https://alphafold.ebi.ac.uk/entry/Q9Y5S2
CDC42BPB	missense_variant	uncertain significance	1056905207	Q9Y5S2	rs1056905207	R521C	0.0		Q9Y5S2	Serine/threonine-protein kinase MRCK beta	Homo sapiens	Encontrado	https://alphafold.ebi.ac.uk/entry/Q9Y5S2
CDC42BPB	missense_variant		112025674						Q9Y5S2	Serine/threonine-protein kinase MRCK beta	Homo sapiens	Encontrado	https://alphafold.ebi.ac.uk/entry/Q9Y5S2
CDC42BPB	missense_variant		112134218						Q9Y5S2	Serine/threonine-protein kinase MRCK beta	Homo sapiens	Encontrado	https://alphafold.ebi.ac.uk/entry/Q9Y5S2
CDC42BPB	missense_variant		1157623182						Q9Y5S2	Serine/threonine-protein kinase MRCK beta	Homo sapiens	Encontrado	https://alphafold.ebi.ac.uk/entry/Q9Y5S2
CDC42BPB	missense_variant		1158031130						Q9Y5S2	Serine/threonine-protein kinase MRCK beta	Homo sapiens	Encontrado	https://alphafold.ebi.ac.uk/entry/Q9Y5S2
CDC42BPB	missense_variant		1158541124						Q9Y5S2	Serine/threonine-protein kinase MRCK beta	Homo sapiens	Encontrado	https://alphafold.ebi.ac.uk/entry/Q9Y5S2
CDC42BPB	missense_variant		1158789055						Q9Y5S2	Serine/threonine-protein kinase MRCK beta	Homo sapiens	Encontrado	https://alphafold.ebi.ac.uk/entry/Q9Y5S2
CDC42BPB	missense_variant		1158962067						Q9Y5S2	Serine/threonine-protein kinase MRCK beta	Homo sapiens	Encontrado	https://alphafold.ebi.ac.uk/entry/Q9Y5S2
CDC42BPB	missense_variant		1159318563						Q9Y5S2	Serine/threonine-protein kinase MRCK beta	Homo sapiens	Encontrado	https://alphafold.ebi.ac.uk/entry/Q9Y5S2
CDC42BPB	missense_variant		1160560731						Q9Y5S2	Serine/threonine-protein kinase MRCK beta	Homo sapiens	Encontrado	https://alphafold.ebi.ac.uk/entry/Q9Y5S2
CDC42BPB	missense_variant		1161157122						Q9Y5S2	Serine/threonine-protein kinase MRCK beta	Homo sapiens	Encontrado	https://alphafold.ebi.ac.uk/entry/Q9Y5S2
CDC42BPB	missense_variant		1161351674						Q9Y5S2	Serine/threonine-protein kinase MRCK beta	Homo sapiens	Encontrado	https://alphafold.ebi.ac.uk/entry/Q9Y5S2
CDC42BPB	missense_variant		1162161745						Q9Y5S2	Serine/threonine-protein kinase MRCK beta	Homo sapiens	Encontrado	https://alphafold.ebi.ac.uk/entry/Q9Y5S2
CDC42BPB	missense_variant	uncertain significance	1162177742	Q9Y5S2	rs1162177742	A663V	0.0		Q9Y5S2	Serine/threonine-protein kinase MRCK beta	Homo sapiens	Encontrado	https://alphafold.ebi.ac.uk/entry/Q9Y5S2
CDC42BPB	missense_variant	uncertain significance	1162177742	Q9Y5S2	rs1162177742	A663V	0.11		Q9Y5S2	Serine/threonine-protein kinase MRCK beta	Homo sapiens	Encontrado	https://alphafold.ebi.ac.uk/entry/Q9Y5S2
CDC42BPB	missense_variant	uncertain significance	1162177742	Q9Y5S2	rs1162177742	A663V	0.0		Q9Y5S2	Serine/threonine-protein kinase MRCK beta	Homo sapiens	Encontrado	https://alphafold.ebi.ac.uk/entry/Q9Y5S2
CDC42BPB	missense_variant	uncertain significance	1162177742	Q9Y5S2	rs1162177742	A663V	0.04		Q9Y5S2	Serine/threonine-protein kinase MRCK beta	Homo sapiens	Encontrado	https://alphafold.ebi.ac.uk/entry/Q9Y5S2
CDC42BPB	missense_variant		1162776652						Q9Y5S2	Serine/threonine-protein kinase MRCK beta	Homo sapiens	Encontrado	https://alphafold.ebi.ac.uk/entry/Q9Y5S2
CDC42BPB	missense_variant	uncertain significance	1163709689						Q9Y5S2	Serine/threonine-protein kinase MRCK beta	Homo sapiens	Encontrado	https://alphafold.ebi.ac.uk/entry/Q9Y5S2
CDC42BPB	missense_variant		1164545056						Q9Y5S2	Serine/threonine-protein kinase MRCK beta	Homo sapiens	Encontrado	https://alphafold.ebi.ac.uk/entry/Q9Y5S2
CDC42BPB	missense_variant		1164558007						Q9Y5S2	Serine/threonine-protein kinase MRCK beta	Homo sapiens	Encontrado	https://alphafold.ebi.ac.uk/entry/Q9Y5S2
CDC42BPB	missense_variant		1164936094						Q9Y5S2	Serine/threonine-protein kinase MRCK beta	Homo sapiens	Encontrado	https://alphafold.ebi.ac.uk/entry/Q9Y5S2
CDC42BPB	missense_variant		1166159751						Q9Y5S2	Serine/threonine-protein kinase MRCK beta	Homo sapiens	Encontrado	https://alphafold.ebi.ac.uk/entry/Q9Y5S2
CDC42BPB	missense_variant	uncertain significance	1167097758						Q9Y5S2	Serine/threonine-protein kinase MRCK beta	Homo sapiens	Encontrado	https://alphafold.ebi.ac.uk/entry/Q9Y5S2
CDC42BPB	missense_variant		1167686182						Q9Y5S2	Serine/threonine-protein kinase MRCK beta	Homo sapiens	Encontrado	https://alphafold.ebi.ac.uk/entry/Q9Y5S2
CDC42BPB	missense_variant		1169851926						Q9Y5S2	Serine/threonine-protein kinase MRCK beta	Homo sapiens	Encontrado	https://alphafold.ebi.ac.uk/entry/Q9Y5S2
CDC42BPB	missense_variant		1169912257						Q9Y5S2	Serine/threonine-protein kinase MRCK beta	Homo sapiens	Encontrado	https://alphafold.ebi.ac.uk/entry/Q9Y5S2
CDC42BPB	missense_variant	uncertain significance	1170684714	Q9Y5S2	rs1170684714	Q1358R	0.106		Q9Y5S2	Serine/threonine-protein kinase MRCK beta	Homo sapiens	Encontrado	https://alphafold.ebi.ac.uk/entry/Q9Y5S2
CDC42BPB	missense_variant	uncertain significance	1170684714	Q9Y5S2	rs1170684714	Q1358R	0.06		Q9Y5S2	Serine/threonine-protein kinase MRCK beta	Homo sapiens	Encontrado	https://alphafold.ebi.ac.uk/entry/Q9Y5S2
CDC42BPB	missense_variant	uncertain significance	1171933717	Q9Y5S2	rs1171933717	E111A	0.998		Q9Y5S2	Serine/threonine-protein kinase MRCK beta	Homo sapiens	Encontrado	https://alphafold.ebi.ac.uk/entry/Q9Y5S2
CDC42BPB	missense_variant	uncertain significance	1171933717	Q9Y5S2	rs1171933717	E111A	0.0		Q9Y5S2	Serine/threonine-protein kinase MRCK beta	Homo sapiens	Encontrado	https://alphafold.ebi.ac.uk/entry/Q9Y5S2
CDC42BPB	missense_variant		1172202091						Q9Y5S2	Serine/threonine-protein kinase MRCK beta	Homo sapiens	Encontrado	https://alphafold.ebi.ac.uk/entry/Q9Y5S2
CDC42BPB	missense_variant		1176003660						Q9Y5S2	Serine/threonine-protein kinase MRCK beta	Homo sapiens	Encontrado	https://alphafold.ebi.ac.uk/entry/Q9Y5S2
CDC42BPB	missense_variant		1179475383						Q9Y5S2	Serine/threonine-protein kinase MRCK beta	Homo sapiens	Encontrado	https://alphafold.ebi.ac.uk/entry/Q9Y5S2
CDC42BPB	missense_variant		1179776450						Q9Y5S2	Serine/threonine-protein kinase MRCK beta	Homo sapiens	Encontrado	https://alphafold.ebi.ac.uk/entry/Q9Y5S2
CDC42BPB	missense_variant		1181332127						Q9Y5S2	Serine/threonine-protein kinase MRCK beta	Homo sapiens	Encontrado	https://alphafold.ebi.ac.uk/entry/Q9Y5S2
CDC42BPB	missense_variant		1182992498						Q9Y5S2	Serine/threonine-protein kinase MRCK beta	Homo sapiens	Encontrado	https://alphafold.ebi.ac.uk/entry/Q9Y5S2
CDC42BPB	missense_variant	uncertain significance	1184748794	Q9Y5S2	rs1184748794	V235M	0.973		Q9Y5S2	Serine/threonine-protein kinase MRCK beta	Homo sapiens	Encontrado	https://alphafold.ebi.ac.uk/entry/Q9Y5S2
CDC42BPB	missense_variant	uncertain significance	1184748794	Q9Y5S2	rs1184748794	V235M	0.0		Q9Y5S2	Serine/threonine-protein kinase MRCK beta	Homo sapiens	Encontrado	https://alphafold.ebi.ac.uk/entry/Q9Y5S2
CDC42BPB	missense_variant	uncertain significance	1184748794	Q9Y5S2	rs1184748794	V235M	0.958		Q9Y5S2	Serine/threonine-protein kinase MRCK beta	Homo sapiens	Encontrado	https://alphafold.ebi.ac.uk/entry/Q9Y5S2
CDC42BPB	missense_variant	uncertain significance	1184748794	Q9Y5S2	rs1184748794	V235M	0.0		Q9Y5S2	Serine/threonine-protein kinase MRCK beta	Homo sapiens	Encontrado	https://alphafold.ebi.ac.uk/entry/Q9Y5S2
CDC42BPB	missense_variant		1185305624						Q9Y5S2	Serine/threonine-protein kinase MRCK beta	Homo sapiens	Encontrado	https://alphafold.ebi.ac.uk/entry/Q9Y5S2
CDC42BPB	missense_variant	uncertain significance	1185383388	Q9Y5S2	rs1185383388	D375N	0.675		Q9Y5S2	Serine/threonine-protein kinase MRCK beta	Homo sapiens	Encontrado	https://alphafold.ebi.ac.uk/entry/Q9Y5S2
CDC42BPB	missense_variant	uncertain significance	1185383388	Q9Y5S2	rs1185383388	D375N	0.0		Q9Y5S2	Serine/threonine-protein kinase MRCK beta	Homo sapiens	Encontrado	https://alphafold.ebi.ac.uk/entry/Q9Y5S2
CDC42BPB	missense_variant		1187897758						Q9Y5S2	Serine/threonine-protein kinase MRCK beta	Homo sapiens	Encontrado	https://alphafold.ebi.ac.uk/entry/Q9Y5S2
CDC42BPB	missense_variant		1188959808						Q9Y5S2	Serine/threonine-protein kinase MRCK beta	Homo sapiens	Encontrado	https://alphafold.ebi.ac.uk/entry/Q9Y5S2
CDC42BPB	missense_variant		1190204656						Q9Y5S2	Serine/threonine-protein kinase MRCK beta	Homo sapiens	Encontrado	https://alphafold.ebi.ac.uk/entry/Q9Y5S2
CDC42BPB	missense_variant		1191552046						Q9Y5S2	Serine/threonine-protein kinase MRCK beta	Homo sapiens	Encontrado	https://alphafold.ebi.ac.uk/entry/Q9Y5S2
CDC42BPB	missense_variant		1192156263						Q9Y5S2	Serine/threonine-protein kinase MRCK beta	Homo sapiens	Encontrado	https://alphafold.ebi.ac.uk/entry/Q9Y5S2
CDC42BPB	missense_variant		1192779388						Q9Y5S2	Serine/threonine-protein kinase MRCK beta	Homo sapiens	Encontrado	https://alphafold.ebi.ac.uk/entry/Q9Y5S2
CDC42BPB	missense_variant		1193231685						Q9Y5S2	Serine/threonine-protein kinase MRCK beta	Homo sapiens	Encontrado	https://alphafold.ebi.ac.uk/entry/Q9Y5S2
CDC42BPB	missense_variant	uncertain significance	1194354927	Q9Y5S2	rs1194354927	R1490C	0.773		Q9Y5S2	Serine/threonine-protein kinase MRCK beta	Homo sapiens	Encontrado	https://alphafold.ebi.ac.uk/entry/Q9Y5S2
CDC42BPB	missense_variant	uncertain significance	1194354927	Q9Y5S2	rs1194354927	R1490C	0.03		Q9Y5S2	Serine/threonine-protein kinase MRCK beta	Homo sapiens	Encontrado	https://alphafold.ebi.ac.uk/entry/Q9Y5S2
CDC42BPB	missense_variant	uncertain significance	1194354927	Q9Y5S2	rs1194354927	R1490C	0.769		Q9Y5S2	Serine/threonine-protein kinase MRCK beta	Homo sapiens	Encontrado	https://alphafold.ebi.ac.uk/entry/Q9Y5S2
CDC42BPB	missense_variant	uncertain significance	1194354927	Q9Y5S2	rs1194354927	R1490C	0.07		Q9Y5S2	Serine/threonine-protein kinase MRCK beta	Homo sapiens	Encontrado	https://alphafold.ebi.ac.uk/entry/Q9Y5S2
CDC42BPB	missense_variant		1194368118						Q9Y5S2	Serine/threonine-protein kinase MRCK beta	Homo sapiens	Encontrado	https://alphafold.ebi.ac.uk/entry/Q9Y5S2
CDC42BPB	missense_variant		1194977739						Q9Y5S2	Serine/threonine-protein kinase MRCK beta	Homo sapiens	Encontrado	https://alphafold.ebi.ac.uk/entry/Q9Y5S2
CDC42BPB	missense_variant		1196626669	Q9Y5S2	rs1196626669	Q144E	0.967		Q9Y5S2	Serine/threonine-protein kinase MRCK beta	Homo sapiens	Encontrado	https://alphafold.ebi.ac.uk/entry/Q9Y5S2
CDC42BPB	missense_variant		1196626669	Q9Y5S2	rs1196626669	Q144E	0.0		Q9Y5S2	Serine/threonine-protein kinase MRCK beta	Homo sapiens	Encontrado	https://alphafold.ebi.ac.uk/entry/Q9Y5S2
CDC42BPB	missense_variant		1196626669	Q9Y5S2	rs1196626669	Q144E	0.986		Q9Y5S2	Serine/threonine-protein kinase MRCK beta	Homo sapiens	Encontrado	https://alphafold.ebi.ac.uk/entry/Q9Y5S2
CDC42BPB	missense_variant		1196626669	Q9Y5S2	rs1196626669	Q144E	0.0		Q9Y5S2	Serine/threonine-protein kinase MRCK beta	Homo sapiens	Encontrado	https://alphafold.ebi.ac.uk/entry/Q9Y5S2
CDC42BPB	missense_variant	uncertain significance, likely pathogenic	1198710710						Q9Y5S2	Serine/threonine-protein kinase MRCK beta	Homo sapiens	Encontrado	https://alphafold.ebi.ac.uk/entry/Q9Y5S2
CDC42BPB	missense_variant		1200225915						Q9Y5S2	Serine/threonine-protein kinase MRCK beta	Homo sapiens	Encontrado	https://alphafold.ebi.ac.uk/entry/Q9Y5S2
CDC42BPB	missense_variant		1200571246						Q9Y5S2	Serine/threonine-protein kinase MRCK beta	Homo sapiens	Encontrado	https://alphafold.ebi.ac.uk/entry/Q9Y5S2
CDC42BPB	missense_variant		1201621767						Q9Y5S2	Serine/threonine-protein kinase MRCK beta	Homo sapiens	Encontrado	https://alphafold.ebi.ac.uk/entry/Q9Y5S2
CDC42BPB	missense_variant		1202032028						Q9Y5S2	Serine/threonine-protein kinase MRCK beta	Homo sapiens	Encontrado	https://alphafold.ebi.ac.uk/entry/Q9Y5S2
CDC42BPB	missense_variant		1202514739						Q9Y5S2	Serine/threonine-protein kinase MRCK beta	Homo sapiens	Encontrado	https://alphafold.ebi.ac.uk/entry/Q9Y5S2
CDC42BPB	missense_variant		1202945188						Q9Y5S2	Serine/threonine-protein kinase MRCK beta	Homo sapiens	Encontrado	https://alphafold.ebi.ac.uk/entry/Q9Y5S2
CDC42BPB	missense_variant	uncertain significance	1203790110	Q9Y5S2	rs1203790110	G1257S	1.0		Q9Y5S2	Serine/threonine-protein kinase MRCK beta	Homo sapiens	Encontrado	https://alphafold.ebi.ac.uk/entry/Q9Y5S2
CDC42BPB	missense_variant	uncertain significance	1203790110	Q9Y5S2	rs1203790110	G1257S	0.0		Q9Y5S2	Serine/threonine-protein kinase MRCK beta	Homo sapiens	Encontrado	https://alphafold.ebi.ac.uk/entry/Q9Y5S2
CDC42BPB	missense_variant	uncertain significance	1204345458						Q9Y5S2	Serine/threonine-protein kinase MRCK beta	Homo sapiens	Encontrado	https://alphafold.ebi.ac.uk/entry/Q9Y5S2
CDC42BPB	missense_variant		1206839670						Q9Y5S2	Serine/threonine-protein kinase MRCK beta	Homo sapiens	Encontrado	https://alphafold.ebi.ac.uk/entry/Q9Y5S2
CDC42BPB	missense_variant		1207773726						Q9Y5S2	Serine/threonine-protein kinase MRCK beta	Homo sapiens	Encontrado	https://alphafold.ebi.ac.uk/entry/Q9Y5S2
CDC42BPB	missense_variant		1208737543						Q9Y5S2	Serine/threonine-protein kinase MRCK beta	Homo sapiens	Encontrado	https://alphafold.ebi.ac.uk/entry/Q9Y5S2
CDC42BPB	missense_variant		1209477360						Q9Y5S2	Serine/threonine-protein kinase MRCK beta	Homo sapiens	Encontrado	https://alphafold.ebi.ac.uk/entry/Q9Y5S2
CDC42BPB	missense_variant		1209532969						Q9Y5S2	Serine/threonine-protein kinase MRCK beta	Homo sapiens	Encontrado	https://alphafold.ebi.ac.uk/entry/Q9Y5S2
CDC42BPB	missense_variant		1211297916						Q9Y5S2	Serine/threonine-protein kinase MRCK beta	Homo sapiens	Encontrado	https://alphafold.ebi.ac.uk/entry/Q9Y5S2
CDC42BPB	missense_variant	uncertain significance	1212006380						Q9Y5S2	Serine/threonine-protein kinase MRCK beta	Homo sapiens	Encontrado	https://alphafold.ebi.ac.uk/entry/Q9Y5S2
CDC42BPB	missense_variant		1212092841						Q9Y5S2	Serine/threonine-protein kinase MRCK beta	Homo sapiens	Encontrado	https://alphafold.ebi.ac.uk/entry/Q9Y5S2
CDC42BPB	missense_variant		1212482889						Q9Y5S2	Serine/threonine-protein kinase MRCK beta	Homo sapiens	Encontrado	https://alphafold.ebi.ac.uk/entry/Q9Y5S2
CDC42BPB	missense_variant		1212883584						Q9Y5S2	Serine/threonine-protein kinase MRCK beta	Homo sapiens	Encontrado	https://alphafold.ebi.ac.uk/entry/Q9Y5S2
CDC42BPB	missense_variant		1216614824						Q9Y5S2	Serine/threonine-protein kinase MRCK beta	Homo sapiens	Encontrado	https://alphafold.ebi.ac.uk/entry/Q9Y5S2
CDC42BPB	missense_variant		1216621400	Q9Y5S2	rs1216621400	V1592M	0.69		Q9Y5S2	Serine/threonine-protein kinase MRCK beta	Homo sapiens	Encontrado	https://alphafold.ebi.ac.uk/entry/Q9Y5S2
CDC42BPB	missense_variant		1216621400	Q9Y5S2	rs1216621400	V1592M	0.0		Q9Y5S2	Serine/threonine-protein kinase MRCK beta	Homo sapiens	Encontrado	https://alphafold.ebi.ac.uk/entry/Q9Y5S2
CDC42BPB	missense_variant		1216621400	Q9Y5S2	rs1216621400	V1592M	0.686		Q9Y5S2	Serine/threonine-protein kinase MRCK beta	Homo sapiens	Encontrado	https://alphafold.ebi.ac.uk/entry/Q9Y5S2
CDC42BPB	missense_variant		1216621400	Q9Y5S2	rs1216621400	V1592M	0.0		Q9Y5S2	Serine/threonine-protein kinase MRCK beta	Homo sapiens	Encontrado	https://alphafold.ebi.ac.uk/entry/Q9Y5S2
CDC42BPB	missense_variant		1216698851	Q9Y5S2	rs1216698851	T1539A	0.23		Q9Y5S2	Serine/threonine-protein kinase MRCK beta	Homo sapiens	Encontrado	https://alphafold.ebi.ac.uk/entry/Q9Y5S2
CDC42BPB	missense_variant		1216698851	Q9Y5S2	rs1216698851	T1539A	0.09		Q9Y5S2	Serine/threonine-protein kinase MRCK beta	Homo sapiens	Encontrado	https://alphafold.ebi.ac.uk/entry/Q9Y5S2
CDC42BPB	missense_variant		1216698851	Q9Y5S2	rs1216698851	T1539A	0.238		Q9Y5S2	Serine/threonine-protein kinase MRCK beta	Homo sapiens	Encontrado	https://alphafold.ebi.ac.uk/entry/Q9Y5S2
CDC42BPB	missense_variant		1216698851	Q9Y5S2	rs1216698851	T1539A	0.0		Q9Y5S2	Serine/threonine-protein kinase MRCK beta	Homo sapiens	Encontrado	https://alphafold.ebi.ac.uk/entry/Q9Y5S2
CDC42BPB	missense_variant	uncertain significance	1217960770						Q9Y5S2	Serine/threonine-protein kinase MRCK beta	Homo sapiens	Encontrado	https://alphafold.ebi.ac.uk/entry/Q9Y5S2
CDC42BPB	missense_variant		1218057718						Q9Y5S2	Serine/threonine-protein kinase MRCK beta	Homo sapiens	Encontrado	https://alphafold.ebi.ac.uk/entry/Q9Y5S2
CDC42BPB	missense_variant		1218724775						Q9Y5S2	Serine/threonine-protein kinase MRCK beta	Homo sapiens	Encontrado	https://alphafold.ebi.ac.uk/entry/Q9Y5S2
CDC42BPB	missense_variant		1218811841						Q9Y5S2	Serine/threonine-protein kinase MRCK beta	Homo sapiens	Encontrado	https://alphafold.ebi.ac.uk/entry/Q9Y5S2
CDC42BPB	missense_variant		1219291529						Q9Y5S2	Serine/threonine-protein kinase MRCK beta	Homo sapiens	Encontrado	https://alphafold.ebi.ac.uk/entry/Q9Y5S2
CDC42BPB	missense_variant		1220016248	Q9Y5S2	rs1220016248	V1065M	0.658		Q9Y5S2	Serine/threonine-protein kinase MRCK beta	Homo sapiens	Encontrado	https://alphafold.ebi.ac.uk/entry/Q9Y5S2
CDC42BPB	missense_variant		1220016248	Q9Y5S2	rs1220016248	V1065M	0.1		Q9Y5S2	Serine/threonine-protein kinase MRCK beta	Homo sapiens	Encontrado	https://alphafold.ebi.ac.uk/entry/Q9Y5S2
CDC42BPB	missense_variant		1220016248	Q9Y5S2	rs1220016248	V1065M	0.653		Q9Y5S2	Serine/threonine-protein kinase MRCK beta	Homo sapiens	Encontrado	https://alphafold.ebi.ac.uk/entry/Q9Y5S2
CDC42BPB	missense_variant		1220016248	Q9Y5S2	rs1220016248	V1065M	0.0		Q9Y5S2	Serine/threonine-protein kinase MRCK beta	Homo sapiens	Encontrado	https://alphafold.ebi.ac.uk/entry/Q9Y5S2
CDC42BPB	missense_variant		1220474079						Q9Y5S2	Serine/threonine-protein kinase MRCK beta	Homo sapiens	Encontrado	https://alphafold.ebi.ac.uk/entry/Q9Y5S2
CDC42BPB	missense_variant		1221432217						Q9Y5S2	Serine/threonine-protein kinase MRCK beta	Homo sapiens	Encontrado	https://alphafold.ebi.ac.uk/entry/Q9Y5S2
CDC42BPB	missense_variant		1221606316						Q9Y5S2	Serine/threonine-protein kinase MRCK beta	Homo sapiens	Encontrado	https://alphafold.ebi.ac.uk/entry/Q9Y5S2
CDC42BPB	missense_variant		1223863994						Q9Y5S2	Serine/threonine-protein kinase MRCK beta	Homo sapiens	Encontrado	https://alphafold.ebi.ac.uk/entry/Q9Y5S2
CDC42BPB	missense_variant		1225331202						Q9Y5S2	Serine/threonine-protein kinase MRCK beta	Homo sapiens	Encontrado	https://alphafold.ebi.ac.uk/entry/Q9Y5S2
CDC42BPB	missense_variant	uncertain significance	1226118771	Q9Y5S2	rs1226118771	S851N	0.0		Q9Y5S2	Serine/threonine-protein kinase MRCK beta	Homo sapiens	Encontrado	https://alphafold.ebi.ac.uk/entry/Q9Y5S2
CDC42BPB	missense_variant	uncertain significance	1226118771	Q9Y5S2	rs1226118771	S851N	0.08		Q9Y5S2	Serine/threonine-protein kinase MRCK beta	Homo sapiens	Encontrado	https://alphafold.ebi.ac.uk/entry/Q9Y5S2
CDC42BPB	missense_variant		1226248828						Q9Y5S2	Serine/threonine-protein kinase MRCK beta	Homo sapiens	Encontrado	https://alphafold.ebi.ac.uk/entry/Q9Y5S2
CDC42BPB	missense_variant		1226743911						Q9Y5S2	Serine/threonine-protein kinase MRCK beta	Homo sapiens	Encontrado	https://alphafold.ebi.ac.uk/entry/Q9Y5S2
CDC42BPB	missense_variant		1227731562						Q9Y5S2	Serine/threonine-protein kinase MRCK beta	Homo sapiens	Encontrado	https://alphafold.ebi.ac.uk/entry/Q9Y5S2
CDC42BPB	missense_variant	uncertain significance	1231370027	Q9Y5S2	rs1231370027	I501V	0.0		Q9Y5S2	Serine/threonine-protein kinase MRCK beta	Homo sapiens	Encontrado	https://alphafold.ebi.ac.uk/entry/Q9Y5S2
CDC42BPB	missense_variant	uncertain significance	1231370027	Q9Y5S2	rs1231370027	I501V	0.05		Q9Y5S2	Serine/threonine-protein kinase MRCK beta	Homo sapiens	Encontrado	https://alphafold.ebi.ac.uk/entry/Q9Y5S2
CDC42BPB	missense_variant		1231736947						Q9Y5S2	Serine/threonine-protein kinase MRCK beta	Homo sapiens	Encontrado	https://alphafold.ebi.ac.uk/entry/Q9Y5S2
CDC42BPB	missense_variant		1232684545						Q9Y5S2	Serine/threonine-protein kinase MRCK beta	Homo sapiens	Encontrado	https://alphafold.ebi.ac.uk/entry/Q9Y5S2
CDC42BPB	missense_variant		1233179130						Q9Y5S2	Serine/threonine-protein kinase MRCK beta	Homo sapiens	Encontrado	https://alphafold.ebi.ac.uk/entry/Q9Y5S2
CDC42BPB	missense_variant		1233852375						Q9Y5S2	Serine/threonine-protein kinase MRCK beta	Homo sapiens	Encontrado	https://alphafold.ebi.ac.uk/entry/Q9Y5S2
CDC42BPB	missense_variant		1234297974						Q9Y5S2	Serine/threonine-protein kinase MRCK beta	Homo sapiens	Encontrado	https://alphafold.ebi.ac.uk/entry/Q9Y5S2
CDC42BPB	missense_variant		1234783943						Q9Y5S2	Serine/threonine-protein kinase MRCK beta	Homo sapiens	Encontrado	https://alphafold.ebi.ac.uk/entry/Q9Y5S2
CDC42BPB	missense_variant		1234895122						Q9Y5S2	Serine/threonine-protein kinase MRCK beta	Homo sapiens	Encontrado	https://alphafold.ebi.ac.uk/entry/Q9Y5S2
CDC42BPB	missense_variant		1236298714						Q9Y5S2	Serine/threonine-protein kinase MRCK beta	Homo sapiens	Encontrado	https://alphafold.ebi.ac.uk/entry/Q9Y5S2
CDC42BPB	missense_variant		1239356043						Q9Y5S2	Serine/threonine-protein kinase MRCK beta	Homo sapiens	Encontrado	https://alphafold.ebi.ac.uk/entry/Q9Y5S2
CDC42BPB	missense_variant		1239562219						Q9Y5S2	Serine/threonine-protein kinase MRCK beta	Homo sapiens	Encontrado	https://alphafold.ebi.ac.uk/entry/Q9Y5S2
CDC42BPB	missense_variant		1240863944						Q9Y5S2	Serine/threonine-protein kinase MRCK beta	Homo sapiens	Encontrado	https://alphafold.ebi.ac.uk/entry/Q9Y5S2
CDC42BPB	missense_variant		1241074729						Q9Y5S2	Serine/threonine-protein kinase MRCK beta	Homo sapiens	Encontrado	https://alphafold.ebi.ac.uk/entry/Q9Y5S2
CDC42BPB	missense_variant		1242282334						Q9Y5S2	Serine/threonine-protein kinase MRCK beta	Homo sapiens	Encontrado	https://alphafold.ebi.ac.uk/entry/Q9Y5S2
CDC42BPB	missense_variant		1245100358						Q9Y5S2	Serine/threonine-protein kinase MRCK beta	Homo sapiens	Encontrado	https://alphafold.ebi.ac.uk/entry/Q9Y5S2
CDC42BPB	missense_variant	uncertain significance	1246209355	Q9Y5S2	rs1246209355	L942F	0.497		Q9Y5S2	Serine/threonine-protein kinase MRCK beta	Homo sapiens	Encontrado	https://alphafold.ebi.ac.uk/entry/Q9Y5S2
CDC42BPB	missense_variant	uncertain significance	1246209355	Q9Y5S2	rs1246209355	L942F	0.0		Q9Y5S2	Serine/threonine-protein kinase MRCK beta	Homo sapiens	Encontrado	https://alphafold.ebi.ac.uk/entry/Q9Y5S2
CDC42BPB	missense_variant		1246324934						Q9Y5S2	Serine/threonine-protein kinase MRCK beta	Homo sapiens	Encontrado	https://alphafold.ebi.ac.uk/entry/Q9Y5S2
CDC42BPB	missense_variant	uncertain significance	1246903938						Q9Y5S2	Serine/threonine-protein kinase MRCK beta	Homo sapiens	Encontrado	https://alphafold.ebi.ac.uk/entry/Q9Y5S2
CDC42BPB	missense_variant		1247029156						Q9Y5S2	Serine/threonine-protein kinase MRCK beta	Homo sapiens	Encontrado	https://alphafold.ebi.ac.uk/entry/Q9Y5S2
CDC42BPB	missense_variant		1247042382						Q9Y5S2	Serine/threonine-protein kinase MRCK beta	Homo sapiens	Encontrado	https://alphafold.ebi.ac.uk/entry/Q9Y5S2
CDC42BPB	missense_variant		1247603618						Q9Y5S2	Serine/threonine-protein kinase MRCK beta	Homo sapiens	Encontrado	https://alphafold.ebi.ac.uk/entry/Q9Y5S2
CDC42BPB	missense_variant	uncertain significance	1248462707	Q9Y5S2	rs1248462707	R47C	0.986		Q9Y5S2	Serine/threonine-protein kinase MRCK beta	Homo sapiens	Encontrado	https://alphafold.ebi.ac.uk/entry/Q9Y5S2
CDC42BPB	missense_variant	uncertain significance	1248462707	Q9Y5S2	rs1248462707	R47C	0.0		Q9Y5S2	Serine/threonine-protein kinase MRCK beta	Homo sapiens	Encontrado	https://alphafold.ebi.ac.uk/entry/Q9Y5S2
CDC42BPB	missense_variant		1248642512						Q9Y5S2	Serine/threonine-protein kinase MRCK beta	Homo sapiens	Encontrado	https://alphafold.ebi.ac.uk/entry/Q9Y5S2
CDC42BPB	missense_variant		1248777092						Q9Y5S2	Serine/threonine-protein kinase MRCK beta	Homo sapiens	Encontrado	https://alphafold.ebi.ac.uk/entry/Q9Y5S2
CDC42BPB	missense_variant		1249287268						Q9Y5S2	Serine/threonine-protein kinase MRCK beta	Homo sapiens	Encontrado	https://alphafold.ebi.ac.uk/entry/Q9Y5S2
CDC42BPB	missense_variant		1249602705						Q9Y5S2	Serine/threonine-protein kinase MRCK beta	Homo sapiens	Encontrado	https://alphafold.ebi.ac.uk/entry/Q9Y5S2
CDC42BPB	missense_variant		1249699952						Q9Y5S2	Serine/threonine-protein kinase MRCK beta	Homo sapiens	Encontrado	https://alphafold.ebi.ac.uk/entry/Q9Y5S2
CDC42BPB	missense_variant		1249865429						Q9Y5S2	Serine/threonine-protein kinase MRCK beta	Homo sapiens	Encontrado	https://alphafold.ebi.ac.uk/entry/Q9Y5S2
CDC42BPB	missense_variant		1249937943	Q9Y5S2	rs1249937943	R644C	0.88		Q9Y5S2	Serine/threonine-protein kinase MRCK beta	Homo sapiens	Encontrado	https://alphafold.ebi.ac.uk/entry/Q9Y5S2
CDC42BPB	missense_variant		1249937943	Q9Y5S2	rs1249937943	R644C	0.0		Q9Y5S2	Serine/threonine-protein kinase MRCK beta	Homo sapiens	Encontrado	https://alphafold.ebi.ac.uk/entry/Q9Y5S2
CDC42BPB	missense_variant		1249937943	Q9Y5S2	rs1249937943	R644C	0.877		Q9Y5S2	Serine/threonine-protein kinase MRCK beta	Homo sapiens	Encontrado	https://alphafold.ebi.ac.uk/entry/Q9Y5S2
CDC42BPB	missense_variant		1249937943	Q9Y5S2	rs1249937943	R644C	0.0		Q9Y5S2	Serine/threonine-protein kinase MRCK beta	Homo sapiens	Encontrado	https://alphafold.ebi.ac.uk/entry/Q9Y5S2
CDC42BPB	missense_variant		1249983880						Q9Y5S2	Serine/threonine-protein kinase MRCK beta	Homo sapiens	Encontrado	https://alphafold.ebi.ac.uk/entry/Q9Y5S2
CDC42BPB	missense_variant	uncertain significance	1250404274	Q9Y5S2	rs1250404274	R448Q	0.018		Q9Y5S2	Serine/threonine-protein kinase MRCK beta	Homo sapiens	Encontrado	https://alphafold.ebi.ac.uk/entry/Q9Y5S2
CDC42BPB	missense_variant	uncertain significance	1250404274	Q9Y5S2	rs1250404274	R448Q	0.1		Q9Y5S2	Serine/threonine-protein kinase MRCK beta	Homo sapiens	Encontrado	https://alphafold.ebi.ac.uk/entry/Q9Y5S2
CDC42BPB	missense_variant	uncertain significance	1250404274	Q9Y5S2	rs1250404274	R448Q	0.018		Q9Y5S2	Serine/threonine-protein kinase MRCK beta	Homo sapiens	Encontrado	https://alphafold.ebi.ac.uk/entry/Q9Y5S2
CDC42BPB	missense_variant	uncertain significance	1250404274	Q9Y5S2	rs1250404274	R448Q	0.03		Q9Y5S2	Serine/threonine-protein kinase MRCK beta	Homo sapiens	Encontrado	https://alphafold.ebi.ac.uk/entry/Q9Y5S2
CDC42BPB	missense_variant		1250571758						Q9Y5S2	Serine/threonine-protein kinase MRCK beta	Homo sapiens	Encontrado	https://alphafold.ebi.ac.uk/entry/Q9Y5S2
CDC42BPB	missense_variant		1251445406						Q9Y5S2	Serine/threonine-protein kinase MRCK beta	Homo sapiens	Encontrado	https://alphafold.ebi.ac.uk/entry/Q9Y5S2
CDC42BPB	missense_variant		1251789116						Q9Y5S2	Serine/threonine-protein kinase MRCK beta	Homo sapiens	Encontrado	https://alphafold.ebi.ac.uk/entry/Q9Y5S2
CDC42BPB	missense_variant		1253873946						Q9Y5S2	Serine/threonine-protein kinase MRCK beta	Homo sapiens	Encontrado	https://alphafold.ebi.ac.uk/entry/Q9Y5S2
CDC42BPB	missense_variant		1255018308						Q9Y5S2	Serine/threonine-protein kinase MRCK beta	Homo sapiens	Encontrado	https://alphafold.ebi.ac.uk/entry/Q9Y5S2
CDC42BPB	missense_variant		1255101835						Q9Y5S2	Serine/threonine-protein kinase MRCK beta	Homo sapiens	Encontrado	https://alphafold.ebi.ac.uk/entry/Q9Y5S2
CDC42BPB	missense_variant		1256915996						Q9Y5S2	Serine/threonine-protein kinase MRCK beta	Homo sapiens	Encontrado	https://alphafold.ebi.ac.uk/entry/Q9Y5S2
CDC42BPB	missense_variant		1257219751						Q9Y5S2	Serine/threonine-protein kinase MRCK beta	Homo sapiens	Encontrado	https://alphafold.ebi.ac.uk/entry/Q9Y5S2
CDC42BPB	missense_variant		1258692571						Q9Y5S2	Serine/threonine-protein kinase MRCK beta	Homo sapiens	Encontrado	https://alphafold.ebi.ac.uk/entry/Q9Y5S2
CDC42BPB	missense_variant		1259349822						Q9Y5S2	Serine/threonine-protein kinase MRCK beta	Homo sapiens	Encontrado	https://alphafold.ebi.ac.uk/entry/Q9Y5S2
CDC42BPB	missense_variant	uncertain significance	1260441132	Q9Y5S2	rs1260441132	T1491A	0.066		Q9Y5S2	Serine/threonine-protein kinase MRCK beta	Homo sapiens	Encontrado	https://alphafold.ebi.ac.uk/entry/Q9Y5S2
CDC42BPB	missense_variant	uncertain significance	1260441132	Q9Y5S2	rs1260441132	T1491A	0.02		Q9Y5S2	Serine/threonine-protein kinase MRCK beta	Homo sapiens	Encontrado	https://alphafold.ebi.ac.uk/entry/Q9Y5S2
CDC42BPB	missense_variant	likely benign	1260603179	Q9Y5S2	rs1260603179	I1292V	0.005		Q9Y5S2	Serine/threonine-protein kinase MRCK beta	Homo sapiens	Encontrado	https://alphafold.ebi.ac.uk/entry/Q9Y5S2
CDC42BPB	missense_variant	likely benign	1260603179	Q9Y5S2	rs1260603179	I1292V	0.34		Q9Y5S2	Serine/threonine-protein kinase MRCK beta	Homo sapiens	Encontrado	https://alphafold.ebi.ac.uk/entry/Q9Y5S2
CDC42BPB	missense_variant		1260922744						Q9Y5S2	Serine/threonine-protein kinase MRCK beta	Homo sapiens	Encontrado	https://alphafold.ebi.ac.uk/entry/Q9Y5S2
CDC42BPB	missense_variant		1261329799						Q9Y5S2	Serine/threonine-protein kinase MRCK beta	Homo sapiens	Encontrado	https://alphafold.ebi.ac.uk/entry/Q9Y5S2
CDC42BPB	missense_variant		1261899684						Q9Y5S2	Serine/threonine-protein kinase MRCK beta	Homo sapiens	Encontrado	https://alphafold.ebi.ac.uk/entry/Q9Y5S2
CDC42BPB	missense_variant		1261983545						Q9Y5S2	Serine/threonine-protein kinase MRCK beta	Homo sapiens	Encontrado	https://alphafold.ebi.ac.uk/entry/Q9Y5S2
CDC42BPB	missense_variant		1264559702						Q9Y5S2	Serine/threonine-protein kinase MRCK beta	Homo sapiens	Encontrado	https://alphafold.ebi.ac.uk/entry/Q9Y5S2
CDC42BPB	missense_variant		1264618746						Q9Y5S2	Serine/threonine-protein kinase MRCK beta	Homo sapiens	Encontrado	https://alphafold.ebi.ac.uk/entry/Q9Y5S2
CDC42BPB	missense_variant		1264728476	Q9Y5S2	rs1264728476	R1579K	0.566		Q9Y5S2	Serine/threonine-protein kinase MRCK beta	Homo sapiens	Encontrado	https://alphafold.ebi.ac.uk/entry/Q9Y5S2
CDC42BPB	missense_variant		1264728476	Q9Y5S2	rs1264728476	R1579K	0.02		Q9Y5S2	Serine/threonine-protein kinase MRCK beta	Homo sapiens	Encontrado	https://alphafold.ebi.ac.uk/entry/Q9Y5S2
CDC42BPB	missense_variant		1264728476	Q9Y5S2	rs1264728476	R1579K	0.576		Q9Y5S2	Serine/threonine-protein kinase MRCK beta	Homo sapiens	Encontrado	https://alphafold.ebi.ac.uk/entry/Q9Y5S2
CDC42BPB	missense_variant		1264728476	Q9Y5S2	rs1264728476	R1579K	0.0		Q9Y5S2	Serine/threonine-protein kinase MRCK beta	Homo sapiens	Encontrado	https://alphafold.ebi.ac.uk/entry/Q9Y5S2
CDC42BPB	missense_variant		1267828637						Q9Y5S2	Serine/threonine-protein kinase MRCK beta	Homo sapiens	Encontrado	https://alphafold.ebi.ac.uk/entry/Q9Y5S2
CDC42BPB	missense_variant		1268497380						Q9Y5S2	Serine/threonine-protein kinase MRCK beta	Homo sapiens	Encontrado	https://alphafold.ebi.ac.uk/entry/Q9Y5S2
CDC42BPB	missense_variant		1269749428						Q9Y5S2	Serine/threonine-protein kinase MRCK beta	Homo sapiens	Encontrado	https://alphafold.ebi.ac.uk/entry/Q9Y5S2
CDC42BPB	missense_variant		1271109107						Q9Y5S2	Serine/threonine-protein kinase MRCK beta	Homo sapiens	Encontrado	https://alphafold.ebi.ac.uk/entry/Q9Y5S2
CDC42BPB	missense_variant		1273277947						Q9Y5S2	Serine/threonine-protein kinase MRCK beta	Homo sapiens	Encontrado	https://alphafold.ebi.ac.uk/entry/Q9Y5S2
CDC42BPB	missense_variant		1276334854						Q9Y5S2	Serine/threonine-protein kinase MRCK beta	Homo sapiens	Encontrado	https://alphafold.ebi.ac.uk/entry/Q9Y5S2
CDC42BPB	missense_variant		1276345638						Q9Y5S2	Serine/threonine-protein kinase MRCK beta	Homo sapiens	Encontrado	https://alphafold.ebi.ac.uk/entry/Q9Y5S2
CDC42BPB	missense_variant		1277252912						Q9Y5S2	Serine/threonine-protein kinase MRCK beta	Homo sapiens	Encontrado	https://alphafold.ebi.ac.uk/entry/Q9Y5S2
CDC42BPB	missense_variant		1277362736						Q9Y5S2	Serine/threonine-protein kinase MRCK beta	Homo sapiens	Encontrado	https://alphafold.ebi.ac.uk/entry/Q9Y5S2
CDC42BPB	missense_variant		1277468665	Q9Y5S2	rs1277468665	A1143V	0.006		Q9Y5S2	Serine/threonine-protein kinase MRCK beta	Homo sapiens	Encontrado	https://alphafold.ebi.ac.uk/entry/Q9Y5S2
CDC42BPB	missense_variant		1277468665	Q9Y5S2	rs1277468665	A1143V	1.0		Q9Y5S2	Serine/threonine-protein kinase MRCK beta	Homo sapiens	Encontrado	https://alphafold.ebi.ac.uk/entry/Q9Y5S2
CDC42BPB	missense_variant		1277468665	Q9Y5S2	rs1277468665	A1143V	0.006		Q9Y5S2	Serine/threonine-protein kinase MRCK beta	Homo sapiens	Encontrado	https://alphafold.ebi.ac.uk/entry/Q9Y5S2
CDC42BPB	missense_variant		1277468665	Q9Y5S2	rs1277468665	A1143V	0.01		Q9Y5S2	Serine/threonine-protein kinase MRCK beta	Homo sapiens	Encontrado	https://alphafold.ebi.ac.uk/entry/Q9Y5S2
CDC42BPB	missense_variant		1277742301						Q9Y5S2	Serine/threonine-protein kinase MRCK beta	Homo sapiens	Encontrado	https://alphafold.ebi.ac.uk/entry/Q9Y5S2
CDC42BPB	missense_variant		1278543765						Q9Y5S2	Serine/threonine-protein kinase MRCK beta	Homo sapiens	Encontrado	https://alphafold.ebi.ac.uk/entry/Q9Y5S2
CDC42BPB	missense_variant		1279171271						Q9Y5S2	Serine/threonine-protein kinase MRCK beta	Homo sapiens	Encontrado	https://alphafold.ebi.ac.uk/entry/Q9Y5S2
CDC42BPB	missense_variant		1280193003						Q9Y5S2	Serine/threonine-protein kinase MRCK beta	Homo sapiens	Encontrado	https://alphafold.ebi.ac.uk/entry/Q9Y5S2
CDC42BPB	missense_variant		1280778797						Q9Y5S2	Serine/threonine-protein kinase MRCK beta	Homo sapiens	Encontrado	https://alphafold.ebi.ac.uk/entry/Q9Y5S2
CDC42BPB	missense_variant		1280833656						Q9Y5S2	Serine/threonine-protein kinase MRCK beta	Homo sapiens	Encontrado	https://alphafold.ebi.ac.uk/entry/Q9Y5S2
CDC42BPB	missense_variant		1281732707						Q9Y5S2	Serine/threonine-protein kinase MRCK beta	Homo sapiens	Encontrado	https://alphafold.ebi.ac.uk/entry/Q9Y5S2
CDC42BPB	missense_variant		1282194155						Q9Y5S2	Serine/threonine-protein kinase MRCK beta	Homo sapiens	Encontrado	https://alphafold.ebi.ac.uk/entry/Q9Y5S2
CDC42BPB	missense_variant	uncertain significance	1282604230	Q9Y5S2	rs1282604230	K667R	0.006		Q9Y5S2	Serine/threonine-protein kinase MRCK beta	Homo sapiens	Encontrado	https://alphafold.ebi.ac.uk/entry/Q9Y5S2
CDC42BPB	missense_variant	uncertain significance	1282604230	Q9Y5S2	rs1282604230	K667R	0.06		Q9Y5S2	Serine/threonine-protein kinase MRCK beta	Homo sapiens	Encontrado	https://alphafold.ebi.ac.uk/entry/Q9Y5S2
CDC42BPB	missense_variant		1282644689						Q9Y5S2	Serine/threonine-protein kinase MRCK beta	Homo sapiens	Encontrado	https://alphafold.ebi.ac.uk/entry/Q9Y5S2
CDC42BPB	missense_variant		1283301759						Q9Y5S2	Serine/threonine-protein kinase MRCK beta	Homo sapiens	Encontrado	https://alphafold.ebi.ac.uk/entry/Q9Y5S2
CDC42BPB	missense_variant	uncertain significance	1287079702	Q9Y5S2	rs1287079702	P1642L	0.003		Q9Y5S2	Serine/threonine-protein kinase MRCK beta	Homo sapiens	Encontrado	https://alphafold.ebi.ac.uk/entry/Q9Y5S2
CDC42BPB	missense_variant	uncertain significance	1287079702	Q9Y5S2	rs1287079702	P1642L	0.05		Q9Y5S2	Serine/threonine-protein kinase MRCK beta	Homo sapiens	Encontrado	https://alphafold.ebi.ac.uk/entry/Q9Y5S2
CDC42BPB	missense_variant	uncertain significance	1287079702	Q9Y5S2	rs1287079702	P1642L	0.003		Q9Y5S2	Serine/threonine-protein kinase MRCK beta	Homo sapiens	Encontrado	https://alphafold.ebi.ac.uk/entry/Q9Y5S2
CDC42BPB	missense_variant	uncertain significance	1287079702	Q9Y5S2	rs1287079702	P1642L	0.02		Q9Y5S2	Serine/threonine-protein kinase MRCK beta	Homo sapiens	Encontrado	https://alphafold.ebi.ac.uk/entry/Q9Y5S2
CDC42BPB	missense_variant	uncertain significance	1287785304						Q9Y5S2	Serine/threonine-protein kinase MRCK beta	Homo sapiens	Encontrado	https://alphafold.ebi.ac.uk/entry/Q9Y5S2
CDC42BPB	missense_variant		1287907520	Q9Y5S2	rs1287907520	E1433K	0.0		Q9Y5S2	Serine/threonine-protein kinase MRCK beta	Homo sapiens	Encontrado	https://alphafold.ebi.ac.uk/entry/Q9Y5S2
CDC42BPB	missense_variant		1287907520	Q9Y5S2	rs1287907520	E1433K	0.37		Q9Y5S2	Serine/threonine-protein kinase MRCK beta	Homo sapiens	Encontrado	https://alphafold.ebi.ac.uk/entry/Q9Y5S2
CDC42BPB	missense_variant		1287907520	Q9Y5S2	rs1287907520	E1433K	0.0		Q9Y5S2	Serine/threonine-protein kinase MRCK beta	Homo sapiens	Encontrado	https://alphafold.ebi.ac.uk/entry/Q9Y5S2
CDC42BPB	missense_variant		1287907520	Q9Y5S2	rs1287907520	E1433K	0.34		Q9Y5S2	Serine/threonine-protein kinase MRCK beta	Homo sapiens	Encontrado	https://alphafold.ebi.ac.uk/entry/Q9Y5S2
CDC42BPB	missense_variant		1287926437						Q9Y5S2	Serine/threonine-protein kinase MRCK beta	Homo sapiens	Encontrado	https://alphafold.ebi.ac.uk/entry/Q9Y5S2
CDC42BPB	missense_variant		1288598764						Q9Y5S2	Serine/threonine-protein kinase MRCK beta	Homo sapiens	Encontrado	https://alphafold.ebi.ac.uk/entry/Q9Y5S2
CDC42BPB	missense_variant		1288920926						Q9Y5S2	Serine/threonine-protein kinase MRCK beta	Homo sapiens	Encontrado	https://alphafold.ebi.ac.uk/entry/Q9Y5S2
CDC42BPB	missense_variant		1289000508						Q9Y5S2	Serine/threonine-protein kinase MRCK beta	Homo sapiens	Encontrado	https://alphafold.ebi.ac.uk/entry/Q9Y5S2
CDC42BPB	missense_variant		1289391194						Q9Y5S2	Serine/threonine-protein kinase MRCK beta	Homo sapiens	Encontrado	https://alphafold.ebi.ac.uk/entry/Q9Y5S2
CDC42BPB	missense_variant		1289940468						Q9Y5S2	Serine/threonine-protein kinase MRCK beta	Homo sapiens	Encontrado	https://alphafold.ebi.ac.uk/entry/Q9Y5S2
CDC42BPB	missense_variant		1291023466						Q9Y5S2	Serine/threonine-protein kinase MRCK beta	Homo sapiens	Encontrado	https://alphafold.ebi.ac.uk/entry/Q9Y5S2
CDC42BPB	missense_variant	uncertain significance	1291386827	Q9Y5S2	rs1291386827	Y51H	0.031		Q9Y5S2	Serine/threonine-protein kinase MRCK beta	Homo sapiens	Encontrado	https://alphafold.ebi.ac.uk/entry/Q9Y5S2
CDC42BPB	missense_variant	uncertain significance	1291386827	Q9Y5S2	rs1291386827	Y51H	0.94		Q9Y5S2	Serine/threonine-protein kinase MRCK beta	Homo sapiens	Encontrado	https://alphafold.ebi.ac.uk/entry/Q9Y5S2
CDC42BPB	missense_variant		1292947808	Q9Y5S2	rs1292947808	A806T	0.017		Q9Y5S2	Serine/threonine-protein kinase MRCK beta	Homo sapiens	Encontrado	https://alphafold.ebi.ac.uk/entry/Q9Y5S2
CDC42BPB	missense_variant		1292947808	Q9Y5S2	rs1292947808	A806T	0.34		Q9Y5S2	Serine/threonine-protein kinase MRCK beta	Homo sapiens	Encontrado	https://alphafold.ebi.ac.uk/entry/Q9Y5S2
CDC42BPB	missense_variant		1292947808	Q9Y5S2	rs1292947808	A806T	0.018		Q9Y5S2	Serine/threonine-protein kinase MRCK beta	Homo sapiens	Encontrado	https://alphafold.ebi.ac.uk/entry/Q9Y5S2
CDC42BPB	missense_variant		1292947808	Q9Y5S2	rs1292947808	A806T	0.03		Q9Y5S2	Serine/threonine-protein kinase MRCK beta	Homo sapiens	Encontrado	https://alphafold.ebi.ac.uk/entry/Q9Y5S2
CDC42BPB	missense_variant		1293446771						Q9Y5S2	Serine/threonine-protein kinase MRCK beta	Homo sapiens	Encontrado	https://alphafold.ebi.ac.uk/entry/Q9Y5S2
CDC42BPB	missense_variant		1293512728						Q9Y5S2	Serine/threonine-protein kinase MRCK beta	Homo sapiens	Encontrado	https://alphafold.ebi.ac.uk/entry/Q9Y5S2
CDC42BPB	missense_variant		1293777219						Q9Y5S2	Serine/threonine-protein kinase MRCK beta	Homo sapiens	Encontrado	https://alphafold.ebi.ac.uk/entry/Q9Y5S2
CDC42BPB	missense_variant		1294074599						Q9Y5S2	Serine/threonine-protein kinase MRCK beta	Homo sapiens	Encontrado	https://alphafold.ebi.ac.uk/entry/Q9Y5S2
CDC42BPB	missense_variant		1295995685						Q9Y5S2	Serine/threonine-protein kinase MRCK beta	Homo sapiens	Encontrado	https://alphafold.ebi.ac.uk/entry/Q9Y5S2
CDC42BPB	missense_variant		1297582154						Q9Y5S2	Serine/threonine-protein kinase MRCK beta	Homo sapiens	Encontrado	https://alphafold.ebi.ac.uk/entry/Q9Y5S2
CDC42BPB	missense_variant		1300188295						Q9Y5S2	Serine/threonine-protein kinase MRCK beta	Homo sapiens	Encontrado	https://alphafold.ebi.ac.uk/entry/Q9Y5S2
CDC42BPB	missense_variant		1301772163						Q9Y5S2	Serine/threonine-protein kinase MRCK beta	Homo sapiens	Encontrado	https://alphafold.ebi.ac.uk/entry/Q9Y5S2
CDC42BPB	missense_variant		1302009178						Q9Y5S2	Serine/threonine-protein kinase MRCK beta	Homo sapiens	Encontrado	https://alphafold.ebi.ac.uk/entry/Q9Y5S2
CDC42BPB	missense_variant		1305970504						Q9Y5S2	Serine/threonine-protein kinase MRCK beta	Homo sapiens	Encontrado	https://alphafold.ebi.ac.uk/entry/Q9Y5S2
CDC42BPB	missense_variant		1306175978						Q9Y5S2	Serine/threonine-protein kinase MRCK beta	Homo sapiens	Encontrado	https://alphafold.ebi.ac.uk/entry/Q9Y5S2
CDC42BPB	missense_variant		1306608589						Q9Y5S2	Serine/threonine-protein kinase MRCK beta	Homo sapiens	Encontrado	https://alphafold.ebi.ac.uk/entry/Q9Y5S2
CDC42BPB	missense_variant		1309175294						Q9Y5S2	Serine/threonine-protein kinase MRCK beta	Homo sapiens	Encontrado	https://alphafold.ebi.ac.uk/entry/Q9Y5S2
CDC42BPB	missense_variant		1310084124						Q9Y5S2	Serine/threonine-protein kinase MRCK beta	Homo sapiens	Encontrado	https://alphafold.ebi.ac.uk/entry/Q9Y5S2
CDC42BPB	missense_variant		1310959186						Q9Y5S2	Serine/threonine-protein kinase MRCK beta	Homo sapiens	Encontrado	https://alphafold.ebi.ac.uk/entry/Q9Y5S2
CDC42BPB	missense_variant		1311063319						Q9Y5S2	Serine/threonine-protein kinase MRCK beta	Homo sapiens	Encontrado	https://alphafold.ebi.ac.uk/entry/Q9Y5S2
CDC42BPB	missense_variant		1313393417						Q9Y5S2	Serine/threonine-protein kinase MRCK beta	Homo sapiens	Encontrado	https://alphafold.ebi.ac.uk/entry/Q9Y5S2
CDC42BPB	missense_variant	uncertain significance	1313733252	Q9Y5S2	rs1313733252	M225I	0.037		Q9Y5S2	Serine/threonine-protein kinase MRCK beta	Homo sapiens	Encontrado	https://alphafold.ebi.ac.uk/entry/Q9Y5S2
CDC42BPB	missense_variant	uncertain significance	1313733252	Q9Y5S2	rs1313733252	M225I	0.0		Q9Y5S2	Serine/threonine-protein kinase MRCK beta	Homo sapiens	Encontrado	https://alphafold.ebi.ac.uk/entry/Q9Y5S2
CDC42BPB	missense_variant		1313835255						Q9Y5S2	Serine/threonine-protein kinase MRCK beta	Homo sapiens	Encontrado	https://alphafold.ebi.ac.uk/entry/Q9Y5S2
CDC42BPB	missense_variant		1313865039						Q9Y5S2	Serine/threonine-protein kinase MRCK beta	Homo sapiens	Encontrado	https://alphafold.ebi.ac.uk/entry/Q9Y5S2
CDC42BPB	missense_variant		1314054576						Q9Y5S2	Serine/threonine-protein kinase MRCK beta	Homo sapiens	Encontrado	https://alphafold.ebi.ac.uk/entry/Q9Y5S2
CDC42BPB	missense_variant		1318657834						Q9Y5S2	Serine/threonine-protein kinase MRCK beta	Homo sapiens	Encontrado	https://alphafold.ebi.ac.uk/entry/Q9Y5S2
CDC42BPB	missense_variant		1319097165						Q9Y5S2	Serine/threonine-protein kinase MRCK beta	Homo sapiens	Encontrado	https://alphafold.ebi.ac.uk/entry/Q9Y5S2
CDC42BPB	missense_variant	uncertain significance	1319568762	Q9Y5S2	rs1319568762	P861L	0.041		Q9Y5S2	Serine/threonine-protein kinase MRCK beta	Homo sapiens	Encontrado	https://alphafold.ebi.ac.uk/entry/Q9Y5S2
CDC42BPB	missense_variant	uncertain significance	1319568762	Q9Y5S2	rs1319568762	P861L	0.0		Q9Y5S2	Serine/threonine-protein kinase MRCK beta	Homo sapiens	Encontrado	https://alphafold.ebi.ac.uk/entry/Q9Y5S2
CDC42BPB	missense_variant		1319868403						Q9Y5S2	Serine/threonine-protein kinase MRCK beta	Homo sapiens	Encontrado	https://alphafold.ebi.ac.uk/entry/Q9Y5S2
CDC42BPB	missense_variant		1320343582						Q9Y5S2	Serine/threonine-protein kinase MRCK beta	Homo sapiens	Encontrado	https://alphafold.ebi.ac.uk/entry/Q9Y5S2
CDC42BPB	missense_variant		1321818416						Q9Y5S2	Serine/threonine-protein kinase MRCK beta	Homo sapiens	Encontrado	https://alphafold.ebi.ac.uk/entry/Q9Y5S2
CDC42BPB	missense_variant		1323587983						Q9Y5S2	Serine/threonine-protein kinase MRCK beta	Homo sapiens	Encontrado	https://alphafold.ebi.ac.uk/entry/Q9Y5S2
CDC42BPB	missense_variant		1323795391						Q9Y5S2	Serine/threonine-protein kinase MRCK beta	Homo sapiens	Encontrado	https://alphafold.ebi.ac.uk/entry/Q9Y5S2
CDC42BPB	missense_variant		1323922137	Q9Y5S2	rs1323922137	G1600S	0.568		Q9Y5S2	Serine/threonine-protein kinase MRCK beta	Homo sapiens	Encontrado	https://alphafold.ebi.ac.uk/entry/Q9Y5S2
CDC42BPB	missense_variant		1323922137	Q9Y5S2	rs1323922137	G1600S	0.06		Q9Y5S2	Serine/threonine-protein kinase MRCK beta	Homo sapiens	Encontrado	https://alphafold.ebi.ac.uk/entry/Q9Y5S2
CDC42BPB	missense_variant		1323922137	Q9Y5S2	rs1323922137	G1600S	0.563		Q9Y5S2	Serine/threonine-protein kinase MRCK beta	Homo sapiens	Encontrado	https://alphafold.ebi.ac.uk/entry/Q9Y5S2
CDC42BPB	missense_variant		1323922137	Q9Y5S2	rs1323922137	G1600S	0.03		Q9Y5S2	Serine/threonine-protein kinase MRCK beta	Homo sapiens	Encontrado	https://alphafold.ebi.ac.uk/entry/Q9Y5S2
CDC42BPB	missense_variant		1324585188						Q9Y5S2	Serine/threonine-protein kinase MRCK beta	Homo sapiens	Encontrado	https://alphafold.ebi.ac.uk/entry/Q9Y5S2
CDC42BPB	missense_variant		1324880466						Q9Y5S2	Serine/threonine-protein kinase MRCK beta	Homo sapiens	Encontrado	https://alphafold.ebi.ac.uk/entry/Q9Y5S2
CDC42BPB	missense_variant		1326806291						Q9Y5S2	Serine/threonine-protein kinase MRCK beta	Homo sapiens	Encontrado	https://alphafold.ebi.ac.uk/entry/Q9Y5S2
CDC42BPB	missense_variant		1327284498						Q9Y5S2	Serine/threonine-protein kinase MRCK beta	Homo sapiens	Encontrado	https://alphafold.ebi.ac.uk/entry/Q9Y5S2
CDC42BPB	missense_variant		1328868864						Q9Y5S2	Serine/threonine-protein kinase MRCK beta	Homo sapiens	Encontrado	https://alphafold.ebi.ac.uk/entry/Q9Y5S2
CDC42BPB	missense_variant	uncertain significance	1331129132	Q9Y5S2	rs1331129132	R704C	0.898		Q9Y5S2	Serine/threonine-protein kinase MRCK beta	Homo sapiens	Encontrado	https://alphafold.ebi.ac.uk/entry/Q9Y5S2
CDC42BPB	missense_variant	uncertain significance	1331129132	Q9Y5S2	rs1331129132	R704C	0.04		Q9Y5S2	Serine/threonine-protein kinase MRCK beta	Homo sapiens	Encontrado	https://alphafold.ebi.ac.uk/entry/Q9Y5S2
CDC42BPB	missense_variant		1331211983						Q9Y5S2	Serine/threonine-protein kinase MRCK beta	Homo sapiens	Encontrado	https://alphafold.ebi.ac.uk/entry/Q9Y5S2
CDC42BPB	missense_variant		1334239878						Q9Y5S2	Serine/threonine-protein kinase MRCK beta	Homo sapiens	Encontrado	https://alphafold.ebi.ac.uk/entry/Q9Y5S2
CDC42BPB	missense_variant		1334503033						Q9Y5S2	Serine/threonine-protein kinase MRCK beta	Homo sapiens	Encontrado	https://alphafold.ebi.ac.uk/entry/Q9Y5S2
CDC42BPB	missense_variant		1334546462						Q9Y5S2	Serine/threonine-protein kinase MRCK beta	Homo sapiens	Encontrado	https://alphafold.ebi.ac.uk/entry/Q9Y5S2
CDC42BPB	missense_variant		1335094844						Q9Y5S2	Serine/threonine-protein kinase MRCK beta	Homo sapiens	Encontrado	https://alphafold.ebi.ac.uk/entry/Q9Y5S2
CDC42BPB	missense_variant		1335667114	Q9Y5S2	rs1335667114	Q802H	0.719		Q9Y5S2	Serine/threonine-protein kinase MRCK beta	Homo sapiens	Encontrado	https://alphafold.ebi.ac.uk/entry/Q9Y5S2
CDC42BPB	missense_variant		1335667114	Q9Y5S2	rs1335667114	Q802H	0.06		Q9Y5S2	Serine/threonine-protein kinase MRCK beta	Homo sapiens	Encontrado	https://alphafold.ebi.ac.uk/entry/Q9Y5S2
CDC42BPB	missense_variant		1335667114	Q9Y5S2	rs1335667114	Q802H	0.727		Q9Y5S2	Serine/threonine-protein kinase MRCK beta	Homo sapiens	Encontrado	https://alphafold.ebi.ac.uk/entry/Q9Y5S2
CDC42BPB	missense_variant		1335667114	Q9Y5S2	rs1335667114	Q802H	0.01		Q9Y5S2	Serine/threonine-protein kinase MRCK beta	Homo sapiens	Encontrado	https://alphafold.ebi.ac.uk/entry/Q9Y5S2
CDC42BPB	missense_variant		1335725420						Q9Y5S2	Serine/threonine-protein kinase MRCK beta	Homo sapiens	Encontrado	https://alphafold.ebi.ac.uk/entry/Q9Y5S2
CDC42BPB	missense_variant		1336802752						Q9Y5S2	Serine/threonine-protein kinase MRCK beta	Homo sapiens	Encontrado	https://alphafold.ebi.ac.uk/entry/Q9Y5S2
CDC42BPB	missense_variant		1339244595	Q9Y5S2	rs1339244595	A1611V	0.0		Q9Y5S2	Serine/threonine-protein kinase MRCK beta	Homo sapiens	Encontrado	https://alphafold.ebi.ac.uk/entry/Q9Y5S2
CDC42BPB	missense_variant		1339244595	Q9Y5S2	rs1339244595	A1611V	0.65		Q9Y5S2	Serine/threonine-protein kinase MRCK beta	Homo sapiens	Encontrado	https://alphafold.ebi.ac.uk/entry/Q9Y5S2
CDC42BPB	missense_variant		1339244595	Q9Y5S2	rs1339244595	A1611V	0.0		Q9Y5S2	Serine/threonine-protein kinase MRCK beta	Homo sapiens	Encontrado	https://alphafold.ebi.ac.uk/entry/Q9Y5S2
CDC42BPB	missense_variant		1339244595	Q9Y5S2	rs1339244595	A1611V	1.0		Q9Y5S2	Serine/threonine-protein kinase MRCK beta	Homo sapiens	Encontrado	https://alphafold.ebi.ac.uk/entry/Q9Y5S2
CDC42BPB	missense_variant		1340448395						Q9Y5S2	Serine/threonine-protein kinase MRCK beta	Homo sapiens	Encontrado	https://alphafold.ebi.ac.uk/entry/Q9Y5S2
CDC42BPB	missense_variant		1340917277						Q9Y5S2	Serine/threonine-protein kinase MRCK beta	Homo sapiens	Encontrado	https://alphafold.ebi.ac.uk/entry/Q9Y5S2
CDC42BPB	missense_variant		1341355633						Q9Y5S2	Serine/threonine-protein kinase MRCK beta	Homo sapiens	Encontrado	https://alphafold.ebi.ac.uk/entry/Q9Y5S2
CDC42BPB	missense_variant		1342134723						Q9Y5S2	Serine/threonine-protein kinase MRCK beta	Homo sapiens	Encontrado	https://alphafold.ebi.ac.uk/entry/Q9Y5S2
CDC42BPB	missense_variant		1343395143						Q9Y5S2	Serine/threonine-protein kinase MRCK beta	Homo sapiens	Encontrado	https://alphafold.ebi.ac.uk/entry/Q9Y5S2
CDC42BPB	missense_variant		1343898761						Q9Y5S2	Serine/threonine-protein kinase MRCK beta	Homo sapiens	Encontrado	https://alphafold.ebi.ac.uk/entry/Q9Y5S2
CDC42BPB	missense_variant		1346946863						Q9Y5S2	Serine/threonine-protein kinase MRCK beta	Homo sapiens	Encontrado	https://alphafold.ebi.ac.uk/entry/Q9Y5S2
CDC42BPB	missense_variant		1347313535						Q9Y5S2	Serine/threonine-protein kinase MRCK beta	Homo sapiens	Encontrado	https://alphafold.ebi.ac.uk/entry/Q9Y5S2
CDC42BPB	missense_variant		1350831582						Q9Y5S2	Serine/threonine-protein kinase MRCK beta	Homo sapiens	Encontrado	https://alphafold.ebi.ac.uk/entry/Q9Y5S2
CDC42BPB	missense_variant		1351709514						Q9Y5S2	Serine/threonine-protein kinase MRCK beta	Homo sapiens	Encontrado	https://alphafold.ebi.ac.uk/entry/Q9Y5S2
CDC42BPB	missense_variant		1354189397						Q9Y5S2	Serine/threonine-protein kinase MRCK beta	Homo sapiens	Encontrado	https://alphafold.ebi.ac.uk/entry/Q9Y5S2
CDC42BPB	missense_variant		1354986103						Q9Y5S2	Serine/threonine-protein kinase MRCK beta	Homo sapiens	Encontrado	https://alphafold.ebi.ac.uk/entry/Q9Y5S2
CDC42BPB	missense_variant		1355936852						Q9Y5S2	Serine/threonine-protein kinase MRCK beta	Homo sapiens	Encontrado	https://alphafold.ebi.ac.uk/entry/Q9Y5S2
CDC42BPB	missense_variant		1355965084						Q9Y5S2	Serine/threonine-protein kinase MRCK beta	Homo sapiens	Encontrado	https://alphafold.ebi.ac.uk/entry/Q9Y5S2
CDC42BPB	missense_variant		1357473697						Q9Y5S2	Serine/threonine-protein kinase MRCK beta	Homo sapiens	Encontrado	https://alphafold.ebi.ac.uk/entry/Q9Y5S2
CDC42BPB	missense_variant		1357631483						Q9Y5S2	Serine/threonine-protein kinase MRCK beta	Homo sapiens	Encontrado	https://alphafold.ebi.ac.uk/entry/Q9Y5S2
CDC42BPB	missense_variant		1357642794						Q9Y5S2	Serine/threonine-protein kinase MRCK beta	Homo sapiens	Encontrado	https://alphafold.ebi.ac.uk/entry/Q9Y5S2
CDC42BPB	missense_variant		1359074921						Q9Y5S2	Serine/threonine-protein kinase MRCK beta	Homo sapiens	Encontrado	https://alphafold.ebi.ac.uk/entry/Q9Y5S2
CDC42BPB	missense_variant		1359290677						Q9Y5S2	Serine/threonine-protein kinase MRCK beta	Homo sapiens	Encontrado	https://alphafold.ebi.ac.uk/entry/Q9Y5S2
CDC42BPB	missense_variant		1359377150						Q9Y5S2	Serine/threonine-protein kinase MRCK beta	Homo sapiens	Encontrado	https://alphafold.ebi.ac.uk/entry/Q9Y5S2
CDC42BPB	missense_variant	uncertain significance	1359980854	Q9Y5S2	rs1359980854	R626G	0.817		Q9Y5S2	Serine/threonine-protein kinase MRCK beta	Homo sapiens	Encontrado	https://alphafold.ebi.ac.uk/entry/Q9Y5S2
CDC42BPB	missense_variant	uncertain significance	1359980854	Q9Y5S2	rs1359980854	R626G	0.0		Q9Y5S2	Serine/threonine-protein kinase MRCK beta	Homo sapiens	Encontrado	https://alphafold.ebi.ac.uk/entry/Q9Y5S2
CDC42BPB	missense_variant		1360690370						Q9Y5S2	Serine/threonine-protein kinase MRCK beta	Homo sapiens	Encontrado	https://alphafold.ebi.ac.uk/entry/Q9Y5S2
CDC42BPB	missense_variant		1361684372						Q9Y5S2	Serine/threonine-protein kinase MRCK beta	Homo sapiens	Encontrado	https://alphafold.ebi.ac.uk/entry/Q9Y5S2
CDC42BPB	missense_variant		1362004091						Q9Y5S2	Serine/threonine-protein kinase MRCK beta	Homo sapiens	Encontrado	https://alphafold.ebi.ac.uk/entry/Q9Y5S2
CDC42BPB	missense_variant		1363591237						Q9Y5S2	Serine/threonine-protein kinase MRCK beta	Homo sapiens	Encontrado	https://alphafold.ebi.ac.uk/entry/Q9Y5S2
CDC42BPB	missense_variant	uncertain significance	1364251429	Q9Y5S2	rs1364251429	H1304Y	0.873		Q9Y5S2	Serine/threonine-protein kinase MRCK beta	Homo sapiens	Encontrado	https://alphafold.ebi.ac.uk/entry/Q9Y5S2
CDC42BPB	missense_variant	uncertain significance	1364251429	Q9Y5S2	rs1364251429	H1304Y	0.0		Q9Y5S2	Serine/threonine-protein kinase MRCK beta	Homo sapiens	Encontrado	https://alphafold.ebi.ac.uk/entry/Q9Y5S2
CDC42BPB	missense_variant	uncertain significance	1364479548	Q9Y5S2	rs1364479548	P1685T	0.668		Q9Y5S2	Serine/threonine-protein kinase MRCK beta	Homo sapiens	Encontrado	https://alphafold.ebi.ac.uk/entry/Q9Y5S2
CDC42BPB	missense_variant	uncertain significance	1364479548	Q9Y5S2	rs1364479548	P1685T	0.0		Q9Y5S2	Serine/threonine-protein kinase MRCK beta	Homo sapiens	Encontrado	https://alphafold.ebi.ac.uk/entry/Q9Y5S2
CDC42BPB	missense_variant		1365551712						Q9Y5S2	Serine/threonine-protein kinase MRCK beta	Homo sapiens	Encontrado	https://alphafold.ebi.ac.uk/entry/Q9Y5S2
CDC42BPB	missense_variant	uncertain significance	1369378750						Q9Y5S2	Serine/threonine-protein kinase MRCK beta	Homo sapiens	Encontrado	https://alphafold.ebi.ac.uk/entry/Q9Y5S2
CDC42BPB	missense_variant		1369645777						Q9Y5S2	Serine/threonine-protein kinase MRCK beta	Homo sapiens	Encontrado	https://alphafold.ebi.ac.uk/entry/Q9Y5S2
CDC42BPB	missense_variant		1370240777						Q9Y5S2	Serine/threonine-protein kinase MRCK beta	Homo sapiens	Encontrado	https://alphafold.ebi.ac.uk/entry/Q9Y5S2
CDC42BPB	missense_variant		1370551078						Q9Y5S2	Serine/threonine-protein kinase MRCK beta	Homo sapiens	Encontrado	https://alphafold.ebi.ac.uk/entry/Q9Y5S2
CDC42BPB	missense_variant		1370672003						Q9Y5S2	Serine/threonine-protein kinase MRCK beta	Homo sapiens	Encontrado	https://alphafold.ebi.ac.uk/entry/Q9Y5S2
CDC42BPB	missense_variant		1370756827						Q9Y5S2	Serine/threonine-protein kinase MRCK beta	Homo sapiens	Encontrado	https://alphafold.ebi.ac.uk/entry/Q9Y5S2
CDC42BPB	missense_variant		1371299187						Q9Y5S2	Serine/threonine-protein kinase MRCK beta	Homo sapiens	Encontrado	https://alphafold.ebi.ac.uk/entry/Q9Y5S2
CDC42BPB	missense_variant		1373367735						Q9Y5S2	Serine/threonine-protein kinase MRCK beta	Homo sapiens	Encontrado	https://alphafold.ebi.ac.uk/entry/Q9Y5S2
CDC42BPB	missense_variant		1374958981						Q9Y5S2	Serine/threonine-protein kinase MRCK beta	Homo sapiens	Encontrado	https://alphafold.ebi.ac.uk/entry/Q9Y5S2
CDC42BPB	missense_variant		1375056196						Q9Y5S2	Serine/threonine-protein kinase MRCK beta	Homo sapiens	Encontrado	https://alphafold.ebi.ac.uk/entry/Q9Y5S2
CDC42BPB	missense_variant		1377141203						Q9Y5S2	Serine/threonine-protein kinase MRCK beta	Homo sapiens	Encontrado	https://alphafold.ebi.ac.uk/entry/Q9Y5S2
CDC42BPB	missense_variant		1377307978						Q9Y5S2	Serine/threonine-protein kinase MRCK beta	Homo sapiens	Encontrado	https://alphafold.ebi.ac.uk/entry/Q9Y5S2
CDC42BPB	missense_variant	uncertain significance	1377486618	Q9Y5S2	rs1377486618	V538I	0.0		Q9Y5S2	Serine/threonine-protein kinase MRCK beta	Homo sapiens	Encontrado	https://alphafold.ebi.ac.uk/entry/Q9Y5S2
CDC42BPB	missense_variant	uncertain significance	1377486618	Q9Y5S2	rs1377486618	V538I	0.02		Q9Y5S2	Serine/threonine-protein kinase MRCK beta	Homo sapiens	Encontrado	https://alphafold.ebi.ac.uk/entry/Q9Y5S2
CDC42BPB	missense_variant		1379502143						Q9Y5S2	Serine/threonine-protein kinase MRCK beta	Homo sapiens	Encontrado	https://alphafold.ebi.ac.uk/entry/Q9Y5S2
CDC42BPB	missense_variant		1380110869						Q9Y5S2	Serine/threonine-protein kinase MRCK beta	Homo sapiens	Encontrado	https://alphafold.ebi.ac.uk/entry/Q9Y5S2
CDC42BPB	missense_variant		1380140937						Q9Y5S2	Serine/threonine-protein kinase MRCK beta	Homo sapiens	Encontrado	https://alphafold.ebi.ac.uk/entry/Q9Y5S2
CDC42BPB	missense_variant		1380286515						Q9Y5S2	Serine/threonine-protein kinase MRCK beta	Homo sapiens	Encontrado	https://alphafold.ebi.ac.uk/entry/Q9Y5S2
CDC42BPB	missense_variant		1380358092						Q9Y5S2	Serine/threonine-protein kinase MRCK beta	Homo sapiens	Encontrado	https://alphafold.ebi.ac.uk/entry/Q9Y5S2
CDC42BPB	missense_variant		1381459338						Q9Y5S2	Serine/threonine-protein kinase MRCK beta	Homo sapiens	Encontrado	https://alphafold.ebi.ac.uk/entry/Q9Y5S2
CDC42BPB	missense_variant	uncertain significance	1382376082						Q9Y5S2	Serine/threonine-protein kinase MRCK beta	Homo sapiens	Encontrado	https://alphafold.ebi.ac.uk/entry/Q9Y5S2
CDC42BPB	missense_variant		1382859316						Q9Y5S2	Serine/threonine-protein kinase MRCK beta	Homo sapiens	Encontrado	https://alphafold.ebi.ac.uk/entry/Q9Y5S2
CDC42BPB	missense_variant		1383622394						Q9Y5S2	Serine/threonine-protein kinase MRCK beta	Homo sapiens	Encontrado	https://alphafold.ebi.ac.uk/entry/Q9Y5S2
CDC42BPB	missense_variant	likely benign	138426317	Q9Y5S2	rs138426317	M1658L	0.0		Q9Y5S2	Serine/threonine-protein kinase MRCK beta	Homo sapiens	Encontrado	https://alphafold.ebi.ac.uk/entry/Q9Y5S2
CDC42BPB	missense_variant	likely benign	138426317	Q9Y5S2	rs138426317	M1658L	0.08		Q9Y5S2	Serine/threonine-protein kinase MRCK beta	Homo sapiens	Encontrado	https://alphafold.ebi.ac.uk/entry/Q9Y5S2
CDC42BPB	missense_variant		1384300410						Q9Y5S2	Serine/threonine-protein kinase MRCK beta	Homo sapiens	Encontrado	https://alphafold.ebi.ac.uk/entry/Q9Y5S2
CDC42BPB	missense_variant	uncertain significance	1384767070	Q9Y5S2	rs1384767070	S44L	0.146		Q9Y5S2	Serine/threonine-protein kinase MRCK beta	Homo sapiens	Encontrado	https://alphafold.ebi.ac.uk/entry/Q9Y5S2
CDC42BPB	missense_variant	uncertain significance	1384767070	Q9Y5S2	rs1384767070	S44L	0.0		Q9Y5S2	Serine/threonine-protein kinase MRCK beta	Homo sapiens	Encontrado	https://alphafold.ebi.ac.uk/entry/Q9Y5S2
CDC42BPB	missense_variant		138477914						Q9Y5S2	Serine/threonine-protein kinase MRCK beta	Homo sapiens	Encontrado	https://alphafold.ebi.ac.uk/entry/Q9Y5S2
CDC42BPB	missense_variant		1385950616						Q9Y5S2	Serine/threonine-protein kinase MRCK beta	Homo sapiens	Encontrado	https://alphafold.ebi.ac.uk/entry/Q9Y5S2
CDC42BPB	missense_variant		1386376247						Q9Y5S2	Serine/threonine-protein kinase MRCK beta	Homo sapiens	Encontrado	https://alphafold.ebi.ac.uk/entry/Q9Y5S2
CDC42BPB	missense_variant		138666514	Q9Y5S2	rs138666514	E651K	0.457		Q9Y5S2	Serine/threonine-protein kinase MRCK beta	Homo sapiens	Encontrado	https://alphafold.ebi.ac.uk/entry/Q9Y5S2
CDC42BPB	missense_variant		138666514	Q9Y5S2	rs138666514	E651K	0.0		Q9Y5S2	Serine/threonine-protein kinase MRCK beta	Homo sapiens	Encontrado	https://alphafold.ebi.ac.uk/entry/Q9Y5S2
CDC42BPB	missense_variant		138666514	Q9Y5S2	rs138666514	E651K	0.452		Q9Y5S2	Serine/threonine-protein kinase MRCK beta	Homo sapiens	Encontrado	https://alphafold.ebi.ac.uk/entry/Q9Y5S2
CDC42BPB	missense_variant		138666514	Q9Y5S2	rs138666514	E651K	0.0		Q9Y5S2	Serine/threonine-protein kinase MRCK beta	Homo sapiens	Encontrado	https://alphafold.ebi.ac.uk/entry/Q9Y5S2
CDC42BPB	missense_variant		1386982720						Q9Y5S2	Serine/threonine-protein kinase MRCK beta	Homo sapiens	Encontrado	https://alphafold.ebi.ac.uk/entry/Q9Y5S2
CDC42BPB	missense_variant		1387162153						Q9Y5S2	Serine/threonine-protein kinase MRCK beta	Homo sapiens	Encontrado	https://alphafold.ebi.ac.uk/entry/Q9Y5S2
CDC42BPB	missense_variant	uncertain significance	138717678						Q9Y5S2	Serine/threonine-protein kinase MRCK beta	Homo sapiens	Encontrado	https://alphafold.ebi.ac.uk/entry/Q9Y5S2
CDC42BPB	missense_variant		138830696						Q9Y5S2	Serine/threonine-protein kinase MRCK beta	Homo sapiens	Encontrado	https://alphafold.ebi.ac.uk/entry/Q9Y5S2
CDC42BPB	missense_variant		1389670141						Q9Y5S2	Serine/threonine-protein kinase MRCK beta	Homo sapiens	Encontrado	https://alphafold.ebi.ac.uk/entry/Q9Y5S2
CDC42BPB	missense_variant	uncertain significance	1389878014	Q9Y5S2	rs1389878014	E512Q	0.531		Q9Y5S2	Serine/threonine-protein kinase MRCK beta	Homo sapiens	Encontrado	https://alphafold.ebi.ac.uk/entry/Q9Y5S2
CDC42BPB	missense_variant	uncertain significance	1389878014	Q9Y5S2	rs1389878014	E512Q	0.0		Q9Y5S2	Serine/threonine-protein kinase MRCK beta	Homo sapiens	Encontrado	https://alphafold.ebi.ac.uk/entry/Q9Y5S2
CDC42BPB	missense_variant		1392880438						Q9Y5S2	Serine/threonine-protein kinase MRCK beta	Homo sapiens	Encontrado	https://alphafold.ebi.ac.uk/entry/Q9Y5S2
CDC42BPB	missense_variant	likely benign	139323146	Q9Y5S2	rs139323146	D1575H	0.68		Q9Y5S2	Serine/threonine-protein kinase MRCK beta	Homo sapiens	Encontrado	https://alphafold.ebi.ac.uk/entry/Q9Y5S2
CDC42BPB	missense_variant	likely benign	139323146	Q9Y5S2	rs139323146	D1575H	0.0		Q9Y5S2	Serine/threonine-protein kinase MRCK beta	Homo sapiens	Encontrado	https://alphafold.ebi.ac.uk/entry/Q9Y5S2
CDC42BPB	missense_variant		1393239915						Q9Y5S2	Serine/threonine-protein kinase MRCK beta	Homo sapiens	Encontrado	https://alphafold.ebi.ac.uk/entry/Q9Y5S2
CDC42BPB	missense_variant		1393359065						Q9Y5S2	Serine/threonine-protein kinase MRCK beta	Homo sapiens	Encontrado	https://alphafold.ebi.ac.uk/entry/Q9Y5S2
CDC42BPB	missense_variant		1393940175						Q9Y5S2	Serine/threonine-protein kinase MRCK beta	Homo sapiens	Encontrado	https://alphafold.ebi.ac.uk/entry/Q9Y5S2
CDC42BPB	missense_variant		1395543529						Q9Y5S2	Serine/threonine-protein kinase MRCK beta	Homo sapiens	Encontrado	https://alphafold.ebi.ac.uk/entry/Q9Y5S2
CDC42BPB	missense_variant		1398437447						Q9Y5S2	Serine/threonine-protein kinase MRCK beta	Homo sapiens	Encontrado	https://alphafold.ebi.ac.uk/entry/Q9Y5S2
CDC42BPB	missense_variant		140004721						Q9Y5S2	Serine/threonine-protein kinase MRCK beta	Homo sapiens	Encontrado	https://alphafold.ebi.ac.uk/entry/Q9Y5S2
CDC42BPB	missense_variant		1400235479						Q9Y5S2	Serine/threonine-protein kinase MRCK beta	Homo sapiens	Encontrado	https://alphafold.ebi.ac.uk/entry/Q9Y5S2
CDC42BPB	missense_variant		140036206						Q9Y5S2	Serine/threonine-protein kinase MRCK beta	Homo sapiens	Encontrado	https://alphafold.ebi.ac.uk/entry/Q9Y5S2
CDC42BPB	missense_variant	likely benign	140070781						Q9Y5S2	Serine/threonine-protein kinase MRCK beta	Homo sapiens	Encontrado	https://alphafold.ebi.ac.uk/entry/Q9Y5S2
CDC42BPB	missense_variant		1400880323						Q9Y5S2	Serine/threonine-protein kinase MRCK beta	Homo sapiens	Encontrado	https://alphafold.ebi.ac.uk/entry/Q9Y5S2
CDC42BPB	missense_variant		1401243402						Q9Y5S2	Serine/threonine-protein kinase MRCK beta	Homo sapiens	Encontrado	https://alphafold.ebi.ac.uk/entry/Q9Y5S2
CDC42BPB	missense_variant		1402233925						Q9Y5S2	Serine/threonine-protein kinase MRCK beta	Homo sapiens	Encontrado	https://alphafold.ebi.ac.uk/entry/Q9Y5S2
CDC42BPB	missense_variant		140245177						Q9Y5S2	Serine/threonine-protein kinase MRCK beta	Homo sapiens	Encontrado	https://alphafold.ebi.ac.uk/entry/Q9Y5S2
CDC42BPB	missense_variant		140317521						Q9Y5S2	Serine/threonine-protein kinase MRCK beta	Homo sapiens	Encontrado	https://alphafold.ebi.ac.uk/entry/Q9Y5S2
CDC42BPB	missense_variant		1403264413						Q9Y5S2	Serine/threonine-protein kinase MRCK beta	Homo sapiens	Encontrado	https://alphafold.ebi.ac.uk/entry/Q9Y5S2
CDC42BPB	missense_variant		140416985						Q9Y5S2	Serine/threonine-protein kinase MRCK beta	Homo sapiens	Encontrado	https://alphafold.ebi.ac.uk/entry/Q9Y5S2
CDC42BPB	missense_variant		1405592074						Q9Y5S2	Serine/threonine-protein kinase MRCK beta	Homo sapiens	Encontrado	https://alphafold.ebi.ac.uk/entry/Q9Y5S2
CDC42BPB	missense_variant		140632643						Q9Y5S2	Serine/threonine-protein kinase MRCK beta	Homo sapiens	Encontrado	https://alphafold.ebi.ac.uk/entry/Q9Y5S2
CDC42BPB	missense_variant	uncertain significance	140640502	Q9Y5S2	rs140640502	L1701F	0.527		Q9Y5S2	Serine/threonine-protein kinase MRCK beta	Homo sapiens	Encontrado	https://alphafold.ebi.ac.uk/entry/Q9Y5S2
CDC42BPB	missense_variant	uncertain significance	140640502	Q9Y5S2	rs140640502	L1701F	0.0		Q9Y5S2	Serine/threonine-protein kinase MRCK beta	Homo sapiens	Encontrado	https://alphafold.ebi.ac.uk/entry/Q9Y5S2
CDC42BPB	missense_variant	uncertain significance	140640502	Q9Y5S2	rs140640502	L1701V	0.243		Q9Y5S2	Serine/threonine-protein kinase MRCK beta	Homo sapiens	Encontrado	https://alphafold.ebi.ac.uk/entry/Q9Y5S2
CDC42BPB	missense_variant	uncertain significance	140640502	Q9Y5S2	rs140640502	L1701V	0.01		Q9Y5S2	Serine/threonine-protein kinase MRCK beta	Homo sapiens	Encontrado	https://alphafold.ebi.ac.uk/entry/Q9Y5S2
CDC42BPB	missense_variant		140674190						Q9Y5S2	Serine/threonine-protein kinase MRCK beta	Homo sapiens	Encontrado	https://alphafold.ebi.ac.uk/entry/Q9Y5S2
CDC42BPB	missense_variant		1407202788						Q9Y5S2	Serine/threonine-protein kinase MRCK beta	Homo sapiens	Encontrado	https://alphafold.ebi.ac.uk/entry/Q9Y5S2
CDC42BPB	missense_variant		1407264836						Q9Y5S2	Serine/threonine-protein kinase MRCK beta	Homo sapiens	Encontrado	https://alphafold.ebi.ac.uk/entry/Q9Y5S2
CDC42BPB	missense_variant		1407316427						Q9Y5S2	Serine/threonine-protein kinase MRCK beta	Homo sapiens	Encontrado	https://alphafold.ebi.ac.uk/entry/Q9Y5S2
CDC42BPB	missense_variant		1407786828						Q9Y5S2	Serine/threonine-protein kinase MRCK beta	Homo sapiens	Encontrado	https://alphafold.ebi.ac.uk/entry/Q9Y5S2
CDC42BPB	missense_variant	uncertain significance	1408771029	Q9Y5S2	rs1408771029	C1469Y	0.38		Q9Y5S2	Serine/threonine-protein kinase MRCK beta	Homo sapiens	Encontrado	https://alphafold.ebi.ac.uk/entry/Q9Y5S2
CDC42BPB	missense_variant	uncertain significance	1408771029	Q9Y5S2	rs1408771029	C1469Y	0.0		Q9Y5S2	Serine/threonine-protein kinase MRCK beta	Homo sapiens	Encontrado	https://alphafold.ebi.ac.uk/entry/Q9Y5S2
CDC42BPB	missense_variant		1410362571						Q9Y5S2	Serine/threonine-protein kinase MRCK beta	Homo sapiens	Encontrado	https://alphafold.ebi.ac.uk/entry/Q9Y5S2
CDC42BPB	missense_variant		141131354						Q9Y5S2	Serine/threonine-protein kinase MRCK beta	Homo sapiens	Encontrado	https://alphafold.ebi.ac.uk/entry/Q9Y5S2
CDC42BPB	missense_variant		1413616750						Q9Y5S2	Serine/threonine-protein kinase MRCK beta	Homo sapiens	Encontrado	https://alphafold.ebi.ac.uk/entry/Q9Y5S2
CDC42BPB	missense_variant		1414220354						Q9Y5S2	Serine/threonine-protein kinase MRCK beta	Homo sapiens	Encontrado	https://alphafold.ebi.ac.uk/entry/Q9Y5S2
CDC42BPB	missense_variant		1414326490						Q9Y5S2	Serine/threonine-protein kinase MRCK beta	Homo sapiens	Encontrado	https://alphafold.ebi.ac.uk/entry/Q9Y5S2
CDC42BPB	missense_variant		1415616131						Q9Y5S2	Serine/threonine-protein kinase MRCK beta	Homo sapiens	Encontrado	https://alphafold.ebi.ac.uk/entry/Q9Y5S2
CDC42BPB	missense_variant		1415755018						Q9Y5S2	Serine/threonine-protein kinase MRCK beta	Homo sapiens	Encontrado	https://alphafold.ebi.ac.uk/entry/Q9Y5S2
CDC42BPB	missense_variant		1415841205						Q9Y5S2	Serine/threonine-protein kinase MRCK beta	Homo sapiens	Encontrado	https://alphafold.ebi.ac.uk/entry/Q9Y5S2
CDC42BPB	missense_variant		1416537335						Q9Y5S2	Serine/threonine-protein kinase MRCK beta	Homo sapiens	Encontrado	https://alphafold.ebi.ac.uk/entry/Q9Y5S2
CDC42BPB	missense_variant	likely benign	141912208						Q9Y5S2	Serine/threonine-protein kinase MRCK beta	Homo sapiens	Encontrado	https://alphafold.ebi.ac.uk/entry/Q9Y5S2
CDC42BPB	missense_variant		1419664091						Q9Y5S2	Serine/threonine-protein kinase MRCK beta	Homo sapiens	Encontrado	https://alphafold.ebi.ac.uk/entry/Q9Y5S2
CDC42BPB	missense_variant		1420073737						Q9Y5S2	Serine/threonine-protein kinase MRCK beta	Homo sapiens	Encontrado	https://alphafold.ebi.ac.uk/entry/Q9Y5S2
CDC42BPB	missense_variant		1420176623						Q9Y5S2	Serine/threonine-protein kinase MRCK beta	Homo sapiens	Encontrado	https://alphafold.ebi.ac.uk/entry/Q9Y5S2
CDC42BPB	missense_variant		142018795						Q9Y5S2	Serine/threonine-protein kinase MRCK beta	Homo sapiens	Encontrado	https://alphafold.ebi.ac.uk/entry/Q9Y5S2
CDC42BPB	missense_variant	likely benign	142167570	Q9Y5S2	rs142167570	A983V	0.0		Q9Y5S2	Serine/threonine-protein kinase MRCK beta	Homo sapiens	Encontrado	https://alphafold.ebi.ac.uk/entry/Q9Y5S2
CDC42BPB	missense_variant	likely benign	142167570	Q9Y5S2	rs142167570	A983V	1.0		Q9Y5S2	Serine/threonine-protein kinase MRCK beta	Homo sapiens	Encontrado	https://alphafold.ebi.ac.uk/entry/Q9Y5S2
CDC42BPB	missense_variant		1421900220						Q9Y5S2	Serine/threonine-protein kinase MRCK beta	Homo sapiens	Encontrado	https://alphafold.ebi.ac.uk/entry/Q9Y5S2
CDC42BPB	missense_variant	uncertain significance	1423522944	Q9Y5S2	rs1423522944	E1266Q	0.836		Q9Y5S2	Serine/threonine-protein kinase MRCK beta	Homo sapiens	Encontrado	https://alphafold.ebi.ac.uk/entry/Q9Y5S2
CDC42BPB	missense_variant	uncertain significance	1423522944	Q9Y5S2	rs1423522944	E1266Q	0.0		Q9Y5S2	Serine/threonine-protein kinase MRCK beta	Homo sapiens	Encontrado	https://alphafold.ebi.ac.uk/entry/Q9Y5S2
CDC42BPB	missense_variant		1423604188						Q9Y5S2	Serine/threonine-protein kinase MRCK beta	Homo sapiens	Encontrado	https://alphafold.ebi.ac.uk/entry/Q9Y5S2
CDC42BPB	missense_variant		1424438542						Q9Y5S2	Serine/threonine-protein kinase MRCK beta	Homo sapiens	Encontrado	https://alphafold.ebi.ac.uk/entry/Q9Y5S2
CDC42BPB	missense_variant		1424486232						Q9Y5S2	Serine/threonine-protein kinase MRCK beta	Homo sapiens	Encontrado	https://alphafold.ebi.ac.uk/entry/Q9Y5S2
CDC42BPB	missense_variant		1425392018						Q9Y5S2	Serine/threonine-protein kinase MRCK beta	Homo sapiens	Encontrado	https://alphafold.ebi.ac.uk/entry/Q9Y5S2
CDC42BPB	missense_variant		142564408						Q9Y5S2	Serine/threonine-protein kinase MRCK beta	Homo sapiens	Encontrado	https://alphafold.ebi.ac.uk/entry/Q9Y5S2
CDC42BPB	missense_variant		1426764810						Q9Y5S2	Serine/threonine-protein kinase MRCK beta	Homo sapiens	Encontrado	https://alphafold.ebi.ac.uk/entry/Q9Y5S2
CDC42BPB	missense_variant		142716076						Q9Y5S2	Serine/threonine-protein kinase MRCK beta	Homo sapiens	Encontrado	https://alphafold.ebi.ac.uk/entry/Q9Y5S2
CDC42BPB	missense_variant	uncertain significance	1427271427						Q9Y5S2	Serine/threonine-protein kinase MRCK beta	Homo sapiens	Encontrado	https://alphafold.ebi.ac.uk/entry/Q9Y5S2
CDC42BPB	missense_variant		1427386882						Q9Y5S2	Serine/threonine-protein kinase MRCK beta	Homo sapiens	Encontrado	https://alphafold.ebi.ac.uk/entry/Q9Y5S2
CDC42BPB	missense_variant		1427632487						Q9Y5S2	Serine/threonine-protein kinase MRCK beta	Homo sapiens	Encontrado	https://alphafold.ebi.ac.uk/entry/Q9Y5S2
CDC42BPB	missense_variant		142790424						Q9Y5S2	Serine/threonine-protein kinase MRCK beta	Homo sapiens	Encontrado	https://alphafold.ebi.ac.uk/entry/Q9Y5S2
CDC42BPB	missense_variant		1428457211						Q9Y5S2	Serine/threonine-protein kinase MRCK beta	Homo sapiens	Encontrado	https://alphafold.ebi.ac.uk/entry/Q9Y5S2
CDC42BPB	missense_variant		1428890014						Q9Y5S2	Serine/threonine-protein kinase MRCK beta	Homo sapiens	Encontrado	https://alphafold.ebi.ac.uk/entry/Q9Y5S2
CDC42BPB	missense_variant		1429625007						Q9Y5S2	Serine/threonine-protein kinase MRCK beta	Homo sapiens	Encontrado	https://alphafold.ebi.ac.uk/entry/Q9Y5S2
CDC42BPB	missense_variant		1430397174						Q9Y5S2	Serine/threonine-protein kinase MRCK beta	Homo sapiens	Encontrado	https://alphafold.ebi.ac.uk/entry/Q9Y5S2
CDC42BPB	missense_variant		1430712932						Q9Y5S2	Serine/threonine-protein kinase MRCK beta	Homo sapiens	Encontrado	https://alphafold.ebi.ac.uk/entry/Q9Y5S2
CDC42BPB	missense_variant		1430759266						Q9Y5S2	Serine/threonine-protein kinase MRCK beta	Homo sapiens	Encontrado	https://alphafold.ebi.ac.uk/entry/Q9Y5S2
CDC42BPB	missense_variant		1432013256						Q9Y5S2	Serine/threonine-protein kinase MRCK beta	Homo sapiens	Encontrado	https://alphafold.ebi.ac.uk/entry/Q9Y5S2
CDC42BPB	missense_variant		1432873707						Q9Y5S2	Serine/threonine-protein kinase MRCK beta	Homo sapiens	Encontrado	https://alphafold.ebi.ac.uk/entry/Q9Y5S2
CDC42BPB	missense_variant		1433482900						Q9Y5S2	Serine/threonine-protein kinase MRCK beta	Homo sapiens	Encontrado	https://alphafold.ebi.ac.uk/entry/Q9Y5S2
CDC42BPB	missense_variant	uncertain significance	143474150	Q9Y5S2	rs143474150	T514I	0.001		Q9Y5S2	Serine/threonine-protein kinase MRCK beta	Homo sapiens	Encontrado	https://alphafold.ebi.ac.uk/entry/Q9Y5S2
CDC42BPB	missense_variant	uncertain significance	143474150	Q9Y5S2	rs143474150	T514I	0.0		Q9Y5S2	Serine/threonine-protein kinase MRCK beta	Homo sapiens	Encontrado	https://alphafold.ebi.ac.uk/entry/Q9Y5S2
CDC42BPB	missense_variant		143564466						Q9Y5S2	Serine/threonine-protein kinase MRCK beta	Homo sapiens	Encontrado	https://alphafold.ebi.ac.uk/entry/Q9Y5S2
CDC42BPB	missense_variant		1436455358						Q9Y5S2	Serine/threonine-protein kinase MRCK beta	Homo sapiens	Encontrado	https://alphafold.ebi.ac.uk/entry/Q9Y5S2
CDC42BPB	missense_variant		1437416700						Q9Y5S2	Serine/threonine-protein kinase MRCK beta	Homo sapiens	Encontrado	https://alphafold.ebi.ac.uk/entry/Q9Y5S2
CDC42BPB	missense_variant	uncertain significance	1437457747						Q9Y5S2	Serine/threonine-protein kinase MRCK beta	Homo sapiens	Encontrado	https://alphafold.ebi.ac.uk/entry/Q9Y5S2
CDC42BPB	missense_variant	uncertain significance	1437531053	Q9Y5S2	rs1437531053	H388Q	0.683		Q9Y5S2	Serine/threonine-protein kinase MRCK beta	Homo sapiens	Encontrado	https://alphafold.ebi.ac.uk/entry/Q9Y5S2
CDC42BPB	missense_variant	uncertain significance	1437531053	Q9Y5S2	rs1437531053	H388Q	0.0		Q9Y5S2	Serine/threonine-protein kinase MRCK beta	Homo sapiens	Encontrado	https://alphafold.ebi.ac.uk/entry/Q9Y5S2
CDC42BPB	missense_variant		1440234999						Q9Y5S2	Serine/threonine-protein kinase MRCK beta	Homo sapiens	Encontrado	https://alphafold.ebi.ac.uk/entry/Q9Y5S2
CDC42BPB	missense_variant	uncertain significance	144313805	Q9Y5S2	rs144313805	R536H	0.772		Q9Y5S2	Serine/threonine-protein kinase MRCK beta	Homo sapiens	Encontrado	https://alphafold.ebi.ac.uk/entry/Q9Y5S2
CDC42BPB	missense_variant	uncertain significance	144313805	Q9Y5S2	rs144313805	R536H	0.0		Q9Y5S2	Serine/threonine-protein kinase MRCK beta	Homo sapiens	Encontrado	https://alphafold.ebi.ac.uk/entry/Q9Y5S2
CDC42BPB	missense_variant	uncertain significance	144313805	Q9Y5S2	rs144313805	R536H	0.768		Q9Y5S2	Serine/threonine-protein kinase MRCK beta	Homo sapiens	Encontrado	https://alphafold.ebi.ac.uk/entry/Q9Y5S2
CDC42BPB	missense_variant	uncertain significance	144313805	Q9Y5S2	rs144313805	R536H	0.0		Q9Y5S2	Serine/threonine-protein kinase MRCK beta	Homo sapiens	Encontrado	https://alphafold.ebi.ac.uk/entry/Q9Y5S2
CDC42BPB	missense_variant		1445044341	Q9Y5S2	rs1445044341	V372M	0.943		Q9Y5S2	Serine/threonine-protein kinase MRCK beta	Homo sapiens	Encontrado	https://alphafold.ebi.ac.uk/entry/Q9Y5S2
CDC42BPB	missense_variant		1445044341	Q9Y5S2	rs1445044341	V372M	0.0		Q9Y5S2	Serine/threonine-protein kinase MRCK beta	Homo sapiens	Encontrado	https://alphafold.ebi.ac.uk/entry/Q9Y5S2
CDC42BPB	missense_variant		1445044341	Q9Y5S2	rs1445044341	V372M	0.851		Q9Y5S2	Serine/threonine-protein kinase MRCK beta	Homo sapiens	Encontrado	https://alphafold.ebi.ac.uk/entry/Q9Y5S2
CDC42BPB	missense_variant		1445044341	Q9Y5S2	rs1445044341	V372M	0.01		Q9Y5S2	Serine/threonine-protein kinase MRCK beta	Homo sapiens	Encontrado	https://alphafold.ebi.ac.uk/entry/Q9Y5S2
CDC42BPB	missense_variant		1445276916						Q9Y5S2	Serine/threonine-protein kinase MRCK beta	Homo sapiens	Encontrado	https://alphafold.ebi.ac.uk/entry/Q9Y5S2
CDC42BPB	missense_variant		1445844152						Q9Y5S2	Serine/threonine-protein kinase MRCK beta	Homo sapiens	Encontrado	https://alphafold.ebi.ac.uk/entry/Q9Y5S2
CDC42BPB	missense_variant	likely benign	144812182	Q9Y5S2	rs144812182	R671G	0.0		Q9Y5S2	Serine/threonine-protein kinase MRCK beta	Homo sapiens	Encontrado	https://alphafold.ebi.ac.uk/entry/Q9Y5S2
CDC42BPB	missense_variant	likely benign	144812182	Q9Y5S2	rs144812182	R671G	0.14		Q9Y5S2	Serine/threonine-protein kinase MRCK beta	Homo sapiens	Encontrado	https://alphafold.ebi.ac.uk/entry/Q9Y5S2
CDC42BPB	missense_variant		1448257033						Q9Y5S2	Serine/threonine-protein kinase MRCK beta	Homo sapiens	Encontrado	https://alphafold.ebi.ac.uk/entry/Q9Y5S2
CDC42BPB	missense_variant	likely benign	1448994494	Q9Y5S2	rs1448994494	R527W	0.757		Q9Y5S2	Serine/threonine-protein kinase MRCK beta	Homo sapiens	Encontrado	https://alphafold.ebi.ac.uk/entry/Q9Y5S2
CDC42BPB	missense_variant	likely benign	1448994494	Q9Y5S2	rs1448994494	R527W	0.0		Q9Y5S2	Serine/threonine-protein kinase MRCK beta	Homo sapiens	Encontrado	https://alphafold.ebi.ac.uk/entry/Q9Y5S2
CDC42BPB	missense_variant	likely benign	1448994494	Q9Y5S2	rs1448994494	R527W	0.753		Q9Y5S2	Serine/threonine-protein kinase MRCK beta	Homo sapiens	Encontrado	https://alphafold.ebi.ac.uk/entry/Q9Y5S2
CDC42BPB	missense_variant	likely benign	1448994494	Q9Y5S2	rs1448994494	R527W	0.0		Q9Y5S2	Serine/threonine-protein kinase MRCK beta	Homo sapiens	Encontrado	https://alphafold.ebi.ac.uk/entry/Q9Y5S2
CDC42BPB	missense_variant		1449283610						Q9Y5S2	Serine/threonine-protein kinase MRCK beta	Homo sapiens	Encontrado	https://alphafold.ebi.ac.uk/entry/Q9Y5S2
CDC42BPB	missense_variant		1449911639						Q9Y5S2	Serine/threonine-protein kinase MRCK beta	Homo sapiens	Encontrado	https://alphafold.ebi.ac.uk/entry/Q9Y5S2
CDC42BPB	missense_variant		1450205910						Q9Y5S2	Serine/threonine-protein kinase MRCK beta	Homo sapiens	Encontrado	https://alphafold.ebi.ac.uk/entry/Q9Y5S2
CDC42BPB	missense_variant		1450828740						Q9Y5S2	Serine/threonine-protein kinase MRCK beta	Homo sapiens	Encontrado	https://alphafold.ebi.ac.uk/entry/Q9Y5S2
CDC42BPB	missense_variant		1452095712						Q9Y5S2	Serine/threonine-protein kinase MRCK beta	Homo sapiens	Encontrado	https://alphafold.ebi.ac.uk/entry/Q9Y5S2
CDC42BPB	missense_variant		1453956201						Q9Y5S2	Serine/threonine-protein kinase MRCK beta	Homo sapiens	Encontrado	https://alphafold.ebi.ac.uk/entry/Q9Y5S2
CDC42BPB	missense_variant		1454734405						Q9Y5S2	Serine/threonine-protein kinase MRCK beta	Homo sapiens	Encontrado	https://alphafold.ebi.ac.uk/entry/Q9Y5S2
CDC42BPB	missense_variant	uncertain significance	1456240485	Q9Y5S2	rs1456240485	V989M	0.003		Q9Y5S2	Serine/threonine-protein kinase MRCK beta	Homo sapiens	Encontrado	https://alphafold.ebi.ac.uk/entry/Q9Y5S2
CDC42BPB	missense_variant	uncertain significance	1456240485	Q9Y5S2	rs1456240485	V989M	0.09		Q9Y5S2	Serine/threonine-protein kinase MRCK beta	Homo sapiens	Encontrado	https://alphafold.ebi.ac.uk/entry/Q9Y5S2
CDC42BPB	missense_variant		1456288214						Q9Y5S2	Serine/threonine-protein kinase MRCK beta	Homo sapiens	Encontrado	https://alphafold.ebi.ac.uk/entry/Q9Y5S2
CDC42BPB	missense_variant	likely benign	145670721	Q9Y5S2	rs145670721	T609M	0.0		Q9Y5S2	Serine/threonine-protein kinase MRCK beta	Homo sapiens	Encontrado	https://alphafold.ebi.ac.uk/entry/Q9Y5S2
CDC42BPB	missense_variant	likely benign	145670721	Q9Y5S2	rs145670721	T609M	1.0		Q9Y5S2	Serine/threonine-protein kinase MRCK beta	Homo sapiens	Encontrado	https://alphafold.ebi.ac.uk/entry/Q9Y5S2
CDC42BPB	missense_variant	likely benign	145670721	Q9Y5S2	rs145670721	T609M	0.0		Q9Y5S2	Serine/threonine-protein kinase MRCK beta	Homo sapiens	Encontrado	https://alphafold.ebi.ac.uk/entry/Q9Y5S2
CDC42BPB	missense_variant	likely benign	145670721	Q9Y5S2	rs145670721	T609M	1.0		Q9Y5S2	Serine/threonine-protein kinase MRCK beta	Homo sapiens	Encontrado	https://alphafold.ebi.ac.uk/entry/Q9Y5S2
CDC42BPB	missense_variant		1457212134						Q9Y5S2	Serine/threonine-protein kinase MRCK beta	Homo sapiens	Encontrado	https://alphafold.ebi.ac.uk/entry/Q9Y5S2
CDC42BPB	missense_variant	benign	145737227	Q9Y5S2	rs145737227	P1411S	0.151		Q9Y5S2	Serine/threonine-protein kinase MRCK beta	Homo sapiens	Encontrado	https://alphafold.ebi.ac.uk/entry/Q9Y5S2
CDC42BPB	missense_variant	benign	145737227	Q9Y5S2	rs145737227	P1411S	0.04		Q9Y5S2	Serine/threonine-protein kinase MRCK beta	Homo sapiens	Encontrado	https://alphafold.ebi.ac.uk/entry/Q9Y5S2
CDC42BPB	missense_variant		1458414574						Q9Y5S2	Serine/threonine-protein kinase MRCK beta	Homo sapiens	Encontrado	https://alphafold.ebi.ac.uk/entry/Q9Y5S2
CDC42BPB	missense_variant		1459767285						Q9Y5S2	Serine/threonine-protein kinase MRCK beta	Homo sapiens	Encontrado	https://alphafold.ebi.ac.uk/entry/Q9Y5S2
CDC42BPB	missense_variant		1459972650						Q9Y5S2	Serine/threonine-protein kinase MRCK beta	Homo sapiens	Encontrado	https://alphafold.ebi.ac.uk/entry/Q9Y5S2
CDC42BPB	missense_variant		1461545624						Q9Y5S2	Serine/threonine-protein kinase MRCK beta	Homo sapiens	Encontrado	https://alphafold.ebi.ac.uk/entry/Q9Y5S2
CDC42BPB	missense_variant		1461641399						Q9Y5S2	Serine/threonine-protein kinase MRCK beta	Homo sapiens	Encontrado	https://alphafold.ebi.ac.uk/entry/Q9Y5S2
CDC42BPB	missense_variant		146298297						Q9Y5S2	Serine/threonine-protein kinase MRCK beta	Homo sapiens	Encontrado	https://alphafold.ebi.ac.uk/entry/Q9Y5S2
CDC42BPB	missense_variant		1464333227						Q9Y5S2	Serine/threonine-protein kinase MRCK beta	Homo sapiens	Encontrado	https://alphafold.ebi.ac.uk/entry/Q9Y5S2
CDC42BPB	missense_variant		1464547211						Q9Y5S2	Serine/threonine-protein kinase MRCK beta	Homo sapiens	Encontrado	https://alphafold.ebi.ac.uk/entry/Q9Y5S2
CDC42BPB	missense_variant		1465024027						Q9Y5S2	Serine/threonine-protein kinase MRCK beta	Homo sapiens	Encontrado	https://alphafold.ebi.ac.uk/entry/Q9Y5S2
CDC42BPB	missense_variant		1465064771						Q9Y5S2	Serine/threonine-protein kinase MRCK beta	Homo sapiens	Encontrado	https://alphafold.ebi.ac.uk/entry/Q9Y5S2
CDC42BPB	missense_variant		1466090550						Q9Y5S2	Serine/threonine-protein kinase MRCK beta	Homo sapiens	Encontrado	https://alphafold.ebi.ac.uk/entry/Q9Y5S2
CDC42BPB	missense_variant		1466712824						Q9Y5S2	Serine/threonine-protein kinase MRCK beta	Homo sapiens	Encontrado	https://alphafold.ebi.ac.uk/entry/Q9Y5S2
CDC42BPB	missense_variant	uncertain significance	1467901454	Q9Y5S2	rs1467901454	G1646A	0.068		Q9Y5S2	Serine/threonine-protein kinase MRCK beta	Homo sapiens	Encontrado	https://alphafold.ebi.ac.uk/entry/Q9Y5S2
CDC42BPB	missense_variant	uncertain significance	1467901454	Q9Y5S2	rs1467901454	G1646A	0.05		Q9Y5S2	Serine/threonine-protein kinase MRCK beta	Homo sapiens	Encontrado	https://alphafold.ebi.ac.uk/entry/Q9Y5S2
CDC42BPB	missense_variant		1468655007						Q9Y5S2	Serine/threonine-protein kinase MRCK beta	Homo sapiens	Encontrado	https://alphafold.ebi.ac.uk/entry/Q9Y5S2
CDC42BPB	missense_variant		146870461						Q9Y5S2	Serine/threonine-protein kinase MRCK beta	Homo sapiens	Encontrado	https://alphafold.ebi.ac.uk/entry/Q9Y5S2
CDC42BPB	missense_variant		1468707634						Q9Y5S2	Serine/threonine-protein kinase MRCK beta	Homo sapiens	Encontrado	https://alphafold.ebi.ac.uk/entry/Q9Y5S2
CDC42BPB	missense_variant		1468791260						Q9Y5S2	Serine/threonine-protein kinase MRCK beta	Homo sapiens	Encontrado	https://alphafold.ebi.ac.uk/entry/Q9Y5S2
CDC42BPB	missense_variant		1469719693						Q9Y5S2	Serine/threonine-protein kinase MRCK beta	Homo sapiens	Encontrado	https://alphafold.ebi.ac.uk/entry/Q9Y5S2
CDC42BPB	missense_variant		1469832334						Q9Y5S2	Serine/threonine-protein kinase MRCK beta	Homo sapiens	Encontrado	https://alphafold.ebi.ac.uk/entry/Q9Y5S2
CDC42BPB	missense_variant		1469993209						Q9Y5S2	Serine/threonine-protein kinase MRCK beta	Homo sapiens	Encontrado	https://alphafold.ebi.ac.uk/entry/Q9Y5S2
CDC42BPB	missense_variant		1471104141						Q9Y5S2	Serine/threonine-protein kinase MRCK beta	Homo sapiens	Encontrado	https://alphafold.ebi.ac.uk/entry/Q9Y5S2
CDC42BPB	missense_variant		1471198756						Q9Y5S2	Serine/threonine-protein kinase MRCK beta	Homo sapiens	Encontrado	https://alphafold.ebi.ac.uk/entry/Q9Y5S2
CDC42BPB	missense_variant		1471335993						Q9Y5S2	Serine/threonine-protein kinase MRCK beta	Homo sapiens	Encontrado	https://alphafold.ebi.ac.uk/entry/Q9Y5S2
CDC42BPB	missense_variant		147371660						Q9Y5S2	Serine/threonine-protein kinase MRCK beta	Homo sapiens	Encontrado	https://alphafold.ebi.ac.uk/entry/Q9Y5S2
CDC42BPB	missense_variant		1473965879						Q9Y5S2	Serine/threonine-protein kinase MRCK beta	Homo sapiens	Encontrado	https://alphafold.ebi.ac.uk/entry/Q9Y5S2
CDC42BPB	missense_variant		1474360437						Q9Y5S2	Serine/threonine-protein kinase MRCK beta	Homo sapiens	Encontrado	https://alphafold.ebi.ac.uk/entry/Q9Y5S2
CDC42BPB	missense_variant		1474790652						Q9Y5S2	Serine/threonine-protein kinase MRCK beta	Homo sapiens	Encontrado	https://alphafold.ebi.ac.uk/entry/Q9Y5S2
CDC42BPB	missense_variant		1476567278						Q9Y5S2	Serine/threonine-protein kinase MRCK beta	Homo sapiens	Encontrado	https://alphafold.ebi.ac.uk/entry/Q9Y5S2
CDC42BPB	missense_variant		1476597501						Q9Y5S2	Serine/threonine-protein kinase MRCK beta	Homo sapiens	Encontrado	https://alphafold.ebi.ac.uk/entry/Q9Y5S2
CDC42BPB	missense_variant		1476842864						Q9Y5S2	Serine/threonine-protein kinase MRCK beta	Homo sapiens	Encontrado	https://alphafold.ebi.ac.uk/entry/Q9Y5S2
CDC42BPB	missense_variant		1477118006						Q9Y5S2	Serine/threonine-protein kinase MRCK beta	Homo sapiens	Encontrado	https://alphafold.ebi.ac.uk/entry/Q9Y5S2
CDC42BPB	missense_variant		1477528246	Q9Y5S2	rs1477528246	T405M	0.909		Q9Y5S2	Serine/threonine-protein kinase MRCK beta	Homo sapiens	Encontrado	https://alphafold.ebi.ac.uk/entry/Q9Y5S2
CDC42BPB	missense_variant		1477528246	Q9Y5S2	rs1477528246	T405M	0.01		Q9Y5S2	Serine/threonine-protein kinase MRCK beta	Homo sapiens	Encontrado	https://alphafold.ebi.ac.uk/entry/Q9Y5S2
CDC42BPB	missense_variant		1477528246	Q9Y5S2	rs1477528246	T405M	0.853		Q9Y5S2	Serine/threonine-protein kinase MRCK beta	Homo sapiens	Encontrado	https://alphafold.ebi.ac.uk/entry/Q9Y5S2
CDC42BPB	missense_variant		1477528246	Q9Y5S2	rs1477528246	T405M	0.0		Q9Y5S2	Serine/threonine-protein kinase MRCK beta	Homo sapiens	Encontrado	https://alphafold.ebi.ac.uk/entry/Q9Y5S2
CDC42BPB	missense_variant		147781622						Q9Y5S2	Serine/threonine-protein kinase MRCK beta	Homo sapiens	Encontrado	https://alphafold.ebi.ac.uk/entry/Q9Y5S2
CDC42BPB	missense_variant		147856179	Q9Y5S2	rs147856179	V197M	0.992		Q9Y5S2	Serine/threonine-protein kinase MRCK beta	Homo sapiens	Encontrado	https://alphafold.ebi.ac.uk/entry/Q9Y5S2
CDC42BPB	missense_variant		147856179	Q9Y5S2	rs147856179	V197M	0.0		Q9Y5S2	Serine/threonine-protein kinase MRCK beta	Homo sapiens	Encontrado	https://alphafold.ebi.ac.uk/entry/Q9Y5S2
CDC42BPB	missense_variant		147856179	Q9Y5S2	rs147856179	V197M	0.987		Q9Y5S2	Serine/threonine-protein kinase MRCK beta	Homo sapiens	Encontrado	https://alphafold.ebi.ac.uk/entry/Q9Y5S2
CDC42BPB	missense_variant		147856179	Q9Y5S2	rs147856179	V197M	0.0		Q9Y5S2	Serine/threonine-protein kinase MRCK beta	Homo sapiens	Encontrado	https://alphafold.ebi.ac.uk/entry/Q9Y5S2
CDC42BPB	missense_variant	uncertain significance	147925899	Q9Y5S2	rs147925899	K807R	0.08		Q9Y5S2	Serine/threonine-protein kinase MRCK beta	Homo sapiens	Encontrado	https://alphafold.ebi.ac.uk/entry/Q9Y5S2
CDC42BPB	missense_variant	uncertain significance	147925899	Q9Y5S2	rs147925899	K807R	0.06		Q9Y5S2	Serine/threonine-protein kinase MRCK beta	Homo sapiens	Encontrado	https://alphafold.ebi.ac.uk/entry/Q9Y5S2
CDC42BPB	missense_variant		1480011161						Q9Y5S2	Serine/threonine-protein kinase MRCK beta	Homo sapiens	Encontrado	https://alphafold.ebi.ac.uk/entry/Q9Y5S2
CDC42BPB	missense_variant		1480077851						Q9Y5S2	Serine/threonine-protein kinase MRCK beta	Homo sapiens	Encontrado	https://alphafold.ebi.ac.uk/entry/Q9Y5S2
CDC42BPB	missense_variant		1480673716						Q9Y5S2	Serine/threonine-protein kinase MRCK beta	Homo sapiens	Encontrado	https://alphafold.ebi.ac.uk/entry/Q9Y5S2
CDC42BPB	missense_variant		1481742916						Q9Y5S2	Serine/threonine-protein kinase MRCK beta	Homo sapiens	Encontrado	https://alphafold.ebi.ac.uk/entry/Q9Y5S2
CDC42BPB	missense_variant		1483645258						Q9Y5S2	Serine/threonine-protein kinase MRCK beta	Homo sapiens	Encontrado	https://alphafold.ebi.ac.uk/entry/Q9Y5S2
CDC42BPB	missense_variant		148385475						Q9Y5S2	Serine/threonine-protein kinase MRCK beta	Homo sapiens	Encontrado	https://alphafold.ebi.ac.uk/entry/Q9Y5S2
CDC42BPB	missense_variant		1485218238						Q9Y5S2	Serine/threonine-protein kinase MRCK beta	Homo sapiens	Encontrado	https://alphafold.ebi.ac.uk/entry/Q9Y5S2
CDC42BPB	missense_variant		1485309676	Q9Y5S2	rs1485309676	S1693C	0.998		Q9Y5S2	Serine/threonine-protein kinase MRCK beta	Homo sapiens	Encontrado	https://alphafold.ebi.ac.uk/entry/Q9Y5S2
CDC42BPB	missense_variant		1485309676	Q9Y5S2	rs1485309676	S1693C	0.0		Q9Y5S2	Serine/threonine-protein kinase MRCK beta	Homo sapiens	Encontrado	https://alphafold.ebi.ac.uk/entry/Q9Y5S2
CDC42BPB	missense_variant		1485309676	Q9Y5S2	rs1485309676	S1693C	0.998		Q9Y5S2	Serine/threonine-protein kinase MRCK beta	Homo sapiens	Encontrado	https://alphafold.ebi.ac.uk/entry/Q9Y5S2
CDC42BPB	missense_variant		1485309676	Q9Y5S2	rs1485309676	S1693C	0.0		Q9Y5S2	Serine/threonine-protein kinase MRCK beta	Homo sapiens	Encontrado	https://alphafold.ebi.ac.uk/entry/Q9Y5S2
CDC42BPB	missense_variant		1485493716						Q9Y5S2	Serine/threonine-protein kinase MRCK beta	Homo sapiens	Encontrado	https://alphafold.ebi.ac.uk/entry/Q9Y5S2
CDC42BPB	missense_variant		1485832467						Q9Y5S2	Serine/threonine-protein kinase MRCK beta	Homo sapiens	Encontrado	https://alphafold.ebi.ac.uk/entry/Q9Y5S2
CDC42BPB	missense_variant		1486224985						Q9Y5S2	Serine/threonine-protein kinase MRCK beta	Homo sapiens	Encontrado	https://alphafold.ebi.ac.uk/entry/Q9Y5S2
CDC42BPB	missense_variant		1487065711						Q9Y5S2	Serine/threonine-protein kinase MRCK beta	Homo sapiens	Encontrado	https://alphafold.ebi.ac.uk/entry/Q9Y5S2
CDC42BPB	missense_variant		1487279455						Q9Y5S2	Serine/threonine-protein kinase MRCK beta	Homo sapiens	Encontrado	https://alphafold.ebi.ac.uk/entry/Q9Y5S2
CDC42BPB	missense_variant		1487347096						Q9Y5S2	Serine/threonine-protein kinase MRCK beta	Homo sapiens	Encontrado	https://alphafold.ebi.ac.uk/entry/Q9Y5S2
CDC42BPB	missense_variant	uncertain significance	1487900395	Q9Y5S2	rs1487900395	R1490H	0.009		Q9Y5S2	Serine/threonine-protein kinase MRCK beta	Homo sapiens	Encontrado	https://alphafold.ebi.ac.uk/entry/Q9Y5S2
CDC42BPB	missense_variant	uncertain significance	1487900395	Q9Y5S2	rs1487900395	R1490H	0.24		Q9Y5S2	Serine/threonine-protein kinase MRCK beta	Homo sapiens	Encontrado	https://alphafold.ebi.ac.uk/entry/Q9Y5S2
CDC42BPB	missense_variant	uncertain significance	1487900395	Q9Y5S2	rs1487900395	R1490H	0.009		Q9Y5S2	Serine/threonine-protein kinase MRCK beta	Homo sapiens	Encontrado	https://alphafold.ebi.ac.uk/entry/Q9Y5S2
CDC42BPB	missense_variant	uncertain significance	1487900395	Q9Y5S2	rs1487900395	R1490H	1.0		Q9Y5S2	Serine/threonine-protein kinase MRCK beta	Homo sapiens	Encontrado	https://alphafold.ebi.ac.uk/entry/Q9Y5S2
CDC42BPB	missense_variant	likely benign	148797004	Q9Y5S2	rs148797004	A1623S	0.0		Q9Y5S2	Serine/threonine-protein kinase MRCK beta	Homo sapiens	Encontrado	https://alphafold.ebi.ac.uk/entry/Q9Y5S2
CDC42BPB	missense_variant	likely benign	148797004	Q9Y5S2	rs148797004	A1623S	1.0		Q9Y5S2	Serine/threonine-protein kinase MRCK beta	Homo sapiens	Encontrado	https://alphafold.ebi.ac.uk/entry/Q9Y5S2
CDC42BPB	missense_variant		148812684						Q9Y5S2	Serine/threonine-protein kinase MRCK beta	Homo sapiens	Encontrado	https://alphafold.ebi.ac.uk/entry/Q9Y5S2
CDC42BPB	missense_variant		1488606199						Q9Y5S2	Serine/threonine-protein kinase MRCK beta	Homo sapiens	Encontrado	https://alphafold.ebi.ac.uk/entry/Q9Y5S2
CDC42BPB	missense_variant	uncertain significance	1489366169						Q9Y5S2	Serine/threonine-protein kinase MRCK beta	Homo sapiens	Encontrado	https://alphafold.ebi.ac.uk/entry/Q9Y5S2
CDC42BPB	missense_variant		1489501101						Q9Y5S2	Serine/threonine-protein kinase MRCK beta	Homo sapiens	Encontrado	https://alphafold.ebi.ac.uk/entry/Q9Y5S2
CDC42BPB	missense_variant		1489882007	Q9Y5S2	rs1489882007	A142V	0.999		Q9Y5S2	Serine/threonine-protein kinase MRCK beta	Homo sapiens	Encontrado	https://alphafold.ebi.ac.uk/entry/Q9Y5S2
CDC42BPB	missense_variant		1489882007	Q9Y5S2	rs1489882007	A142V	0.0		Q9Y5S2	Serine/threonine-protein kinase MRCK beta	Homo sapiens	Encontrado	https://alphafold.ebi.ac.uk/entry/Q9Y5S2
CDC42BPB	missense_variant		1489882007	Q9Y5S2	rs1489882007	A142V	0.997		Q9Y5S2	Serine/threonine-protein kinase MRCK beta	Homo sapiens	Encontrado	https://alphafold.ebi.ac.uk/entry/Q9Y5S2
CDC42BPB	missense_variant		1489882007	Q9Y5S2	rs1489882007	A142V	0.0		Q9Y5S2	Serine/threonine-protein kinase MRCK beta	Homo sapiens	Encontrado	https://alphafold.ebi.ac.uk/entry/Q9Y5S2
CDC42BPB	missense_variant		1490323123						Q9Y5S2	Serine/threonine-protein kinase MRCK beta	Homo sapiens	Encontrado	https://alphafold.ebi.ac.uk/entry/Q9Y5S2
CDC42BPB	missense_variant		149124468						Q9Y5S2	Serine/threonine-protein kinase MRCK beta	Homo sapiens	Encontrado	https://alphafold.ebi.ac.uk/entry/Q9Y5S2
CDC42BPB	missense_variant		149319188						Q9Y5S2	Serine/threonine-protein kinase MRCK beta	Homo sapiens	Encontrado	https://alphafold.ebi.ac.uk/entry/Q9Y5S2
CDC42BPB	missense_variant		149554853						Q9Y5S2	Serine/threonine-protein kinase MRCK beta	Homo sapiens	Encontrado	https://alphafold.ebi.ac.uk/entry/Q9Y5S2
CDC42BPB	missense_variant		149815807						Q9Y5S2	Serine/threonine-protein kinase MRCK beta	Homo sapiens	Encontrado	https://alphafold.ebi.ac.uk/entry/Q9Y5S2
CDC42BPB	missense_variant		150060973	Q9Y5S2	rs150060973	D1152E	0.0		Q9Y5S2	Serine/threonine-protein kinase MRCK beta	Homo sapiens	Encontrado	https://alphafold.ebi.ac.uk/entry/Q9Y5S2
CDC42BPB	missense_variant		150060973	Q9Y5S2	rs150060973	D1152E	1.0		Q9Y5S2	Serine/threonine-protein kinase MRCK beta	Homo sapiens	Encontrado	https://alphafold.ebi.ac.uk/entry/Q9Y5S2
CDC42BPB	missense_variant		150060973	Q9Y5S2	rs150060973	D1152E	0.0		Q9Y5S2	Serine/threonine-protein kinase MRCK beta	Homo sapiens	Encontrado	https://alphafold.ebi.ac.uk/entry/Q9Y5S2
CDC42BPB	missense_variant		150060973	Q9Y5S2	rs150060973	D1152E	1.0		Q9Y5S2	Serine/threonine-protein kinase MRCK beta	Homo sapiens	Encontrado	https://alphafold.ebi.ac.uk/entry/Q9Y5S2
CDC42BPB	missense_variant		150629546						Q9Y5S2	Serine/threonine-protein kinase MRCK beta	Homo sapiens	Encontrado	https://alphafold.ebi.ac.uk/entry/Q9Y5S2
CDC42BPB	missense_variant		151083985						Q9Y5S2	Serine/threonine-protein kinase MRCK beta	Homo sapiens	Encontrado	https://alphafold.ebi.ac.uk/entry/Q9Y5S2
CDC42BPB	missense_variant		1566837953						Q9Y5S2	Serine/threonine-protein kinase MRCK beta	Homo sapiens	Encontrado	https://alphafold.ebi.ac.uk/entry/Q9Y5S2
CDC42BPB	missense_variant		1566838020						Q9Y5S2	Serine/threonine-protein kinase MRCK beta	Homo sapiens	Encontrado	https://alphafold.ebi.ac.uk/entry/Q9Y5S2
CDC42BPB	missense_variant	uncertain significance	1566839125						Q9Y5S2	Serine/threonine-protein kinase MRCK beta	Homo sapiens	Encontrado	https://alphafold.ebi.ac.uk/entry/Q9Y5S2
CDC42BPB	missense_variant		1566843151						Q9Y5S2	Serine/threonine-protein kinase MRCK beta	Homo sapiens	Encontrado	https://alphafold.ebi.ac.uk/entry/Q9Y5S2
CDC42BPB	missense_variant		1566843363						Q9Y5S2	Serine/threonine-protein kinase MRCK beta	Homo sapiens	Encontrado	https://alphafold.ebi.ac.uk/entry/Q9Y5S2
CDC42BPB	missense_variant		1566843777	Q9Y5S2	rs1566843777	P1323S	0.068		Q9Y5S2	Serine/threonine-protein kinase MRCK beta	Homo sapiens	Encontrado	https://alphafold.ebi.ac.uk/entry/Q9Y5S2
CDC42BPB	missense_variant		1566843777	Q9Y5S2	rs1566843777	P1323S	0.23		Q9Y5S2	Serine/threonine-protein kinase MRCK beta	Homo sapiens	Encontrado	https://alphafold.ebi.ac.uk/entry/Q9Y5S2
CDC42BPB	missense_variant		1566843777	Q9Y5S2	rs1566843777	P1323S	0.071		Q9Y5S2	Serine/threonine-protein kinase MRCK beta	Homo sapiens	Encontrado	https://alphafold.ebi.ac.uk/entry/Q9Y5S2
CDC42BPB	missense_variant		1566843777	Q9Y5S2	rs1566843777	P1323S	0.01		Q9Y5S2	Serine/threonine-protein kinase MRCK beta	Homo sapiens	Encontrado	https://alphafold.ebi.ac.uk/entry/Q9Y5S2
CDC42BPB	missense_variant	uncertain significance	1566843791	Q9Y5S2	rs1566843791	S1317C	0.574		Q9Y5S2	Serine/threonine-protein kinase MRCK beta	Homo sapiens	Encontrado	https://alphafold.ebi.ac.uk/entry/Q9Y5S2
CDC42BPB	missense_variant	uncertain significance	1566843791	Q9Y5S2	rs1566843791	S1317C	0.01		Q9Y5S2	Serine/threonine-protein kinase MRCK beta	Homo sapiens	Encontrado	https://alphafold.ebi.ac.uk/entry/Q9Y5S2
CDC42BPB	missense_variant	uncertain significance	1566865374						Q9Y5S2	Serine/threonine-protein kinase MRCK beta	Homo sapiens	Encontrado	https://alphafold.ebi.ac.uk/entry/Q9Y5S2
CDC42BPB	missense_variant		1566866914						Q9Y5S2	Serine/threonine-protein kinase MRCK beta	Homo sapiens	Encontrado	https://alphafold.ebi.ac.uk/entry/Q9Y5S2
CDC42BPB	missense_variant		1566872144	Q9Y5S2	rs1566872144	H535Y	0.0		Q9Y5S2	Serine/threonine-protein kinase MRCK beta	Homo sapiens	Encontrado	https://alphafold.ebi.ac.uk/entry/Q9Y5S2
CDC42BPB	missense_variant		1566872144	Q9Y5S2	rs1566872144	H535Y	0.86		Q9Y5S2	Serine/threonine-protein kinase MRCK beta	Homo sapiens	Encontrado	https://alphafold.ebi.ac.uk/entry/Q9Y5S2
CDC42BPB	missense_variant		1566872144	Q9Y5S2	rs1566872144	H535Y	0.0		Q9Y5S2	Serine/threonine-protein kinase MRCK beta	Homo sapiens	Encontrado	https://alphafold.ebi.ac.uk/entry/Q9Y5S2
CDC42BPB	missense_variant		1566872144	Q9Y5S2	rs1566872144	H535Y	0.54		Q9Y5S2	Serine/threonine-protein kinase MRCK beta	Homo sapiens	Encontrado	https://alphafold.ebi.ac.uk/entry/Q9Y5S2
CDC42BPB	missense_variant		1566873808						Q9Y5S2	Serine/threonine-protein kinase MRCK beta	Homo sapiens	Encontrado	https://alphafold.ebi.ac.uk/entry/Q9Y5S2
CDC42BPB	missense_variant		1566874246						Q9Y5S2	Serine/threonine-protein kinase MRCK beta	Homo sapiens	Encontrado	https://alphafold.ebi.ac.uk/entry/Q9Y5S2
CDC42BPB	missense_variant		1595127260						Q9Y5S2	Serine/threonine-protein kinase MRCK beta	Homo sapiens	Encontrado	https://alphafold.ebi.ac.uk/entry/Q9Y5S2
CDC42BPB	missense_variant	likely pathogenic, pathogenic	1595127294						Q9Y5S2	Serine/threonine-protein kinase MRCK beta	Homo sapiens	Encontrado	https://alphafold.ebi.ac.uk/entry/Q9Y5S2
CDC42BPB	missense_variant		1595438671						Q9Y5S2	Serine/threonine-protein kinase MRCK beta	Homo sapiens	Encontrado	https://alphafold.ebi.ac.uk/entry/Q9Y5S2
CDC42BPB	missense_variant		1595438792						Q9Y5S2	Serine/threonine-protein kinase MRCK beta	Homo sapiens	Encontrado	https://alphafold.ebi.ac.uk/entry/Q9Y5S2
CDC42BPB	missense_variant		1595438835						Q9Y5S2	Serine/threonine-protein kinase MRCK beta	Homo sapiens	Encontrado	https://alphafold.ebi.ac.uk/entry/Q9Y5S2
CDC42BPB	missense_variant		1595438845						Q9Y5S2	Serine/threonine-protein kinase MRCK beta	Homo sapiens	Encontrado	https://alphafold.ebi.ac.uk/entry/Q9Y5S2
CDC42BPB	missense_variant		1595443584						Q9Y5S2	Serine/threonine-protein kinase MRCK beta	Homo sapiens	Encontrado	https://alphafold.ebi.ac.uk/entry/Q9Y5S2
CDC42BPB	missense_variant		1595443617						Q9Y5S2	Serine/threonine-protein kinase MRCK beta	Homo sapiens	Encontrado	https://alphafold.ebi.ac.uk/entry/Q9Y5S2
CDC42BPB	missense_variant		1595449940						Q9Y5S2	Serine/threonine-protein kinase MRCK beta	Homo sapiens	Encontrado	https://alphafold.ebi.ac.uk/entry/Q9Y5S2
CDC42BPB	missense_variant		1595449952						Q9Y5S2	Serine/threonine-protein kinase MRCK beta	Homo sapiens	Encontrado	https://alphafold.ebi.ac.uk/entry/Q9Y5S2
CDC42BPB	missense_variant		1595450021						Q9Y5S2	Serine/threonine-protein kinase MRCK beta	Homo sapiens	Encontrado	https://alphafold.ebi.ac.uk/entry/Q9Y5S2
CDC42BPB	missense_variant		1595450117						Q9Y5S2	Serine/threonine-protein kinase MRCK beta	Homo sapiens	Encontrado	https://alphafold.ebi.ac.uk/entry/Q9Y5S2
CDC42BPB	missense_variant	likely pathogenic	1595450125						Q9Y5S2	Serine/threonine-protein kinase MRCK beta	Homo sapiens	Encontrado	https://alphafold.ebi.ac.uk/entry/Q9Y5S2
CDC42BPB	missense_variant		1595450223						Q9Y5S2	Serine/threonine-protein kinase MRCK beta	Homo sapiens	Encontrado	https://alphafold.ebi.ac.uk/entry/Q9Y5S2
CDC42BPB	missense_variant		1595450226						Q9Y5S2	Serine/threonine-protein kinase MRCK beta	Homo sapiens	Encontrado	https://alphafold.ebi.ac.uk/entry/Q9Y5S2
CDC42BPB	missense_variant		1595450310						Q9Y5S2	Serine/threonine-protein kinase MRCK beta	Homo sapiens	Encontrado	https://alphafold.ebi.ac.uk/entry/Q9Y5S2
CDC42BPB	missense_variant	likely pathogenic	1595450393						Q9Y5S2	Serine/threonine-protein kinase MRCK beta	Homo sapiens	Encontrado	https://alphafold.ebi.ac.uk/entry/Q9Y5S2
CDC42BPB	missense_variant		1595450440						Q9Y5S2	Serine/threonine-protein kinase MRCK beta	Homo sapiens	Encontrado	https://alphafold.ebi.ac.uk/entry/Q9Y5S2
CDC42BPB	missense_variant	uncertain significance	1595450511						Q9Y5S2	Serine/threonine-protein kinase MRCK beta	Homo sapiens	Encontrado	https://alphafold.ebi.ac.uk/entry/Q9Y5S2
CDC42BPB	missense_variant		1595457897						Q9Y5S2	Serine/threonine-protein kinase MRCK beta	Homo sapiens	Encontrado	https://alphafold.ebi.ac.uk/entry/Q9Y5S2
CDC42BPB	missense_variant		1595457972						Q9Y5S2	Serine/threonine-protein kinase MRCK beta	Homo sapiens	Encontrado	https://alphafold.ebi.ac.uk/entry/Q9Y5S2
CDC42BPB	missense_variant		1595458911						Q9Y5S2	Serine/threonine-protein kinase MRCK beta	Homo sapiens	Encontrado	https://alphafold.ebi.ac.uk/entry/Q9Y5S2
CDC42BPB	missense_variant		1595460747						Q9Y5S2	Serine/threonine-protein kinase MRCK beta	Homo sapiens	Encontrado	https://alphafold.ebi.ac.uk/entry/Q9Y5S2
CDC42BPB	missense_variant		1595462690						Q9Y5S2	Serine/threonine-protein kinase MRCK beta	Homo sapiens	Encontrado	https://alphafold.ebi.ac.uk/entry/Q9Y5S2
CDC42BPB	missense_variant		1595464233						Q9Y5S2	Serine/threonine-protein kinase MRCK beta	Homo sapiens	Encontrado	https://alphafold.ebi.ac.uk/entry/Q9Y5S2
CDC42BPB	missense_variant		1595464274						Q9Y5S2	Serine/threonine-protein kinase MRCK beta	Homo sapiens	Encontrado	https://alphafold.ebi.ac.uk/entry/Q9Y5S2
CDC42BPB	missense_variant		1595471008						Q9Y5S2	Serine/threonine-protein kinase MRCK beta	Homo sapiens	Encontrado	https://alphafold.ebi.ac.uk/entry/Q9Y5S2
CDC42BPB	missense_variant		1595472621						Q9Y5S2	Serine/threonine-protein kinase MRCK beta	Homo sapiens	Encontrado	https://alphafold.ebi.ac.uk/entry/Q9Y5S2
CDC42BPB	missense_variant	likely pathogenic	1595472739						Q9Y5S2	Serine/threonine-protein kinase MRCK beta	Homo sapiens	Encontrado	https://alphafold.ebi.ac.uk/entry/Q9Y5S2
CDC42BPB	missense_variant	likely pathogenic, pathogenic	1595472741	Q9Y5S2	rs1595472741	R876W	0.944		Q9Y5S2	Serine/threonine-protein kinase MRCK beta	Homo sapiens	Encontrado	https://alphafold.ebi.ac.uk/entry/Q9Y5S2
CDC42BPB	missense_variant	likely pathogenic, pathogenic	1595472741	Q9Y5S2	rs1595472741	R876W	0.0		Q9Y5S2	Serine/threonine-protein kinase MRCK beta	Homo sapiens	Encontrado	https://alphafold.ebi.ac.uk/entry/Q9Y5S2
CDC42BPB	missense_variant	likely pathogenic	1595472756						Q9Y5S2	Serine/threonine-protein kinase MRCK beta	Homo sapiens	Encontrado	https://alphafold.ebi.ac.uk/entry/Q9Y5S2
CDC42BPB	missense_variant	likely pathogenic, pathogenic	1595472764						Q9Y5S2	Serine/threonine-protein kinase MRCK beta	Homo sapiens	Encontrado	https://alphafold.ebi.ac.uk/entry/Q9Y5S2
CDC42BPB	missense_variant		1595472779						Q9Y5S2	Serine/threonine-protein kinase MRCK beta	Homo sapiens	Encontrado	https://alphafold.ebi.ac.uk/entry/Q9Y5S2
CDC42BPB	missense_variant		1595472810						Q9Y5S2	Serine/threonine-protein kinase MRCK beta	Homo sapiens	Encontrado	https://alphafold.ebi.ac.uk/entry/Q9Y5S2
CDC42BPB	missense_variant	uncertain significance	1595474588						Q9Y5S2	Serine/threonine-protein kinase MRCK beta	Homo sapiens	Encontrado	https://alphafold.ebi.ac.uk/entry/Q9Y5S2
CDC42BPB	missense_variant		1595477072						Q9Y5S2	Serine/threonine-protein kinase MRCK beta	Homo sapiens	Encontrado	https://alphafold.ebi.ac.uk/entry/Q9Y5S2
CDC42BPB	missense_variant		1595477132						Q9Y5S2	Serine/threonine-protein kinase MRCK beta	Homo sapiens	Encontrado	https://alphafold.ebi.ac.uk/entry/Q9Y5S2
CDC42BPB	missense_variant		1595477267						Q9Y5S2	Serine/threonine-protein kinase MRCK beta	Homo sapiens	Encontrado	https://alphafold.ebi.ac.uk/entry/Q9Y5S2
CDC42BPB	missense_variant		1595483123						Q9Y5S2	Serine/threonine-protein kinase MRCK beta	Homo sapiens	Encontrado	https://alphafold.ebi.ac.uk/entry/Q9Y5S2
CDC42BPB	missense_variant		1595490349						Q9Y5S2	Serine/threonine-protein kinase MRCK beta	Homo sapiens	Encontrado	https://alphafold.ebi.ac.uk/entry/Q9Y5S2
CDC42BPB	missense_variant		185643206						Q9Y5S2	Serine/threonine-protein kinase MRCK beta	Homo sapiens	Encontrado	https://alphafold.ebi.ac.uk/entry/Q9Y5S2
CDC42BPB	missense_variant		186167635						Q9Y5S2	Serine/threonine-protein kinase MRCK beta	Homo sapiens	Encontrado	https://alphafold.ebi.ac.uk/entry/Q9Y5S2
CDC42BPB	missense_variant	uncertain significance	1885973429	Q9Y5S2	rs1885973429	N108K	0.965		Q9Y5S2	Serine/threonine-protein kinase MRCK beta	Homo sapiens	Encontrado	https://alphafold.ebi.ac.uk/entry/Q9Y5S2
CDC42BPB	missense_variant	uncertain significance	1885973429	Q9Y5S2	rs1885973429	N108K	0.0		Q9Y5S2	Serine/threonine-protein kinase MRCK beta	Homo sapiens	Encontrado	https://alphafold.ebi.ac.uk/entry/Q9Y5S2
CDC42BPB	missense_variant		1885974911						Q9Y5S2	Serine/threonine-protein kinase MRCK beta	Homo sapiens	Encontrado	https://alphafold.ebi.ac.uk/entry/Q9Y5S2
CDC42BPB	missense_variant		1886190549						Q9Y5S2	Serine/threonine-protein kinase MRCK beta	Homo sapiens	Encontrado	https://alphafold.ebi.ac.uk/entry/Q9Y5S2
CDC42BPB	missense_variant		1886191153						Q9Y5S2	Serine/threonine-protein kinase MRCK beta	Homo sapiens	Encontrado	https://alphafold.ebi.ac.uk/entry/Q9Y5S2
CDC42BPB	missense_variant		1886191319						Q9Y5S2	Serine/threonine-protein kinase MRCK beta	Homo sapiens	Encontrado	https://alphafold.ebi.ac.uk/entry/Q9Y5S2
CDC42BPB	missense_variant		1886192116						Q9Y5S2	Serine/threonine-protein kinase MRCK beta	Homo sapiens	Encontrado	https://alphafold.ebi.ac.uk/entry/Q9Y5S2
CDC42BPB	missense_variant		1886193515						Q9Y5S2	Serine/threonine-protein kinase MRCK beta	Homo sapiens	Encontrado	https://alphafold.ebi.ac.uk/entry/Q9Y5S2
CDC42BPB	missense_variant		1889021474						Q9Y5S2	Serine/threonine-protein kinase MRCK beta	Homo sapiens	Encontrado	https://alphafold.ebi.ac.uk/entry/Q9Y5S2
CDC42BPB	missense_variant	uncertain significance	1889023648						Q9Y5S2	Serine/threonine-protein kinase MRCK beta	Homo sapiens	Encontrado	https://alphafold.ebi.ac.uk/entry/Q9Y5S2
CDC42BPB	missense_variant		1889025433						Q9Y5S2	Serine/threonine-protein kinase MRCK beta	Homo sapiens	Encontrado	https://alphafold.ebi.ac.uk/entry/Q9Y5S2
CDC42BPB	missense_variant		1889028716						Q9Y5S2	Serine/threonine-protein kinase MRCK beta	Homo sapiens	Encontrado	https://alphafold.ebi.ac.uk/entry/Q9Y5S2
CDC42BPB	missense_variant		1889029511						Q9Y5S2	Serine/threonine-protein kinase MRCK beta	Homo sapiens	Encontrado	https://alphafold.ebi.ac.uk/entry/Q9Y5S2
CDC42BPB	missense_variant		1889030348						Q9Y5S2	Serine/threonine-protein kinase MRCK beta	Homo sapiens	Encontrado	https://alphafold.ebi.ac.uk/entry/Q9Y5S2
CDC42BPB	missense_variant		1889031169						Q9Y5S2	Serine/threonine-protein kinase MRCK beta	Homo sapiens	Encontrado	https://alphafold.ebi.ac.uk/entry/Q9Y5S2
CDC42BPB	missense_variant		1889033282						Q9Y5S2	Serine/threonine-protein kinase MRCK beta	Homo sapiens	Encontrado	https://alphafold.ebi.ac.uk/entry/Q9Y5S2
CDC42BPB	missense_variant		1889033453						Q9Y5S2	Serine/threonine-protein kinase MRCK beta	Homo sapiens	Encontrado	https://alphafold.ebi.ac.uk/entry/Q9Y5S2
CDC42BPB	missense_variant	uncertain significance	1891500276						Q9Y5S2	Serine/threonine-protein kinase MRCK beta	Homo sapiens	Encontrado	https://alphafold.ebi.ac.uk/entry/Q9Y5S2
CDC42BPB	missense_variant		1891500630						Q9Y5S2	Serine/threonine-protein kinase MRCK beta	Homo sapiens	Encontrado	https://alphafold.ebi.ac.uk/entry/Q9Y5S2
CDC42BPB	missense_variant		1891501960						Q9Y5S2	Serine/threonine-protein kinase MRCK beta	Homo sapiens	Encontrado	https://alphafold.ebi.ac.uk/entry/Q9Y5S2
CDC42BPB	missense_variant		1891503899						Q9Y5S2	Serine/threonine-protein kinase MRCK beta	Homo sapiens	Encontrado	https://alphafold.ebi.ac.uk/entry/Q9Y5S2
CDC42BPB	missense_variant		1891504148						Q9Y5S2	Serine/threonine-protein kinase MRCK beta	Homo sapiens	Encontrado	https://alphafold.ebi.ac.uk/entry/Q9Y5S2
CDC42BPB	missense_variant		1891505335						Q9Y5S2	Serine/threonine-protein kinase MRCK beta	Homo sapiens	Encontrado	https://alphafold.ebi.ac.uk/entry/Q9Y5S2
CDC42BPB	missense_variant		1891506186						Q9Y5S2	Serine/threonine-protein kinase MRCK beta	Homo sapiens	Encontrado	https://alphafold.ebi.ac.uk/entry/Q9Y5S2
CDC42BPB	missense_variant		1891506706						Q9Y5S2	Serine/threonine-protein kinase MRCK beta	Homo sapiens	Encontrado	https://alphafold.ebi.ac.uk/entry/Q9Y5S2
CDC42BPB	missense_variant		1891507517						Q9Y5S2	Serine/threonine-protein kinase MRCK beta	Homo sapiens	Encontrado	https://alphafold.ebi.ac.uk/entry/Q9Y5S2
CDC42BPB	missense_variant		1891507761						Q9Y5S2	Serine/threonine-protein kinase MRCK beta	Homo sapiens	Encontrado	https://alphafold.ebi.ac.uk/entry/Q9Y5S2
CDC42BPB	missense_variant		1891721453						Q9Y5S2	Serine/threonine-protein kinase MRCK beta	Homo sapiens	Encontrado	https://alphafold.ebi.ac.uk/entry/Q9Y5S2
CDC42BPB	missense_variant		1891721547						Q9Y5S2	Serine/threonine-protein kinase MRCK beta	Homo sapiens	Encontrado	https://alphafold.ebi.ac.uk/entry/Q9Y5S2
CDC42BPB	missense_variant		1891721651						Q9Y5S2	Serine/threonine-protein kinase MRCK beta	Homo sapiens	Encontrado	https://alphafold.ebi.ac.uk/entry/Q9Y5S2
CDC42BPB	missense_variant		1891722668						Q9Y5S2	Serine/threonine-protein kinase MRCK beta	Homo sapiens	Encontrado	https://alphafold.ebi.ac.uk/entry/Q9Y5S2
CDC42BPB	missense_variant		1891722930						Q9Y5S2	Serine/threonine-protein kinase MRCK beta	Homo sapiens	Encontrado	https://alphafold.ebi.ac.uk/entry/Q9Y5S2
CDC42BPB	missense_variant		1891735111						Q9Y5S2	Serine/threonine-protein kinase MRCK beta	Homo sapiens	Encontrado	https://alphafold.ebi.ac.uk/entry/Q9Y5S2
CDC42BPB	missense_variant		1891799572						Q9Y5S2	Serine/threonine-protein kinase MRCK beta	Homo sapiens	Encontrado	https://alphafold.ebi.ac.uk/entry/Q9Y5S2
CDC42BPB	missense_variant		1891801585						Q9Y5S2	Serine/threonine-protein kinase MRCK beta	Homo sapiens	Encontrado	https://alphafold.ebi.ac.uk/entry/Q9Y5S2
CDC42BPB	missense_variant		1891808684						Q9Y5S2	Serine/threonine-protein kinase MRCK beta	Homo sapiens	Encontrado	https://alphafold.ebi.ac.uk/entry/Q9Y5S2
CDC42BPB	missense_variant	uncertain significance	1891809128	Q9Y5S2	rs1891809128	E1562Q	0.881		Q9Y5S2	Serine/threonine-protein kinase MRCK beta	Homo sapiens	Encontrado	https://alphafold.ebi.ac.uk/entry/Q9Y5S2
CDC42BPB	missense_variant	uncertain significance	1891809128	Q9Y5S2	rs1891809128	E1562Q	0.05		Q9Y5S2	Serine/threonine-protein kinase MRCK beta	Homo sapiens	Encontrado	https://alphafold.ebi.ac.uk/entry/Q9Y5S2
CDC42BPB	missense_variant		1891809454						Q9Y5S2	Serine/threonine-protein kinase MRCK beta	Homo sapiens	Encontrado	https://alphafold.ebi.ac.uk/entry/Q9Y5S2
CDC42BPB	missense_variant		1891810185						Q9Y5S2	Serine/threonine-protein kinase MRCK beta	Homo sapiens	Encontrado	https://alphafold.ebi.ac.uk/entry/Q9Y5S2
CDC42BPB	missense_variant		1891810515						Q9Y5S2	Serine/threonine-protein kinase MRCK beta	Homo sapiens	Encontrado	https://alphafold.ebi.ac.uk/entry/Q9Y5S2
CDC42BPB	missense_variant		1891820589						Q9Y5S2	Serine/threonine-protein kinase MRCK beta	Homo sapiens	Encontrado	https://alphafold.ebi.ac.uk/entry/Q9Y5S2
CDC42BPB	missense_variant		1891822438						Q9Y5S2	Serine/threonine-protein kinase MRCK beta	Homo sapiens	Encontrado	https://alphafold.ebi.ac.uk/entry/Q9Y5S2
CDC42BPB	missense_variant		1891822723						Q9Y5S2	Serine/threonine-protein kinase MRCK beta	Homo sapiens	Encontrado	https://alphafold.ebi.ac.uk/entry/Q9Y5S2
CDC42BPB	missense_variant	uncertain significance	1891822816	Q9Y5S2	rs1891822816	C1517R	0.006		Q9Y5S2	Serine/threonine-protein kinase MRCK beta	Homo sapiens	Encontrado	https://alphafold.ebi.ac.uk/entry/Q9Y5S2
CDC42BPB	missense_variant	uncertain significance	1891822816	Q9Y5S2	rs1891822816	C1517R	0.06		Q9Y5S2	Serine/threonine-protein kinase MRCK beta	Homo sapiens	Encontrado	https://alphafold.ebi.ac.uk/entry/Q9Y5S2
CDC42BPB	missense_variant		1891823520						Q9Y5S2	Serine/threonine-protein kinase MRCK beta	Homo sapiens	Encontrado	https://alphafold.ebi.ac.uk/entry/Q9Y5S2
CDC42BPB	missense_variant		1891824675						Q9Y5S2	Serine/threonine-protein kinase MRCK beta	Homo sapiens	Encontrado	https://alphafold.ebi.ac.uk/entry/Q9Y5S2
CDC42BPB	missense_variant	uncertain significance	1891831723						Q9Y5S2	Serine/threonine-protein kinase MRCK beta	Homo sapiens	Encontrado	https://alphafold.ebi.ac.uk/entry/Q9Y5S2
CDC42BPB	missense_variant		1892019190						Q9Y5S2	Serine/threonine-protein kinase MRCK beta	Homo sapiens	Encontrado	https://alphafold.ebi.ac.uk/entry/Q9Y5S2
CDC42BPB	missense_variant		1892019355						Q9Y5S2	Serine/threonine-protein kinase MRCK beta	Homo sapiens	Encontrado	https://alphafold.ebi.ac.uk/entry/Q9Y5S2
CDC42BPB	missense_variant		1892019501						Q9Y5S2	Serine/threonine-protein kinase MRCK beta	Homo sapiens	Encontrado	https://alphafold.ebi.ac.uk/entry/Q9Y5S2
CDC42BPB	missense_variant		1892020736						Q9Y5S2	Serine/threonine-protein kinase MRCK beta	Homo sapiens	Encontrado	https://alphafold.ebi.ac.uk/entry/Q9Y5S2
CDC42BPB	missense_variant	uncertain significance	1892022642	Q9Y5S2	rs1892022642	V1448M	0.944		Q9Y5S2	Serine/threonine-protein kinase MRCK beta	Homo sapiens	Encontrado	https://alphafold.ebi.ac.uk/entry/Q9Y5S2
CDC42BPB	missense_variant	uncertain significance	1892022642	Q9Y5S2	rs1892022642	V1448M	0.0		Q9Y5S2	Serine/threonine-protein kinase MRCK beta	Homo sapiens	Encontrado	https://alphafold.ebi.ac.uk/entry/Q9Y5S2
CDC42BPB	missense_variant		1892028040						Q9Y5S2	Serine/threonine-protein kinase MRCK beta	Homo sapiens	Encontrado	https://alphafold.ebi.ac.uk/entry/Q9Y5S2
CDC42BPB	missense_variant		1892028717						Q9Y5S2	Serine/threonine-protein kinase MRCK beta	Homo sapiens	Encontrado	https://alphafold.ebi.ac.uk/entry/Q9Y5S2
CDC42BPB	missense_variant		1892029266						Q9Y5S2	Serine/threonine-protein kinase MRCK beta	Homo sapiens	Encontrado	https://alphafold.ebi.ac.uk/entry/Q9Y5S2
CDC42BPB	missense_variant		1892030505						Q9Y5S2	Serine/threonine-protein kinase MRCK beta	Homo sapiens	Encontrado	https://alphafold.ebi.ac.uk/entry/Q9Y5S2
CDC42BPB	missense_variant		1892030808						Q9Y5S2	Serine/threonine-protein kinase MRCK beta	Homo sapiens	Encontrado	https://alphafold.ebi.ac.uk/entry/Q9Y5S2
CDC42BPB	missense_variant		1892032285						Q9Y5S2	Serine/threonine-protein kinase MRCK beta	Homo sapiens	Encontrado	https://alphafold.ebi.ac.uk/entry/Q9Y5S2
CDC42BPB	missense_variant		1892037422						Q9Y5S2	Serine/threonine-protein kinase MRCK beta	Homo sapiens	Encontrado	https://alphafold.ebi.ac.uk/entry/Q9Y5S2
CDC42BPB	missense_variant		1892037577						Q9Y5S2	Serine/threonine-protein kinase MRCK beta	Homo sapiens	Encontrado	https://alphafold.ebi.ac.uk/entry/Q9Y5S2
CDC42BPB	missense_variant		1892038172						Q9Y5S2	Serine/threonine-protein kinase MRCK beta	Homo sapiens	Encontrado	https://alphafold.ebi.ac.uk/entry/Q9Y5S2
CDC42BPB	missense_variant		1892038662						Q9Y5S2	Serine/threonine-protein kinase MRCK beta	Homo sapiens	Encontrado	https://alphafold.ebi.ac.uk/entry/Q9Y5S2
CDC42BPB	missense_variant		1892038948						Q9Y5S2	Serine/threonine-protein kinase MRCK beta	Homo sapiens	Encontrado	https://alphafold.ebi.ac.uk/entry/Q9Y5S2
CDC42BPB	missense_variant		1892039555						Q9Y5S2	Serine/threonine-protein kinase MRCK beta	Homo sapiens	Encontrado	https://alphafold.ebi.ac.uk/entry/Q9Y5S2
CDC42BPB	missense_variant		1892043395						Q9Y5S2	Serine/threonine-protein kinase MRCK beta	Homo sapiens	Encontrado	https://alphafold.ebi.ac.uk/entry/Q9Y5S2
CDC42BPB	missense_variant		1892045402						Q9Y5S2	Serine/threonine-protein kinase MRCK beta	Homo sapiens	Encontrado	https://alphafold.ebi.ac.uk/entry/Q9Y5S2
CDC42BPB	missense_variant		1892046481						Q9Y5S2	Serine/threonine-protein kinase MRCK beta	Homo sapiens	Encontrado	https://alphafold.ebi.ac.uk/entry/Q9Y5S2
CDC42BPB	missense_variant		1892052545						Q9Y5S2	Serine/threonine-protein kinase MRCK beta	Homo sapiens	Encontrado	https://alphafold.ebi.ac.uk/entry/Q9Y5S2
CDC42BPB	missense_variant		1892057228						Q9Y5S2	Serine/threonine-protein kinase MRCK beta	Homo sapiens	Encontrado	https://alphafold.ebi.ac.uk/entry/Q9Y5S2
CDC42BPB	missense_variant		1892182282						Q9Y5S2	Serine/threonine-protein kinase MRCK beta	Homo sapiens	Encontrado	https://alphafold.ebi.ac.uk/entry/Q9Y5S2
CDC42BPB	missense_variant		1892184656						Q9Y5S2	Serine/threonine-protein kinase MRCK beta	Homo sapiens	Encontrado	https://alphafold.ebi.ac.uk/entry/Q9Y5S2
CDC42BPB	missense_variant		1892185442						Q9Y5S2	Serine/threonine-protein kinase MRCK beta	Homo sapiens	Encontrado	https://alphafold.ebi.ac.uk/entry/Q9Y5S2
CDC42BPB	missense_variant	uncertain significance	1892191977	Q9Y5S2	rs1892191977	G1184D	0.344		Q9Y5S2	Serine/threonine-protein kinase MRCK beta	Homo sapiens	Encontrado	https://alphafold.ebi.ac.uk/entry/Q9Y5S2
CDC42BPB	missense_variant	uncertain significance	1892191977	Q9Y5S2	rs1892191977	G1184D	0.01		Q9Y5S2	Serine/threonine-protein kinase MRCK beta	Homo sapiens	Encontrado	https://alphafold.ebi.ac.uk/entry/Q9Y5S2
CDC42BPB	missense_variant		1892192110						Q9Y5S2	Serine/threonine-protein kinase MRCK beta	Homo sapiens	Encontrado	https://alphafold.ebi.ac.uk/entry/Q9Y5S2
CDC42BPB	missense_variant		1892192242						Q9Y5S2	Serine/threonine-protein kinase MRCK beta	Homo sapiens	Encontrado	https://alphafold.ebi.ac.uk/entry/Q9Y5S2
CDC42BPB	missense_variant		1892248315						Q9Y5S2	Serine/threonine-protein kinase MRCK beta	Homo sapiens	Encontrado	https://alphafold.ebi.ac.uk/entry/Q9Y5S2
CDC42BPB	missense_variant		1892249517						Q9Y5S2	Serine/threonine-protein kinase MRCK beta	Homo sapiens	Encontrado	https://alphafold.ebi.ac.uk/entry/Q9Y5S2
CDC42BPB	missense_variant	uncertain significance	1892397974	Q9Y5S2	rs1892397974	S1144N	0.069		Q9Y5S2	Serine/threonine-protein kinase MRCK beta	Homo sapiens	Encontrado	https://alphafold.ebi.ac.uk/entry/Q9Y5S2
CDC42BPB	missense_variant	uncertain significance	1892397974	Q9Y5S2	rs1892397974	S1144N	0.0		Q9Y5S2	Serine/threonine-protein kinase MRCK beta	Homo sapiens	Encontrado	https://alphafold.ebi.ac.uk/entry/Q9Y5S2
CDC42BPB	missense_variant		1892399212						Q9Y5S2	Serine/threonine-protein kinase MRCK beta	Homo sapiens	Encontrado	https://alphafold.ebi.ac.uk/entry/Q9Y5S2
CDC42BPB	missense_variant		1892402177						Q9Y5S2	Serine/threonine-protein kinase MRCK beta	Homo sapiens	Encontrado	https://alphafold.ebi.ac.uk/entry/Q9Y5S2
CDC42BPB	missense_variant		1892404106						Q9Y5S2	Serine/threonine-protein kinase MRCK beta	Homo sapiens	Encontrado	https://alphafold.ebi.ac.uk/entry/Q9Y5S2
CDC42BPB	missense_variant		1892440297						Q9Y5S2	Serine/threonine-protein kinase MRCK beta	Homo sapiens	Encontrado	https://alphafold.ebi.ac.uk/entry/Q9Y5S2
CDC42BPB	missense_variant		1892440883						Q9Y5S2	Serine/threonine-protein kinase MRCK beta	Homo sapiens	Encontrado	https://alphafold.ebi.ac.uk/entry/Q9Y5S2
CDC42BPB	missense_variant		1892441005						Q9Y5S2	Serine/threonine-protein kinase MRCK beta	Homo sapiens	Encontrado	https://alphafold.ebi.ac.uk/entry/Q9Y5S2
CDC42BPB	missense_variant		1892537262						Q9Y5S2	Serine/threonine-protein kinase MRCK beta	Homo sapiens	Encontrado	https://alphafold.ebi.ac.uk/entry/Q9Y5S2
CDC42BPB	missense_variant		1892538665						Q9Y5S2	Serine/threonine-protein kinase MRCK beta	Homo sapiens	Encontrado	https://alphafold.ebi.ac.uk/entry/Q9Y5S2
CDC42BPB	missense_variant		1892539175						Q9Y5S2	Serine/threonine-protein kinase MRCK beta	Homo sapiens	Encontrado	https://alphafold.ebi.ac.uk/entry/Q9Y5S2
CDC42BPB	missense_variant		1892539787						Q9Y5S2	Serine/threonine-protein kinase MRCK beta	Homo sapiens	Encontrado	https://alphafold.ebi.ac.uk/entry/Q9Y5S2
CDC42BPB	missense_variant	uncertain significance	1892618320						Q9Y5S2	Serine/threonine-protein kinase MRCK beta	Homo sapiens	Encontrado	https://alphafold.ebi.ac.uk/entry/Q9Y5S2
CDC42BPB	missense_variant		1892634443						Q9Y5S2	Serine/threonine-protein kinase MRCK beta	Homo sapiens	Encontrado	https://alphafold.ebi.ac.uk/entry/Q9Y5S2
CDC42BPB	missense_variant		1892634865						Q9Y5S2	Serine/threonine-protein kinase MRCK beta	Homo sapiens	Encontrado	https://alphafold.ebi.ac.uk/entry/Q9Y5S2
CDC42BPB	missense_variant		1892700739						Q9Y5S2	Serine/threonine-protein kinase MRCK beta	Homo sapiens	Encontrado	https://alphafold.ebi.ac.uk/entry/Q9Y5S2
CDC42BPB	missense_variant		1892702489						Q9Y5S2	Serine/threonine-protein kinase MRCK beta	Homo sapiens	Encontrado	https://alphafold.ebi.ac.uk/entry/Q9Y5S2
CDC42BPB	missense_variant		1892868023						Q9Y5S2	Serine/threonine-protein kinase MRCK beta	Homo sapiens	Encontrado	https://alphafold.ebi.ac.uk/entry/Q9Y5S2
CDC42BPB	missense_variant		1893032782						Q9Y5S2	Serine/threonine-protein kinase MRCK beta	Homo sapiens	Encontrado	https://alphafold.ebi.ac.uk/entry/Q9Y5S2
CDC42BPB	missense_variant		1893033371						Q9Y5S2	Serine/threonine-protein kinase MRCK beta	Homo sapiens	Encontrado	https://alphafold.ebi.ac.uk/entry/Q9Y5S2
CDC42BPB	missense_variant	uncertain significance	1893035349						Q9Y5S2	Serine/threonine-protein kinase MRCK beta	Homo sapiens	Encontrado	https://alphafold.ebi.ac.uk/entry/Q9Y5S2
CDC42BPB	missense_variant		1893035463						Q9Y5S2	Serine/threonine-protein kinase MRCK beta	Homo sapiens	Encontrado	https://alphafold.ebi.ac.uk/entry/Q9Y5S2
CDC42BPB	missense_variant		1893035908						Q9Y5S2	Serine/threonine-protein kinase MRCK beta	Homo sapiens	Encontrado	https://alphafold.ebi.ac.uk/entry/Q9Y5S2
CDC42BPB	missense_variant		1893103610						Q9Y5S2	Serine/threonine-protein kinase MRCK beta	Homo sapiens	Encontrado	https://alphafold.ebi.ac.uk/entry/Q9Y5S2
CDC42BPB	missense_variant		1893104003						Q9Y5S2	Serine/threonine-protein kinase MRCK beta	Homo sapiens	Encontrado	https://alphafold.ebi.ac.uk/entry/Q9Y5S2
CDC42BPB	missense_variant		1893104681						Q9Y5S2	Serine/threonine-protein kinase MRCK beta	Homo sapiens	Encontrado	https://alphafold.ebi.ac.uk/entry/Q9Y5S2
CDC42BPB	missense_variant		1893104812						Q9Y5S2	Serine/threonine-protein kinase MRCK beta	Homo sapiens	Encontrado	https://alphafold.ebi.ac.uk/entry/Q9Y5S2
CDC42BPB	missense_variant		1893111026						Q9Y5S2	Serine/threonine-protein kinase MRCK beta	Homo sapiens	Encontrado	https://alphafold.ebi.ac.uk/entry/Q9Y5S2
CDC42BPB	missense_variant		1893197099						Q9Y5S2	Serine/threonine-protein kinase MRCK beta	Homo sapiens	Encontrado	https://alphafold.ebi.ac.uk/entry/Q9Y5S2
CDC42BPB	missense_variant		1893197344						Q9Y5S2	Serine/threonine-protein kinase MRCK beta	Homo sapiens	Encontrado	https://alphafold.ebi.ac.uk/entry/Q9Y5S2
CDC42BPB	missense_variant		1893198335						Q9Y5S2	Serine/threonine-protein kinase MRCK beta	Homo sapiens	Encontrado	https://alphafold.ebi.ac.uk/entry/Q9Y5S2
CDC42BPB	missense_variant		1893198451						Q9Y5S2	Serine/threonine-protein kinase MRCK beta	Homo sapiens	Encontrado	https://alphafold.ebi.ac.uk/entry/Q9Y5S2
CDC42BPB	missense_variant		1893198579						Q9Y5S2	Serine/threonine-protein kinase MRCK beta	Homo sapiens	Encontrado	https://alphafold.ebi.ac.uk/entry/Q9Y5S2
CDC42BPB	missense_variant		1893200172						Q9Y5S2	Serine/threonine-protein kinase MRCK beta	Homo sapiens	Encontrado	https://alphafold.ebi.ac.uk/entry/Q9Y5S2
CDC42BPB	missense_variant		1893200417						Q9Y5S2	Serine/threonine-protein kinase MRCK beta	Homo sapiens	Encontrado	https://alphafold.ebi.ac.uk/entry/Q9Y5S2
CDC42BPB	missense_variant		1893201129						Q9Y5S2	Serine/threonine-protein kinase MRCK beta	Homo sapiens	Encontrado	https://alphafold.ebi.ac.uk/entry/Q9Y5S2
CDC42BPB	missense_variant		1893243341						Q9Y5S2	Serine/threonine-protein kinase MRCK beta	Homo sapiens	Encontrado	https://alphafold.ebi.ac.uk/entry/Q9Y5S2
CDC42BPB	missense_variant		1893243497						Q9Y5S2	Serine/threonine-protein kinase MRCK beta	Homo sapiens	Encontrado	https://alphafold.ebi.ac.uk/entry/Q9Y5S2
CDC42BPB	missense_variant		1893245049						Q9Y5S2	Serine/threonine-protein kinase MRCK beta	Homo sapiens	Encontrado	https://alphafold.ebi.ac.uk/entry/Q9Y5S2
CDC42BPB	missense_variant		1893246117						Q9Y5S2	Serine/threonine-protein kinase MRCK beta	Homo sapiens	Encontrado	https://alphafold.ebi.ac.uk/entry/Q9Y5S2
CDC42BPB	missense_variant		1893247232						Q9Y5S2	Serine/threonine-protein kinase MRCK beta	Homo sapiens	Encontrado	https://alphafold.ebi.ac.uk/entry/Q9Y5S2
CDC42BPB	missense_variant	uncertain significance	1893310790	Q9Y5S2	rs1893310790	K775Q	0.606		Q9Y5S2	Serine/threonine-protein kinase MRCK beta	Homo sapiens	Encontrado	https://alphafold.ebi.ac.uk/entry/Q9Y5S2
CDC42BPB	missense_variant	uncertain significance	1893310790	Q9Y5S2	rs1893310790	K775Q	0.0		Q9Y5S2	Serine/threonine-protein kinase MRCK beta	Homo sapiens	Encontrado	https://alphafold.ebi.ac.uk/entry/Q9Y5S2
CDC42BPB	missense_variant		1893313932						Q9Y5S2	Serine/threonine-protein kinase MRCK beta	Homo sapiens	Encontrado	https://alphafold.ebi.ac.uk/entry/Q9Y5S2
CDC42BPB	missense_variant		1893324039						Q9Y5S2	Serine/threonine-protein kinase MRCK beta	Homo sapiens	Encontrado	https://alphafold.ebi.ac.uk/entry/Q9Y5S2
CDC42BPB	missense_variant		1893324796						Q9Y5S2	Serine/threonine-protein kinase MRCK beta	Homo sapiens	Encontrado	https://alphafold.ebi.ac.uk/entry/Q9Y5S2
CDC42BPB	missense_variant		1893327834						Q9Y5S2	Serine/threonine-protein kinase MRCK beta	Homo sapiens	Encontrado	https://alphafold.ebi.ac.uk/entry/Q9Y5S2
CDC42BPB	missense_variant		1893331509						Q9Y5S2	Serine/threonine-protein kinase MRCK beta	Homo sapiens	Encontrado	https://alphafold.ebi.ac.uk/entry/Q9Y5S2
CDC42BPB	missense_variant	uncertain significance	1893332407	Q9Y5S2	rs1893332407	S688F	0.287		Q9Y5S2	Serine/threonine-protein kinase MRCK beta	Homo sapiens	Encontrado	https://alphafold.ebi.ac.uk/entry/Q9Y5S2
CDC42BPB	missense_variant	uncertain significance	1893332407	Q9Y5S2	rs1893332407	S688F	0.03		Q9Y5S2	Serine/threonine-protein kinase MRCK beta	Homo sapiens	Encontrado	https://alphafold.ebi.ac.uk/entry/Q9Y5S2
CDC42BPB	missense_variant	uncertain significance	1893332407	Q9Y5S2	rs1893332407	S688F	0.296		Q9Y5S2	Serine/threonine-protein kinase MRCK beta	Homo sapiens	Encontrado	https://alphafold.ebi.ac.uk/entry/Q9Y5S2
CDC42BPB	missense_variant	uncertain significance	1893332407	Q9Y5S2	rs1893332407	S688F	0.0		Q9Y5S2	Serine/threonine-protein kinase MRCK beta	Homo sapiens	Encontrado	https://alphafold.ebi.ac.uk/entry/Q9Y5S2
CDC42BPB	missense_variant		1893333779						Q9Y5S2	Serine/threonine-protein kinase MRCK beta	Homo sapiens	Encontrado	https://alphafold.ebi.ac.uk/entry/Q9Y5S2
CDC42BPB	missense_variant		1893334283						Q9Y5S2	Serine/threonine-protein kinase MRCK beta	Homo sapiens	Encontrado	https://alphafold.ebi.ac.uk/entry/Q9Y5S2
CDC42BPB	missense_variant		1893334412						Q9Y5S2	Serine/threonine-protein kinase MRCK beta	Homo sapiens	Encontrado	https://alphafold.ebi.ac.uk/entry/Q9Y5S2
CDC42BPB	missense_variant		1893411666						Q9Y5S2	Serine/threonine-protein kinase MRCK beta	Homo sapiens	Encontrado	https://alphafold.ebi.ac.uk/entry/Q9Y5S2
CDC42BPB	missense_variant		1893412768						Q9Y5S2	Serine/threonine-protein kinase MRCK beta	Homo sapiens	Encontrado	https://alphafold.ebi.ac.uk/entry/Q9Y5S2
CDC42BPB	missense_variant		1893413763						Q9Y5S2	Serine/threonine-protein kinase MRCK beta	Homo sapiens	Encontrado	https://alphafold.ebi.ac.uk/entry/Q9Y5S2
CDC42BPB	missense_variant		1893414721						Q9Y5S2	Serine/threonine-protein kinase MRCK beta	Homo sapiens	Encontrado	https://alphafold.ebi.ac.uk/entry/Q9Y5S2
CDC42BPB	missense_variant		1893415071						Q9Y5S2	Serine/threonine-protein kinase MRCK beta	Homo sapiens	Encontrado	https://alphafold.ebi.ac.uk/entry/Q9Y5S2
CDC42BPB	missense_variant		1893416610						Q9Y5S2	Serine/threonine-protein kinase MRCK beta	Homo sapiens	Encontrado	https://alphafold.ebi.ac.uk/entry/Q9Y5S2
CDC42BPB	missense_variant		1893491970						Q9Y5S2	Serine/threonine-protein kinase MRCK beta	Homo sapiens	Encontrado	https://alphafold.ebi.ac.uk/entry/Q9Y5S2
CDC42BPB	missense_variant		1893492115						Q9Y5S2	Serine/threonine-protein kinase MRCK beta	Homo sapiens	Encontrado	https://alphafold.ebi.ac.uk/entry/Q9Y5S2
CDC42BPB	missense_variant		1893492563						Q9Y5S2	Serine/threonine-protein kinase MRCK beta	Homo sapiens	Encontrado	https://alphafold.ebi.ac.uk/entry/Q9Y5S2
CDC42BPB	missense_variant		1893495301						Q9Y5S2	Serine/threonine-protein kinase MRCK beta	Homo sapiens	Encontrado	https://alphafold.ebi.ac.uk/entry/Q9Y5S2
CDC42BPB	missense_variant		1893496402						Q9Y5S2	Serine/threonine-protein kinase MRCK beta	Homo sapiens	Encontrado	https://alphafold.ebi.ac.uk/entry/Q9Y5S2
CDC42BPB	missense_variant		1893496826						Q9Y5S2	Serine/threonine-protein kinase MRCK beta	Homo sapiens	Encontrado	https://alphafold.ebi.ac.uk/entry/Q9Y5S2
CDC42BPB	missense_variant		1893497396						Q9Y5S2	Serine/threonine-protein kinase MRCK beta	Homo sapiens	Encontrado	https://alphafold.ebi.ac.uk/entry/Q9Y5S2
CDC42BPB	missense_variant		1893500560						Q9Y5S2	Serine/threonine-protein kinase MRCK beta	Homo sapiens	Encontrado	https://alphafold.ebi.ac.uk/entry/Q9Y5S2
CDC42BPB	missense_variant		1893502669						Q9Y5S2	Serine/threonine-protein kinase MRCK beta	Homo sapiens	Encontrado	https://alphafold.ebi.ac.uk/entry/Q9Y5S2
CDC42BPB	missense_variant		1893612312						Q9Y5S2	Serine/threonine-protein kinase MRCK beta	Homo sapiens	Encontrado	https://alphafold.ebi.ac.uk/entry/Q9Y5S2
CDC42BPB	missense_variant		1893616531						Q9Y5S2	Serine/threonine-protein kinase MRCK beta	Homo sapiens	Encontrado	https://alphafold.ebi.ac.uk/entry/Q9Y5S2
CDC42BPB	missense_variant		1893620425						Q9Y5S2	Serine/threonine-protein kinase MRCK beta	Homo sapiens	Encontrado	https://alphafold.ebi.ac.uk/entry/Q9Y5S2
CDC42BPB	missense_variant		1893623023						Q9Y5S2	Serine/threonine-protein kinase MRCK beta	Homo sapiens	Encontrado	https://alphafold.ebi.ac.uk/entry/Q9Y5S2
CDC42BPB	missense_variant		1893623174						Q9Y5S2	Serine/threonine-protein kinase MRCK beta	Homo sapiens	Encontrado	https://alphafold.ebi.ac.uk/entry/Q9Y5S2
CDC42BPB	missense_variant		1893623620						Q9Y5S2	Serine/threonine-protein kinase MRCK beta	Homo sapiens	Encontrado	https://alphafold.ebi.ac.uk/entry/Q9Y5S2
CDC42BPB	missense_variant		1893707085						Q9Y5S2	Serine/threonine-protein kinase MRCK beta	Homo sapiens	Encontrado	https://alphafold.ebi.ac.uk/entry/Q9Y5S2
CDC42BPB	missense_variant		1893709744						Q9Y5S2	Serine/threonine-protein kinase MRCK beta	Homo sapiens	Encontrado	https://alphafold.ebi.ac.uk/entry/Q9Y5S2
CDC42BPB	missense_variant		1893710704						Q9Y5S2	Serine/threonine-protein kinase MRCK beta	Homo sapiens	Encontrado	https://alphafold.ebi.ac.uk/entry/Q9Y5S2
CDC42BPB	missense_variant		1893710830						Q9Y5S2	Serine/threonine-protein kinase MRCK beta	Homo sapiens	Encontrado	https://alphafold.ebi.ac.uk/entry/Q9Y5S2
CDC42BPB	missense_variant		1893712466						Q9Y5S2	Serine/threonine-protein kinase MRCK beta	Homo sapiens	Encontrado	https://alphafold.ebi.ac.uk/entry/Q9Y5S2
CDC42BPB	missense_variant		1893720523						Q9Y5S2	Serine/threonine-protein kinase MRCK beta	Homo sapiens	Encontrado	https://alphafold.ebi.ac.uk/entry/Q9Y5S2
CDC42BPB	missense_variant		1893721853						Q9Y5S2	Serine/threonine-protein kinase MRCK beta	Homo sapiens	Encontrado	https://alphafold.ebi.ac.uk/entry/Q9Y5S2
CDC42BPB	missense_variant		1893723606						Q9Y5S2	Serine/threonine-protein kinase MRCK beta	Homo sapiens	Encontrado	https://alphafold.ebi.ac.uk/entry/Q9Y5S2
CDC42BPB	missense_variant		1893724651						Q9Y5S2	Serine/threonine-protein kinase MRCK beta	Homo sapiens	Encontrado	https://alphafold.ebi.ac.uk/entry/Q9Y5S2
CDC42BPB	missense_variant	uncertain significance	1893725711	Q9Y5S2	rs1893725711	S414F	0.421		Q9Y5S2	Serine/threonine-protein kinase MRCK beta	Homo sapiens	Encontrado	https://alphafold.ebi.ac.uk/entry/Q9Y5S2
CDC42BPB	missense_variant	uncertain significance	1893725711	Q9Y5S2	rs1893725711	S414F	0.0		Q9Y5S2	Serine/threonine-protein kinase MRCK beta	Homo sapiens	Encontrado	https://alphafold.ebi.ac.uk/entry/Q9Y5S2
CDC42BPB	missense_variant		1893726665						Q9Y5S2	Serine/threonine-protein kinase MRCK beta	Homo sapiens	Encontrado	https://alphafold.ebi.ac.uk/entry/Q9Y5S2
CDC42BPB	missense_variant		1893841162						Q9Y5S2	Serine/threonine-protein kinase MRCK beta	Homo sapiens	Encontrado	https://alphafold.ebi.ac.uk/entry/Q9Y5S2
CDC42BPB	missense_variant		1893841405						Q9Y5S2	Serine/threonine-protein kinase MRCK beta	Homo sapiens	Encontrado	https://alphafold.ebi.ac.uk/entry/Q9Y5S2
CDC42BPB	missense_variant		1893841522						Q9Y5S2	Serine/threonine-protein kinase MRCK beta	Homo sapiens	Encontrado	https://alphafold.ebi.ac.uk/entry/Q9Y5S2
CDC42BPB	missense_variant	uncertain significance	1893843484	Q9Y5S2	rs1893843484	I382V	0.001		Q9Y5S2	Serine/threonine-protein kinase MRCK beta	Homo sapiens	Encontrado	https://alphafold.ebi.ac.uk/entry/Q9Y5S2
CDC42BPB	missense_variant	uncertain significance	1893843484	Q9Y5S2	rs1893843484	I382V	0.48		Q9Y5S2	Serine/threonine-protein kinase MRCK beta	Homo sapiens	Encontrado	https://alphafold.ebi.ac.uk/entry/Q9Y5S2
CDC42BPB	missense_variant		1893963310						Q9Y5S2	Serine/threonine-protein kinase MRCK beta	Homo sapiens	Encontrado	https://alphafold.ebi.ac.uk/entry/Q9Y5S2
CDC42BPB	missense_variant		1893964192						Q9Y5S2	Serine/threonine-protein kinase MRCK beta	Homo sapiens	Encontrado	https://alphafold.ebi.ac.uk/entry/Q9Y5S2
CDC42BPB	missense_variant		1893964308						Q9Y5S2	Serine/threonine-protein kinase MRCK beta	Homo sapiens	Encontrado	https://alphafold.ebi.ac.uk/entry/Q9Y5S2
CDC42BPB	missense_variant		1893964487						Q9Y5S2	Serine/threonine-protein kinase MRCK beta	Homo sapiens	Encontrado	https://alphafold.ebi.ac.uk/entry/Q9Y5S2
CDC42BPB	missense_variant		1893964881						Q9Y5S2	Serine/threonine-protein kinase MRCK beta	Homo sapiens	Encontrado	https://alphafold.ebi.ac.uk/entry/Q9Y5S2
CDC42BPB	missense_variant		1893968413						Q9Y5S2	Serine/threonine-protein kinase MRCK beta	Homo sapiens	Encontrado	https://alphafold.ebi.ac.uk/entry/Q9Y5S2
CDC42BPB	missense_variant		1893969237						Q9Y5S2	Serine/threonine-protein kinase MRCK beta	Homo sapiens	Encontrado	https://alphafold.ebi.ac.uk/entry/Q9Y5S2
CDC42BPB	missense_variant		1893969500						Q9Y5S2	Serine/threonine-protein kinase MRCK beta	Homo sapiens	Encontrado	https://alphafold.ebi.ac.uk/entry/Q9Y5S2
CDC42BPB	missense_variant		1893970971						Q9Y5S2	Serine/threonine-protein kinase MRCK beta	Homo sapiens	Encontrado	https://alphafold.ebi.ac.uk/entry/Q9Y5S2
CDC42BPB	missense_variant		1893971251						Q9Y5S2	Serine/threonine-protein kinase MRCK beta	Homo sapiens	Encontrado	https://alphafold.ebi.ac.uk/entry/Q9Y5S2
CDC42BPB	missense_variant		1893971392						Q9Y5S2	Serine/threonine-protein kinase MRCK beta	Homo sapiens	Encontrado	https://alphafold.ebi.ac.uk/entry/Q9Y5S2
CDC42BPB	missense_variant	uncertain significance	1894107413						Q9Y5S2	Serine/threonine-protein kinase MRCK beta	Homo sapiens	Encontrado	https://alphafold.ebi.ac.uk/entry/Q9Y5S2
CDC42BPB	missense_variant		1894112812						Q9Y5S2	Serine/threonine-protein kinase MRCK beta	Homo sapiens	Encontrado	https://alphafold.ebi.ac.uk/entry/Q9Y5S2
CDC42BPB	missense_variant		1894112922						Q9Y5S2	Serine/threonine-protein kinase MRCK beta	Homo sapiens	Encontrado	https://alphafold.ebi.ac.uk/entry/Q9Y5S2
CDC42BPB	missense_variant		1894252552						Q9Y5S2	Serine/threonine-protein kinase MRCK beta	Homo sapiens	Encontrado	https://alphafold.ebi.ac.uk/entry/Q9Y5S2
CDC42BPB	missense_variant		1894254247						Q9Y5S2	Serine/threonine-protein kinase MRCK beta	Homo sapiens	Encontrado	https://alphafold.ebi.ac.uk/entry/Q9Y5S2
CDC42BPB	missense_variant		1894891478						Q9Y5S2	Serine/threonine-protein kinase MRCK beta	Homo sapiens	Encontrado	https://alphafold.ebi.ac.uk/entry/Q9Y5S2
CDC42BPB	missense_variant		1894892811						Q9Y5S2	Serine/threonine-protein kinase MRCK beta	Homo sapiens	Encontrado	https://alphafold.ebi.ac.uk/entry/Q9Y5S2
CDC42BPB	missense_variant		1894893081						Q9Y5S2	Serine/threonine-protein kinase MRCK beta	Homo sapiens	Encontrado	https://alphafold.ebi.ac.uk/entry/Q9Y5S2
CDC42BPB	missense_variant		189496293						Q9Y5S2	Serine/threonine-protein kinase MRCK beta	Homo sapiens	Encontrado	https://alphafold.ebi.ac.uk/entry/Q9Y5S2
CDC42BPB	missense_variant		1895111596						Q9Y5S2	Serine/threonine-protein kinase MRCK beta	Homo sapiens	Encontrado	https://alphafold.ebi.ac.uk/entry/Q9Y5S2
CDC42BPB	missense_variant	uncertain significance	1895111739	Q9Y5S2	rs1895111739	H148Q	0.037		Q9Y5S2	Serine/threonine-protein kinase MRCK beta	Homo sapiens	Encontrado	https://alphafold.ebi.ac.uk/entry/Q9Y5S2
CDC42BPB	missense_variant	uncertain significance	1895111739	Q9Y5S2	rs1895111739	H148Q	0.0		Q9Y5S2	Serine/threonine-protein kinase MRCK beta	Homo sapiens	Encontrado	https://alphafold.ebi.ac.uk/entry/Q9Y5S2
CDC42BPB	missense_variant		1895111872						Q9Y5S2	Serine/threonine-protein kinase MRCK beta	Homo sapiens	Encontrado	https://alphafold.ebi.ac.uk/entry/Q9Y5S2
CDC42BPB	missense_variant		1895112018						Q9Y5S2	Serine/threonine-protein kinase MRCK beta	Homo sapiens	Encontrado	https://alphafold.ebi.ac.uk/entry/Q9Y5S2
CDC42BPB	missense_variant		1895113283						Q9Y5S2	Serine/threonine-protein kinase MRCK beta	Homo sapiens	Encontrado	https://alphafold.ebi.ac.uk/entry/Q9Y5S2
CDC42BPB	missense_variant		1895116700						Q9Y5S2	Serine/threonine-protein kinase MRCK beta	Homo sapiens	Encontrado	https://alphafold.ebi.ac.uk/entry/Q9Y5S2
CDC42BPB	missense_variant	uncertain significance	199903511						Q9Y5S2	Serine/threonine-protein kinase MRCK beta	Homo sapiens	Encontrado	https://alphafold.ebi.ac.uk/entry/Q9Y5S2
CDC42BPB	missense_variant		200047302						Q9Y5S2	Serine/threonine-protein kinase MRCK beta	Homo sapiens	Encontrado	https://alphafold.ebi.ac.uk/entry/Q9Y5S2
CDC42BPB	missense_variant	likely benign	200053443						Q9Y5S2	Serine/threonine-protein kinase MRCK beta	Homo sapiens	Encontrado	https://alphafold.ebi.ac.uk/entry/Q9Y5S2
CDC42BPB	missense_variant	benign, likely benign	200090522	Q9Y5S2	rs200090522	N904S	0.005		Q9Y5S2	Serine/threonine-protein kinase MRCK beta	Homo sapiens	Encontrado	https://alphafold.ebi.ac.uk/entry/Q9Y5S2
CDC42BPB	missense_variant	benign, likely benign	200090522	Q9Y5S2	rs200090522	N904S	0.02		Q9Y5S2	Serine/threonine-protein kinase MRCK beta	Homo sapiens	Encontrado	https://alphafold.ebi.ac.uk/entry/Q9Y5S2
CDC42BPB	missense_variant		200096986						Q9Y5S2	Serine/threonine-protein kinase MRCK beta	Homo sapiens	Encontrado	https://alphafold.ebi.ac.uk/entry/Q9Y5S2
CDC42BPB	missense_variant		200151871						Q9Y5S2	Serine/threonine-protein kinase MRCK beta	Homo sapiens	Encontrado	https://alphafold.ebi.ac.uk/entry/Q9Y5S2
CDC42BPB	missense_variant		200543279						Q9Y5S2	Serine/threonine-protein kinase MRCK beta	Homo sapiens	Encontrado	https://alphafold.ebi.ac.uk/entry/Q9Y5S2
CDC42BPB	missense_variant	uncertain significance, likely benign	200810382	Q9Y5S2	rs200810382	R518C	0.768		Q9Y5S2	Serine/threonine-protein kinase MRCK beta	Homo sapiens	Encontrado	https://alphafold.ebi.ac.uk/entry/Q9Y5S2
CDC42BPB	missense_variant	uncertain significance, likely benign	200810382	Q9Y5S2	rs200810382	R518C	0.0		Q9Y5S2	Serine/threonine-protein kinase MRCK beta	Homo sapiens	Encontrado	https://alphafold.ebi.ac.uk/entry/Q9Y5S2
CDC42BPB	missense_variant		201120777						Q9Y5S2	Serine/threonine-protein kinase MRCK beta	Homo sapiens	Encontrado	https://alphafold.ebi.ac.uk/entry/Q9Y5S2
CDC42BPB	missense_variant		201174859						Q9Y5S2	Serine/threonine-protein kinase MRCK beta	Homo sapiens	Encontrado	https://alphafold.ebi.ac.uk/entry/Q9Y5S2
CDC42BPB	missense_variant		201340035						Q9Y5S2	Serine/threonine-protein kinase MRCK beta	Homo sapiens	Encontrado	https://alphafold.ebi.ac.uk/entry/Q9Y5S2
CDC42BPB	missense_variant		201476818						Q9Y5S2	Serine/threonine-protein kinase MRCK beta	Homo sapiens	Encontrado	https://alphafold.ebi.ac.uk/entry/Q9Y5S2
CDC42BPB	missense_variant		201627729						Q9Y5S2	Serine/threonine-protein kinase MRCK beta	Homo sapiens	Encontrado	https://alphafold.ebi.ac.uk/entry/Q9Y5S2
CDC42BPB	missense_variant		201875902						Q9Y5S2	Serine/threonine-protein kinase MRCK beta	Homo sapiens	Encontrado	https://alphafold.ebi.ac.uk/entry/Q9Y5S2
CDC42BPB	missense_variant	likely benign	202016085	Q9Y5S2	rs202016085	A1532V	0.003		Q9Y5S2	Serine/threonine-protein kinase MRCK beta	Homo sapiens	Encontrado	https://alphafold.ebi.ac.uk/entry/Q9Y5S2
CDC42BPB	missense_variant	likely benign	202016085	Q9Y5S2	rs202016085	A1532V	0.07		Q9Y5S2	Serine/threonine-protein kinase MRCK beta	Homo sapiens	Encontrado	https://alphafold.ebi.ac.uk/entry/Q9Y5S2
CDC42BPB	missense_variant	likely benign	202026444	Q9Y5S2	rs202026444	L1262F	1.0		Q9Y5S2	Serine/threonine-protein kinase MRCK beta	Homo sapiens	Encontrado	https://alphafold.ebi.ac.uk/entry/Q9Y5S2
CDC42BPB	missense_variant	likely benign	202026444	Q9Y5S2	rs202026444	L1262F	0.0		Q9Y5S2	Serine/threonine-protein kinase MRCK beta	Homo sapiens	Encontrado	https://alphafold.ebi.ac.uk/entry/Q9Y5S2
CDC42BPB	missense_variant	uncertain significance	202067243	Q9Y5S2	rs202067243	D799G	0.003		Q9Y5S2	Serine/threonine-protein kinase MRCK beta	Homo sapiens	Encontrado	https://alphafold.ebi.ac.uk/entry/Q9Y5S2
CDC42BPB	missense_variant	uncertain significance	202067243	Q9Y5S2	rs202067243	D799G	0.02		Q9Y5S2	Serine/threonine-protein kinase MRCK beta	Homo sapiens	Encontrado	https://alphafold.ebi.ac.uk/entry/Q9Y5S2
CDC42BPB	missense_variant		202198663						Q9Y5S2	Serine/threonine-protein kinase MRCK beta	Homo sapiens	Encontrado	https://alphafold.ebi.ac.uk/entry/Q9Y5S2
CDC42BPB	missense_variant		202202441						Q9Y5S2	Serine/threonine-protein kinase MRCK beta	Homo sapiens	Encontrado	https://alphafold.ebi.ac.uk/entry/Q9Y5S2
CDC42BPB	missense_variant		202209179						Q9Y5S2	Serine/threonine-protein kinase MRCK beta	Homo sapiens	Encontrado	https://alphafold.ebi.ac.uk/entry/Q9Y5S2
CDC42BPB	missense_variant	uncertain significance	2139325341	Q9Y5S2	rs2139325341	P1685L	0.015		Q9Y5S2	Serine/threonine-protein kinase MRCK beta	Homo sapiens	Encontrado	https://alphafold.ebi.ac.uk/entry/Q9Y5S2
CDC42BPB	missense_variant	uncertain significance	2139325341	Q9Y5S2	rs2139325341	P1685L	0.0		Q9Y5S2	Serine/threonine-protein kinase MRCK beta	Homo sapiens	Encontrado	https://alphafold.ebi.ac.uk/entry/Q9Y5S2
CDC42BPB	missense_variant		2139339348						Q9Y5S2	Serine/threonine-protein kinase MRCK beta	Homo sapiens	Encontrado	https://alphafold.ebi.ac.uk/entry/Q9Y5S2
CDC42BPB	missense_variant		2139345371						Q9Y5S2	Serine/threonine-protein kinase MRCK beta	Homo sapiens	Encontrado	https://alphafold.ebi.ac.uk/entry/Q9Y5S2
CDC42BPB	missense_variant		2139345596						Q9Y5S2	Serine/threonine-protein kinase MRCK beta	Homo sapiens	Encontrado	https://alphafold.ebi.ac.uk/entry/Q9Y5S2
CDC42BPB	missense_variant		2139345742						Q9Y5S2	Serine/threonine-protein kinase MRCK beta	Homo sapiens	Encontrado	https://alphafold.ebi.ac.uk/entry/Q9Y5S2
CDC42BPB	missense_variant		2139346627						Q9Y5S2	Serine/threonine-protein kinase MRCK beta	Homo sapiens	Encontrado	https://alphafold.ebi.ac.uk/entry/Q9Y5S2
CDC42BPB	missense_variant		2139347297						Q9Y5S2	Serine/threonine-protein kinase MRCK beta	Homo sapiens	Encontrado	https://alphafold.ebi.ac.uk/entry/Q9Y5S2
CDC42BPB	missense_variant	uncertain significance	2139363582						Q9Y5S2	Serine/threonine-protein kinase MRCK beta	Homo sapiens	Encontrado	https://alphafold.ebi.ac.uk/entry/Q9Y5S2
CDC42BPB	missense_variant		2139406425						Q9Y5S2	Serine/threonine-protein kinase MRCK beta	Homo sapiens	Encontrado	https://alphafold.ebi.ac.uk/entry/Q9Y5S2
CDC42BPB	missense_variant		2139408093						Q9Y5S2	Serine/threonine-protein kinase MRCK beta	Homo sapiens	Encontrado	https://alphafold.ebi.ac.uk/entry/Q9Y5S2
CDC42BPB	missense_variant		2139413503						Q9Y5S2	Serine/threonine-protein kinase MRCK beta	Homo sapiens	Encontrado	https://alphafold.ebi.ac.uk/entry/Q9Y5S2
CDC42BPB	missense_variant		2139443589						Q9Y5S2	Serine/threonine-protein kinase MRCK beta	Homo sapiens	Encontrado	https://alphafold.ebi.ac.uk/entry/Q9Y5S2
CDC42BPB	missense_variant		2139444260						Q9Y5S2	Serine/threonine-protein kinase MRCK beta	Homo sapiens	Encontrado	https://alphafold.ebi.ac.uk/entry/Q9Y5S2
CDC42BPB	missense_variant		2139450879						Q9Y5S2	Serine/threonine-protein kinase MRCK beta	Homo sapiens	Encontrado	https://alphafold.ebi.ac.uk/entry/Q9Y5S2
CDC42BPB	missense_variant		2139451018						Q9Y5S2	Serine/threonine-protein kinase MRCK beta	Homo sapiens	Encontrado	https://alphafold.ebi.ac.uk/entry/Q9Y5S2
CDC42BPB	missense_variant		2139458895						Q9Y5S2	Serine/threonine-protein kinase MRCK beta	Homo sapiens	Encontrado	https://alphafold.ebi.ac.uk/entry/Q9Y5S2
CDC42BPB	missense_variant		2139459062						Q9Y5S2	Serine/threonine-protein kinase MRCK beta	Homo sapiens	Encontrado	https://alphafold.ebi.ac.uk/entry/Q9Y5S2
CDC42BPB	missense_variant		2139459780						Q9Y5S2	Serine/threonine-protein kinase MRCK beta	Homo sapiens	Encontrado	https://alphafold.ebi.ac.uk/entry/Q9Y5S2
CDC42BPB	missense_variant		2139474869						Q9Y5S2	Serine/threonine-protein kinase MRCK beta	Homo sapiens	Encontrado	https://alphafold.ebi.ac.uk/entry/Q9Y5S2
CDC42BPB	missense_variant		2139474990						Q9Y5S2	Serine/threonine-protein kinase MRCK beta	Homo sapiens	Encontrado	https://alphafold.ebi.ac.uk/entry/Q9Y5S2
CDC42BPB	missense_variant		2139475497						Q9Y5S2	Serine/threonine-protein kinase MRCK beta	Homo sapiens	Encontrado	https://alphafold.ebi.ac.uk/entry/Q9Y5S2
CDC42BPB	missense_variant	uncertain significance	2139515520	Q9Y5S2	rs2139515520	H339R	0.999		Q9Y5S2	Serine/threonine-protein kinase MRCK beta	Homo sapiens	Encontrado	https://alphafold.ebi.ac.uk/entry/Q9Y5S2
CDC42BPB	missense_variant	uncertain significance	2139515520	Q9Y5S2	rs2139515520	H339R	0.0		Q9Y5S2	Serine/threonine-protein kinase MRCK beta	Homo sapiens	Encontrado	https://alphafold.ebi.ac.uk/entry/Q9Y5S2
CDC42BPB	missense_variant		2139527081						Q9Y5S2	Serine/threonine-protein kinase MRCK beta	Homo sapiens	Encontrado	https://alphafold.ebi.ac.uk/entry/Q9Y5S2
CDC42BPB	missense_variant		2139593221						Q9Y5S2	Serine/threonine-protein kinase MRCK beta	Homo sapiens	Encontrado	https://alphafold.ebi.ac.uk/entry/Q9Y5S2
CDC42BPB	missense_variant		2139642101						Q9Y5S2	Serine/threonine-protein kinase MRCK beta	Homo sapiens	Encontrado	https://alphafold.ebi.ac.uk/entry/Q9Y5S2
CDC42BPB	missense_variant		2139642122						Q9Y5S2	Serine/threonine-protein kinase MRCK beta	Homo sapiens	Encontrado	https://alphafold.ebi.ac.uk/entry/Q9Y5S2
CDC42BPB	missense_variant		2139642174						Q9Y5S2	Serine/threonine-protein kinase MRCK beta	Homo sapiens	Encontrado	https://alphafold.ebi.ac.uk/entry/Q9Y5S2
CDC42BPB	missense_variant	uncertain significance	2503745748						Q9Y5S2	Serine/threonine-protein kinase MRCK beta	Homo sapiens	Encontrado	https://alphafold.ebi.ac.uk/entry/Q9Y5S2
CDC42BPB	missense_variant	uncertain significance	2542714282						Q9Y5S2	Serine/threonine-protein kinase MRCK beta	Homo sapiens	Encontrado	https://alphafold.ebi.ac.uk/entry/Q9Y5S2
CDC42BPB	missense_variant	uncertain significance	2542736514						Q9Y5S2	Serine/threonine-protein kinase MRCK beta	Homo sapiens	Encontrado	https://alphafold.ebi.ac.uk/entry/Q9Y5S2
CDC42BPB	missense_variant	uncertain significance	2542736579						Q9Y5S2	Serine/threonine-protein kinase MRCK beta	Homo sapiens	Encontrado	https://alphafold.ebi.ac.uk/entry/Q9Y5S2
CDC42BPB	missense_variant	uncertain significance	2542738579						Q9Y5S2	Serine/threonine-protein kinase MRCK beta	Homo sapiens	Encontrado	https://alphafold.ebi.ac.uk/entry/Q9Y5S2
CDC42BPB	missense_variant	likely benign	2542757306						Q9Y5S2	Serine/threonine-protein kinase MRCK beta	Homo sapiens	Encontrado	https://alphafold.ebi.ac.uk/entry/Q9Y5S2
CDC42BPB	missense_variant	uncertain significance	2542771988						Q9Y5S2	Serine/threonine-protein kinase MRCK beta	Homo sapiens	Encontrado	https://alphafold.ebi.ac.uk/entry/Q9Y5S2
CDC42BPB	missense_variant	uncertain significance	2542778294						Q9Y5S2	Serine/threonine-protein kinase MRCK beta	Homo sapiens	Encontrado	https://alphafold.ebi.ac.uk/entry/Q9Y5S2
CDC42BPB	missense_variant	uncertain significance	2542778445						Q9Y5S2	Serine/threonine-protein kinase MRCK beta	Homo sapiens	Encontrado	https://alphafold.ebi.ac.uk/entry/Q9Y5S2
CDC42BPB	missense_variant	uncertain significance	2542794347						Q9Y5S2	Serine/threonine-protein kinase MRCK beta	Homo sapiens	Encontrado	https://alphafold.ebi.ac.uk/entry/Q9Y5S2
CDC42BPB	missense_variant	uncertain significance	2542804754						Q9Y5S2	Serine/threonine-protein kinase MRCK beta	Homo sapiens	Encontrado	https://alphafold.ebi.ac.uk/entry/Q9Y5S2
CDC42BPB	missense_variant	likely pathogenic	2542847797						Q9Y5S2	Serine/threonine-protein kinase MRCK beta	Homo sapiens	Encontrado	https://alphafold.ebi.ac.uk/entry/Q9Y5S2
CDC42BPB	missense_variant	likely benign	2542853472						Q9Y5S2	Serine/threonine-protein kinase MRCK beta	Homo sapiens	Encontrado	https://alphafold.ebi.ac.uk/entry/Q9Y5S2
CDC42BPB	missense_variant	uncertain significance	2542853553						Q9Y5S2	Serine/threonine-protein kinase MRCK beta	Homo sapiens	Encontrado	https://alphafold.ebi.ac.uk/entry/Q9Y5S2
CDC42BPB	missense_variant	uncertain significance	2542853844						Q9Y5S2	Serine/threonine-protein kinase MRCK beta	Homo sapiens	Encontrado	https://alphafold.ebi.ac.uk/entry/Q9Y5S2
CDC42BPB	missense_variant	uncertain significance	2542884678						Q9Y5S2	Serine/threonine-protein kinase MRCK beta	Homo sapiens	Encontrado	https://alphafold.ebi.ac.uk/entry/Q9Y5S2
CDC42BPB	missense_variant	uncertain significance	2542890780						Q9Y5S2	Serine/threonine-protein kinase MRCK beta	Homo sapiens	Encontrado	https://alphafold.ebi.ac.uk/entry/Q9Y5S2
CDC42BPB	missense_variant	uncertain significance	2542909751						Q9Y5S2	Serine/threonine-protein kinase MRCK beta	Homo sapiens	Encontrado	https://alphafold.ebi.ac.uk/entry/Q9Y5S2
CDC42BPB	missense_variant	uncertain significance	2542970870						Q9Y5S2	Serine/threonine-protein kinase MRCK beta	Homo sapiens	Encontrado	https://alphafold.ebi.ac.uk/entry/Q9Y5S2
CDC42BPB	missense_variant		34076876						Q9Y5S2	Serine/threonine-protein kinase MRCK beta	Homo sapiens	Encontrado	https://alphafold.ebi.ac.uk/entry/Q9Y5S2
CDC42BPB	missense_variant	benign	34822377						Q9Y5S2	Serine/threonine-protein kinase MRCK beta	Homo sapiens	Encontrado	https://alphafold.ebi.ac.uk/entry/Q9Y5S2
CDC42BPB	missense_variant	likely benign	36001612						Q9Y5S2	Serine/threonine-protein kinase MRCK beta	Homo sapiens	Encontrado	https://alphafold.ebi.ac.uk/entry/Q9Y5S2
CDC42BPB	missense_variant	likely benign	367791222	Q9Y5S2	rs367791222	R521H	0.0		Q9Y5S2	Serine/threonine-protein kinase MRCK beta	Homo sapiens	Encontrado	https://alphafold.ebi.ac.uk/entry/Q9Y5S2
CDC42BPB	missense_variant	likely benign	367791222	Q9Y5S2	rs367791222	R521H	0.57		Q9Y5S2	Serine/threonine-protein kinase MRCK beta	Homo sapiens	Encontrado	https://alphafold.ebi.ac.uk/entry/Q9Y5S2
CDC42BPB	missense_variant	likely benign	367791222	Q9Y5S2	rs367791222	R521H	0.0		Q9Y5S2	Serine/threonine-protein kinase MRCK beta	Homo sapiens	Encontrado	https://alphafold.ebi.ac.uk/entry/Q9Y5S2
CDC42BPB	missense_variant	likely benign	367791222	Q9Y5S2	rs367791222	R521H	1.0		Q9Y5S2	Serine/threonine-protein kinase MRCK beta	Homo sapiens	Encontrado	https://alphafold.ebi.ac.uk/entry/Q9Y5S2
CDC42BPB	missense_variant		367865440						Q9Y5S2	Serine/threonine-protein kinase MRCK beta	Homo sapiens	Encontrado	https://alphafold.ebi.ac.uk/entry/Q9Y5S2
CDC42BPB	missense_variant		367908402						Q9Y5S2	Serine/threonine-protein kinase MRCK beta	Homo sapiens	Encontrado	https://alphafold.ebi.ac.uk/entry/Q9Y5S2
CDC42BPB	missense_variant		367927706	Q9Y5S2	rs367927706	E1057K	0.801		Q9Y5S2	Serine/threonine-protein kinase MRCK beta	Homo sapiens	Encontrado	https://alphafold.ebi.ac.uk/entry/Q9Y5S2
CDC42BPB	missense_variant		367927706	Q9Y5S2	rs367927706	E1057K	0.0		Q9Y5S2	Serine/threonine-protein kinase MRCK beta	Homo sapiens	Encontrado	https://alphafold.ebi.ac.uk/entry/Q9Y5S2
CDC42BPB	missense_variant		367927706	Q9Y5S2	rs367927706	E1057K	0.797		Q9Y5S2	Serine/threonine-protein kinase MRCK beta	Homo sapiens	Encontrado	https://alphafold.ebi.ac.uk/entry/Q9Y5S2
CDC42BPB	missense_variant		367927706	Q9Y5S2	rs367927706	E1057K	0.0		Q9Y5S2	Serine/threonine-protein kinase MRCK beta	Homo sapiens	Encontrado	https://alphafold.ebi.ac.uk/entry/Q9Y5S2
CDC42BPB	missense_variant		368109666	Q9Y5S2	rs368109666	A885V	0.605		Q9Y5S2	Serine/threonine-protein kinase MRCK beta	Homo sapiens	Encontrado	https://alphafold.ebi.ac.uk/entry/Q9Y5S2
CDC42BPB	missense_variant		368109666	Q9Y5S2	rs368109666	A885V	0.0		Q9Y5S2	Serine/threonine-protein kinase MRCK beta	Homo sapiens	Encontrado	https://alphafold.ebi.ac.uk/entry/Q9Y5S2
CDC42BPB	missense_variant		368109666	Q9Y5S2	rs368109666	A885V	0.6		Q9Y5S2	Serine/threonine-protein kinase MRCK beta	Homo sapiens	Encontrado	https://alphafold.ebi.ac.uk/entry/Q9Y5S2
CDC42BPB	missense_variant		368109666	Q9Y5S2	rs368109666	A885V	0.0		Q9Y5S2	Serine/threonine-protein kinase MRCK beta	Homo sapiens	Encontrado	https://alphafold.ebi.ac.uk/entry/Q9Y5S2
CDC42BPB	missense_variant		368416667	Q9Y5S2	rs368416667	A340V	0.42		Q9Y5S2	Serine/threonine-protein kinase MRCK beta	Homo sapiens	Encontrado	https://alphafold.ebi.ac.uk/entry/Q9Y5S2
CDC42BPB	missense_variant		368416667	Q9Y5S2	rs368416667	A340V	0.0		Q9Y5S2	Serine/threonine-protein kinase MRCK beta	Homo sapiens	Encontrado	https://alphafold.ebi.ac.uk/entry/Q9Y5S2
CDC42BPB	missense_variant		368416667	Q9Y5S2	rs368416667	A340V	0.48		Q9Y5S2	Serine/threonine-protein kinase MRCK beta	Homo sapiens	Encontrado	https://alphafold.ebi.ac.uk/entry/Q9Y5S2
CDC42BPB	missense_variant		368416667	Q9Y5S2	rs368416667	A340V	0.03		Q9Y5S2	Serine/threonine-protein kinase MRCK beta	Homo sapiens	Encontrado	https://alphafold.ebi.ac.uk/entry/Q9Y5S2
CDC42BPB	missense_variant		368505938						Q9Y5S2	Serine/threonine-protein kinase MRCK beta	Homo sapiens	Encontrado	https://alphafold.ebi.ac.uk/entry/Q9Y5S2
CDC42BPB	missense_variant		368512848						Q9Y5S2	Serine/threonine-protein kinase MRCK beta	Homo sapiens	Encontrado	https://alphafold.ebi.ac.uk/entry/Q9Y5S2
CDC42BPB	missense_variant		368543743						Q9Y5S2	Serine/threonine-protein kinase MRCK beta	Homo sapiens	Encontrado	https://alphafold.ebi.ac.uk/entry/Q9Y5S2
CDC42BPB	missense_variant		368705809						Q9Y5S2	Serine/threonine-protein kinase MRCK beta	Homo sapiens	Encontrado	https://alphafold.ebi.ac.uk/entry/Q9Y5S2
CDC42BPB	missense_variant		368931708						Q9Y5S2	Serine/threonine-protein kinase MRCK beta	Homo sapiens	Encontrado	https://alphafold.ebi.ac.uk/entry/Q9Y5S2
CDC42BPB	missense_variant		369025395						Q9Y5S2	Serine/threonine-protein kinase MRCK beta	Homo sapiens	Encontrado	https://alphafold.ebi.ac.uk/entry/Q9Y5S2
CDC42BPB	missense_variant	likely benign	369423884	Q9Y5S2	rs369423884	R599Q	0.229		Q9Y5S2	Serine/threonine-protein kinase MRCK beta	Homo sapiens	Encontrado	https://alphafold.ebi.ac.uk/entry/Q9Y5S2
CDC42BPB	missense_variant	likely benign	369423884	Q9Y5S2	rs369423884	R599Q	0.02		Q9Y5S2	Serine/threonine-protein kinase MRCK beta	Homo sapiens	Encontrado	https://alphafold.ebi.ac.uk/entry/Q9Y5S2
CDC42BPB	missense_variant	likely benign	369423884	Q9Y5S2	rs369423884	R599Q	0.225		Q9Y5S2	Serine/threonine-protein kinase MRCK beta	Homo sapiens	Encontrado	https://alphafold.ebi.ac.uk/entry/Q9Y5S2
CDC42BPB	missense_variant	likely benign	369423884	Q9Y5S2	rs369423884	R599Q	0.0		Q9Y5S2	Serine/threonine-protein kinase MRCK beta	Homo sapiens	Encontrado	https://alphafold.ebi.ac.uk/entry/Q9Y5S2
CDC42BPB	missense_variant		369632217	Q9Y5S2	rs369632217	T1179M	0.97		Q9Y5S2	Serine/threonine-protein kinase MRCK beta	Homo sapiens	Encontrado	https://alphafold.ebi.ac.uk/entry/Q9Y5S2
CDC42BPB	missense_variant		369632217	Q9Y5S2	rs369632217	T1179M	0.02		Q9Y5S2	Serine/threonine-protein kinase MRCK beta	Homo sapiens	Encontrado	https://alphafold.ebi.ac.uk/entry/Q9Y5S2
CDC42BPB	missense_variant		369632217	Q9Y5S2	rs369632217	T1179M	0.97		Q9Y5S2	Serine/threonine-protein kinase MRCK beta	Homo sapiens	Encontrado	https://alphafold.ebi.ac.uk/entry/Q9Y5S2
CDC42BPB	missense_variant		369632217	Q9Y5S2	rs369632217	T1179M	0.0		Q9Y5S2	Serine/threonine-protein kinase MRCK beta	Homo sapiens	Encontrado	https://alphafold.ebi.ac.uk/entry/Q9Y5S2
CDC42BPB	missense_variant		370755673						Q9Y5S2	Serine/threonine-protein kinase MRCK beta	Homo sapiens	Encontrado	https://alphafold.ebi.ac.uk/entry/Q9Y5S2
CDC42BPB	missense_variant		371074129						Q9Y5S2	Serine/threonine-protein kinase MRCK beta	Homo sapiens	Encontrado	https://alphafold.ebi.ac.uk/entry/Q9Y5S2
CDC42BPB	missense_variant		371426927						Q9Y5S2	Serine/threonine-protein kinase MRCK beta	Homo sapiens	Encontrado	https://alphafold.ebi.ac.uk/entry/Q9Y5S2
CDC42BPB	missense_variant	likely benign	371772936	Q9Y5S2	rs371772936	R476W	0.581		Q9Y5S2	Serine/threonine-protein kinase MRCK beta	Homo sapiens	Encontrado	https://alphafold.ebi.ac.uk/entry/Q9Y5S2
CDC42BPB	missense_variant	likely benign	371772936	Q9Y5S2	rs371772936	R476W	0.0		Q9Y5S2	Serine/threonine-protein kinase MRCK beta	Homo sapiens	Encontrado	https://alphafold.ebi.ac.uk/entry/Q9Y5S2
CDC42BPB	missense_variant	uncertain significance	371972643	Q9Y5S2	rs371972643	Y1390H	0.035		Q9Y5S2	Serine/threonine-protein kinase MRCK beta	Homo sapiens	Encontrado	https://alphafold.ebi.ac.uk/entry/Q9Y5S2
CDC42BPB	missense_variant	uncertain significance	371972643	Q9Y5S2	rs371972643	Y1390H	0.01		Q9Y5S2	Serine/threonine-protein kinase MRCK beta	Homo sapiens	Encontrado	https://alphafold.ebi.ac.uk/entry/Q9Y5S2
CDC42BPB	missense_variant		372111401						Q9Y5S2	Serine/threonine-protein kinase MRCK beta	Homo sapiens	Encontrado	https://alphafold.ebi.ac.uk/entry/Q9Y5S2
CDC42BPB	missense_variant		372288260						Q9Y5S2	Serine/threonine-protein kinase MRCK beta	Homo sapiens	Encontrado	https://alphafold.ebi.ac.uk/entry/Q9Y5S2
CDC42BPB	missense_variant		372304425						Q9Y5S2	Serine/threonine-protein kinase MRCK beta	Homo sapiens	Encontrado	https://alphafold.ebi.ac.uk/entry/Q9Y5S2
CDC42BPB	missense_variant		372371951						Q9Y5S2	Serine/threonine-protein kinase MRCK beta	Homo sapiens	Encontrado	https://alphafold.ebi.ac.uk/entry/Q9Y5S2
CDC42BPB	missense_variant		372499348						Q9Y5S2	Serine/threonine-protein kinase MRCK beta	Homo sapiens	Encontrado	https://alphafold.ebi.ac.uk/entry/Q9Y5S2
CDC42BPB	missense_variant		372673553						Q9Y5S2	Serine/threonine-protein kinase MRCK beta	Homo sapiens	Encontrado	https://alphafold.ebi.ac.uk/entry/Q9Y5S2
CDC42BPB	missense_variant		372968163						Q9Y5S2	Serine/threonine-protein kinase MRCK beta	Homo sapiens	Encontrado	https://alphafold.ebi.ac.uk/entry/Q9Y5S2
CDC42BPB	missense_variant		373015493						Q9Y5S2	Serine/threonine-protein kinase MRCK beta	Homo sapiens	Encontrado	https://alphafold.ebi.ac.uk/entry/Q9Y5S2
CDC42BPB	missense_variant		373223628						Q9Y5S2	Serine/threonine-protein kinase MRCK beta	Homo sapiens	Encontrado	https://alphafold.ebi.ac.uk/entry/Q9Y5S2
CDC42BPB	missense_variant		373398080						Q9Y5S2	Serine/threonine-protein kinase MRCK beta	Homo sapiens	Encontrado	https://alphafold.ebi.ac.uk/entry/Q9Y5S2
CDC42BPB	missense_variant		373755648	Q9Y5S2	rs373755648	R1555Q	0.285		Q9Y5S2	Serine/threonine-protein kinase MRCK beta	Homo sapiens	Encontrado	https://alphafold.ebi.ac.uk/entry/Q9Y5S2
CDC42BPB	missense_variant		373755648	Q9Y5S2	rs373755648	R1555Q	0.0		Q9Y5S2	Serine/threonine-protein kinase MRCK beta	Homo sapiens	Encontrado	https://alphafold.ebi.ac.uk/entry/Q9Y5S2
CDC42BPB	missense_variant		373755648	Q9Y5S2	rs373755648	R1555Q	0.281		Q9Y5S2	Serine/threonine-protein kinase MRCK beta	Homo sapiens	Encontrado	https://alphafold.ebi.ac.uk/entry/Q9Y5S2
CDC42BPB	missense_variant		373755648	Q9Y5S2	rs373755648	R1555Q	0.0		Q9Y5S2	Serine/threonine-protein kinase MRCK beta	Homo sapiens	Encontrado	https://alphafold.ebi.ac.uk/entry/Q9Y5S2
CDC42BPB	missense_variant		373805829						Q9Y5S2	Serine/threonine-protein kinase MRCK beta	Homo sapiens	Encontrado	https://alphafold.ebi.ac.uk/entry/Q9Y5S2
CDC42BPB	missense_variant		373866056						Q9Y5S2	Serine/threonine-protein kinase MRCK beta	Homo sapiens	Encontrado	https://alphafold.ebi.ac.uk/entry/Q9Y5S2
CDC42BPB	missense_variant		374111285						Q9Y5S2	Serine/threonine-protein kinase MRCK beta	Homo sapiens	Encontrado	https://alphafold.ebi.ac.uk/entry/Q9Y5S2
CDC42BPB	missense_variant		374316100						Q9Y5S2	Serine/threonine-protein kinase MRCK beta	Homo sapiens	Encontrado	https://alphafold.ebi.ac.uk/entry/Q9Y5S2
CDC42BPB	missense_variant		374402137	Q9Y5S2	rs374402137	A767V	0.0		Q9Y5S2	Serine/threonine-protein kinase MRCK beta	Homo sapiens	Encontrado	https://alphafold.ebi.ac.uk/entry/Q9Y5S2
CDC42BPB	missense_variant		374402137	Q9Y5S2	rs374402137	A767V	0.39		Q9Y5S2	Serine/threonine-protein kinase MRCK beta	Homo sapiens	Encontrado	https://alphafold.ebi.ac.uk/entry/Q9Y5S2
CDC42BPB	missense_variant		374402137	Q9Y5S2	rs374402137	A767V	0.0		Q9Y5S2	Serine/threonine-protein kinase MRCK beta	Homo sapiens	Encontrado	https://alphafold.ebi.ac.uk/entry/Q9Y5S2
CDC42BPB	missense_variant		374402137	Q9Y5S2	rs374402137	A767V	0.04		Q9Y5S2	Serine/threonine-protein kinase MRCK beta	Homo sapiens	Encontrado	https://alphafold.ebi.ac.uk/entry/Q9Y5S2
CDC42BPB	missense_variant		374839429						Q9Y5S2	Serine/threonine-protein kinase MRCK beta	Homo sapiens	Encontrado	https://alphafold.ebi.ac.uk/entry/Q9Y5S2
CDC42BPB	missense_variant		374881719						Q9Y5S2	Serine/threonine-protein kinase MRCK beta	Homo sapiens	Encontrado	https://alphafold.ebi.ac.uk/entry/Q9Y5S2
CDC42BPB	missense_variant		374954708						Q9Y5S2	Serine/threonine-protein kinase MRCK beta	Homo sapiens	Encontrado	https://alphafold.ebi.ac.uk/entry/Q9Y5S2
CDC42BPB	missense_variant		376059761						Q9Y5S2	Serine/threonine-protein kinase MRCK beta	Homo sapiens	Encontrado	https://alphafold.ebi.ac.uk/entry/Q9Y5S2
CDC42BPB	missense_variant		376060960						Q9Y5S2	Serine/threonine-protein kinase MRCK beta	Homo sapiens	Encontrado	https://alphafold.ebi.ac.uk/entry/Q9Y5S2
CDC42BPB	missense_variant	likely benign	376224473						Q9Y5S2	Serine/threonine-protein kinase MRCK beta	Homo sapiens	Encontrado	https://alphafold.ebi.ac.uk/entry/Q9Y5S2
CDC42BPB	missense_variant		376599246	Q9Y5S2	rs376599246	L944I	0.0		Q9Y5S2	Serine/threonine-protein kinase MRCK beta	Homo sapiens	Encontrado	https://alphafold.ebi.ac.uk/entry/Q9Y5S2
CDC42BPB	missense_variant		376599246	Q9Y5S2	rs376599246	L944I	0.41		Q9Y5S2	Serine/threonine-protein kinase MRCK beta	Homo sapiens	Encontrado	https://alphafold.ebi.ac.uk/entry/Q9Y5S2
CDC42BPB	missense_variant		376599246	Q9Y5S2	rs376599246	L944I	0.0		Q9Y5S2	Serine/threonine-protein kinase MRCK beta	Homo sapiens	Encontrado	https://alphafold.ebi.ac.uk/entry/Q9Y5S2
CDC42BPB	missense_variant		376599246	Q9Y5S2	rs376599246	L944I	0.02		Q9Y5S2	Serine/threonine-protein kinase MRCK beta	Homo sapiens	Encontrado	https://alphafold.ebi.ac.uk/entry/Q9Y5S2
CDC42BPB	missense_variant		377033153	Q9Y5S2	rs377033153	A819V	0.371		Q9Y5S2	Serine/threonine-protein kinase MRCK beta	Homo sapiens	Encontrado	https://alphafold.ebi.ac.uk/entry/Q9Y5S2
CDC42BPB	missense_variant		377033153	Q9Y5S2	rs377033153	A819V	0.01		Q9Y5S2	Serine/threonine-protein kinase MRCK beta	Homo sapiens	Encontrado	https://alphafold.ebi.ac.uk/entry/Q9Y5S2
CDC42BPB	missense_variant		377033153	Q9Y5S2	rs377033153	A819V	0.366		Q9Y5S2	Serine/threonine-protein kinase MRCK beta	Homo sapiens	Encontrado	https://alphafold.ebi.ac.uk/entry/Q9Y5S2
CDC42BPB	missense_variant		377033153	Q9Y5S2	rs377033153	A819V	0.0		Q9Y5S2	Serine/threonine-protein kinase MRCK beta	Homo sapiens	Encontrado	https://alphafold.ebi.ac.uk/entry/Q9Y5S2
CDC42BPB	missense_variant	likely benign	377142500						Q9Y5S2	Serine/threonine-protein kinase MRCK beta	Homo sapiens	Encontrado	https://alphafold.ebi.ac.uk/entry/Q9Y5S2
CDC42BPB	missense_variant	likely benign	377230665						Q9Y5S2	Serine/threonine-protein kinase MRCK beta	Homo sapiens	Encontrado	https://alphafold.ebi.ac.uk/entry/Q9Y5S2
CDC42BPB	missense_variant	uncertain significance	377340354	Q9Y5S2	rs377340354	M735T	0.003		Q9Y5S2	Serine/threonine-protein kinase MRCK beta	Homo sapiens	Encontrado	https://alphafold.ebi.ac.uk/entry/Q9Y5S2
CDC42BPB	missense_variant	uncertain significance	377340354	Q9Y5S2	rs377340354	M735T	0.01		Q9Y5S2	Serine/threonine-protein kinase MRCK beta	Homo sapiens	Encontrado	https://alphafold.ebi.ac.uk/entry/Q9Y5S2
CDC42BPB	missense_variant		377345721						Q9Y5S2	Serine/threonine-protein kinase MRCK beta	Homo sapiens	Encontrado	https://alphafold.ebi.ac.uk/entry/Q9Y5S2
CDC42BPB	missense_variant		528394229	Q9Y5S2	rs528394229	T1360M	0.932		Q9Y5S2	Serine/threonine-protein kinase MRCK beta	Homo sapiens	Encontrado	https://alphafold.ebi.ac.uk/entry/Q9Y5S2
CDC42BPB	missense_variant		528394229	Q9Y5S2	rs528394229	T1360M	0.0		Q9Y5S2	Serine/threonine-protein kinase MRCK beta	Homo sapiens	Encontrado	https://alphafold.ebi.ac.uk/entry/Q9Y5S2
CDC42BPB	missense_variant		528394229	Q9Y5S2	rs528394229	T1360M	0.931		Q9Y5S2	Serine/threonine-protein kinase MRCK beta	Homo sapiens	Encontrado	https://alphafold.ebi.ac.uk/entry/Q9Y5S2
CDC42BPB	missense_variant		528394229	Q9Y5S2	rs528394229	T1360M	0.0		Q9Y5S2	Serine/threonine-protein kinase MRCK beta	Homo sapiens	Encontrado	https://alphafold.ebi.ac.uk/entry/Q9Y5S2
CDC42BPB	missense_variant		528455993						Q9Y5S2	Serine/threonine-protein kinase MRCK beta	Homo sapiens	Encontrado	https://alphafold.ebi.ac.uk/entry/Q9Y5S2
CDC42BPB	missense_variant		529138453						Q9Y5S2	Serine/threonine-protein kinase MRCK beta	Homo sapiens	Encontrado	https://alphafold.ebi.ac.uk/entry/Q9Y5S2
CDC42BPB	missense_variant		529283722						Q9Y5S2	Serine/threonine-protein kinase MRCK beta	Homo sapiens	Encontrado	https://alphafold.ebi.ac.uk/entry/Q9Y5S2
CDC42BPB	missense_variant		530300961						Q9Y5S2	Serine/threonine-protein kinase MRCK beta	Homo sapiens	Encontrado	https://alphafold.ebi.ac.uk/entry/Q9Y5S2
CDC42BPB	missense_variant		531412667						Q9Y5S2	Serine/threonine-protein kinase MRCK beta	Homo sapiens	Encontrado	https://alphafold.ebi.ac.uk/entry/Q9Y5S2
CDC42BPB	missense_variant		532655051						Q9Y5S2	Serine/threonine-protein kinase MRCK beta	Homo sapiens	Encontrado	https://alphafold.ebi.ac.uk/entry/Q9Y5S2
CDC42BPB	missense_variant		535677589						Q9Y5S2	Serine/threonine-protein kinase MRCK beta	Homo sapiens	Encontrado	https://alphafold.ebi.ac.uk/entry/Q9Y5S2
CDC42BPB	missense_variant	uncertain significance	537535669						Q9Y5S2	Serine/threonine-protein kinase MRCK beta	Homo sapiens	Encontrado	https://alphafold.ebi.ac.uk/entry/Q9Y5S2
CDC42BPB	missense_variant		537700094						Q9Y5S2	Serine/threonine-protein kinase MRCK beta	Homo sapiens	Encontrado	https://alphafold.ebi.ac.uk/entry/Q9Y5S2
CDC42BPB	missense_variant		538525924						Q9Y5S2	Serine/threonine-protein kinase MRCK beta	Homo sapiens	Encontrado	https://alphafold.ebi.ac.uk/entry/Q9Y5S2
CDC42BPB	missense_variant		539199355						Q9Y5S2	Serine/threonine-protein kinase MRCK beta	Homo sapiens	Encontrado	https://alphafold.ebi.ac.uk/entry/Q9Y5S2
CDC42BPB	missense_variant	likely benign	539439670	Q9Y5S2	rs539439670	T1333M	0.225		Q9Y5S2	Serine/threonine-protein kinase MRCK beta	Homo sapiens	Encontrado	https://alphafold.ebi.ac.uk/entry/Q9Y5S2
CDC42BPB	missense_variant	likely benign	539439670	Q9Y5S2	rs539439670	T1333M	0.01		Q9Y5S2	Serine/threonine-protein kinase MRCK beta	Homo sapiens	Encontrado	https://alphafold.ebi.ac.uk/entry/Q9Y5S2
CDC42BPB	missense_variant	likely benign	539521711						Q9Y5S2	Serine/threonine-protein kinase MRCK beta	Homo sapiens	Encontrado	https://alphafold.ebi.ac.uk/entry/Q9Y5S2
CDC42BPB	missense_variant		540629746						Q9Y5S2	Serine/threonine-protein kinase MRCK beta	Homo sapiens	Encontrado	https://alphafold.ebi.ac.uk/entry/Q9Y5S2
CDC42BPB	missense_variant		542009619						Q9Y5S2	Serine/threonine-protein kinase MRCK beta	Homo sapiens	Encontrado	https://alphafold.ebi.ac.uk/entry/Q9Y5S2
CDC42BPB	missense_variant		544013491						Q9Y5S2	Serine/threonine-protein kinase MRCK beta	Homo sapiens	Encontrado	https://alphafold.ebi.ac.uk/entry/Q9Y5S2
CDC42BPB	missense_variant		546461837						Q9Y5S2	Serine/threonine-protein kinase MRCK beta	Homo sapiens	Encontrado	https://alphafold.ebi.ac.uk/entry/Q9Y5S2
CDC42BPB	missense_variant		546966091						Q9Y5S2	Serine/threonine-protein kinase MRCK beta	Homo sapiens	Encontrado	https://alphafold.ebi.ac.uk/entry/Q9Y5S2
CDC42BPB	missense_variant		547015130						Q9Y5S2	Serine/threonine-protein kinase MRCK beta	Homo sapiens	Encontrado	https://alphafold.ebi.ac.uk/entry/Q9Y5S2
CDC42BPB	missense_variant		547502635						Q9Y5S2	Serine/threonine-protein kinase MRCK beta	Homo sapiens	Encontrado	https://alphafold.ebi.ac.uk/entry/Q9Y5S2
CDC42BPB	missense_variant	uncertain significance	547906994						Q9Y5S2	Serine/threonine-protein kinase MRCK beta	Homo sapiens	Encontrado	https://alphafold.ebi.ac.uk/entry/Q9Y5S2
CDC42BPB	missense_variant		548093157						Q9Y5S2	Serine/threonine-protein kinase MRCK beta	Homo sapiens	Encontrado	https://alphafold.ebi.ac.uk/entry/Q9Y5S2
CDC42BPB	missense_variant		549614523						Q9Y5S2	Serine/threonine-protein kinase MRCK beta	Homo sapiens	Encontrado	https://alphafold.ebi.ac.uk/entry/Q9Y5S2
CDC42BPB	missense_variant		550942756						Q9Y5S2	Serine/threonine-protein kinase MRCK beta	Homo sapiens	Encontrado	https://alphafold.ebi.ac.uk/entry/Q9Y5S2
CDC42BPB	missense_variant		551755307	Q9Y5S2	rs551755307	R588H	0.052		Q9Y5S2	Serine/threonine-protein kinase MRCK beta	Homo sapiens	Encontrado	https://alphafold.ebi.ac.uk/entry/Q9Y5S2
CDC42BPB	missense_variant		551755307	Q9Y5S2	rs551755307	R588H	0.13		Q9Y5S2	Serine/threonine-protein kinase MRCK beta	Homo sapiens	Encontrado	https://alphafold.ebi.ac.uk/entry/Q9Y5S2
CDC42BPB	missense_variant		551755307	Q9Y5S2	rs551755307	R588H	0.051		Q9Y5S2	Serine/threonine-protein kinase MRCK beta	Homo sapiens	Encontrado	https://alphafold.ebi.ac.uk/entry/Q9Y5S2
CDC42BPB	missense_variant		551755307	Q9Y5S2	rs551755307	R588H	0.01		Q9Y5S2	Serine/threonine-protein kinase MRCK beta	Homo sapiens	Encontrado	https://alphafold.ebi.ac.uk/entry/Q9Y5S2
CDC42BPB	missense_variant		552060222						Q9Y5S2	Serine/threonine-protein kinase MRCK beta	Homo sapiens	Encontrado	https://alphafold.ebi.ac.uk/entry/Q9Y5S2
CDC42BPB	missense_variant		552932246						Q9Y5S2	Serine/threonine-protein kinase MRCK beta	Homo sapiens	Encontrado	https://alphafold.ebi.ac.uk/entry/Q9Y5S2
CDC42BPB	missense_variant		556232471						Q9Y5S2	Serine/threonine-protein kinase MRCK beta	Homo sapiens	Encontrado	https://alphafold.ebi.ac.uk/entry/Q9Y5S2
CDC42BPB	missense_variant		559189691						Q9Y5S2	Serine/threonine-protein kinase MRCK beta	Homo sapiens	Encontrado	https://alphafold.ebi.ac.uk/entry/Q9Y5S2
CDC42BPB	missense_variant	likely benign	55948035						Q9Y5S2	Serine/threonine-protein kinase MRCK beta	Homo sapiens	Encontrado	https://alphafold.ebi.ac.uk/entry/Q9Y5S2
CDC42BPB	missense_variant		560275092						Q9Y5S2	Serine/threonine-protein kinase MRCK beta	Homo sapiens	Encontrado	https://alphafold.ebi.ac.uk/entry/Q9Y5S2
CDC42BPB	missense_variant	uncertain significance	562034984						Q9Y5S2	Serine/threonine-protein kinase MRCK beta	Homo sapiens	Encontrado	https://alphafold.ebi.ac.uk/entry/Q9Y5S2
CDC42BPB	missense_variant	uncertain significance	562551309	Q9Y5S2	rs562551309	R1696K	0.017		Q9Y5S2	Serine/threonine-protein kinase MRCK beta	Homo sapiens	Encontrado	https://alphafold.ebi.ac.uk/entry/Q9Y5S2
CDC42BPB	missense_variant	uncertain significance	562551309	Q9Y5S2	rs562551309	R1696K	0.01		Q9Y5S2	Serine/threonine-protein kinase MRCK beta	Homo sapiens	Encontrado	https://alphafold.ebi.ac.uk/entry/Q9Y5S2
CDC42BPB	missense_variant		562948212						Q9Y5S2	Serine/threonine-protein kinase MRCK beta	Homo sapiens	Encontrado	https://alphafold.ebi.ac.uk/entry/Q9Y5S2
CDC42BPB	missense_variant		564119735						Q9Y5S2	Serine/threonine-protein kinase MRCK beta	Homo sapiens	Encontrado	https://alphafold.ebi.ac.uk/entry/Q9Y5S2
CDC42BPB	missense_variant		56412851						Q9Y5S2	Serine/threonine-protein kinase MRCK beta	Homo sapiens	Encontrado	https://alphafold.ebi.ac.uk/entry/Q9Y5S2
CDC42BPB	missense_variant	uncertain significance	566836182	Q9Y5S2	rs566836182	V1653M	0.012		Q9Y5S2	Serine/threonine-protein kinase MRCK beta	Homo sapiens	Encontrado	https://alphafold.ebi.ac.uk/entry/Q9Y5S2
CDC42BPB	missense_variant	uncertain significance	566836182	Q9Y5S2	rs566836182	V1653M	0.88		Q9Y5S2	Serine/threonine-protein kinase MRCK beta	Homo sapiens	Encontrado	https://alphafold.ebi.ac.uk/entry/Q9Y5S2
CDC42BPB	missense_variant		569036151						Q9Y5S2	Serine/threonine-protein kinase MRCK beta	Homo sapiens	Encontrado	https://alphafold.ebi.ac.uk/entry/Q9Y5S2
CDC42BPB	missense_variant		571661306						Q9Y5S2	Serine/threonine-protein kinase MRCK beta	Homo sapiens	Encontrado	https://alphafold.ebi.ac.uk/entry/Q9Y5S2
CDC42BPB	missense_variant	uncertain significance	577521745	Q9Y5S2	rs577521745	R1453Q	0.979		Q9Y5S2	Serine/threonine-protein kinase MRCK beta	Homo sapiens	Encontrado	https://alphafold.ebi.ac.uk/entry/Q9Y5S2
CDC42BPB	missense_variant	uncertain significance	577521745	Q9Y5S2	rs577521745	R1453Q	0.0		Q9Y5S2	Serine/threonine-protein kinase MRCK beta	Homo sapiens	Encontrado	https://alphafold.ebi.ac.uk/entry/Q9Y5S2
CDC42BPB	missense_variant		61733950						Q9Y5S2	Serine/threonine-protein kinase MRCK beta	Homo sapiens	Encontrado	https://alphafold.ebi.ac.uk/entry/Q9Y5S2
CDC42BPB	missense_variant		61745673						Q9Y5S2	Serine/threonine-protein kinase MRCK beta	Homo sapiens	Encontrado	https://alphafold.ebi.ac.uk/entry/Q9Y5S2
CDC42BPB	missense_variant		62006861						Q9Y5S2	Serine/threonine-protein kinase MRCK beta	Homo sapiens	Encontrado	https://alphafold.ebi.ac.uk/entry/Q9Y5S2
CDC42BPB	missense_variant		62006862						Q9Y5S2	Serine/threonine-protein kinase MRCK beta	Homo sapiens	Encontrado	https://alphafold.ebi.ac.uk/entry/Q9Y5S2
CDC42BPB	missense_variant	uncertain significance	745374413						Q9Y5S2	Serine/threonine-protein kinase MRCK beta	Homo sapiens	Encontrado	https://alphafold.ebi.ac.uk/entry/Q9Y5S2
CDC42BPB	missense_variant		745647838						Q9Y5S2	Serine/threonine-protein kinase MRCK beta	Homo sapiens	Encontrado	https://alphafold.ebi.ac.uk/entry/Q9Y5S2
CDC42BPB	missense_variant		745676686						Q9Y5S2	Serine/threonine-protein kinase MRCK beta	Homo sapiens	Encontrado	https://alphafold.ebi.ac.uk/entry/Q9Y5S2
CDC42BPB	missense_variant		745881611						Q9Y5S2	Serine/threonine-protein kinase MRCK beta	Homo sapiens	Encontrado	https://alphafold.ebi.ac.uk/entry/Q9Y5S2
CDC42BPB	missense_variant		746321865						Q9Y5S2	Serine/threonine-protein kinase MRCK beta	Homo sapiens	Encontrado	https://alphafold.ebi.ac.uk/entry/Q9Y5S2
CDC42BPB	missense_variant		746406995						Q9Y5S2	Serine/threonine-protein kinase MRCK beta	Homo sapiens	Encontrado	https://alphafold.ebi.ac.uk/entry/Q9Y5S2
CDC42BPB	missense_variant		746522635	Q9Y5S2	rs746522635	V1348M	0.14		Q9Y5S2	Serine/threonine-protein kinase MRCK beta	Homo sapiens	Encontrado	https://alphafold.ebi.ac.uk/entry/Q9Y5S2
CDC42BPB	missense_variant		746522635	Q9Y5S2	rs746522635	V1348M	0.72		Q9Y5S2	Serine/threonine-protein kinase MRCK beta	Homo sapiens	Encontrado	https://alphafold.ebi.ac.uk/entry/Q9Y5S2
CDC42BPB	missense_variant		746522635	Q9Y5S2	rs746522635	V1348M	0.138		Q9Y5S2	Serine/threonine-protein kinase MRCK beta	Homo sapiens	Encontrado	https://alphafold.ebi.ac.uk/entry/Q9Y5S2
CDC42BPB	missense_variant		746522635	Q9Y5S2	rs746522635	V1348M	0.0		Q9Y5S2	Serine/threonine-protein kinase MRCK beta	Homo sapiens	Encontrado	https://alphafold.ebi.ac.uk/entry/Q9Y5S2
CDC42BPB	missense_variant		746689190						Q9Y5S2	Serine/threonine-protein kinase MRCK beta	Homo sapiens	Encontrado	https://alphafold.ebi.ac.uk/entry/Q9Y5S2
CDC42BPB	missense_variant		746810463	Q9Y5S2	rs746810463	T1652I	0.017		Q9Y5S2	Serine/threonine-protein kinase MRCK beta	Homo sapiens	Encontrado	https://alphafold.ebi.ac.uk/entry/Q9Y5S2
CDC42BPB	missense_variant		746810463	Q9Y5S2	rs746810463	T1652I	0.14		Q9Y5S2	Serine/threonine-protein kinase MRCK beta	Homo sapiens	Encontrado	https://alphafold.ebi.ac.uk/entry/Q9Y5S2
CDC42BPB	missense_variant		746810463	Q9Y5S2	rs746810463	T1652I	0.018		Q9Y5S2	Serine/threonine-protein kinase MRCK beta	Homo sapiens	Encontrado	https://alphafold.ebi.ac.uk/entry/Q9Y5S2
CDC42BPB	missense_variant		746810463	Q9Y5S2	rs746810463	T1652I	0.0		Q9Y5S2	Serine/threonine-protein kinase MRCK beta	Homo sapiens	Encontrado	https://alphafold.ebi.ac.uk/entry/Q9Y5S2
CDC42BPB	missense_variant		747006250						Q9Y5S2	Serine/threonine-protein kinase MRCK beta	Homo sapiens	Encontrado	https://alphafold.ebi.ac.uk/entry/Q9Y5S2
CDC42BPB	missense_variant		747092497						Q9Y5S2	Serine/threonine-protein kinase MRCK beta	Homo sapiens	Encontrado	https://alphafold.ebi.ac.uk/entry/Q9Y5S2
CDC42BPB	missense_variant		747293174						Q9Y5S2	Serine/threonine-protein kinase MRCK beta	Homo sapiens	Encontrado	https://alphafold.ebi.ac.uk/entry/Q9Y5S2
CDC42BPB	missense_variant		747297506						Q9Y5S2	Serine/threonine-protein kinase MRCK beta	Homo sapiens	Encontrado	https://alphafold.ebi.ac.uk/entry/Q9Y5S2
CDC42BPB	missense_variant		747311960						Q9Y5S2	Serine/threonine-protein kinase MRCK beta	Homo sapiens	Encontrado	https://alphafold.ebi.ac.uk/entry/Q9Y5S2
CDC42BPB	missense_variant	uncertain significance	747398820	Q9Y5S2	rs747398820	D1234N	0.999		Q9Y5S2	Serine/threonine-protein kinase MRCK beta	Homo sapiens	Encontrado	https://alphafold.ebi.ac.uk/entry/Q9Y5S2
CDC42BPB	missense_variant	uncertain significance	747398820	Q9Y5S2	rs747398820	D1234N	0.01		Q9Y5S2	Serine/threonine-protein kinase MRCK beta	Homo sapiens	Encontrado	https://alphafold.ebi.ac.uk/entry/Q9Y5S2
CDC42BPB	missense_variant		747400742						Q9Y5S2	Serine/threonine-protein kinase MRCK beta	Homo sapiens	Encontrado	https://alphafold.ebi.ac.uk/entry/Q9Y5S2
CDC42BPB	missense_variant	uncertain significance	747896976	Q9Y5S2	rs747896976	L783I	0.117		Q9Y5S2	Serine/threonine-protein kinase MRCK beta	Homo sapiens	Encontrado	https://alphafold.ebi.ac.uk/entry/Q9Y5S2
CDC42BPB	missense_variant	uncertain significance	747896976	Q9Y5S2	rs747896976	L783I	0.05		Q9Y5S2	Serine/threonine-protein kinase MRCK beta	Homo sapiens	Encontrado	https://alphafold.ebi.ac.uk/entry/Q9Y5S2
CDC42BPB	missense_variant	uncertain significance	747896976	Q9Y5S2	rs747896976	L783I	0.121		Q9Y5S2	Serine/threonine-protein kinase MRCK beta	Homo sapiens	Encontrado	https://alphafold.ebi.ac.uk/entry/Q9Y5S2
CDC42BPB	missense_variant	uncertain significance	747896976	Q9Y5S2	rs747896976	L783I	0.01		Q9Y5S2	Serine/threonine-protein kinase MRCK beta	Homo sapiens	Encontrado	https://alphafold.ebi.ac.uk/entry/Q9Y5S2
CDC42BPB	missense_variant		747908716						Q9Y5S2	Serine/threonine-protein kinase MRCK beta	Homo sapiens	Encontrado	https://alphafold.ebi.ac.uk/entry/Q9Y5S2
CDC42BPB	missense_variant		748047064						Q9Y5S2	Serine/threonine-protein kinase MRCK beta	Homo sapiens	Encontrado	https://alphafold.ebi.ac.uk/entry/Q9Y5S2
CDC42BPB	missense_variant		748069736						Q9Y5S2	Serine/threonine-protein kinase MRCK beta	Homo sapiens	Encontrado	https://alphafold.ebi.ac.uk/entry/Q9Y5S2
CDC42BPB	missense_variant		748164773						Q9Y5S2	Serine/threonine-protein kinase MRCK beta	Homo sapiens	Encontrado	https://alphafold.ebi.ac.uk/entry/Q9Y5S2
CDC42BPB	missense_variant		748273726						Q9Y5S2	Serine/threonine-protein kinase MRCK beta	Homo sapiens	Encontrado	https://alphafold.ebi.ac.uk/entry/Q9Y5S2
CDC42BPB	missense_variant		748539078						Q9Y5S2	Serine/threonine-protein kinase MRCK beta	Homo sapiens	Encontrado	https://alphafold.ebi.ac.uk/entry/Q9Y5S2
CDC42BPB	missense_variant		748549609						Q9Y5S2	Serine/threonine-protein kinase MRCK beta	Homo sapiens	Encontrado	https://alphafold.ebi.ac.uk/entry/Q9Y5S2
CDC42BPB	missense_variant		748723581						Q9Y5S2	Serine/threonine-protein kinase MRCK beta	Homo sapiens	Encontrado	https://alphafold.ebi.ac.uk/entry/Q9Y5S2
CDC42BPB	missense_variant		748732527						Q9Y5S2	Serine/threonine-protein kinase MRCK beta	Homo sapiens	Encontrado	https://alphafold.ebi.ac.uk/entry/Q9Y5S2
CDC42BPB	missense_variant		749051826						Q9Y5S2	Serine/threonine-protein kinase MRCK beta	Homo sapiens	Encontrado	https://alphafold.ebi.ac.uk/entry/Q9Y5S2
CDC42BPB	missense_variant		749094142	Q9Y5S2	rs749094142	A1314V	0.017		Q9Y5S2	Serine/threonine-protein kinase MRCK beta	Homo sapiens	Encontrado	https://alphafold.ebi.ac.uk/entry/Q9Y5S2
CDC42BPB	missense_variant		749094142	Q9Y5S2	rs749094142	A1314V	0.33		Q9Y5S2	Serine/threonine-protein kinase MRCK beta	Homo sapiens	Encontrado	https://alphafold.ebi.ac.uk/entry/Q9Y5S2
CDC42BPB	missense_variant		749094142	Q9Y5S2	rs749094142	A1314V	0.017		Q9Y5S2	Serine/threonine-protein kinase MRCK beta	Homo sapiens	Encontrado	https://alphafold.ebi.ac.uk/entry/Q9Y5S2
CDC42BPB	missense_variant		749094142	Q9Y5S2	rs749094142	A1314V	0.07		Q9Y5S2	Serine/threonine-protein kinase MRCK beta	Homo sapiens	Encontrado	https://alphafold.ebi.ac.uk/entry/Q9Y5S2
CDC42BPB	missense_variant	uncertain significance	749105563						Q9Y5S2	Serine/threonine-protein kinase MRCK beta	Homo sapiens	Encontrado	https://alphafold.ebi.ac.uk/entry/Q9Y5S2
CDC42BPB	missense_variant		749106487						Q9Y5S2	Serine/threonine-protein kinase MRCK beta	Homo sapiens	Encontrado	https://alphafold.ebi.ac.uk/entry/Q9Y5S2
CDC42BPB	missense_variant		749179808						Q9Y5S2	Serine/threonine-protein kinase MRCK beta	Homo sapiens	Encontrado	https://alphafold.ebi.ac.uk/entry/Q9Y5S2
CDC42BPB	missense_variant		749362454						Q9Y5S2	Serine/threonine-protein kinase MRCK beta	Homo sapiens	Encontrado	https://alphafold.ebi.ac.uk/entry/Q9Y5S2
CDC42BPB	missense_variant		749456768						Q9Y5S2	Serine/threonine-protein kinase MRCK beta	Homo sapiens	Encontrado	https://alphafold.ebi.ac.uk/entry/Q9Y5S2
CDC42BPB	missense_variant		749560849						Q9Y5S2	Serine/threonine-protein kinase MRCK beta	Homo sapiens	Encontrado	https://alphafold.ebi.ac.uk/entry/Q9Y5S2
CDC42BPB	missense_variant		749711259	Q9Y5S2	rs749711259	R483Q	0.051		Q9Y5S2	Serine/threonine-protein kinase MRCK beta	Homo sapiens	Encontrado	https://alphafold.ebi.ac.uk/entry/Q9Y5S2
CDC42BPB	missense_variant		749711259	Q9Y5S2	rs749711259	R483Q	0.06		Q9Y5S2	Serine/threonine-protein kinase MRCK beta	Homo sapiens	Encontrado	https://alphafold.ebi.ac.uk/entry/Q9Y5S2
CDC42BPB	missense_variant		749711259	Q9Y5S2	rs749711259	R483Q	0.05		Q9Y5S2	Serine/threonine-protein kinase MRCK beta	Homo sapiens	Encontrado	https://alphafold.ebi.ac.uk/entry/Q9Y5S2
CDC42BPB	missense_variant		749711259	Q9Y5S2	rs749711259	R483Q	0.01		Q9Y5S2	Serine/threonine-protein kinase MRCK beta	Homo sapiens	Encontrado	https://alphafold.ebi.ac.uk/entry/Q9Y5S2
CDC42BPB	missense_variant		749933054						Q9Y5S2	Serine/threonine-protein kinase MRCK beta	Homo sapiens	Encontrado	https://alphafold.ebi.ac.uk/entry/Q9Y5S2
CDC42BPB	missense_variant		749941853						Q9Y5S2	Serine/threonine-protein kinase MRCK beta	Homo sapiens	Encontrado	https://alphafold.ebi.ac.uk/entry/Q9Y5S2
CDC42BPB	missense_variant		749965334						Q9Y5S2	Serine/threonine-protein kinase MRCK beta	Homo sapiens	Encontrado	https://alphafold.ebi.ac.uk/entry/Q9Y5S2
CDC42BPB	missense_variant		750228190						Q9Y5S2	Serine/threonine-protein kinase MRCK beta	Homo sapiens	Encontrado	https://alphafold.ebi.ac.uk/entry/Q9Y5S2
CDC42BPB	missense_variant		750461988						Q9Y5S2	Serine/threonine-protein kinase MRCK beta	Homo sapiens	Encontrado	https://alphafold.ebi.ac.uk/entry/Q9Y5S2
CDC42BPB	missense_variant		750491753	Q9Y5S2	rs750491753	R832Q	0.971		Q9Y5S2	Serine/threonine-protein kinase MRCK beta	Homo sapiens	Encontrado	https://alphafold.ebi.ac.uk/entry/Q9Y5S2
CDC42BPB	missense_variant		750491753	Q9Y5S2	rs750491753	R832Q	0.0		Q9Y5S2	Serine/threonine-protein kinase MRCK beta	Homo sapiens	Encontrado	https://alphafold.ebi.ac.uk/entry/Q9Y5S2
CDC42BPB	missense_variant		750491753	Q9Y5S2	rs750491753	R832Q	0.97		Q9Y5S2	Serine/threonine-protein kinase MRCK beta	Homo sapiens	Encontrado	https://alphafold.ebi.ac.uk/entry/Q9Y5S2
CDC42BPB	missense_variant		750491753	Q9Y5S2	rs750491753	R832Q	0.0		Q9Y5S2	Serine/threonine-protein kinase MRCK beta	Homo sapiens	Encontrado	https://alphafold.ebi.ac.uk/entry/Q9Y5S2
CDC42BPB	missense_variant	likely benign	750636528	Q9Y5S2	rs750636528	A673V	0.0		Q9Y5S2	Serine/threonine-protein kinase MRCK beta	Homo sapiens	Encontrado	https://alphafold.ebi.ac.uk/entry/Q9Y5S2
CDC42BPB	missense_variant	likely benign	750636528	Q9Y5S2	rs750636528	A673V	0.07		Q9Y5S2	Serine/threonine-protein kinase MRCK beta	Homo sapiens	Encontrado	https://alphafold.ebi.ac.uk/entry/Q9Y5S2
CDC42BPB	missense_variant		750766228						Q9Y5S2	Serine/threonine-protein kinase MRCK beta	Homo sapiens	Encontrado	https://alphafold.ebi.ac.uk/entry/Q9Y5S2
CDC42BPB	missense_variant		750798248						Q9Y5S2	Serine/threonine-protein kinase MRCK beta	Homo sapiens	Encontrado	https://alphafold.ebi.ac.uk/entry/Q9Y5S2
CDC42BPB	missense_variant		750838520						Q9Y5S2	Serine/threonine-protein kinase MRCK beta	Homo sapiens	Encontrado	https://alphafold.ebi.ac.uk/entry/Q9Y5S2
CDC42BPB	missense_variant		750844426						Q9Y5S2	Serine/threonine-protein kinase MRCK beta	Homo sapiens	Encontrado	https://alphafold.ebi.ac.uk/entry/Q9Y5S2
CDC42BPB	missense_variant		750897008						Q9Y5S2	Serine/threonine-protein kinase MRCK beta	Homo sapiens	Encontrado	https://alphafold.ebi.ac.uk/entry/Q9Y5S2
CDC42BPB	missense_variant		750975756						Q9Y5S2	Serine/threonine-protein kinase MRCK beta	Homo sapiens	Encontrado	https://alphafold.ebi.ac.uk/entry/Q9Y5S2
CDC42BPB	missense_variant		750999657						Q9Y5S2	Serine/threonine-protein kinase MRCK beta	Homo sapiens	Encontrado	https://alphafold.ebi.ac.uk/entry/Q9Y5S2
CDC42BPB	missense_variant		751052410						Q9Y5S2	Serine/threonine-protein kinase MRCK beta	Homo sapiens	Encontrado	https://alphafold.ebi.ac.uk/entry/Q9Y5S2
CDC42BPB	missense_variant		751490803						Q9Y5S2	Serine/threonine-protein kinase MRCK beta	Homo sapiens	Encontrado	https://alphafold.ebi.ac.uk/entry/Q9Y5S2
CDC42BPB	missense_variant		751534717						Q9Y5S2	Serine/threonine-protein kinase MRCK beta	Homo sapiens	Encontrado	https://alphafold.ebi.ac.uk/entry/Q9Y5S2
CDC42BPB	missense_variant		751650285						Q9Y5S2	Serine/threonine-protein kinase MRCK beta	Homo sapiens	Encontrado	https://alphafold.ebi.ac.uk/entry/Q9Y5S2
CDC42BPB	missense_variant	uncertain significance	751692127	Q9Y5S2	rs751692127	N1412S	0.005		Q9Y5S2	Serine/threonine-protein kinase MRCK beta	Homo sapiens	Encontrado	https://alphafold.ebi.ac.uk/entry/Q9Y5S2
CDC42BPB	missense_variant	uncertain significance	751692127	Q9Y5S2	rs751692127	N1412S	0.74		Q9Y5S2	Serine/threonine-protein kinase MRCK beta	Homo sapiens	Encontrado	https://alphafold.ebi.ac.uk/entry/Q9Y5S2
CDC42BPB	missense_variant		751814078	Q9Y5S2	rs751814078	E495K	0.029		Q9Y5S2	Serine/threonine-protein kinase MRCK beta	Homo sapiens	Encontrado	https://alphafold.ebi.ac.uk/entry/Q9Y5S2
CDC42BPB	missense_variant		751814078	Q9Y5S2	rs751814078	E495K	0.08		Q9Y5S2	Serine/threonine-protein kinase MRCK beta	Homo sapiens	Encontrado	https://alphafold.ebi.ac.uk/entry/Q9Y5S2
CDC42BPB	missense_variant		751814078	Q9Y5S2	rs751814078	E495K	0.029		Q9Y5S2	Serine/threonine-protein kinase MRCK beta	Homo sapiens	Encontrado	https://alphafold.ebi.ac.uk/entry/Q9Y5S2
CDC42BPB	missense_variant		751814078	Q9Y5S2	rs751814078	E495K	0.0		Q9Y5S2	Serine/threonine-protein kinase MRCK beta	Homo sapiens	Encontrado	https://alphafold.ebi.ac.uk/entry/Q9Y5S2
CDC42BPB	missense_variant		752024361						Q9Y5S2	Serine/threonine-protein kinase MRCK beta	Homo sapiens	Encontrado	https://alphafold.ebi.ac.uk/entry/Q9Y5S2
CDC42BPB	missense_variant		752062947						Q9Y5S2	Serine/threonine-protein kinase MRCK beta	Homo sapiens	Encontrado	https://alphafold.ebi.ac.uk/entry/Q9Y5S2
CDC42BPB	missense_variant		752178375						Q9Y5S2	Serine/threonine-protein kinase MRCK beta	Homo sapiens	Encontrado	https://alphafold.ebi.ac.uk/entry/Q9Y5S2
CDC42BPB	missense_variant		752480463						Q9Y5S2	Serine/threonine-protein kinase MRCK beta	Homo sapiens	Encontrado	https://alphafold.ebi.ac.uk/entry/Q9Y5S2
CDC42BPB	missense_variant	likely benign	752549385						Q9Y5S2	Serine/threonine-protein kinase MRCK beta	Homo sapiens	Encontrado	https://alphafold.ebi.ac.uk/entry/Q9Y5S2
CDC42BPB	missense_variant		752576729						Q9Y5S2	Serine/threonine-protein kinase MRCK beta	Homo sapiens	Encontrado	https://alphafold.ebi.ac.uk/entry/Q9Y5S2
CDC42BPB	missense_variant		752816236						Q9Y5S2	Serine/threonine-protein kinase MRCK beta	Homo sapiens	Encontrado	https://alphafold.ebi.ac.uk/entry/Q9Y5S2
CDC42BPB	missense_variant		752916061						Q9Y5S2	Serine/threonine-protein kinase MRCK beta	Homo sapiens	Encontrado	https://alphafold.ebi.ac.uk/entry/Q9Y5S2
CDC42BPB	missense_variant		753046475						Q9Y5S2	Serine/threonine-protein kinase MRCK beta	Homo sapiens	Encontrado	https://alphafold.ebi.ac.uk/entry/Q9Y5S2
CDC42BPB	missense_variant		753158900						Q9Y5S2	Serine/threonine-protein kinase MRCK beta	Homo sapiens	Encontrado	https://alphafold.ebi.ac.uk/entry/Q9Y5S2
CDC42BPB	missense_variant		753163105						Q9Y5S2	Serine/threonine-protein kinase MRCK beta	Homo sapiens	Encontrado	https://alphafold.ebi.ac.uk/entry/Q9Y5S2
CDC42BPB	missense_variant		753465444						Q9Y5S2	Serine/threonine-protein kinase MRCK beta	Homo sapiens	Encontrado	https://alphafold.ebi.ac.uk/entry/Q9Y5S2
CDC42BPB	missense_variant		753586356						Q9Y5S2	Serine/threonine-protein kinase MRCK beta	Homo sapiens	Encontrado	https://alphafold.ebi.ac.uk/entry/Q9Y5S2
CDC42BPB	missense_variant	likely benign	753792492	Q9Y5S2	rs753792492	K687R	0.001		Q9Y5S2	Serine/threonine-protein kinase MRCK beta	Homo sapiens	Encontrado	https://alphafold.ebi.ac.uk/entry/Q9Y5S2
CDC42BPB	missense_variant	likely benign	753792492	Q9Y5S2	rs753792492	K687R	0.05		Q9Y5S2	Serine/threonine-protein kinase MRCK beta	Homo sapiens	Encontrado	https://alphafold.ebi.ac.uk/entry/Q9Y5S2
CDC42BPB	missense_variant	likely benign	753894689	Q9Y5S2	rs753894689	R539Q	0.017		Q9Y5S2	Serine/threonine-protein kinase MRCK beta	Homo sapiens	Encontrado	https://alphafold.ebi.ac.uk/entry/Q9Y5S2
CDC42BPB	missense_variant	likely benign	753894689	Q9Y5S2	rs753894689	R539Q	0.01		Q9Y5S2	Serine/threonine-protein kinase MRCK beta	Homo sapiens	Encontrado	https://alphafold.ebi.ac.uk/entry/Q9Y5S2
CDC42BPB	missense_variant	uncertain significance	754126714	Q9Y5S2	rs754126714	R326C	0.289		Q9Y5S2	Serine/threonine-protein kinase MRCK beta	Homo sapiens	Encontrado	https://alphafold.ebi.ac.uk/entry/Q9Y5S2
CDC42BPB	missense_variant	uncertain significance	754126714	Q9Y5S2	rs754126714	R326C	0.02		Q9Y5S2	Serine/threonine-protein kinase MRCK beta	Homo sapiens	Encontrado	https://alphafold.ebi.ac.uk/entry/Q9Y5S2
CDC42BPB	missense_variant		754145140						Q9Y5S2	Serine/threonine-protein kinase MRCK beta	Homo sapiens	Encontrado	https://alphafold.ebi.ac.uk/entry/Q9Y5S2
CDC42BPB	missense_variant		754160186						Q9Y5S2	Serine/threonine-protein kinase MRCK beta	Homo sapiens	Encontrado	https://alphafold.ebi.ac.uk/entry/Q9Y5S2
CDC42BPB	missense_variant		754162942						Q9Y5S2	Serine/threonine-protein kinase MRCK beta	Homo sapiens	Encontrado	https://alphafold.ebi.ac.uk/entry/Q9Y5S2
CDC42BPB	missense_variant		754293915	Q9Y5S2	rs754293915	R647C	0.638		Q9Y5S2	Serine/threonine-protein kinase MRCK beta	Homo sapiens	Encontrado	https://alphafold.ebi.ac.uk/entry/Q9Y5S2
CDC42BPB	missense_variant		754293915	Q9Y5S2	rs754293915	R647C	0.0		Q9Y5S2	Serine/threonine-protein kinase MRCK beta	Homo sapiens	Encontrado	https://alphafold.ebi.ac.uk/entry/Q9Y5S2
CDC42BPB	missense_variant		754293915	Q9Y5S2	rs754293915	R647C	0.634		Q9Y5S2	Serine/threonine-protein kinase MRCK beta	Homo sapiens	Encontrado	https://alphafold.ebi.ac.uk/entry/Q9Y5S2
CDC42BPB	missense_variant		754293915	Q9Y5S2	rs754293915	R647C	0.0		Q9Y5S2	Serine/threonine-protein kinase MRCK beta	Homo sapiens	Encontrado	https://alphafold.ebi.ac.uk/entry/Q9Y5S2
CDC42BPB	missense_variant		754471450						Q9Y5S2	Serine/threonine-protein kinase MRCK beta	Homo sapiens	Encontrado	https://alphafold.ebi.ac.uk/entry/Q9Y5S2
CDC42BPB	missense_variant		754531547						Q9Y5S2	Serine/threonine-protein kinase MRCK beta	Homo sapiens	Encontrado	https://alphafold.ebi.ac.uk/entry/Q9Y5S2
CDC42BPB	missense_variant		754583657						Q9Y5S2	Serine/threonine-protein kinase MRCK beta	Homo sapiens	Encontrado	https://alphafold.ebi.ac.uk/entry/Q9Y5S2
CDC42BPB	missense_variant		754600095						Q9Y5S2	Serine/threonine-protein kinase MRCK beta	Homo sapiens	Encontrado	https://alphafold.ebi.ac.uk/entry/Q9Y5S2
CDC42BPB	missense_variant		754754131						Q9Y5S2	Serine/threonine-protein kinase MRCK beta	Homo sapiens	Encontrado	https://alphafold.ebi.ac.uk/entry/Q9Y5S2
CDC42BPB	missense_variant		754841354						Q9Y5S2	Serine/threonine-protein kinase MRCK beta	Homo sapiens	Encontrado	https://alphafold.ebi.ac.uk/entry/Q9Y5S2
CDC42BPB	missense_variant		754926991						Q9Y5S2	Serine/threonine-protein kinase MRCK beta	Homo sapiens	Encontrado	https://alphafold.ebi.ac.uk/entry/Q9Y5S2
CDC42BPB	missense_variant		755180952						Q9Y5S2	Serine/threonine-protein kinase MRCK beta	Homo sapiens	Encontrado	https://alphafold.ebi.ac.uk/entry/Q9Y5S2
CDC42BPB	missense_variant		755233914						Q9Y5S2	Serine/threonine-protein kinase MRCK beta	Homo sapiens	Encontrado	https://alphafold.ebi.ac.uk/entry/Q9Y5S2
CDC42BPB	missense_variant	uncertain significance	755257364	Q9Y5S2	rs755257364	R1051Q	1.0		Q9Y5S2	Serine/threonine-protein kinase MRCK beta	Homo sapiens	Encontrado	https://alphafold.ebi.ac.uk/entry/Q9Y5S2
CDC42BPB	missense_variant	uncertain significance	755257364	Q9Y5S2	rs755257364	R1051Q	0.0		Q9Y5S2	Serine/threonine-protein kinase MRCK beta	Homo sapiens	Encontrado	https://alphafold.ebi.ac.uk/entry/Q9Y5S2
CDC42BPB	missense_variant	uncertain significance	755257364	Q9Y5S2	rs755257364	R1051Q	1.0		Q9Y5S2	Serine/threonine-protein kinase MRCK beta	Homo sapiens	Encontrado	https://alphafold.ebi.ac.uk/entry/Q9Y5S2
CDC42BPB	missense_variant	uncertain significance	755257364	Q9Y5S2	rs755257364	R1051Q	0.0		Q9Y5S2	Serine/threonine-protein kinase MRCK beta	Homo sapiens	Encontrado	https://alphafold.ebi.ac.uk/entry/Q9Y5S2
CDC42BPB	missense_variant		755279217						Q9Y5S2	Serine/threonine-protein kinase MRCK beta	Homo sapiens	Encontrado	https://alphafold.ebi.ac.uk/entry/Q9Y5S2
CDC42BPB	missense_variant	uncertain significance	755548130						Q9Y5S2	Serine/threonine-protein kinase MRCK beta	Homo sapiens	Encontrado	https://alphafold.ebi.ac.uk/entry/Q9Y5S2
CDC42BPB	missense_variant		755838432						Q9Y5S2	Serine/threonine-protein kinase MRCK beta	Homo sapiens	Encontrado	https://alphafold.ebi.ac.uk/entry/Q9Y5S2
CDC42BPB	missense_variant		755934852						Q9Y5S2	Serine/threonine-protein kinase MRCK beta	Homo sapiens	Encontrado	https://alphafold.ebi.ac.uk/entry/Q9Y5S2
CDC42BPB	missense_variant		756048171						Q9Y5S2	Serine/threonine-protein kinase MRCK beta	Homo sapiens	Encontrado	https://alphafold.ebi.ac.uk/entry/Q9Y5S2
CDC42BPB	missense_variant		756091661						Q9Y5S2	Serine/threonine-protein kinase MRCK beta	Homo sapiens	Encontrado	https://alphafold.ebi.ac.uk/entry/Q9Y5S2
CDC42BPB	missense_variant		756382043	Q9Y5S2	rs756382043	S1434I	0.281		Q9Y5S2	Serine/threonine-protein kinase MRCK beta	Homo sapiens	Encontrado	https://alphafold.ebi.ac.uk/entry/Q9Y5S2
CDC42BPB	missense_variant		756382043	Q9Y5S2	rs756382043	S1434I	0.06		Q9Y5S2	Serine/threonine-protein kinase MRCK beta	Homo sapiens	Encontrado	https://alphafold.ebi.ac.uk/entry/Q9Y5S2
CDC42BPB	missense_variant		756382043	Q9Y5S2	rs756382043	S1434I	0.29		Q9Y5S2	Serine/threonine-protein kinase MRCK beta	Homo sapiens	Encontrado	https://alphafold.ebi.ac.uk/entry/Q9Y5S2
CDC42BPB	missense_variant		756382043	Q9Y5S2	rs756382043	S1434I	0.0		Q9Y5S2	Serine/threonine-protein kinase MRCK beta	Homo sapiens	Encontrado	https://alphafold.ebi.ac.uk/entry/Q9Y5S2
CDC42BPB	missense_variant		756727099						Q9Y5S2	Serine/threonine-protein kinase MRCK beta	Homo sapiens	Encontrado	https://alphafold.ebi.ac.uk/entry/Q9Y5S2
CDC42BPB	missense_variant		756849826						Q9Y5S2	Serine/threonine-protein kinase MRCK beta	Homo sapiens	Encontrado	https://alphafold.ebi.ac.uk/entry/Q9Y5S2
CDC42BPB	missense_variant		756971709						Q9Y5S2	Serine/threonine-protein kinase MRCK beta	Homo sapiens	Encontrado	https://alphafold.ebi.ac.uk/entry/Q9Y5S2
CDC42BPB	missense_variant		757029829						Q9Y5S2	Serine/threonine-protein kinase MRCK beta	Homo sapiens	Encontrado	https://alphafold.ebi.ac.uk/entry/Q9Y5S2
CDC42BPB	missense_variant		757217270						Q9Y5S2	Serine/threonine-protein kinase MRCK beta	Homo sapiens	Encontrado	https://alphafold.ebi.ac.uk/entry/Q9Y5S2
CDC42BPB	missense_variant		757447340	Q9Y5S2	rs757447340	D1599N	0.067		Q9Y5S2	Serine/threonine-protein kinase MRCK beta	Homo sapiens	Encontrado	https://alphafold.ebi.ac.uk/entry/Q9Y5S2
CDC42BPB	missense_variant		757447340	Q9Y5S2	rs757447340	D1599N	0.05		Q9Y5S2	Serine/threonine-protein kinase MRCK beta	Homo sapiens	Encontrado	https://alphafold.ebi.ac.uk/entry/Q9Y5S2
CDC42BPB	missense_variant		757447340	Q9Y5S2	rs757447340	D1599N	0.066		Q9Y5S2	Serine/threonine-protein kinase MRCK beta	Homo sapiens	Encontrado	https://alphafold.ebi.ac.uk/entry/Q9Y5S2
CDC42BPB	missense_variant		757447340	Q9Y5S2	rs757447340	D1599N	0.0		Q9Y5S2	Serine/threonine-protein kinase MRCK beta	Homo sapiens	Encontrado	https://alphafold.ebi.ac.uk/entry/Q9Y5S2
CDC42BPB	missense_variant		757691424						Q9Y5S2	Serine/threonine-protein kinase MRCK beta	Homo sapiens	Encontrado	https://alphafold.ebi.ac.uk/entry/Q9Y5S2
CDC42BPB	missense_variant		757877062						Q9Y5S2	Serine/threonine-protein kinase MRCK beta	Homo sapiens	Encontrado	https://alphafold.ebi.ac.uk/entry/Q9Y5S2
CDC42BPB	missense_variant		758312268						Q9Y5S2	Serine/threonine-protein kinase MRCK beta	Homo sapiens	Encontrado	https://alphafold.ebi.ac.uk/entry/Q9Y5S2
CDC42BPB	missense_variant		758315719						Q9Y5S2	Serine/threonine-protein kinase MRCK beta	Homo sapiens	Encontrado	https://alphafold.ebi.ac.uk/entry/Q9Y5S2
CDC42BPB	missense_variant		758332208						Q9Y5S2	Serine/threonine-protein kinase MRCK beta	Homo sapiens	Encontrado	https://alphafold.ebi.ac.uk/entry/Q9Y5S2
CDC42BPB	missense_variant		758348207						Q9Y5S2	Serine/threonine-protein kinase MRCK beta	Homo sapiens	Encontrado	https://alphafold.ebi.ac.uk/entry/Q9Y5S2
CDC42BPB	missense_variant		758672847						Q9Y5S2	Serine/threonine-protein kinase MRCK beta	Homo sapiens	Encontrado	https://alphafold.ebi.ac.uk/entry/Q9Y5S2
CDC42BPB	missense_variant	uncertain significance	758705817						Q9Y5S2	Serine/threonine-protein kinase MRCK beta	Homo sapiens	Encontrado	https://alphafold.ebi.ac.uk/entry/Q9Y5S2
CDC42BPB	missense_variant		758761562						Q9Y5S2	Serine/threonine-protein kinase MRCK beta	Homo sapiens	Encontrado	https://alphafold.ebi.ac.uk/entry/Q9Y5S2
CDC42BPB	missense_variant		758823144	Q9Y5S2	rs758823144	E1702K	0.098		Q9Y5S2	Serine/threonine-protein kinase MRCK beta	Homo sapiens	Encontrado	https://alphafold.ebi.ac.uk/entry/Q9Y5S2
CDC42BPB	missense_variant		758823144	Q9Y5S2	rs758823144	E1702K	0.03		Q9Y5S2	Serine/threonine-protein kinase MRCK beta	Homo sapiens	Encontrado	https://alphafold.ebi.ac.uk/entry/Q9Y5S2
CDC42BPB	missense_variant		758823144	Q9Y5S2	rs758823144	E1702K	0.096		Q9Y5S2	Serine/threonine-protein kinase MRCK beta	Homo sapiens	Encontrado	https://alphafold.ebi.ac.uk/entry/Q9Y5S2
CDC42BPB	missense_variant		758823144	Q9Y5S2	rs758823144	E1702K	0.01		Q9Y5S2	Serine/threonine-protein kinase MRCK beta	Homo sapiens	Encontrado	https://alphafold.ebi.ac.uk/entry/Q9Y5S2
CDC42BPB	missense_variant		758892375						Q9Y5S2	Serine/threonine-protein kinase MRCK beta	Homo sapiens	Encontrado	https://alphafold.ebi.ac.uk/entry/Q9Y5S2
CDC42BPB	missense_variant		759102366						Q9Y5S2	Serine/threonine-protein kinase MRCK beta	Homo sapiens	Encontrado	https://alphafold.ebi.ac.uk/entry/Q9Y5S2
CDC42BPB	missense_variant		759189098						Q9Y5S2	Serine/threonine-protein kinase MRCK beta	Homo sapiens	Encontrado	https://alphafold.ebi.ac.uk/entry/Q9Y5S2
CDC42BPB	missense_variant		759201646						Q9Y5S2	Serine/threonine-protein kinase MRCK beta	Homo sapiens	Encontrado	https://alphafold.ebi.ac.uk/entry/Q9Y5S2
CDC42BPB	missense_variant		759330821						Q9Y5S2	Serine/threonine-protein kinase MRCK beta	Homo sapiens	Encontrado	https://alphafold.ebi.ac.uk/entry/Q9Y5S2
CDC42BPB	missense_variant		759334009						Q9Y5S2	Serine/threonine-protein kinase MRCK beta	Homo sapiens	Encontrado	https://alphafold.ebi.ac.uk/entry/Q9Y5S2
CDC42BPB	missense_variant	uncertain significance	759721687	Q9Y5S2	rs759721687	T1108M	0.047		Q9Y5S2	Serine/threonine-protein kinase MRCK beta	Homo sapiens	Encontrado	https://alphafold.ebi.ac.uk/entry/Q9Y5S2
CDC42BPB	missense_variant	uncertain significance	759721687	Q9Y5S2	rs759721687	T1108M	0.01		Q9Y5S2	Serine/threonine-protein kinase MRCK beta	Homo sapiens	Encontrado	https://alphafold.ebi.ac.uk/entry/Q9Y5S2
CDC42BPB	missense_variant		759726532						Q9Y5S2	Serine/threonine-protein kinase MRCK beta	Homo sapiens	Encontrado	https://alphafold.ebi.ac.uk/entry/Q9Y5S2
CDC42BPB	missense_variant		759807460						Q9Y5S2	Serine/threonine-protein kinase MRCK beta	Homo sapiens	Encontrado	https://alphafold.ebi.ac.uk/entry/Q9Y5S2
CDC42BPB	missense_variant		759811615						Q9Y5S2	Serine/threonine-protein kinase MRCK beta	Homo sapiens	Encontrado	https://alphafold.ebi.ac.uk/entry/Q9Y5S2
CDC42BPB	missense_variant		759838637						Q9Y5S2	Serine/threonine-protein kinase MRCK beta	Homo sapiens	Encontrado	https://alphafold.ebi.ac.uk/entry/Q9Y5S2
CDC42BPB	missense_variant	uncertain significance	759867170	Q9Y5S2	rs759867170	D600E	0.249		Q9Y5S2	Serine/threonine-protein kinase MRCK beta	Homo sapiens	Encontrado	https://alphafold.ebi.ac.uk/entry/Q9Y5S2
CDC42BPB	missense_variant	uncertain significance	759867170	Q9Y5S2	rs759867170	D600E	0.01		Q9Y5S2	Serine/threonine-protein kinase MRCK beta	Homo sapiens	Encontrado	https://alphafold.ebi.ac.uk/entry/Q9Y5S2
CDC42BPB	missense_variant		759941973						Q9Y5S2	Serine/threonine-protein kinase MRCK beta	Homo sapiens	Encontrado	https://alphafold.ebi.ac.uk/entry/Q9Y5S2
CDC42BPB	missense_variant	likely benign	759976196						Q9Y5S2	Serine/threonine-protein kinase MRCK beta	Homo sapiens	Encontrado	https://alphafold.ebi.ac.uk/entry/Q9Y5S2
CDC42BPB	missense_variant		760028278						Q9Y5S2	Serine/threonine-protein kinase MRCK beta	Homo sapiens	Encontrado	https://alphafold.ebi.ac.uk/entry/Q9Y5S2
CDC42BPB	missense_variant	uncertain significance	760303410	Q9Y5S2	rs760303410	H1695D	0.376		Q9Y5S2	Serine/threonine-protein kinase MRCK beta	Homo sapiens	Encontrado	https://alphafold.ebi.ac.uk/entry/Q9Y5S2
CDC42BPB	missense_variant	uncertain significance	760303410	Q9Y5S2	rs760303410	H1695D	0.0		Q9Y5S2	Serine/threonine-protein kinase MRCK beta	Homo sapiens	Encontrado	https://alphafold.ebi.ac.uk/entry/Q9Y5S2
CDC42BPB	missense_variant		760562644						Q9Y5S2	Serine/threonine-protein kinase MRCK beta	Homo sapiens	Encontrado	https://alphafold.ebi.ac.uk/entry/Q9Y5S2
CDC42BPB	missense_variant		760759588						Q9Y5S2	Serine/threonine-protein kinase MRCK beta	Homo sapiens	Encontrado	https://alphafold.ebi.ac.uk/entry/Q9Y5S2
CDC42BPB	missense_variant		760767641	Q9Y5S2	rs760767641	R832W	0.996		Q9Y5S2	Serine/threonine-protein kinase MRCK beta	Homo sapiens	Encontrado	https://alphafold.ebi.ac.uk/entry/Q9Y5S2
CDC42BPB	missense_variant		760767641	Q9Y5S2	rs760767641	R832W	0.0		Q9Y5S2	Serine/threonine-protein kinase MRCK beta	Homo sapiens	Encontrado	https://alphafold.ebi.ac.uk/entry/Q9Y5S2
CDC42BPB	missense_variant		760767641	Q9Y5S2	rs760767641	R832W	0.996		Q9Y5S2	Serine/threonine-protein kinase MRCK beta	Homo sapiens	Encontrado	https://alphafold.ebi.ac.uk/entry/Q9Y5S2
CDC42BPB	missense_variant		760767641	Q9Y5S2	rs760767641	R832W	0.0		Q9Y5S2	Serine/threonine-protein kinase MRCK beta	Homo sapiens	Encontrado	https://alphafold.ebi.ac.uk/entry/Q9Y5S2
CDC42BPB	missense_variant		760828996						Q9Y5S2	Serine/threonine-protein kinase MRCK beta	Homo sapiens	Encontrado	https://alphafold.ebi.ac.uk/entry/Q9Y5S2
CDC42BPB	missense_variant		760979271						Q9Y5S2	Serine/threonine-protein kinase MRCK beta	Homo sapiens	Encontrado	https://alphafold.ebi.ac.uk/entry/Q9Y5S2
CDC42BPB	missense_variant	uncertain significance	761037229	Q9Y5S2	rs761037229	S650N	0.006		Q9Y5S2	Serine/threonine-protein kinase MRCK beta	Homo sapiens	Encontrado	https://alphafold.ebi.ac.uk/entry/Q9Y5S2
CDC42BPB	missense_variant	uncertain significance	761037229	Q9Y5S2	rs761037229	S650N	0.0		Q9Y5S2	Serine/threonine-protein kinase MRCK beta	Homo sapiens	Encontrado	https://alphafold.ebi.ac.uk/entry/Q9Y5S2
CDC42BPB	missense_variant		761250926						Q9Y5S2	Serine/threonine-protein kinase MRCK beta	Homo sapiens	Encontrado	https://alphafold.ebi.ac.uk/entry/Q9Y5S2
CDC42BPB	missense_variant		761404232	Q9Y5S2	rs761404232	R620W	0.991		Q9Y5S2	Serine/threonine-protein kinase MRCK beta	Homo sapiens	Encontrado	https://alphafold.ebi.ac.uk/entry/Q9Y5S2
CDC42BPB	missense_variant		761404232	Q9Y5S2	rs761404232	R620W	0.0		Q9Y5S2	Serine/threonine-protein kinase MRCK beta	Homo sapiens	Encontrado	https://alphafold.ebi.ac.uk/entry/Q9Y5S2
CDC42BPB	missense_variant		761404232	Q9Y5S2	rs761404232	R620W	0.99		Q9Y5S2	Serine/threonine-protein kinase MRCK beta	Homo sapiens	Encontrado	https://alphafold.ebi.ac.uk/entry/Q9Y5S2
CDC42BPB	missense_variant		761404232	Q9Y5S2	rs761404232	R620W	0.0		Q9Y5S2	Serine/threonine-protein kinase MRCK beta	Homo sapiens	Encontrado	https://alphafold.ebi.ac.uk/entry/Q9Y5S2
CDC42BPB	missense_variant		761439565						Q9Y5S2	Serine/threonine-protein kinase MRCK beta	Homo sapiens	Encontrado	https://alphafold.ebi.ac.uk/entry/Q9Y5S2
CDC42BPB	missense_variant		761471826						Q9Y5S2	Serine/threonine-protein kinase MRCK beta	Homo sapiens	Encontrado	https://alphafold.ebi.ac.uk/entry/Q9Y5S2
CDC42BPB	missense_variant	uncertain significance	761707317						Q9Y5S2	Serine/threonine-protein kinase MRCK beta	Homo sapiens	Encontrado	https://alphafold.ebi.ac.uk/entry/Q9Y5S2
CDC42BPB	missense_variant		761918058						Q9Y5S2	Serine/threonine-protein kinase MRCK beta	Homo sapiens	Encontrado	https://alphafold.ebi.ac.uk/entry/Q9Y5S2
CDC42BPB	missense_variant		761922472						Q9Y5S2	Serine/threonine-protein kinase MRCK beta	Homo sapiens	Encontrado	https://alphafold.ebi.ac.uk/entry/Q9Y5S2
CDC42BPB	missense_variant	uncertain significance	762000637						Q9Y5S2	Serine/threonine-protein kinase MRCK beta	Homo sapiens	Encontrado	https://alphafold.ebi.ac.uk/entry/Q9Y5S2
CDC42BPB	missense_variant		762012281						Q9Y5S2	Serine/threonine-protein kinase MRCK beta	Homo sapiens	Encontrado	https://alphafold.ebi.ac.uk/entry/Q9Y5S2
CDC42BPB	missense_variant		762122928	Q9Y5S2	rs762122928	R215C	0.994		Q9Y5S2	Serine/threonine-protein kinase MRCK beta	Homo sapiens	Encontrado	https://alphafold.ebi.ac.uk/entry/Q9Y5S2
CDC42BPB	missense_variant		762122928	Q9Y5S2	rs762122928	R215C	0.0		Q9Y5S2	Serine/threonine-protein kinase MRCK beta	Homo sapiens	Encontrado	https://alphafold.ebi.ac.uk/entry/Q9Y5S2
CDC42BPB	missense_variant		762122928	Q9Y5S2	rs762122928	R215C	1.0		Q9Y5S2	Serine/threonine-protein kinase MRCK beta	Homo sapiens	Encontrado	https://alphafold.ebi.ac.uk/entry/Q9Y5S2
CDC42BPB	missense_variant		762122928	Q9Y5S2	rs762122928	R215C	0.0		Q9Y5S2	Serine/threonine-protein kinase MRCK beta	Homo sapiens	Encontrado	https://alphafold.ebi.ac.uk/entry/Q9Y5S2
CDC42BPB	missense_variant		762573744	Q9Y5S2	rs762573744	R509Q	0.003		Q9Y5S2	Serine/threonine-protein kinase MRCK beta	Homo sapiens	Encontrado	https://alphafold.ebi.ac.uk/entry/Q9Y5S2
CDC42BPB	missense_variant		762573744	Q9Y5S2	rs762573744	R509Q	1.0		Q9Y5S2	Serine/threonine-protein kinase MRCK beta	Homo sapiens	Encontrado	https://alphafold.ebi.ac.uk/entry/Q9Y5S2
CDC42BPB	missense_variant		762573744	Q9Y5S2	rs762573744	R509Q	0.003		Q9Y5S2	Serine/threonine-protein kinase MRCK beta	Homo sapiens	Encontrado	https://alphafold.ebi.ac.uk/entry/Q9Y5S2
CDC42BPB	missense_variant		762573744	Q9Y5S2	rs762573744	R509Q	0.18		Q9Y5S2	Serine/threonine-protein kinase MRCK beta	Homo sapiens	Encontrado	https://alphafold.ebi.ac.uk/entry/Q9Y5S2
CDC42BPB	missense_variant		762802616						Q9Y5S2	Serine/threonine-protein kinase MRCK beta	Homo sapiens	Encontrado	https://alphafold.ebi.ac.uk/entry/Q9Y5S2
CDC42BPB	missense_variant		762832845						Q9Y5S2	Serine/threonine-protein kinase MRCK beta	Homo sapiens	Encontrado	https://alphafold.ebi.ac.uk/entry/Q9Y5S2
CDC42BPB	missense_variant		762982831						Q9Y5S2	Serine/threonine-protein kinase MRCK beta	Homo sapiens	Encontrado	https://alphafold.ebi.ac.uk/entry/Q9Y5S2
CDC42BPB	missense_variant		763035580						Q9Y5S2	Serine/threonine-protein kinase MRCK beta	Homo sapiens	Encontrado	https://alphafold.ebi.ac.uk/entry/Q9Y5S2
CDC42BPB	missense_variant		763037239						Q9Y5S2	Serine/threonine-protein kinase MRCK beta	Homo sapiens	Encontrado	https://alphafold.ebi.ac.uk/entry/Q9Y5S2
CDC42BPB	missense_variant		763037888						Q9Y5S2	Serine/threonine-protein kinase MRCK beta	Homo sapiens	Encontrado	https://alphafold.ebi.ac.uk/entry/Q9Y5S2
CDC42BPB	missense_variant		763068962						Q9Y5S2	Serine/threonine-protein kinase MRCK beta	Homo sapiens	Encontrado	https://alphafold.ebi.ac.uk/entry/Q9Y5S2
CDC42BPB	missense_variant	uncertain significance	763306847	Q9Y5S2	rs763306847	A1465V	0.001		Q9Y5S2	Serine/threonine-protein kinase MRCK beta	Homo sapiens	Encontrado	https://alphafold.ebi.ac.uk/entry/Q9Y5S2
CDC42BPB	missense_variant	uncertain significance	763306847	Q9Y5S2	rs763306847	A1465V	0.14		Q9Y5S2	Serine/threonine-protein kinase MRCK beta	Homo sapiens	Encontrado	https://alphafold.ebi.ac.uk/entry/Q9Y5S2
CDC42BPB	missense_variant		763316431						Q9Y5S2	Serine/threonine-protein kinase MRCK beta	Homo sapiens	Encontrado	https://alphafold.ebi.ac.uk/entry/Q9Y5S2
CDC42BPB	missense_variant		763342575						Q9Y5S2	Serine/threonine-protein kinase MRCK beta	Homo sapiens	Encontrado	https://alphafold.ebi.ac.uk/entry/Q9Y5S2
CDC42BPB	missense_variant		763345731						Q9Y5S2	Serine/threonine-protein kinase MRCK beta	Homo sapiens	Encontrado	https://alphafold.ebi.ac.uk/entry/Q9Y5S2
CDC42BPB	missense_variant		763381498						Q9Y5S2	Serine/threonine-protein kinase MRCK beta	Homo sapiens	Encontrado	https://alphafold.ebi.ac.uk/entry/Q9Y5S2
CDC42BPB	missense_variant		763422325						Q9Y5S2	Serine/threonine-protein kinase MRCK beta	Homo sapiens	Encontrado	https://alphafold.ebi.ac.uk/entry/Q9Y5S2
CDC42BPB	missense_variant		763551730						Q9Y5S2	Serine/threonine-protein kinase MRCK beta	Homo sapiens	Encontrado	https://alphafold.ebi.ac.uk/entry/Q9Y5S2
CDC42BPB	missense_variant		763569929						Q9Y5S2	Serine/threonine-protein kinase MRCK beta	Homo sapiens	Encontrado	https://alphafold.ebi.ac.uk/entry/Q9Y5S2
CDC42BPB	missense_variant		763623314						Q9Y5S2	Serine/threonine-protein kinase MRCK beta	Homo sapiens	Encontrado	https://alphafold.ebi.ac.uk/entry/Q9Y5S2
CDC42BPB	missense_variant	uncertain significance	763896010	Q9Y5S2	rs763896010	E544G	0.062		Q9Y5S2	Serine/threonine-protein kinase MRCK beta	Homo sapiens	Encontrado	https://alphafold.ebi.ac.uk/entry/Q9Y5S2
CDC42BPB	missense_variant	uncertain significance	763896010	Q9Y5S2	rs763896010	E544G	0.0		Q9Y5S2	Serine/threonine-protein kinase MRCK beta	Homo sapiens	Encontrado	https://alphafold.ebi.ac.uk/entry/Q9Y5S2
CDC42BPB	missense_variant		764023925	Q9Y5S2	rs764023925	E1285K	0.57		Q9Y5S2	Serine/threonine-protein kinase MRCK beta	Homo sapiens	Encontrado	https://alphafold.ebi.ac.uk/entry/Q9Y5S2
CDC42BPB	missense_variant		764023925	Q9Y5S2	rs764023925	E1285K	0.03		Q9Y5S2	Serine/threonine-protein kinase MRCK beta	Homo sapiens	Encontrado	https://alphafold.ebi.ac.uk/entry/Q9Y5S2
CDC42BPB	missense_variant		764023925	Q9Y5S2	rs764023925	E1285K	0.565		Q9Y5S2	Serine/threonine-protein kinase MRCK beta	Homo sapiens	Encontrado	https://alphafold.ebi.ac.uk/entry/Q9Y5S2
CDC42BPB	missense_variant		764023925	Q9Y5S2	rs764023925	E1285K	0.0		Q9Y5S2	Serine/threonine-protein kinase MRCK beta	Homo sapiens	Encontrado	https://alphafold.ebi.ac.uk/entry/Q9Y5S2
CDC42BPB	missense_variant		764250909						Q9Y5S2	Serine/threonine-protein kinase MRCK beta	Homo sapiens	Encontrado	https://alphafold.ebi.ac.uk/entry/Q9Y5S2
CDC42BPB	missense_variant		764290721						Q9Y5S2	Serine/threonine-protein kinase MRCK beta	Homo sapiens	Encontrado	https://alphafold.ebi.ac.uk/entry/Q9Y5S2
CDC42BPB	missense_variant		764583553						Q9Y5S2	Serine/threonine-protein kinase MRCK beta	Homo sapiens	Encontrado	https://alphafold.ebi.ac.uk/entry/Q9Y5S2
CDC42BPB	missense_variant		764593988						Q9Y5S2	Serine/threonine-protein kinase MRCK beta	Homo sapiens	Encontrado	https://alphafold.ebi.ac.uk/entry/Q9Y5S2
CDC42BPB	missense_variant		764790988						Q9Y5S2	Serine/threonine-protein kinase MRCK beta	Homo sapiens	Encontrado	https://alphafold.ebi.ac.uk/entry/Q9Y5S2
CDC42BPB	missense_variant		764812294						Q9Y5S2	Serine/threonine-protein kinase MRCK beta	Homo sapiens	Encontrado	https://alphafold.ebi.ac.uk/entry/Q9Y5S2
CDC42BPB	missense_variant		764828871						Q9Y5S2	Serine/threonine-protein kinase MRCK beta	Homo sapiens	Encontrado	https://alphafold.ebi.ac.uk/entry/Q9Y5S2
CDC42BPB	missense_variant		764862437						Q9Y5S2	Serine/threonine-protein kinase MRCK beta	Homo sapiens	Encontrado	https://alphafold.ebi.ac.uk/entry/Q9Y5S2
CDC42BPB	missense_variant		764882406						Q9Y5S2	Serine/threonine-protein kinase MRCK beta	Homo sapiens	Encontrado	https://alphafold.ebi.ac.uk/entry/Q9Y5S2
CDC42BPB	missense_variant		765072170						Q9Y5S2	Serine/threonine-protein kinase MRCK beta	Homo sapiens	Encontrado	https://alphafold.ebi.ac.uk/entry/Q9Y5S2
CDC42BPB	missense_variant	likely benign	765175299	Q9Y5S2	rs765175299	L1295I	0.151		Q9Y5S2	Serine/threonine-protein kinase MRCK beta	Homo sapiens	Encontrado	https://alphafold.ebi.ac.uk/entry/Q9Y5S2
CDC42BPB	missense_variant	likely benign	765175299	Q9Y5S2	rs765175299	L1295I	0.0		Q9Y5S2	Serine/threonine-protein kinase MRCK beta	Homo sapiens	Encontrado	https://alphafold.ebi.ac.uk/entry/Q9Y5S2
CDC42BPB	missense_variant		765191399						Q9Y5S2	Serine/threonine-protein kinase MRCK beta	Homo sapiens	Encontrado	https://alphafold.ebi.ac.uk/entry/Q9Y5S2
CDC42BPB	missense_variant		765236814						Q9Y5S2	Serine/threonine-protein kinase MRCK beta	Homo sapiens	Encontrado	https://alphafold.ebi.ac.uk/entry/Q9Y5S2
CDC42BPB	missense_variant		765283166	Q9Y5S2	rs765283166	L1239F	0.103		Q9Y5S2	Serine/threonine-protein kinase MRCK beta	Homo sapiens	Encontrado	https://alphafold.ebi.ac.uk/entry/Q9Y5S2
CDC42BPB	missense_variant		765283166	Q9Y5S2	rs765283166	L1239F	0.09		Q9Y5S2	Serine/threonine-protein kinase MRCK beta	Homo sapiens	Encontrado	https://alphafold.ebi.ac.uk/entry/Q9Y5S2
CDC42BPB	missense_variant		765283166	Q9Y5S2	rs765283166	L1239F	0.107		Q9Y5S2	Serine/threonine-protein kinase MRCK beta	Homo sapiens	Encontrado	https://alphafold.ebi.ac.uk/entry/Q9Y5S2
CDC42BPB	missense_variant		765283166	Q9Y5S2	rs765283166	L1239F	0.07		Q9Y5S2	Serine/threonine-protein kinase MRCK beta	Homo sapiens	Encontrado	https://alphafold.ebi.ac.uk/entry/Q9Y5S2
CDC42BPB	missense_variant		765442114						Q9Y5S2	Serine/threonine-protein kinase MRCK beta	Homo sapiens	Encontrado	https://alphafold.ebi.ac.uk/entry/Q9Y5S2
CDC42BPB	missense_variant	uncertain significance	765510912	Q9Y5S2	rs765510912	P1707L	0.007		Q9Y5S2	Serine/threonine-protein kinase MRCK beta	Homo sapiens	Encontrado	https://alphafold.ebi.ac.uk/entry/Q9Y5S2
CDC42BPB	missense_variant	uncertain significance	765510912	Q9Y5S2	rs765510912	P1707L	0.02		Q9Y5S2	Serine/threonine-protein kinase MRCK beta	Homo sapiens	Encontrado	https://alphafold.ebi.ac.uk/entry/Q9Y5S2
CDC42BPB	missense_variant		765630243	Q9Y5S2	rs765630243	R448W	0.04		Q9Y5S2	Serine/threonine-protein kinase MRCK beta	Homo sapiens	Encontrado	https://alphafold.ebi.ac.uk/entry/Q9Y5S2
CDC42BPB	missense_variant		765630243	Q9Y5S2	rs765630243	R448W	0.0		Q9Y5S2	Serine/threonine-protein kinase MRCK beta	Homo sapiens	Encontrado	https://alphafold.ebi.ac.uk/entry/Q9Y5S2
CDC42BPB	missense_variant		765630243	Q9Y5S2	rs765630243	R448W	0.039		Q9Y5S2	Serine/threonine-protein kinase MRCK beta	Homo sapiens	Encontrado	https://alphafold.ebi.ac.uk/entry/Q9Y5S2
CDC42BPB	missense_variant		765630243	Q9Y5S2	rs765630243	R448W	0.0		Q9Y5S2	Serine/threonine-protein kinase MRCK beta	Homo sapiens	Encontrado	https://alphafold.ebi.ac.uk/entry/Q9Y5S2
CDC42BPB	missense_variant		765766020						Q9Y5S2	Serine/threonine-protein kinase MRCK beta	Homo sapiens	Encontrado	https://alphafold.ebi.ac.uk/entry/Q9Y5S2
CDC42BPB	missense_variant		765867653						Q9Y5S2	Serine/threonine-protein kinase MRCK beta	Homo sapiens	Encontrado	https://alphafold.ebi.ac.uk/entry/Q9Y5S2
CDC42BPB	missense_variant		765917838						Q9Y5S2	Serine/threonine-protein kinase MRCK beta	Homo sapiens	Encontrado	https://alphafold.ebi.ac.uk/entry/Q9Y5S2
CDC42BPB	missense_variant	likely benign	766213299	Q9Y5S2	rs766213299	A138T	0.0		Q9Y5S2	Serine/threonine-protein kinase MRCK beta	Homo sapiens	Encontrado	https://alphafold.ebi.ac.uk/entry/Q9Y5S2
CDC42BPB	missense_variant	likely benign	766213299	Q9Y5S2	rs766213299	A138T	1.0		Q9Y5S2	Serine/threonine-protein kinase MRCK beta	Homo sapiens	Encontrado	https://alphafold.ebi.ac.uk/entry/Q9Y5S2
CDC42BPB	missense_variant	likely benign	766213299	Q9Y5S2	rs766213299	A138T	0.0		Q9Y5S2	Serine/threonine-protein kinase MRCK beta	Homo sapiens	Encontrado	https://alphafold.ebi.ac.uk/entry/Q9Y5S2
CDC42BPB	missense_variant	likely benign	766213299	Q9Y5S2	rs766213299	A138T	1.0		Q9Y5S2	Serine/threonine-protein kinase MRCK beta	Homo sapiens	Encontrado	https://alphafold.ebi.ac.uk/entry/Q9Y5S2
CDC42BPB	missense_variant		766277875						Q9Y5S2	Serine/threonine-protein kinase MRCK beta	Homo sapiens	Encontrado	https://alphafold.ebi.ac.uk/entry/Q9Y5S2
CDC42BPB	missense_variant		766329158						Q9Y5S2	Serine/threonine-protein kinase MRCK beta	Homo sapiens	Encontrado	https://alphafold.ebi.ac.uk/entry/Q9Y5S2
CDC42BPB	missense_variant		766338362						Q9Y5S2	Serine/threonine-protein kinase MRCK beta	Homo sapiens	Encontrado	https://alphafold.ebi.ac.uk/entry/Q9Y5S2
CDC42BPB	missense_variant		766354752						Q9Y5S2	Serine/threonine-protein kinase MRCK beta	Homo sapiens	Encontrado	https://alphafold.ebi.ac.uk/entry/Q9Y5S2
CDC42BPB	missense_variant		766429486						Q9Y5S2	Serine/threonine-protein kinase MRCK beta	Homo sapiens	Encontrado	https://alphafold.ebi.ac.uk/entry/Q9Y5S2
CDC42BPB	missense_variant	likely benign	766525858						Q9Y5S2	Serine/threonine-protein kinase MRCK beta	Homo sapiens	Encontrado	https://alphafold.ebi.ac.uk/entry/Q9Y5S2
CDC42BPB	missense_variant		766537181						Q9Y5S2	Serine/threonine-protein kinase MRCK beta	Homo sapiens	Encontrado	https://alphafold.ebi.ac.uk/entry/Q9Y5S2
CDC42BPB	missense_variant		766686530						Q9Y5S2	Serine/threonine-protein kinase MRCK beta	Homo sapiens	Encontrado	https://alphafold.ebi.ac.uk/entry/Q9Y5S2
CDC42BPB	missense_variant		766903694						Q9Y5S2	Serine/threonine-protein kinase MRCK beta	Homo sapiens	Encontrado	https://alphafold.ebi.ac.uk/entry/Q9Y5S2
CDC42BPB	missense_variant		767081811						Q9Y5S2	Serine/threonine-protein kinase MRCK beta	Homo sapiens	Encontrado	https://alphafold.ebi.ac.uk/entry/Q9Y5S2
CDC42BPB	missense_variant		767221869						Q9Y5S2	Serine/threonine-protein kinase MRCK beta	Homo sapiens	Encontrado	https://alphafold.ebi.ac.uk/entry/Q9Y5S2
CDC42BPB	missense_variant		767412929						Q9Y5S2	Serine/threonine-protein kinase MRCK beta	Homo sapiens	Encontrado	https://alphafold.ebi.ac.uk/entry/Q9Y5S2
CDC42BPB	missense_variant		767414589						Q9Y5S2	Serine/threonine-protein kinase MRCK beta	Homo sapiens	Encontrado	https://alphafold.ebi.ac.uk/entry/Q9Y5S2
CDC42BPB	missense_variant		767517705						Q9Y5S2	Serine/threonine-protein kinase MRCK beta	Homo sapiens	Encontrado	https://alphafold.ebi.ac.uk/entry/Q9Y5S2
CDC42BPB	missense_variant		767538657						Q9Y5S2	Serine/threonine-protein kinase MRCK beta	Homo sapiens	Encontrado	https://alphafold.ebi.ac.uk/entry/Q9Y5S2
CDC42BPB	missense_variant		767627879						Q9Y5S2	Serine/threonine-protein kinase MRCK beta	Homo sapiens	Encontrado	https://alphafold.ebi.ac.uk/entry/Q9Y5S2
CDC42BPB	missense_variant		767750407						Q9Y5S2	Serine/threonine-protein kinase MRCK beta	Homo sapiens	Encontrado	https://alphafold.ebi.ac.uk/entry/Q9Y5S2
CDC42BPB	missense_variant		767751908						Q9Y5S2	Serine/threonine-protein kinase MRCK beta	Homo sapiens	Encontrado	https://alphafold.ebi.ac.uk/entry/Q9Y5S2
CDC42BPB	missense_variant		767925910						Q9Y5S2	Serine/threonine-protein kinase MRCK beta	Homo sapiens	Encontrado	https://alphafold.ebi.ac.uk/entry/Q9Y5S2
CDC42BPB	missense_variant		768057349						Q9Y5S2	Serine/threonine-protein kinase MRCK beta	Homo sapiens	Encontrado	https://alphafold.ebi.ac.uk/entry/Q9Y5S2
CDC42BPB	missense_variant		768111592						Q9Y5S2	Serine/threonine-protein kinase MRCK beta	Homo sapiens	Encontrado	https://alphafold.ebi.ac.uk/entry/Q9Y5S2
CDC42BPB	missense_variant		768243510						Q9Y5S2	Serine/threonine-protein kinase MRCK beta	Homo sapiens	Encontrado	https://alphafold.ebi.ac.uk/entry/Q9Y5S2
CDC42BPB	missense_variant		768331940						Q9Y5S2	Serine/threonine-protein kinase MRCK beta	Homo sapiens	Encontrado	https://alphafold.ebi.ac.uk/entry/Q9Y5S2
CDC42BPB	missense_variant		768383971						Q9Y5S2	Serine/threonine-protein kinase MRCK beta	Homo sapiens	Encontrado	https://alphafold.ebi.ac.uk/entry/Q9Y5S2
CDC42BPB	missense_variant		768469311						Q9Y5S2	Serine/threonine-protein kinase MRCK beta	Homo sapiens	Encontrado	https://alphafold.ebi.ac.uk/entry/Q9Y5S2
CDC42BPB	missense_variant		768567118						Q9Y5S2	Serine/threonine-protein kinase MRCK beta	Homo sapiens	Encontrado	https://alphafold.ebi.ac.uk/entry/Q9Y5S2
CDC42BPB	missense_variant		768628164						Q9Y5S2	Serine/threonine-protein kinase MRCK beta	Homo sapiens	Encontrado	https://alphafold.ebi.ac.uk/entry/Q9Y5S2
CDC42BPB	missense_variant		768715462						Q9Y5S2	Serine/threonine-protein kinase MRCK beta	Homo sapiens	Encontrado	https://alphafold.ebi.ac.uk/entry/Q9Y5S2
CDC42BPB	missense_variant		769139672						Q9Y5S2	Serine/threonine-protein kinase MRCK beta	Homo sapiens	Encontrado	https://alphafold.ebi.ac.uk/entry/Q9Y5S2
CDC42BPB	missense_variant	uncertain significance	769301150	Q9Y5S2	rs769301150	E57K	0.017		Q9Y5S2	Serine/threonine-protein kinase MRCK beta	Homo sapiens	Encontrado	https://alphafold.ebi.ac.uk/entry/Q9Y5S2
CDC42BPB	missense_variant	uncertain significance	769301150	Q9Y5S2	rs769301150	E57K	0.0		Q9Y5S2	Serine/threonine-protein kinase MRCK beta	Homo sapiens	Encontrado	https://alphafold.ebi.ac.uk/entry/Q9Y5S2
CDC42BPB	missense_variant		769333187						Q9Y5S2	Serine/threonine-protein kinase MRCK beta	Homo sapiens	Encontrado	https://alphafold.ebi.ac.uk/entry/Q9Y5S2
CDC42BPB	missense_variant	likely benign	769436597						Q9Y5S2	Serine/threonine-protein kinase MRCK beta	Homo sapiens	Encontrado	https://alphafold.ebi.ac.uk/entry/Q9Y5S2
CDC42BPB	missense_variant		769438435						Q9Y5S2	Serine/threonine-protein kinase MRCK beta	Homo sapiens	Encontrado	https://alphafold.ebi.ac.uk/entry/Q9Y5S2
CDC42BPB	missense_variant		769595230	Q9Y5S2	rs769595230	R432W	0.968		Q9Y5S2	Serine/threonine-protein kinase MRCK beta	Homo sapiens	Encontrado	https://alphafold.ebi.ac.uk/entry/Q9Y5S2
CDC42BPB	missense_variant		769595230	Q9Y5S2	rs769595230	R432W	0.0		Q9Y5S2	Serine/threonine-protein kinase MRCK beta	Homo sapiens	Encontrado	https://alphafold.ebi.ac.uk/entry/Q9Y5S2
CDC42BPB	missense_variant		769595230	Q9Y5S2	rs769595230	R432W	0.967		Q9Y5S2	Serine/threonine-protein kinase MRCK beta	Homo sapiens	Encontrado	https://alphafold.ebi.ac.uk/entry/Q9Y5S2
CDC42BPB	missense_variant		769595230	Q9Y5S2	rs769595230	R432W	0.0		Q9Y5S2	Serine/threonine-protein kinase MRCK beta	Homo sapiens	Encontrado	https://alphafold.ebi.ac.uk/entry/Q9Y5S2
CDC42BPB	missense_variant		769695479						Q9Y5S2	Serine/threonine-protein kinase MRCK beta	Homo sapiens	Encontrado	https://alphafold.ebi.ac.uk/entry/Q9Y5S2
CDC42BPB	missense_variant		769846883						Q9Y5S2	Serine/threonine-protein kinase MRCK beta	Homo sapiens	Encontrado	https://alphafold.ebi.ac.uk/entry/Q9Y5S2
CDC42BPB	missense_variant		770015832						Q9Y5S2	Serine/threonine-protein kinase MRCK beta	Homo sapiens	Encontrado	https://alphafold.ebi.ac.uk/entry/Q9Y5S2
CDC42BPB	missense_variant		770300795						Q9Y5S2	Serine/threonine-protein kinase MRCK beta	Homo sapiens	Encontrado	https://alphafold.ebi.ac.uk/entry/Q9Y5S2
CDC42BPB	missense_variant	uncertain significance	770334280						Q9Y5S2	Serine/threonine-protein kinase MRCK beta	Homo sapiens	Encontrado	https://alphafold.ebi.ac.uk/entry/Q9Y5S2
CDC42BPB	missense_variant		770601956						Q9Y5S2	Serine/threonine-protein kinase MRCK beta	Homo sapiens	Encontrado	https://alphafold.ebi.ac.uk/entry/Q9Y5S2
CDC42BPB	missense_variant		770798082						Q9Y5S2	Serine/threonine-protein kinase MRCK beta	Homo sapiens	Encontrado	https://alphafold.ebi.ac.uk/entry/Q9Y5S2
CDC42BPB	missense_variant		770829901						Q9Y5S2	Serine/threonine-protein kinase MRCK beta	Homo sapiens	Encontrado	https://alphafold.ebi.ac.uk/entry/Q9Y5S2
CDC42BPB	missense_variant		771002666						Q9Y5S2	Serine/threonine-protein kinase MRCK beta	Homo sapiens	Encontrado	https://alphafold.ebi.ac.uk/entry/Q9Y5S2
CDC42BPB	missense_variant		771034761						Q9Y5S2	Serine/threonine-protein kinase MRCK beta	Homo sapiens	Encontrado	https://alphafold.ebi.ac.uk/entry/Q9Y5S2
CDC42BPB	missense_variant	uncertain significance	771256532	Q9Y5S2	rs771256532	R1629L	0.003		Q9Y5S2	Serine/threonine-protein kinase MRCK beta	Homo sapiens	Encontrado	https://alphafold.ebi.ac.uk/entry/Q9Y5S2
CDC42BPB	missense_variant	uncertain significance	771256532	Q9Y5S2	rs771256532	R1629L	0.02		Q9Y5S2	Serine/threonine-protein kinase MRCK beta	Homo sapiens	Encontrado	https://alphafold.ebi.ac.uk/entry/Q9Y5S2
CDC42BPB	missense_variant		771381267						Q9Y5S2	Serine/threonine-protein kinase MRCK beta	Homo sapiens	Encontrado	https://alphafold.ebi.ac.uk/entry/Q9Y5S2
CDC42BPB	missense_variant	uncertain significance	771452351	Q9Y5S2	rs771452351	R536C	0.037		Q9Y5S2	Serine/threonine-protein kinase MRCK beta	Homo sapiens	Encontrado	https://alphafold.ebi.ac.uk/entry/Q9Y5S2
CDC42BPB	missense_variant	uncertain significance	771452351	Q9Y5S2	rs771452351	R536C	0.0		Q9Y5S2	Serine/threonine-protein kinase MRCK beta	Homo sapiens	Encontrado	https://alphafold.ebi.ac.uk/entry/Q9Y5S2
CDC42BPB	missense_variant	uncertain significance	771452351	Q9Y5S2	rs771452351	R536C	0.036		Q9Y5S2	Serine/threonine-protein kinase MRCK beta	Homo sapiens	Encontrado	https://alphafold.ebi.ac.uk/entry/Q9Y5S2
CDC42BPB	missense_variant	uncertain significance	771452351	Q9Y5S2	rs771452351	R536C	0.0		Q9Y5S2	Serine/threonine-protein kinase MRCK beta	Homo sapiens	Encontrado	https://alphafold.ebi.ac.uk/entry/Q9Y5S2
CDC42BPB	missense_variant		771742248						Q9Y5S2	Serine/threonine-protein kinase MRCK beta	Homo sapiens	Encontrado	https://alphafold.ebi.ac.uk/entry/Q9Y5S2
CDC42BPB	missense_variant		771743362						Q9Y5S2	Serine/threonine-protein kinase MRCK beta	Homo sapiens	Encontrado	https://alphafold.ebi.ac.uk/entry/Q9Y5S2
CDC42BPB	missense_variant		771777803						Q9Y5S2	Serine/threonine-protein kinase MRCK beta	Homo sapiens	Encontrado	https://alphafold.ebi.ac.uk/entry/Q9Y5S2
CDC42BPB	missense_variant		771803261						Q9Y5S2	Serine/threonine-protein kinase MRCK beta	Homo sapiens	Encontrado	https://alphafold.ebi.ac.uk/entry/Q9Y5S2
CDC42BPB	missense_variant	uncertain significance	771945943	Q9Y5S2	rs771945943	R1220W	0.692		Q9Y5S2	Serine/threonine-protein kinase MRCK beta	Homo sapiens	Encontrado	https://alphafold.ebi.ac.uk/entry/Q9Y5S2
CDC42BPB	missense_variant	uncertain significance	771945943	Q9Y5S2	rs771945943	R1220W	0.0		Q9Y5S2	Serine/threonine-protein kinase MRCK beta	Homo sapiens	Encontrado	https://alphafold.ebi.ac.uk/entry/Q9Y5S2
CDC42BPB	missense_variant		771946677						Q9Y5S2	Serine/threonine-protein kinase MRCK beta	Homo sapiens	Encontrado	https://alphafold.ebi.ac.uk/entry/Q9Y5S2
CDC42BPB	missense_variant		772132826						Q9Y5S2	Serine/threonine-protein kinase MRCK beta	Homo sapiens	Encontrado	https://alphafold.ebi.ac.uk/entry/Q9Y5S2
CDC42BPB	missense_variant		772612460						Q9Y5S2	Serine/threonine-protein kinase MRCK beta	Homo sapiens	Encontrado	https://alphafold.ebi.ac.uk/entry/Q9Y5S2
CDC42BPB	missense_variant	uncertain significance	772636121	Q9Y5S2	rs772636121	R351Q	0.272		Q9Y5S2	Serine/threonine-protein kinase MRCK beta	Homo sapiens	Encontrado	https://alphafold.ebi.ac.uk/entry/Q9Y5S2
CDC42BPB	missense_variant	uncertain significance	772636121	Q9Y5S2	rs772636121	R351Q	0.01		Q9Y5S2	Serine/threonine-protein kinase MRCK beta	Homo sapiens	Encontrado	https://alphafold.ebi.ac.uk/entry/Q9Y5S2
CDC42BPB	missense_variant	uncertain significance	772636121	Q9Y5S2	rs772636121	R351Q	0.291		Q9Y5S2	Serine/threonine-protein kinase MRCK beta	Homo sapiens	Encontrado	https://alphafold.ebi.ac.uk/entry/Q9Y5S2
CDC42BPB	missense_variant	uncertain significance	772636121	Q9Y5S2	rs772636121	R351Q	0.0		Q9Y5S2	Serine/threonine-protein kinase MRCK beta	Homo sapiens	Encontrado	https://alphafold.ebi.ac.uk/entry/Q9Y5S2
CDC42BPB	missense_variant		772702155						Q9Y5S2	Serine/threonine-protein kinase MRCK beta	Homo sapiens	Encontrado	https://alphafold.ebi.ac.uk/entry/Q9Y5S2
CDC42BPB	missense_variant		772783051						Q9Y5S2	Serine/threonine-protein kinase MRCK beta	Homo sapiens	Encontrado	https://alphafold.ebi.ac.uk/entry/Q9Y5S2
CDC42BPB	missense_variant		772832755						Q9Y5S2	Serine/threonine-protein kinase MRCK beta	Homo sapiens	Encontrado	https://alphafold.ebi.ac.uk/entry/Q9Y5S2
CDC42BPB	missense_variant		772855288						Q9Y5S2	Serine/threonine-protein kinase MRCK beta	Homo sapiens	Encontrado	https://alphafold.ebi.ac.uk/entry/Q9Y5S2
CDC42BPB	missense_variant		772927977						Q9Y5S2	Serine/threonine-protein kinase MRCK beta	Homo sapiens	Encontrado	https://alphafold.ebi.ac.uk/entry/Q9Y5S2
CDC42BPB	missense_variant		773038838						Q9Y5S2	Serine/threonine-protein kinase MRCK beta	Homo sapiens	Encontrado	https://alphafold.ebi.ac.uk/entry/Q9Y5S2
CDC42BPB	missense_variant		773059863						Q9Y5S2	Serine/threonine-protein kinase MRCK beta	Homo sapiens	Encontrado	https://alphafold.ebi.ac.uk/entry/Q9Y5S2
CDC42BPB	missense_variant		773145635						Q9Y5S2	Serine/threonine-protein kinase MRCK beta	Homo sapiens	Encontrado	https://alphafold.ebi.ac.uk/entry/Q9Y5S2
CDC42BPB	missense_variant		773322928						Q9Y5S2	Serine/threonine-protein kinase MRCK beta	Homo sapiens	Encontrado	https://alphafold.ebi.ac.uk/entry/Q9Y5S2
CDC42BPB	missense_variant	uncertain significance	773328858	Q9Y5S2	rs773328858	P1632L	0.0		Q9Y5S2	Serine/threonine-protein kinase MRCK beta	Homo sapiens	Encontrado	https://alphafold.ebi.ac.uk/entry/Q9Y5S2
CDC42BPB	missense_variant	uncertain significance	773328858	Q9Y5S2	rs773328858	P1632L	0.24		Q9Y5S2	Serine/threonine-protein kinase MRCK beta	Homo sapiens	Encontrado	https://alphafold.ebi.ac.uk/entry/Q9Y5S2
CDC42BPB	missense_variant	uncertain significance	773352644	Q9Y5S2	rs773352644	K498R	0.005		Q9Y5S2	Serine/threonine-protein kinase MRCK beta	Homo sapiens	Encontrado	https://alphafold.ebi.ac.uk/entry/Q9Y5S2
CDC42BPB	missense_variant	uncertain significance	773352644	Q9Y5S2	rs773352644	K498R	0.06		Q9Y5S2	Serine/threonine-protein kinase MRCK beta	Homo sapiens	Encontrado	https://alphafold.ebi.ac.uk/entry/Q9Y5S2
CDC42BPB	missense_variant		773420791						Q9Y5S2	Serine/threonine-protein kinase MRCK beta	Homo sapiens	Encontrado	https://alphafold.ebi.ac.uk/entry/Q9Y5S2
CDC42BPB	missense_variant		773422657						Q9Y5S2	Serine/threonine-protein kinase MRCK beta	Homo sapiens	Encontrado	https://alphafold.ebi.ac.uk/entry/Q9Y5S2
CDC42BPB	missense_variant		773431264						Q9Y5S2	Serine/threonine-protein kinase MRCK beta	Homo sapiens	Encontrado	https://alphafold.ebi.ac.uk/entry/Q9Y5S2
CDC42BPB	missense_variant		773562932						Q9Y5S2	Serine/threonine-protein kinase MRCK beta	Homo sapiens	Encontrado	https://alphafold.ebi.ac.uk/entry/Q9Y5S2
CDC42BPB	missense_variant		773581621						Q9Y5S2	Serine/threonine-protein kinase MRCK beta	Homo sapiens	Encontrado	https://alphafold.ebi.ac.uk/entry/Q9Y5S2
CDC42BPB	missense_variant		773912384						Q9Y5S2	Serine/threonine-protein kinase MRCK beta	Homo sapiens	Encontrado	https://alphafold.ebi.ac.uk/entry/Q9Y5S2
CDC42BPB	missense_variant		773947478						Q9Y5S2	Serine/threonine-protein kinase MRCK beta	Homo sapiens	Encontrado	https://alphafold.ebi.ac.uk/entry/Q9Y5S2
CDC42BPB	missense_variant	uncertain significance	774010814	Q9Y5S2	rs774010814	K899R	0.031		Q9Y5S2	Serine/threonine-protein kinase MRCK beta	Homo sapiens	Encontrado	https://alphafold.ebi.ac.uk/entry/Q9Y5S2
CDC42BPB	missense_variant	uncertain significance	774010814	Q9Y5S2	rs774010814	K899R	0.08		Q9Y5S2	Serine/threonine-protein kinase MRCK beta	Homo sapiens	Encontrado	https://alphafold.ebi.ac.uk/entry/Q9Y5S2
CDC42BPB	missense_variant		774054692						Q9Y5S2	Serine/threonine-protein kinase MRCK beta	Homo sapiens	Encontrado	https://alphafold.ebi.ac.uk/entry/Q9Y5S2
CDC42BPB	missense_variant	uncertain significance	774139239	Q9Y5S2	rs774139239	V1249M	0.477		Q9Y5S2	Serine/threonine-protein kinase MRCK beta	Homo sapiens	Encontrado	https://alphafold.ebi.ac.uk/entry/Q9Y5S2
CDC42BPB	missense_variant	uncertain significance	774139239	Q9Y5S2	rs774139239	V1249M	0.0		Q9Y5S2	Serine/threonine-protein kinase MRCK beta	Homo sapiens	Encontrado	https://alphafold.ebi.ac.uk/entry/Q9Y5S2
CDC42BPB	missense_variant		774279882						Q9Y5S2	Serine/threonine-protein kinase MRCK beta	Homo sapiens	Encontrado	https://alphafold.ebi.ac.uk/entry/Q9Y5S2
CDC42BPB	missense_variant		774370821						Q9Y5S2	Serine/threonine-protein kinase MRCK beta	Homo sapiens	Encontrado	https://alphafold.ebi.ac.uk/entry/Q9Y5S2
CDC42BPB	missense_variant		774578569						Q9Y5S2	Serine/threonine-protein kinase MRCK beta	Homo sapiens	Encontrado	https://alphafold.ebi.ac.uk/entry/Q9Y5S2
CDC42BPB	missense_variant		774671721						Q9Y5S2	Serine/threonine-protein kinase MRCK beta	Homo sapiens	Encontrado	https://alphafold.ebi.ac.uk/entry/Q9Y5S2
CDC42BPB	missense_variant	uncertain significance	774672648						Q9Y5S2	Serine/threonine-protein kinase MRCK beta	Homo sapiens	Encontrado	https://alphafold.ebi.ac.uk/entry/Q9Y5S2
CDC42BPB	missense_variant		774720497	Q9Y5S2	rs774720497	R215H	0.998		Q9Y5S2	Serine/threonine-protein kinase MRCK beta	Homo sapiens	Encontrado	https://alphafold.ebi.ac.uk/entry/Q9Y5S2
CDC42BPB	missense_variant		774720497	Q9Y5S2	rs774720497	R215H	0.0		Q9Y5S2	Serine/threonine-protein kinase MRCK beta	Homo sapiens	Encontrado	https://alphafold.ebi.ac.uk/entry/Q9Y5S2
CDC42BPB	missense_variant		774720497	Q9Y5S2	rs774720497	R215H	0.999		Q9Y5S2	Serine/threonine-protein kinase MRCK beta	Homo sapiens	Encontrado	https://alphafold.ebi.ac.uk/entry/Q9Y5S2
CDC42BPB	missense_variant		774720497	Q9Y5S2	rs774720497	R215H	0.0		Q9Y5S2	Serine/threonine-protein kinase MRCK beta	Homo sapiens	Encontrado	https://alphafold.ebi.ac.uk/entry/Q9Y5S2
CDC42BPB	missense_variant		774836834	Q9Y5S2	rs774836834	R1084S	0.573		Q9Y5S2	Serine/threonine-protein kinase MRCK beta	Homo sapiens	Encontrado	https://alphafold.ebi.ac.uk/entry/Q9Y5S2
CDC42BPB	missense_variant		774836834	Q9Y5S2	rs774836834	R1084S	0.02		Q9Y5S2	Serine/threonine-protein kinase MRCK beta	Homo sapiens	Encontrado	https://alphafold.ebi.ac.uk/entry/Q9Y5S2
CDC42BPB	missense_variant		774836834	Q9Y5S2	rs774836834	R1084S	0.583		Q9Y5S2	Serine/threonine-protein kinase MRCK beta	Homo sapiens	Encontrado	https://alphafold.ebi.ac.uk/entry/Q9Y5S2
CDC42BPB	missense_variant		774836834	Q9Y5S2	rs774836834	R1084S	0.0		Q9Y5S2	Serine/threonine-protein kinase MRCK beta	Homo sapiens	Encontrado	https://alphafold.ebi.ac.uk/entry/Q9Y5S2
CDC42BPB	missense_variant		775066402						Q9Y5S2	Serine/threonine-protein kinase MRCK beta	Homo sapiens	Encontrado	https://alphafold.ebi.ac.uk/entry/Q9Y5S2
CDC42BPB	missense_variant	likely benign	775126793						Q9Y5S2	Serine/threonine-protein kinase MRCK beta	Homo sapiens	Encontrado	https://alphafold.ebi.ac.uk/entry/Q9Y5S2
CDC42BPB	missense_variant		775222428						Q9Y5S2	Serine/threonine-protein kinase MRCK beta	Homo sapiens	Encontrado	https://alphafold.ebi.ac.uk/entry/Q9Y5S2
CDC42BPB	missense_variant	uncertain significance	775226335	Q9Y5S2	rs775226335	H1695R	0.579		Q9Y5S2	Serine/threonine-protein kinase MRCK beta	Homo sapiens	Encontrado	https://alphafold.ebi.ac.uk/entry/Q9Y5S2
CDC42BPB	missense_variant	uncertain significance	775226335	Q9Y5S2	rs775226335	H1695R	0.0		Q9Y5S2	Serine/threonine-protein kinase MRCK beta	Homo sapiens	Encontrado	https://alphafold.ebi.ac.uk/entry/Q9Y5S2
CDC42BPB	missense_variant	uncertain significance	775258543						Q9Y5S2	Serine/threonine-protein kinase MRCK beta	Homo sapiens	Encontrado	https://alphafold.ebi.ac.uk/entry/Q9Y5S2
CDC42BPB	missense_variant		775397689						Q9Y5S2	Serine/threonine-protein kinase MRCK beta	Homo sapiens	Encontrado	https://alphafold.ebi.ac.uk/entry/Q9Y5S2
CDC42BPB	missense_variant		775468568						Q9Y5S2	Serine/threonine-protein kinase MRCK beta	Homo sapiens	Encontrado	https://alphafold.ebi.ac.uk/entry/Q9Y5S2
CDC42BPB	missense_variant		775479309						Q9Y5S2	Serine/threonine-protein kinase MRCK beta	Homo sapiens	Encontrado	https://alphafold.ebi.ac.uk/entry/Q9Y5S2
CDC42BPB	missense_variant		775600626						Q9Y5S2	Serine/threonine-protein kinase MRCK beta	Homo sapiens	Encontrado	https://alphafold.ebi.ac.uk/entry/Q9Y5S2
CDC42BPB	missense_variant		775799497						Q9Y5S2	Serine/threonine-protein kinase MRCK beta	Homo sapiens	Encontrado	https://alphafold.ebi.ac.uk/entry/Q9Y5S2
CDC42BPB	missense_variant		775835433						Q9Y5S2	Serine/threonine-protein kinase MRCK beta	Homo sapiens	Encontrado	https://alphafold.ebi.ac.uk/entry/Q9Y5S2
CDC42BPB	missense_variant	uncertain significance	775968869	Q9Y5S2	rs775968869	R596Q	0.551		Q9Y5S2	Serine/threonine-protein kinase MRCK beta	Homo sapiens	Encontrado	https://alphafold.ebi.ac.uk/entry/Q9Y5S2
CDC42BPB	missense_variant	uncertain significance	775968869	Q9Y5S2	rs775968869	R596Q	0.0		Q9Y5S2	Serine/threonine-protein kinase MRCK beta	Homo sapiens	Encontrado	https://alphafold.ebi.ac.uk/entry/Q9Y5S2
CDC42BPB	missense_variant	uncertain significance	775986875						Q9Y5S2	Serine/threonine-protein kinase MRCK beta	Homo sapiens	Encontrado	https://alphafold.ebi.ac.uk/entry/Q9Y5S2
CDC42BPB	missense_variant		776104283	Q9Y5S2	rs776104283	R100Q	0.013		Q9Y5S2	Serine/threonine-protein kinase MRCK beta	Homo sapiens	Encontrado	https://alphafold.ebi.ac.uk/entry/Q9Y5S2
CDC42BPB	missense_variant		776104283	Q9Y5S2	rs776104283	R100Q	0.17		Q9Y5S2	Serine/threonine-protein kinase MRCK beta	Homo sapiens	Encontrado	https://alphafold.ebi.ac.uk/entry/Q9Y5S2
CDC42BPB	missense_variant		776104283	Q9Y5S2	rs776104283	R100Q	0.031		Q9Y5S2	Serine/threonine-protein kinase MRCK beta	Homo sapiens	Encontrado	https://alphafold.ebi.ac.uk/entry/Q9Y5S2
CDC42BPB	missense_variant		776104283	Q9Y5S2	rs776104283	R100Q	0.02		Q9Y5S2	Serine/threonine-protein kinase MRCK beta	Homo sapiens	Encontrado	https://alphafold.ebi.ac.uk/entry/Q9Y5S2
CDC42BPB	missense_variant		776110379						Q9Y5S2	Serine/threonine-protein kinase MRCK beta	Homo sapiens	Encontrado	https://alphafold.ebi.ac.uk/entry/Q9Y5S2
CDC42BPB	missense_variant		776230318						Q9Y5S2	Serine/threonine-protein kinase MRCK beta	Homo sapiens	Encontrado	https://alphafold.ebi.ac.uk/entry/Q9Y5S2
CDC42BPB	missense_variant		776272982						Q9Y5S2	Serine/threonine-protein kinase MRCK beta	Homo sapiens	Encontrado	https://alphafold.ebi.ac.uk/entry/Q9Y5S2
CDC42BPB	missense_variant		776302347						Q9Y5S2	Serine/threonine-protein kinase MRCK beta	Homo sapiens	Encontrado	https://alphafold.ebi.ac.uk/entry/Q9Y5S2
CDC42BPB	missense_variant		776328032						Q9Y5S2	Serine/threonine-protein kinase MRCK beta	Homo sapiens	Encontrado	https://alphafold.ebi.ac.uk/entry/Q9Y5S2
CDC42BPB	missense_variant		776462657	Q9Y5S2	rs776462657	A1417V	0.273		Q9Y5S2	Serine/threonine-protein kinase MRCK beta	Homo sapiens	Encontrado	https://alphafold.ebi.ac.uk/entry/Q9Y5S2
CDC42BPB	missense_variant		776462657	Q9Y5S2	rs776462657	A1417V	0.06		Q9Y5S2	Serine/threonine-protein kinase MRCK beta	Homo sapiens	Encontrado	https://alphafold.ebi.ac.uk/entry/Q9Y5S2
CDC42BPB	missense_variant		776462657	Q9Y5S2	rs776462657	A1417V	0.269		Q9Y5S2	Serine/threonine-protein kinase MRCK beta	Homo sapiens	Encontrado	https://alphafold.ebi.ac.uk/entry/Q9Y5S2
CDC42BPB	missense_variant		776462657	Q9Y5S2	rs776462657	A1417V	0.01		Q9Y5S2	Serine/threonine-protein kinase MRCK beta	Homo sapiens	Encontrado	https://alphafold.ebi.ac.uk/entry/Q9Y5S2
CDC42BPB	missense_variant		776505275						Q9Y5S2	Serine/threonine-protein kinase MRCK beta	Homo sapiens	Encontrado	https://alphafold.ebi.ac.uk/entry/Q9Y5S2
CDC42BPB	missense_variant	likely benign	776779318	Q9Y5S2	rs776779318	R527Q	0.003		Q9Y5S2	Serine/threonine-protein kinase MRCK beta	Homo sapiens	Encontrado	https://alphafold.ebi.ac.uk/entry/Q9Y5S2
CDC42BPB	missense_variant	likely benign	776779318	Q9Y5S2	rs776779318	R527Q	0.0		Q9Y5S2	Serine/threonine-protein kinase MRCK beta	Homo sapiens	Encontrado	https://alphafold.ebi.ac.uk/entry/Q9Y5S2
CDC42BPB	missense_variant		776785413						Q9Y5S2	Serine/threonine-protein kinase MRCK beta	Homo sapiens	Encontrado	https://alphafold.ebi.ac.uk/entry/Q9Y5S2
CDC42BPB	missense_variant		777005233						Q9Y5S2	Serine/threonine-protein kinase MRCK beta	Homo sapiens	Encontrado	https://alphafold.ebi.ac.uk/entry/Q9Y5S2
CDC42BPB	missense_variant		777092253						Q9Y5S2	Serine/threonine-protein kinase MRCK beta	Homo sapiens	Encontrado	https://alphafold.ebi.ac.uk/entry/Q9Y5S2
CDC42BPB	missense_variant		777154597						Q9Y5S2	Serine/threonine-protein kinase MRCK beta	Homo sapiens	Encontrado	https://alphafold.ebi.ac.uk/entry/Q9Y5S2
CDC42BPB	missense_variant		777195789						Q9Y5S2	Serine/threonine-protein kinase MRCK beta	Homo sapiens	Encontrado	https://alphafold.ebi.ac.uk/entry/Q9Y5S2
CDC42BPB	missense_variant		777205662						Q9Y5S2	Serine/threonine-protein kinase MRCK beta	Homo sapiens	Encontrado	https://alphafold.ebi.ac.uk/entry/Q9Y5S2
CDC42BPB	missense_variant		777304874						Q9Y5S2	Serine/threonine-protein kinase MRCK beta	Homo sapiens	Encontrado	https://alphafold.ebi.ac.uk/entry/Q9Y5S2
CDC42BPB	missense_variant		777327728						Q9Y5S2	Serine/threonine-protein kinase MRCK beta	Homo sapiens	Encontrado	https://alphafold.ebi.ac.uk/entry/Q9Y5S2
CDC42BPB	missense_variant		777461445						Q9Y5S2	Serine/threonine-protein kinase MRCK beta	Homo sapiens	Encontrado	https://alphafold.ebi.ac.uk/entry/Q9Y5S2
CDC42BPB	missense_variant		777479076						Q9Y5S2	Serine/threonine-protein kinase MRCK beta	Homo sapiens	Encontrado	https://alphafold.ebi.ac.uk/entry/Q9Y5S2
CDC42BPB	missense_variant		777516650						Q9Y5S2	Serine/threonine-protein kinase MRCK beta	Homo sapiens	Encontrado	https://alphafold.ebi.ac.uk/entry/Q9Y5S2
CDC42BPB	missense_variant		777601390						Q9Y5S2	Serine/threonine-protein kinase MRCK beta	Homo sapiens	Encontrado	https://alphafold.ebi.ac.uk/entry/Q9Y5S2
CDC42BPB	missense_variant		777715596						Q9Y5S2	Serine/threonine-protein kinase MRCK beta	Homo sapiens	Encontrado	https://alphafold.ebi.ac.uk/entry/Q9Y5S2
CDC42BPB	missense_variant		777760721						Q9Y5S2	Serine/threonine-protein kinase MRCK beta	Homo sapiens	Encontrado	https://alphafold.ebi.ac.uk/entry/Q9Y5S2
CDC42BPB	missense_variant		777811682						Q9Y5S2	Serine/threonine-protein kinase MRCK beta	Homo sapiens	Encontrado	https://alphafold.ebi.ac.uk/entry/Q9Y5S2
CDC42BPB	missense_variant		777857435						Q9Y5S2	Serine/threonine-protein kinase MRCK beta	Homo sapiens	Encontrado	https://alphafold.ebi.ac.uk/entry/Q9Y5S2
CDC42BPB	missense_variant		777958516						Q9Y5S2	Serine/threonine-protein kinase MRCK beta	Homo sapiens	Encontrado	https://alphafold.ebi.ac.uk/entry/Q9Y5S2
CDC42BPB	missense_variant		778344538						Q9Y5S2	Serine/threonine-protein kinase MRCK beta	Homo sapiens	Encontrado	https://alphafold.ebi.ac.uk/entry/Q9Y5S2
CDC42BPB	missense_variant		778561558						Q9Y5S2	Serine/threonine-protein kinase MRCK beta	Homo sapiens	Encontrado	https://alphafold.ebi.ac.uk/entry/Q9Y5S2
CDC42BPB	missense_variant		778749230						Q9Y5S2	Serine/threonine-protein kinase MRCK beta	Homo sapiens	Encontrado	https://alphafold.ebi.ac.uk/entry/Q9Y5S2
CDC42BPB	missense_variant	uncertain significance	778791236	Q9Y5S2	rs778791236	N581K	0.047		Q9Y5S2	Serine/threonine-protein kinase MRCK beta	Homo sapiens	Encontrado	https://alphafold.ebi.ac.uk/entry/Q9Y5S2
CDC42BPB	missense_variant	uncertain significance	778791236	Q9Y5S2	rs778791236	N581K	0.0		Q9Y5S2	Serine/threonine-protein kinase MRCK beta	Homo sapiens	Encontrado	https://alphafold.ebi.ac.uk/entry/Q9Y5S2
CDC42BPB	missense_variant		779024334						Q9Y5S2	Serine/threonine-protein kinase MRCK beta	Homo sapiens	Encontrado	https://alphafold.ebi.ac.uk/entry/Q9Y5S2
CDC42BPB	missense_variant		779426560						Q9Y5S2	Serine/threonine-protein kinase MRCK beta	Homo sapiens	Encontrado	https://alphafold.ebi.ac.uk/entry/Q9Y5S2
CDC42BPB	missense_variant		779603324						Q9Y5S2	Serine/threonine-protein kinase MRCK beta	Homo sapiens	Encontrado	https://alphafold.ebi.ac.uk/entry/Q9Y5S2
CDC42BPB	missense_variant		779607293						Q9Y5S2	Serine/threonine-protein kinase MRCK beta	Homo sapiens	Encontrado	https://alphafold.ebi.ac.uk/entry/Q9Y5S2
CDC42BPB	missense_variant		779685101						Q9Y5S2	Serine/threonine-protein kinase MRCK beta	Homo sapiens	Encontrado	https://alphafold.ebi.ac.uk/entry/Q9Y5S2
CDC42BPB	missense_variant		779790085						Q9Y5S2	Serine/threonine-protein kinase MRCK beta	Homo sapiens	Encontrado	https://alphafold.ebi.ac.uk/entry/Q9Y5S2
CDC42BPB	missense_variant		779809375						Q9Y5S2	Serine/threonine-protein kinase MRCK beta	Homo sapiens	Encontrado	https://alphafold.ebi.ac.uk/entry/Q9Y5S2
CDC42BPB	missense_variant		780088812						Q9Y5S2	Serine/threonine-protein kinase MRCK beta	Homo sapiens	Encontrado	https://alphafold.ebi.ac.uk/entry/Q9Y5S2
CDC42BPB	missense_variant		780164492						Q9Y5S2	Serine/threonine-protein kinase MRCK beta	Homo sapiens	Encontrado	https://alphafold.ebi.ac.uk/entry/Q9Y5S2
CDC42BPB	missense_variant		780626139	Q9Y5S2	rs780626139	R616W	0.991		Q9Y5S2	Serine/threonine-protein kinase MRCK beta	Homo sapiens	Encontrado	https://alphafold.ebi.ac.uk/entry/Q9Y5S2
CDC42BPB	missense_variant		780626139	Q9Y5S2	rs780626139	R616W	0.0		Q9Y5S2	Serine/threonine-protein kinase MRCK beta	Homo sapiens	Encontrado	https://alphafold.ebi.ac.uk/entry/Q9Y5S2
CDC42BPB	missense_variant		780626139	Q9Y5S2	rs780626139	R616W	0.99		Q9Y5S2	Serine/threonine-protein kinase MRCK beta	Homo sapiens	Encontrado	https://alphafold.ebi.ac.uk/entry/Q9Y5S2
CDC42BPB	missense_variant		780626139	Q9Y5S2	rs780626139	R616W	0.0		Q9Y5S2	Serine/threonine-protein kinase MRCK beta	Homo sapiens	Encontrado	https://alphafold.ebi.ac.uk/entry/Q9Y5S2
CDC42BPB	missense_variant		780645988						Q9Y5S2	Serine/threonine-protein kinase MRCK beta	Homo sapiens	Encontrado	https://alphafold.ebi.ac.uk/entry/Q9Y5S2
CDC42BPB	missense_variant		780740899						Q9Y5S2	Serine/threonine-protein kinase MRCK beta	Homo sapiens	Encontrado	https://alphafold.ebi.ac.uk/entry/Q9Y5S2
CDC42BPB	missense_variant		780909971						Q9Y5S2	Serine/threonine-protein kinase MRCK beta	Homo sapiens	Encontrado	https://alphafold.ebi.ac.uk/entry/Q9Y5S2
CDC42BPB	missense_variant		780931165						Q9Y5S2	Serine/threonine-protein kinase MRCK beta	Homo sapiens	Encontrado	https://alphafold.ebi.ac.uk/entry/Q9Y5S2
CDC42BPB	missense_variant	likely benign	780932163	Q9Y5S2	rs780932163	V1557I	0.068		Q9Y5S2	Serine/threonine-protein kinase MRCK beta	Homo sapiens	Encontrado	https://alphafold.ebi.ac.uk/entry/Q9Y5S2
CDC42BPB	missense_variant	likely benign	780932163	Q9Y5S2	rs780932163	V1557I	0.03		Q9Y5S2	Serine/threonine-protein kinase MRCK beta	Homo sapiens	Encontrado	https://alphafold.ebi.ac.uk/entry/Q9Y5S2
CDC42BPB	missense_variant		781091895						Q9Y5S2	Serine/threonine-protein kinase MRCK beta	Homo sapiens	Encontrado	https://alphafold.ebi.ac.uk/entry/Q9Y5S2
CDC42BPB	missense_variant	uncertain significance	781307670	Q9Y5S2	rs781307670	R866C	0.988		Q9Y5S2	Serine/threonine-protein kinase MRCK beta	Homo sapiens	Encontrado	https://alphafold.ebi.ac.uk/entry/Q9Y5S2
CDC42BPB	missense_variant	uncertain significance	781307670	Q9Y5S2	rs781307670	R866C	0.0		Q9Y5S2	Serine/threonine-protein kinase MRCK beta	Homo sapiens	Encontrado	https://alphafold.ebi.ac.uk/entry/Q9Y5S2
CDC42BPB	missense_variant	uncertain significance	781307670	Q9Y5S2	rs781307670	R866C	0.988		Q9Y5S2	Serine/threonine-protein kinase MRCK beta	Homo sapiens	Encontrado	https://alphafold.ebi.ac.uk/entry/Q9Y5S2
CDC42BPB	missense_variant	uncertain significance	781307670	Q9Y5S2	rs781307670	R866C	0.0		Q9Y5S2	Serine/threonine-protein kinase MRCK beta	Homo sapiens	Encontrado	https://alphafold.ebi.ac.uk/entry/Q9Y5S2
CDC42BPB	missense_variant	uncertain significance	781414650	Q9Y5S2	rs781414650	D126N	0.666		Q9Y5S2	Serine/threonine-protein kinase MRCK beta	Homo sapiens	Encontrado	https://alphafold.ebi.ac.uk/entry/Q9Y5S2
CDC42BPB	missense_variant	uncertain significance	781414650	Q9Y5S2	rs781414650	D126N	0.07		Q9Y5S2	Serine/threonine-protein kinase MRCK beta	Homo sapiens	Encontrado	https://alphafold.ebi.ac.uk/entry/Q9Y5S2
CDC42BPB	missense_variant	uncertain significance	781414650	Q9Y5S2	rs781414650	D126N	0.717		Q9Y5S2	Serine/threonine-protein kinase MRCK beta	Homo sapiens	Encontrado	https://alphafold.ebi.ac.uk/entry/Q9Y5S2
CDC42BPB	missense_variant	uncertain significance	781414650	Q9Y5S2	rs781414650	D126N	0.94		Q9Y5S2	Serine/threonine-protein kinase MRCK beta	Homo sapiens	Encontrado	https://alphafold.ebi.ac.uk/entry/Q9Y5S2
CDC42BPB	missense_variant	likely benign	781464184	Q9Y5S2	rs781464184	S1190G	0.046		Q9Y5S2	Serine/threonine-protein kinase MRCK beta	Homo sapiens	Encontrado	https://alphafold.ebi.ac.uk/entry/Q9Y5S2
CDC42BPB	missense_variant	likely benign	781464184	Q9Y5S2	rs781464184	S1190G	0.17		Q9Y5S2	Serine/threonine-protein kinase MRCK beta	Homo sapiens	Encontrado	https://alphafold.ebi.ac.uk/entry/Q9Y5S2
CDC42BPB	missense_variant	uncertain significance	781501373						Q9Y5S2	Serine/threonine-protein kinase MRCK beta	Homo sapiens	Encontrado	https://alphafold.ebi.ac.uk/entry/Q9Y5S2
CDC42BPB	missense_variant		781685946						Q9Y5S2	Serine/threonine-protein kinase MRCK beta	Homo sapiens	Encontrado	https://alphafold.ebi.ac.uk/entry/Q9Y5S2
CDC42BPB	missense_variant		781727740						Q9Y5S2	Serine/threonine-protein kinase MRCK beta	Homo sapiens	Encontrado	https://alphafold.ebi.ac.uk/entry/Q9Y5S2
CDC42BPB	missense_variant		80130415						Q9Y5S2	Serine/threonine-protein kinase MRCK beta	Homo sapiens	Encontrado	https://alphafold.ebi.ac.uk/entry/Q9Y5S2
CDC42BPB	missense_variant		80317877						Q9Y5S2	Serine/threonine-protein kinase MRCK beta	Homo sapiens	Encontrado	https://alphafold.ebi.ac.uk/entry/Q9Y5S2
CDC42BPB	missense_variant		866343922						Q9Y5S2	Serine/threonine-protein kinase MRCK beta	Homo sapiens	Encontrado	https://alphafold.ebi.ac.uk/entry/Q9Y5S2
CDC42BPB	missense_variant	uncertain significance	867664425	Q9Y5S2	rs867664425	S1671L	0.998		Q9Y5S2	Serine/threonine-protein kinase MRCK beta	Homo sapiens	Encontrado	https://alphafold.ebi.ac.uk/entry/Q9Y5S2
CDC42BPB	missense_variant	uncertain significance	867664425	Q9Y5S2	rs867664425	S1671L	0.0		Q9Y5S2	Serine/threonine-protein kinase MRCK beta	Homo sapiens	Encontrado	https://alphafold.ebi.ac.uk/entry/Q9Y5S2
CDC42BPB	missense_variant	uncertain significance	867664425	Q9Y5S2	rs867664425	S1671L	0.998		Q9Y5S2	Serine/threonine-protein kinase MRCK beta	Homo sapiens	Encontrado	https://alphafold.ebi.ac.uk/entry/Q9Y5S2
CDC42BPB	missense_variant	uncertain significance	867664425	Q9Y5S2	rs867664425	S1671L	0.0		Q9Y5S2	Serine/threonine-protein kinase MRCK beta	Homo sapiens	Encontrado	https://alphafold.ebi.ac.uk/entry/Q9Y5S2
CDC42BPB	missense_variant		868119630						Q9Y5S2	Serine/threonine-protein kinase MRCK beta	Homo sapiens	Encontrado	https://alphafold.ebi.ac.uk/entry/Q9Y5S2
CDC42BPB	missense_variant		868554043						Q9Y5S2	Serine/threonine-protein kinase MRCK beta	Homo sapiens	Encontrado	https://alphafold.ebi.ac.uk/entry/Q9Y5S2
CDC42BPB	missense_variant		868573029						Q9Y5S2	Serine/threonine-protein kinase MRCK beta	Homo sapiens	Encontrado	https://alphafold.ebi.ac.uk/entry/Q9Y5S2
CDC42BPB	missense_variant		888491399						Q9Y5S2	Serine/threonine-protein kinase MRCK beta	Homo sapiens	Encontrado	https://alphafold.ebi.ac.uk/entry/Q9Y5S2
CDC42BPB	missense_variant		890520524						Q9Y5S2	Serine/threonine-protein kinase MRCK beta	Homo sapiens	Encontrado	https://alphafold.ebi.ac.uk/entry/Q9Y5S2
CDC42BPB	missense_variant		894014625						Q9Y5S2	Serine/threonine-protein kinase MRCK beta	Homo sapiens	Encontrado	https://alphafold.ebi.ac.uk/entry/Q9Y5S2
CDC42BPB	missense_variant		903725198						Q9Y5S2	Serine/threonine-protein kinase MRCK beta	Homo sapiens	Encontrado	https://alphafold.ebi.ac.uk/entry/Q9Y5S2
CDC42BPB	missense_variant		903757678						Q9Y5S2	Serine/threonine-protein kinase MRCK beta	Homo sapiens	Encontrado	https://alphafold.ebi.ac.uk/entry/Q9Y5S2
CDC42BPB	missense_variant		905113104						Q9Y5S2	Serine/threonine-protein kinase MRCK beta	Homo sapiens	Encontrado	https://alphafold.ebi.ac.uk/entry/Q9Y5S2
CDC42BPB	missense_variant		912861997						Q9Y5S2	Serine/threonine-protein kinase MRCK beta	Homo sapiens	Encontrado	https://alphafold.ebi.ac.uk/entry/Q9Y5S2
CDC42BPB	missense_variant		917093626						Q9Y5S2	Serine/threonine-protein kinase MRCK beta	Homo sapiens	Encontrado	https://alphafold.ebi.ac.uk/entry/Q9Y5S2
CDC42BPB	missense_variant		931183204						Q9Y5S2	Serine/threonine-protein kinase MRCK beta	Homo sapiens	Encontrado	https://alphafold.ebi.ac.uk/entry/Q9Y5S2
CDC42BPB	missense_variant		931987662						Q9Y5S2	Serine/threonine-protein kinase MRCK beta	Homo sapiens	Encontrado	https://alphafold.ebi.ac.uk/entry/Q9Y5S2
CDC42BPB	missense_variant		932105669	Q9Y5S2	rs932105669	R125C	1.0		Q9Y5S2	Serine/threonine-protein kinase MRCK beta	Homo sapiens	Encontrado	https://alphafold.ebi.ac.uk/entry/Q9Y5S2
CDC42BPB	missense_variant		932105669	Q9Y5S2	rs932105669	R125C	0.0		Q9Y5S2	Serine/threonine-protein kinase MRCK beta	Homo sapiens	Encontrado	https://alphafold.ebi.ac.uk/entry/Q9Y5S2
CDC42BPB	missense_variant		932105669	Q9Y5S2	rs932105669	R125C	1.0		Q9Y5S2	Serine/threonine-protein kinase MRCK beta	Homo sapiens	Encontrado	https://alphafold.ebi.ac.uk/entry/Q9Y5S2
CDC42BPB	missense_variant		932105669	Q9Y5S2	rs932105669	R125C	0.0		Q9Y5S2	Serine/threonine-protein kinase MRCK beta	Homo sapiens	Encontrado	https://alphafold.ebi.ac.uk/entry/Q9Y5S2
CDC42BPB	missense_variant		934380429						Q9Y5S2	Serine/threonine-protein kinase MRCK beta	Homo sapiens	Encontrado	https://alphafold.ebi.ac.uk/entry/Q9Y5S2
CDC42BPB	missense_variant	uncertain significance	941463713						Q9Y5S2	Serine/threonine-protein kinase MRCK beta	Homo sapiens	Encontrado	https://alphafold.ebi.ac.uk/entry/Q9Y5S2
CDC42BPB	missense_variant		941942131						Q9Y5S2	Serine/threonine-protein kinase MRCK beta	Homo sapiens	Encontrado	https://alphafold.ebi.ac.uk/entry/Q9Y5S2
CDC42BPB	missense_variant		943515361						Q9Y5S2	Serine/threonine-protein kinase MRCK beta	Homo sapiens	Encontrado	https://alphafold.ebi.ac.uk/entry/Q9Y5S2
CDC42BPB	missense_variant	uncertain significance	944799076	Q9Y5S2	rs944799076	M1444V	0.003		Q9Y5S2	Serine/threonine-protein kinase MRCK beta	Homo sapiens	Encontrado	https://alphafold.ebi.ac.uk/entry/Q9Y5S2
CDC42BPB	missense_variant	uncertain significance	944799076	Q9Y5S2	rs944799076	M1444V	0.09		Q9Y5S2	Serine/threonine-protein kinase MRCK beta	Homo sapiens	Encontrado	https://alphafold.ebi.ac.uk/entry/Q9Y5S2
CDC42BPB	missense_variant	uncertain significance	946145684	Q9Y5S2	rs946145684	R1092Q	0.86		Q9Y5S2	Serine/threonine-protein kinase MRCK beta	Homo sapiens	Encontrado	https://alphafold.ebi.ac.uk/entry/Q9Y5S2
CDC42BPB	missense_variant	uncertain significance	946145684	Q9Y5S2	rs946145684	R1092Q	0.0		Q9Y5S2	Serine/threonine-protein kinase MRCK beta	Homo sapiens	Encontrado	https://alphafold.ebi.ac.uk/entry/Q9Y5S2
CDC42BPB	missense_variant		947392507						Q9Y5S2	Serine/threonine-protein kinase MRCK beta	Homo sapiens	Encontrado	https://alphafold.ebi.ac.uk/entry/Q9Y5S2
CDC42BPB	missense_variant		947629970						Q9Y5S2	Serine/threonine-protein kinase MRCK beta	Homo sapiens	Encontrado	https://alphafold.ebi.ac.uk/entry/Q9Y5S2
CDC42BPB	missense_variant		947730985						Q9Y5S2	Serine/threonine-protein kinase MRCK beta	Homo sapiens	Encontrado	https://alphafold.ebi.ac.uk/entry/Q9Y5S2
CDC42BPB	missense_variant		948489921						Q9Y5S2	Serine/threonine-protein kinase MRCK beta	Homo sapiens	Encontrado	https://alphafold.ebi.ac.uk/entry/Q9Y5S2
CDC42BPB	missense_variant		954036769						Q9Y5S2	Serine/threonine-protein kinase MRCK beta	Homo sapiens	Encontrado	https://alphafold.ebi.ac.uk/entry/Q9Y5S2
CDC42BPB	missense_variant		956441357						Q9Y5S2	Serine/threonine-protein kinase MRCK beta	Homo sapiens	Encontrado	https://alphafold.ebi.ac.uk/entry/Q9Y5S2
CDC42BPB	missense_variant		956631106						Q9Y5S2	Serine/threonine-protein kinase MRCK beta	Homo sapiens	Encontrado	https://alphafold.ebi.ac.uk/entry/Q9Y5S2
CDC42BPB	missense_variant		957253615						Q9Y5S2	Serine/threonine-protein kinase MRCK beta	Homo sapiens	Encontrado	https://alphafold.ebi.ac.uk/entry/Q9Y5S2
CDC42BPB	missense_variant		959796421						Q9Y5S2	Serine/threonine-protein kinase MRCK beta	Homo sapiens	Encontrado	https://alphafold.ebi.ac.uk/entry/Q9Y5S2
CDC42BPB	missense_variant		960423641						Q9Y5S2	Serine/threonine-protein kinase MRCK beta	Homo sapiens	Encontrado	https://alphafold.ebi.ac.uk/entry/Q9Y5S2
CDC42BPB	missense_variant		962655009	Q9Y5S2	rs962655009	A1007T	0.0		Q9Y5S2	Serine/threonine-protein kinase MRCK beta	Homo sapiens	Encontrado	https://alphafold.ebi.ac.uk/entry/Q9Y5S2
CDC42BPB	missense_variant		962655009	Q9Y5S2	rs962655009	A1007T	0.59		Q9Y5S2	Serine/threonine-protein kinase MRCK beta	Homo sapiens	Encontrado	https://alphafold.ebi.ac.uk/entry/Q9Y5S2
CDC42BPB	missense_variant		962655009	Q9Y5S2	rs962655009	A1007T	0.0		Q9Y5S2	Serine/threonine-protein kinase MRCK beta	Homo sapiens	Encontrado	https://alphafold.ebi.ac.uk/entry/Q9Y5S2
CDC42BPB	missense_variant		962655009	Q9Y5S2	rs962655009	A1007T	0.29		Q9Y5S2	Serine/threonine-protein kinase MRCK beta	Homo sapiens	Encontrado	https://alphafold.ebi.ac.uk/entry/Q9Y5S2
CDC42BPB	missense_variant	uncertain significance	963853088	Q9Y5S2	rs963853088	V1058A	0.169		Q9Y5S2	Serine/threonine-protein kinase MRCK beta	Homo sapiens	Encontrado	https://alphafold.ebi.ac.uk/entry/Q9Y5S2
CDC42BPB	missense_variant	uncertain significance	963853088	Q9Y5S2	rs963853088	V1058A	0.0		Q9Y5S2	Serine/threonine-protein kinase MRCK beta	Homo sapiens	Encontrado	https://alphafold.ebi.ac.uk/entry/Q9Y5S2
CDC42BPB	missense_variant		964090318						Q9Y5S2	Serine/threonine-protein kinase MRCK beta	Homo sapiens	Encontrado	https://alphafold.ebi.ac.uk/entry/Q9Y5S2
CDC42BPB	missense_variant		967740106						Q9Y5S2	Serine/threonine-protein kinase MRCK beta	Homo sapiens	Encontrado	https://alphafold.ebi.ac.uk/entry/Q9Y5S2
CDC42BPB	missense_variant		972830251						Q9Y5S2	Serine/threonine-protein kinase MRCK beta	Homo sapiens	Encontrado	https://alphafold.ebi.ac.uk/entry/Q9Y5S2
CDC42BPB	missense_variant		978392521	Q9Y5S2	rs978392521	C133Y	0.32		Q9Y5S2	Serine/threonine-protein kinase MRCK beta	Homo sapiens	Encontrado	https://alphafold.ebi.ac.uk/entry/Q9Y5S2
CDC42BPB	missense_variant		978392521	Q9Y5S2	rs978392521	C133Y	0.08		Q9Y5S2	Serine/threonine-protein kinase MRCK beta	Homo sapiens	Encontrado	https://alphafold.ebi.ac.uk/entry/Q9Y5S2
CDC42BPB	missense_variant		978392521	Q9Y5S2	rs978392521	C133Y	0.39		Q9Y5S2	Serine/threonine-protein kinase MRCK beta	Homo sapiens	Encontrado	https://alphafold.ebi.ac.uk/entry/Q9Y5S2
CDC42BPB	missense_variant		978392521	Q9Y5S2	rs978392521	C133Y	0.02		Q9Y5S2	Serine/threonine-protein kinase MRCK beta	Homo sapiens	Encontrado	https://alphafold.ebi.ac.uk/entry/Q9Y5S2
CDC42BPB	missense_variant		978643502						Q9Y5S2	Serine/threonine-protein kinase MRCK beta	Homo sapiens	Encontrado	https://alphafold.ebi.ac.uk/entry/Q9Y5S2
CDC42BPB	missense_variant		979915485						Q9Y5S2	Serine/threonine-protein kinase MRCK beta	Homo sapiens	Encontrado	https://alphafold.ebi.ac.uk/entry/Q9Y5S2
CDC42BPB	missense_variant		980267265						Q9Y5S2	Serine/threonine-protein kinase MRCK beta	Homo sapiens	Encontrado	https://alphafold.ebi.ac.uk/entry/Q9Y5S2
CDC42BPB	missense_variant		992747877						Q9Y5S2	Serine/threonine-protein kinase MRCK beta	Homo sapiens	Encontrado	https://alphafold.ebi.ac.uk/entry/Q9Y5S2
CDC42BPB	missense_variant		995127355						Q9Y5S2	Serine/threonine-protein kinase MRCK beta	Homo sapiens	Encontrado	https://alphafold.ebi.ac.uk/entry/Q9Y5S2
