Gene	Consequencia	Significancia_Clinica	rs_key	UniProt_ID	rsID_dbSNP	Proteina_Mudanca	AlphaMissense_Score	AlphaMissense_Classificacao	ID_UniProt	Nome_Proteina	Organismo	Status	Link_AlphaFold
ABCB11	missense_variant	uncertain significance	1001470159	O95342	rs1001470159	F236S	0.001		O95342	Bile salt export pump	Homo sapiens	Encontrado	https://alphafold.ebi.ac.uk/entry/O95342
ABCB11	missense_variant	uncertain significance	1001470159	O95342	rs1001470159	F236S	0.03		O95342	Bile salt export pump	Homo sapiens	Encontrado	https://alphafold.ebi.ac.uk/entry/O95342
ABCB11	missense_variant		1001747190						O95342	Bile salt export pump	Homo sapiens	Encontrado	https://alphafold.ebi.ac.uk/entry/O95342
ABCB11	missense_variant	uncertain significance	1010411782						O95342	Bile salt export pump	Homo sapiens	Encontrado	https://alphafold.ebi.ac.uk/entry/O95342
ABCB11	missense_variant		1013897332						O95342	Bile salt export pump	Homo sapiens	Encontrado	https://alphafold.ebi.ac.uk/entry/O95342
ABCB11	missense_variant		1016044993						O95342	Bile salt export pump	Homo sapiens	Encontrado	https://alphafold.ebi.ac.uk/entry/O95342
ABCB11	missense_variant	uncertain significance	1016053414	O95342	rs1016053414	S1122N	0.977		O95342	Bile salt export pump	Homo sapiens	Encontrado	https://alphafold.ebi.ac.uk/entry/O95342
ABCB11	missense_variant	uncertain significance	1016053414	O95342	rs1016053414	S1122N	0.07		O95342	Bile salt export pump	Homo sapiens	Encontrado	https://alphafold.ebi.ac.uk/entry/O95342
ABCB11	missense_variant	uncertain significance	1016053414	O95342	rs1016053414	S1122N	0.978		O95342	Bile salt export pump	Homo sapiens	Encontrado	https://alphafold.ebi.ac.uk/entry/O95342
ABCB11	missense_variant	uncertain significance	1016053414	O95342	rs1016053414	S1122N	0.0		O95342	Bile salt export pump	Homo sapiens	Encontrado	https://alphafold.ebi.ac.uk/entry/O95342
ABCB11	missense_variant		1018318249						O95342	Bile salt export pump	Homo sapiens	Encontrado	https://alphafold.ebi.ac.uk/entry/O95342
ABCB11	missense_variant		1023722635						O95342	Bile salt export pump	Homo sapiens	Encontrado	https://alphafold.ebi.ac.uk/entry/O95342
ABCB11	missense_variant		1024150441						O95342	Bile salt export pump	Homo sapiens	Encontrado	https://alphafold.ebi.ac.uk/entry/O95342
ABCB11	missense_variant		1025708273						O95342	Bile salt export pump	Homo sapiens	Encontrado	https://alphafold.ebi.ac.uk/entry/O95342
ABCB11	missense_variant	likely benign	1026929124						O95342	Bile salt export pump	Homo sapiens	Encontrado	https://alphafold.ebi.ac.uk/entry/O95342
ABCB11	missense_variant	uncertain significance	1027169476						O95342	Bile salt export pump	Homo sapiens	Encontrado	https://alphafold.ebi.ac.uk/entry/O95342
ABCB11	missense_variant		1028421736						O95342	Bile salt export pump	Homo sapiens	Encontrado	https://alphafold.ebi.ac.uk/entry/O95342
ABCB11	missense_variant		1029563925						O95342	Bile salt export pump	Homo sapiens	Encontrado	https://alphafold.ebi.ac.uk/entry/O95342
ABCB11	missense_variant	likely benign	1030004521	O95342	rs1030004521	S1093L	0.001		O95342	Bile salt export pump	Homo sapiens	Encontrado	https://alphafold.ebi.ac.uk/entry/O95342
ABCB11	missense_variant	likely benign	1030004521	O95342	rs1030004521	S1093L	0.05		O95342	Bile salt export pump	Homo sapiens	Encontrado	https://alphafold.ebi.ac.uk/entry/O95342
ABCB11	missense_variant	likely benign	1030004521	O95342	rs1030004521	S1093L	0.001		O95342	Bile salt export pump	Homo sapiens	Encontrado	https://alphafold.ebi.ac.uk/entry/O95342
ABCB11	missense_variant	likely benign	1030004521	O95342	rs1030004521	S1093L	0.0		O95342	Bile salt export pump	Homo sapiens	Encontrado	https://alphafold.ebi.ac.uk/entry/O95342
ABCB11	missense_variant	likely benign	1031565435	O95342	rs1031565435	V329M	0.009		O95342	Bile salt export pump	Homo sapiens	Encontrado	https://alphafold.ebi.ac.uk/entry/O95342
ABCB11	missense_variant	likely benign	1031565435	O95342	rs1031565435	V329M	0.27		O95342	Bile salt export pump	Homo sapiens	Encontrado	https://alphafold.ebi.ac.uk/entry/O95342
ABCB11	missense_variant	likely benign	1031565435	O95342	rs1031565435	V329M	0.009		O95342	Bile salt export pump	Homo sapiens	Encontrado	https://alphafold.ebi.ac.uk/entry/O95342
ABCB11	missense_variant	likely benign	1031565435	O95342	rs1031565435	V329M	1.0		O95342	Bile salt export pump	Homo sapiens	Encontrado	https://alphafold.ebi.ac.uk/entry/O95342
ABCB11	missense_variant		1031689771						O95342	Bile salt export pump	Homo sapiens	Encontrado	https://alphafold.ebi.ac.uk/entry/O95342
ABCB11	missense_variant	uncertain significance	1033490064	O95342	rs1033490064	T1210S	0.987		O95342	Bile salt export pump	Homo sapiens	Encontrado	https://alphafold.ebi.ac.uk/entry/O95342
ABCB11	missense_variant	uncertain significance	1033490064	O95342	rs1033490064	T1210S	0.01		O95342	Bile salt export pump	Homo sapiens	Encontrado	https://alphafold.ebi.ac.uk/entry/O95342
ABCB11	missense_variant		1034148630						O95342	Bile salt export pump	Homo sapiens	Encontrado	https://alphafold.ebi.ac.uk/entry/O95342
ABCB11	missense_variant		1036187822						O95342	Bile salt export pump	Homo sapiens	Encontrado	https://alphafold.ebi.ac.uk/entry/O95342
ABCB11	missense_variant		1037332452						O95342	Bile salt export pump	Homo sapiens	Encontrado	https://alphafold.ebi.ac.uk/entry/O95342
ABCB11	missense_variant		1043182223						O95342	Bile salt export pump	Homo sapiens	Encontrado	https://alphafold.ebi.ac.uk/entry/O95342
ABCB11	missense_variant		1043651710						O95342	Bile salt export pump	Homo sapiens	Encontrado	https://alphafold.ebi.ac.uk/entry/O95342
ABCB11	missense_variant	likely pathogenic	1064797269	O95342	rs1064797269	L1241P	0.989		O95342	Bile salt export pump	Homo sapiens	Encontrado	https://alphafold.ebi.ac.uk/entry/O95342
ABCB11	missense_variant	likely pathogenic	1064797269	O95342	rs1064797269	L1241P	0.0		O95342	Bile salt export pump	Homo sapiens	Encontrado	https://alphafold.ebi.ac.uk/entry/O95342
ABCB11	missense_variant	benign	11568357						O95342	Bile salt export pump	Homo sapiens	Encontrado	https://alphafold.ebi.ac.uk/entry/O95342
ABCB11	missense_variant	benign, likely benign	11568364						O95342	Bile salt export pump	Homo sapiens	Encontrado	https://alphafold.ebi.ac.uk/entry/O95342
ABCB11	missense_variant	benign, likely benign	11568367						O95342	Bile salt export pump	Homo sapiens	Encontrado	https://alphafold.ebi.ac.uk/entry/O95342
ABCB11	missense_variant	likely benign	11568369	O95342	rs11568369	Q558H	0.134		O95342	Bile salt export pump	Homo sapiens	Encontrado	https://alphafold.ebi.ac.uk/entry/O95342
ABCB11	missense_variant	likely benign	11568369	O95342	rs11568369	Q558H	0.04		O95342	Bile salt export pump	Homo sapiens	Encontrado	https://alphafold.ebi.ac.uk/entry/O95342
ABCB11	missense_variant	uncertain significance, likely pathogenic	11568370						O95342	Bile salt export pump	Homo sapiens	Encontrado	https://alphafold.ebi.ac.uk/entry/O95342
ABCB11	missense_variant	pathogenic	11568372						O95342	Bile salt export pump	Homo sapiens	Encontrado	https://alphafold.ebi.ac.uk/entry/O95342
ABCB11	missense_variant		1157197296						O95342	Bile salt export pump	Homo sapiens	Encontrado	https://alphafold.ebi.ac.uk/entry/O95342
ABCB11	missense_variant		1158984965						O95342	Bile salt export pump	Homo sapiens	Encontrado	https://alphafold.ebi.ac.uk/entry/O95342
ABCB11	missense_variant		1160633234						O95342	Bile salt export pump	Homo sapiens	Encontrado	https://alphafold.ebi.ac.uk/entry/O95342
ABCB11	missense_variant		1162280787						O95342	Bile salt export pump	Homo sapiens	Encontrado	https://alphafold.ebi.ac.uk/entry/O95342
ABCB11	missense_variant		1162654918						O95342	Bile salt export pump	Homo sapiens	Encontrado	https://alphafold.ebi.ac.uk/entry/O95342
ABCB11	missense_variant	uncertain significance	1163343377	O95342	rs1163343377	A1167V	0.438		O95342	Bile salt export pump	Homo sapiens	Encontrado	https://alphafold.ebi.ac.uk/entry/O95342
ABCB11	missense_variant	uncertain significance	1163343377	O95342	rs1163343377	A1167V	0.0		O95342	Bile salt export pump	Homo sapiens	Encontrado	https://alphafold.ebi.ac.uk/entry/O95342
ABCB11	missense_variant	likely pathogenic	1163486377	O95342	rs1163486377	T463I	0.991		O95342	Bile salt export pump	Homo sapiens	Encontrado	https://alphafold.ebi.ac.uk/entry/O95342
ABCB11	missense_variant	likely pathogenic	1163486377	O95342	rs1163486377	T463I	0.0		O95342	Bile salt export pump	Homo sapiens	Encontrado	https://alphafold.ebi.ac.uk/entry/O95342
ABCB11	missense_variant		1164845690						O95342	Bile salt export pump	Homo sapiens	Encontrado	https://alphafold.ebi.ac.uk/entry/O95342
ABCB11	missense_variant		1166711071						O95342	Bile salt export pump	Homo sapiens	Encontrado	https://alphafold.ebi.ac.uk/entry/O95342
ABCB11	missense_variant		1167027435						O95342	Bile salt export pump	Homo sapiens	Encontrado	https://alphafold.ebi.ac.uk/entry/O95342
ABCB11	missense_variant		1167028927						O95342	Bile salt export pump	Homo sapiens	Encontrado	https://alphafold.ebi.ac.uk/entry/O95342
ABCB11	missense_variant		1168198973						O95342	Bile salt export pump	Homo sapiens	Encontrado	https://alphafold.ebi.ac.uk/entry/O95342
ABCB11	missense_variant		1168663909						O95342	Bile salt export pump	Homo sapiens	Encontrado	https://alphafold.ebi.ac.uk/entry/O95342
ABCB11	missense_variant		1170792635						O95342	Bile salt export pump	Homo sapiens	Encontrado	https://alphafold.ebi.ac.uk/entry/O95342
ABCB11	missense_variant	likely benign	1170842960						O95342	Bile salt export pump	Homo sapiens	Encontrado	https://alphafold.ebi.ac.uk/entry/O95342
ABCB11	missense_variant		1171007715						O95342	Bile salt export pump	Homo sapiens	Encontrado	https://alphafold.ebi.ac.uk/entry/O95342
ABCB11	missense_variant	uncertain significance, likely pathogenic	1171209104	O95342	rs1171209104	A1028V	0.717		O95342	Bile salt export pump	Homo sapiens	Encontrado	https://alphafold.ebi.ac.uk/entry/O95342
ABCB11	missense_variant	uncertain significance, likely pathogenic	1171209104	O95342	rs1171209104	A1028V	0.0		O95342	Bile salt export pump	Homo sapiens	Encontrado	https://alphafold.ebi.ac.uk/entry/O95342
ABCB11	missense_variant	uncertain significance, likely pathogenic	1171209104	O95342	rs1171209104	A1028V	0.725		O95342	Bile salt export pump	Homo sapiens	Encontrado	https://alphafold.ebi.ac.uk/entry/O95342
ABCB11	missense_variant	uncertain significance, likely pathogenic	1171209104	O95342	rs1171209104	A1028V	0.0		O95342	Bile salt export pump	Homo sapiens	Encontrado	https://alphafold.ebi.ac.uk/entry/O95342
ABCB11	missense_variant		1171857255						O95342	Bile salt export pump	Homo sapiens	Encontrado	https://alphafold.ebi.ac.uk/entry/O95342
ABCB11	missense_variant	uncertain significance	1171867548						O95342	Bile salt export pump	Homo sapiens	Encontrado	https://alphafold.ebi.ac.uk/entry/O95342
ABCB11	missense_variant		1174631566						O95342	Bile salt export pump	Homo sapiens	Encontrado	https://alphafold.ebi.ac.uk/entry/O95342
ABCB11	missense_variant		1176617176						O95342	Bile salt export pump	Homo sapiens	Encontrado	https://alphafold.ebi.ac.uk/entry/O95342
ABCB11	missense_variant		1176862568						O95342	Bile salt export pump	Homo sapiens	Encontrado	https://alphafold.ebi.ac.uk/entry/O95342
ABCB11	missense_variant		1178729678						O95342	Bile salt export pump	Homo sapiens	Encontrado	https://alphafold.ebi.ac.uk/entry/O95342
ABCB11	missense_variant		1178852197						O95342	Bile salt export pump	Homo sapiens	Encontrado	https://alphafold.ebi.ac.uk/entry/O95342
ABCB11	missense_variant	uncertain significance	1180718054	O95342	rs1180718054	D1092N	0.097		O95342	Bile salt export pump	Homo sapiens	Encontrado	https://alphafold.ebi.ac.uk/entry/O95342
ABCB11	missense_variant	uncertain significance	1180718054	O95342	rs1180718054	D1092N	0.04		O95342	Bile salt export pump	Homo sapiens	Encontrado	https://alphafold.ebi.ac.uk/entry/O95342
ABCB11	missense_variant		1180815711						O95342	Bile salt export pump	Homo sapiens	Encontrado	https://alphafold.ebi.ac.uk/entry/O95342
ABCB11	missense_variant	benign, likely benign	118109635						O95342	Bile salt export pump	Homo sapiens	Encontrado	https://alphafold.ebi.ac.uk/entry/O95342
ABCB11	missense_variant		1181302767						O95342	Bile salt export pump	Homo sapiens	Encontrado	https://alphafold.ebi.ac.uk/entry/O95342
ABCB11	missense_variant		1182247182						O95342	Bile salt export pump	Homo sapiens	Encontrado	https://alphafold.ebi.ac.uk/entry/O95342
ABCB11	missense_variant		1182925965	O95342	rs1182925965	D1143N	0.037		O95342	Bile salt export pump	Homo sapiens	Encontrado	https://alphafold.ebi.ac.uk/entry/O95342
ABCB11	missense_variant		1182925965	O95342	rs1182925965	D1143N	0.25		O95342	Bile salt export pump	Homo sapiens	Encontrado	https://alphafold.ebi.ac.uk/entry/O95342
ABCB11	missense_variant		1182925965	O95342	rs1182925965	D1143N	0.039		O95342	Bile salt export pump	Homo sapiens	Encontrado	https://alphafold.ebi.ac.uk/entry/O95342
ABCB11	missense_variant		1182925965	O95342	rs1182925965	D1143N	0.08		O95342	Bile salt export pump	Homo sapiens	Encontrado	https://alphafold.ebi.ac.uk/entry/O95342
ABCB11	missense_variant		1185733805						O95342	Bile salt export pump	Homo sapiens	Encontrado	https://alphafold.ebi.ac.uk/entry/O95342
ABCB11	missense_variant		1186391663						O95342	Bile salt export pump	Homo sapiens	Encontrado	https://alphafold.ebi.ac.uk/entry/O95342
ABCB11	missense_variant		1187136109						O95342	Bile salt export pump	Homo sapiens	Encontrado	https://alphafold.ebi.ac.uk/entry/O95342
ABCB11	missense_variant	uncertain significance	1187818271	O95342	rs1187818271	S560N	1.0		O95342	Bile salt export pump	Homo sapiens	Encontrado	https://alphafold.ebi.ac.uk/entry/O95342
ABCB11	missense_variant	uncertain significance	1187818271	O95342	rs1187818271	S560N	0.0		O95342	Bile salt export pump	Homo sapiens	Encontrado	https://alphafold.ebi.ac.uk/entry/O95342
ABCB11	missense_variant		1188568905						O95342	Bile salt export pump	Homo sapiens	Encontrado	https://alphafold.ebi.ac.uk/entry/O95342
ABCB11	missense_variant		1188648865						O95342	Bile salt export pump	Homo sapiens	Encontrado	https://alphafold.ebi.ac.uk/entry/O95342
ABCB11	missense_variant		1189220556						O95342	Bile salt export pump	Homo sapiens	Encontrado	https://alphafold.ebi.ac.uk/entry/O95342
ABCB11	missense_variant		1189254206						O95342	Bile salt export pump	Homo sapiens	Encontrado	https://alphafold.ebi.ac.uk/entry/O95342
ABCB11	missense_variant		1190787525						O95342	Bile salt export pump	Homo sapiens	Encontrado	https://alphafold.ebi.ac.uk/entry/O95342
ABCB11	missense_variant		1191384857						O95342	Bile salt export pump	Homo sapiens	Encontrado	https://alphafold.ebi.ac.uk/entry/O95342
ABCB11	missense_variant		1191428346						O95342	Bile salt export pump	Homo sapiens	Encontrado	https://alphafold.ebi.ac.uk/entry/O95342
ABCB11	missense_variant		1192578960	O95342	rs1192578960	F324L	0.014		O95342	Bile salt export pump	Homo sapiens	Encontrado	https://alphafold.ebi.ac.uk/entry/O95342
ABCB11	missense_variant		1192578960	O95342	rs1192578960	F324L	0.77		O95342	Bile salt export pump	Homo sapiens	Encontrado	https://alphafold.ebi.ac.uk/entry/O95342
ABCB11	missense_variant		1192578960	O95342	rs1192578960	F324L	0.015		O95342	Bile salt export pump	Homo sapiens	Encontrado	https://alphafold.ebi.ac.uk/entry/O95342
ABCB11	missense_variant		1192578960	O95342	rs1192578960	F324L	0.35		O95342	Bile salt export pump	Homo sapiens	Encontrado	https://alphafold.ebi.ac.uk/entry/O95342
ABCB11	missense_variant		1192934631	O95342	rs1192934631	I171T	0.033		O95342	Bile salt export pump	Homo sapiens	Encontrado	https://alphafold.ebi.ac.uk/entry/O95342
ABCB11	missense_variant		1192934631	O95342	rs1192934631	I171T	0.83		O95342	Bile salt export pump	Homo sapiens	Encontrado	https://alphafold.ebi.ac.uk/entry/O95342
ABCB11	missense_variant		1192934631	O95342	rs1192934631	I171T	0.035		O95342	Bile salt export pump	Homo sapiens	Encontrado	https://alphafold.ebi.ac.uk/entry/O95342
ABCB11	missense_variant		1192934631	O95342	rs1192934631	I171T	0.18		O95342	Bile salt export pump	Homo sapiens	Encontrado	https://alphafold.ebi.ac.uk/entry/O95342
ABCB11	missense_variant		1194728251						O95342	Bile salt export pump	Homo sapiens	Encontrado	https://alphafold.ebi.ac.uk/entry/O95342
ABCB11	missense_variant		1195957075						O95342	Bile salt export pump	Homo sapiens	Encontrado	https://alphafold.ebi.ac.uk/entry/O95342
ABCB11	missense_variant		1196596831						O95342	Bile salt export pump	Homo sapiens	Encontrado	https://alphafold.ebi.ac.uk/entry/O95342
ABCB11	missense_variant		1198057132						O95342	Bile salt export pump	Homo sapiens	Encontrado	https://alphafold.ebi.ac.uk/entry/O95342
ABCB11	missense_variant	uncertain significance	1200127913						O95342	Bile salt export pump	Homo sapiens	Encontrado	https://alphafold.ebi.ac.uk/entry/O95342
ABCB11	missense_variant		1200898580						O95342	Bile salt export pump	Homo sapiens	Encontrado	https://alphafold.ebi.ac.uk/entry/O95342
ABCB11	missense_variant		1202648480						O95342	Bile salt export pump	Homo sapiens	Encontrado	https://alphafold.ebi.ac.uk/entry/O95342
ABCB11	missense_variant		1202797923						O95342	Bile salt export pump	Homo sapiens	Encontrado	https://alphafold.ebi.ac.uk/entry/O95342
ABCB11	missense_variant		1203107162						O95342	Bile salt export pump	Homo sapiens	Encontrado	https://alphafold.ebi.ac.uk/entry/O95342
ABCB11	missense_variant	uncertain significance	1205653279	O95342	rs1205653279	V279M	0.021		O95342	Bile salt export pump	Homo sapiens	Encontrado	https://alphafold.ebi.ac.uk/entry/O95342
ABCB11	missense_variant	uncertain significance	1205653279	O95342	rs1205653279	V279M	0.0		O95342	Bile salt export pump	Homo sapiens	Encontrado	https://alphafold.ebi.ac.uk/entry/O95342
ABCB11	missense_variant		1206614872						O95342	Bile salt export pump	Homo sapiens	Encontrado	https://alphafold.ebi.ac.uk/entry/O95342
ABCB11	missense_variant		1206670366						O95342	Bile salt export pump	Homo sapiens	Encontrado	https://alphafold.ebi.ac.uk/entry/O95342
ABCB11	missense_variant		1206810848						O95342	Bile salt export pump	Homo sapiens	Encontrado	https://alphafold.ebi.ac.uk/entry/O95342
ABCB11	missense_variant		1207410969						O95342	Bile salt export pump	Homo sapiens	Encontrado	https://alphafold.ebi.ac.uk/entry/O95342
ABCB11	missense_variant		1207644034						O95342	Bile salt export pump	Homo sapiens	Encontrado	https://alphafold.ebi.ac.uk/entry/O95342
ABCB11	missense_variant	uncertain significance	1208988638	O95342	rs1208988638	W846C	0.996		O95342	Bile salt export pump	Homo sapiens	Encontrado	https://alphafold.ebi.ac.uk/entry/O95342
ABCB11	missense_variant	uncertain significance	1208988638	O95342	rs1208988638	W846C	0.0		O95342	Bile salt export pump	Homo sapiens	Encontrado	https://alphafold.ebi.ac.uk/entry/O95342
ABCB11	missense_variant		1211558750						O95342	Bile salt export pump	Homo sapiens	Encontrado	https://alphafold.ebi.ac.uk/entry/O95342
ABCB11	missense_variant		1214802366						O95342	Bile salt export pump	Homo sapiens	Encontrado	https://alphafold.ebi.ac.uk/entry/O95342
ABCB11	missense_variant		1216225568						O95342	Bile salt export pump	Homo sapiens	Encontrado	https://alphafold.ebi.ac.uk/entry/O95342
ABCB11	missense_variant		1216401464						O95342	Bile salt export pump	Homo sapiens	Encontrado	https://alphafold.ebi.ac.uk/entry/O95342
ABCB11	missense_variant		1218136853						O95342	Bile salt export pump	Homo sapiens	Encontrado	https://alphafold.ebi.ac.uk/entry/O95342
ABCB11	missense_variant		1218245894						O95342	Bile salt export pump	Homo sapiens	Encontrado	https://alphafold.ebi.ac.uk/entry/O95342
ABCB11	missense_variant	likely pathogenic, pathogenic	121908935						O95342	Bile salt export pump	Homo sapiens	Encontrado	https://alphafold.ebi.ac.uk/entry/O95342
ABCB11	missense_variant		1222655660						O95342	Bile salt export pump	Homo sapiens	Encontrado	https://alphafold.ebi.ac.uk/entry/O95342
ABCB11	missense_variant		1222724474						O95342	Bile salt export pump	Homo sapiens	Encontrado	https://alphafold.ebi.ac.uk/entry/O95342
ABCB11	missense_variant		1225457486						O95342	Bile salt export pump	Homo sapiens	Encontrado	https://alphafold.ebi.ac.uk/entry/O95342
ABCB11	missense_variant		1226183141						O95342	Bile salt export pump	Homo sapiens	Encontrado	https://alphafold.ebi.ac.uk/entry/O95342
ABCB11	missense_variant		1226299191						O95342	Bile salt export pump	Homo sapiens	Encontrado	https://alphafold.ebi.ac.uk/entry/O95342
ABCB11	missense_variant		1228182306						O95342	Bile salt export pump	Homo sapiens	Encontrado	https://alphafold.ebi.ac.uk/entry/O95342
ABCB11	missense_variant	uncertain significance	1229780729						O95342	Bile salt export pump	Homo sapiens	Encontrado	https://alphafold.ebi.ac.uk/entry/O95342
ABCB11	missense_variant		1229798093						O95342	Bile salt export pump	Homo sapiens	Encontrado	https://alphafold.ebi.ac.uk/entry/O95342
ABCB11	missense_variant		1234794803						O95342	Bile salt export pump	Homo sapiens	Encontrado	https://alphafold.ebi.ac.uk/entry/O95342
ABCB11	missense_variant	uncertain significance	1235000659	O95342	rs1235000659	Y1002C	0.983		O95342	Bile salt export pump	Homo sapiens	Encontrado	https://alphafold.ebi.ac.uk/entry/O95342
ABCB11	missense_variant	uncertain significance	1235000659	O95342	rs1235000659	Y1002C	0.0		O95342	Bile salt export pump	Homo sapiens	Encontrado	https://alphafold.ebi.ac.uk/entry/O95342
ABCB11	missense_variant		1236007920						O95342	Bile salt export pump	Homo sapiens	Encontrado	https://alphafold.ebi.ac.uk/entry/O95342
ABCB11	missense_variant		1238233924						O95342	Bile salt export pump	Homo sapiens	Encontrado	https://alphafold.ebi.ac.uk/entry/O95342
ABCB11	missense_variant		1238504599						O95342	Bile salt export pump	Homo sapiens	Encontrado	https://alphafold.ebi.ac.uk/entry/O95342
ABCB11	missense_variant		1239937610						O95342	Bile salt export pump	Homo sapiens	Encontrado	https://alphafold.ebi.ac.uk/entry/O95342
ABCB11	missense_variant		1240961419						O95342	Bile salt export pump	Homo sapiens	Encontrado	https://alphafold.ebi.ac.uk/entry/O95342
ABCB11	missense_variant		1242234374						O95342	Bile salt export pump	Homo sapiens	Encontrado	https://alphafold.ebi.ac.uk/entry/O95342
ABCB11	missense_variant	uncertain significance	1243148431	O95342	rs1243148431	V613I	0.009		O95342	Bile salt export pump	Homo sapiens	Encontrado	https://alphafold.ebi.ac.uk/entry/O95342
ABCB11	missense_variant	uncertain significance	1243148431	O95342	rs1243148431	V613I	1.0		O95342	Bile salt export pump	Homo sapiens	Encontrado	https://alphafold.ebi.ac.uk/entry/O95342
ABCB11	missense_variant		1243326116						O95342	Bile salt export pump	Homo sapiens	Encontrado	https://alphafold.ebi.ac.uk/entry/O95342
ABCB11	missense_variant		1245308323						O95342	Bile salt export pump	Homo sapiens	Encontrado	https://alphafold.ebi.ac.uk/entry/O95342
ABCB11	missense_variant		1245634799						O95342	Bile salt export pump	Homo sapiens	Encontrado	https://alphafold.ebi.ac.uk/entry/O95342
ABCB11	missense_variant		1245963202	O95342	rs1245963202	F774I	0.005		O95342	Bile salt export pump	Homo sapiens	Encontrado	https://alphafold.ebi.ac.uk/entry/O95342
ABCB11	missense_variant		1245963202	O95342	rs1245963202	F774I	1.0		O95342	Bile salt export pump	Homo sapiens	Encontrado	https://alphafold.ebi.ac.uk/entry/O95342
ABCB11	missense_variant		1245963202	O95342	rs1245963202	F774I	0.005		O95342	Bile salt export pump	Homo sapiens	Encontrado	https://alphafold.ebi.ac.uk/entry/O95342
ABCB11	missense_variant		1245963202	O95342	rs1245963202	F774I	0.04		O95342	Bile salt export pump	Homo sapiens	Encontrado	https://alphafold.ebi.ac.uk/entry/O95342
ABCB11	missense_variant		1246310971						O95342	Bile salt export pump	Homo sapiens	Encontrado	https://alphafold.ebi.ac.uk/entry/O95342
ABCB11	missense_variant	uncertain significance	1250716432						O95342	Bile salt export pump	Homo sapiens	Encontrado	https://alphafold.ebi.ac.uk/entry/O95342
ABCB11	missense_variant	likely pathogenic	1252769722						O95342	Bile salt export pump	Homo sapiens	Encontrado	https://alphafold.ebi.ac.uk/entry/O95342
ABCB11	missense_variant	uncertain significance	1253763035	O95342	rs1253763035	G278E	1.0		O95342	Bile salt export pump	Homo sapiens	Encontrado	https://alphafold.ebi.ac.uk/entry/O95342
ABCB11	missense_variant	uncertain significance	1253763035	O95342	rs1253763035	G278E	0.0		O95342	Bile salt export pump	Homo sapiens	Encontrado	https://alphafold.ebi.ac.uk/entry/O95342
ABCB11	missense_variant		1254033843						O95342	Bile salt export pump	Homo sapiens	Encontrado	https://alphafold.ebi.ac.uk/entry/O95342
ABCB11	missense_variant		1254413989						O95342	Bile salt export pump	Homo sapiens	Encontrado	https://alphafold.ebi.ac.uk/entry/O95342
ABCB11	missense_variant		1255186631						O95342	Bile salt export pump	Homo sapiens	Encontrado	https://alphafold.ebi.ac.uk/entry/O95342
ABCB11	missense_variant		1255901958						O95342	Bile salt export pump	Homo sapiens	Encontrado	https://alphafold.ebi.ac.uk/entry/O95342
ABCB11	missense_variant		1256369188						O95342	Bile salt export pump	Homo sapiens	Encontrado	https://alphafold.ebi.ac.uk/entry/O95342
ABCB11	missense_variant	uncertain significance	1258387740	O95342	rs1258387740	M86K	0.758		O95342	Bile salt export pump	Homo sapiens	Encontrado	https://alphafold.ebi.ac.uk/entry/O95342
ABCB11	missense_variant	uncertain significance	1258387740	O95342	rs1258387740	M86K	0.0		O95342	Bile salt export pump	Homo sapiens	Encontrado	https://alphafold.ebi.ac.uk/entry/O95342
ABCB11	missense_variant	uncertain significance	1258787148	O95342	rs1258787148	A212V	0.942		O95342	Bile salt export pump	Homo sapiens	Encontrado	https://alphafold.ebi.ac.uk/entry/O95342
ABCB11	missense_variant	uncertain significance	1258787148	O95342	rs1258787148	A212V	0.0		O95342	Bile salt export pump	Homo sapiens	Encontrado	https://alphafold.ebi.ac.uk/entry/O95342
ABCB11	missense_variant	likely benign	1259342035						O95342	Bile salt export pump	Homo sapiens	Encontrado	https://alphafold.ebi.ac.uk/entry/O95342
ABCB11	missense_variant		1261840691						O95342	Bile salt export pump	Homo sapiens	Encontrado	https://alphafold.ebi.ac.uk/entry/O95342
ABCB11	missense_variant		1264542081						O95342	Bile salt export pump	Homo sapiens	Encontrado	https://alphafold.ebi.ac.uk/entry/O95342
ABCB11	missense_variant	uncertain significance	1264774305						O95342	Bile salt export pump	Homo sapiens	Encontrado	https://alphafold.ebi.ac.uk/entry/O95342
ABCB11	missense_variant		1265851804	O95342	rs1265851804	P250R	1.0		O95342	Bile salt export pump	Homo sapiens	Encontrado	https://alphafold.ebi.ac.uk/entry/O95342
ABCB11	missense_variant		1265851804	O95342	rs1265851804	P250R	0.0		O95342	Bile salt export pump	Homo sapiens	Encontrado	https://alphafold.ebi.ac.uk/entry/O95342
ABCB11	missense_variant		1265851804	O95342	rs1265851804	P250R	1.0		O95342	Bile salt export pump	Homo sapiens	Encontrado	https://alphafold.ebi.ac.uk/entry/O95342
ABCB11	missense_variant		1265851804	O95342	rs1265851804	P250R	0.0		O95342	Bile salt export pump	Homo sapiens	Encontrado	https://alphafold.ebi.ac.uk/entry/O95342
ABCB11	missense_variant		1266800544						O95342	Bile salt export pump	Homo sapiens	Encontrado	https://alphafold.ebi.ac.uk/entry/O95342
ABCB11	missense_variant	uncertain significance	1267480886						O95342	Bile salt export pump	Homo sapiens	Encontrado	https://alphafold.ebi.ac.uk/entry/O95342
ABCB11	missense_variant		1269095828						O95342	Bile salt export pump	Homo sapiens	Encontrado	https://alphafold.ebi.ac.uk/entry/O95342
ABCB11	missense_variant		1271662112						O95342	Bile salt export pump	Homo sapiens	Encontrado	https://alphafold.ebi.ac.uk/entry/O95342
ABCB11	missense_variant		1272650032	O95342	rs1272650032	G65E	1.0		O95342	Bile salt export pump	Homo sapiens	Encontrado	https://alphafold.ebi.ac.uk/entry/O95342
ABCB11	missense_variant		1272650032	O95342	rs1272650032	G65E	0.0		O95342	Bile salt export pump	Homo sapiens	Encontrado	https://alphafold.ebi.ac.uk/entry/O95342
ABCB11	missense_variant		1272650032	O95342	rs1272650032	G65E	1.0		O95342	Bile salt export pump	Homo sapiens	Encontrado	https://alphafold.ebi.ac.uk/entry/O95342
ABCB11	missense_variant		1272650032	O95342	rs1272650032	G65E	0.0		O95342	Bile salt export pump	Homo sapiens	Encontrado	https://alphafold.ebi.ac.uk/entry/O95342
ABCB11	missense_variant	pathogenic	1274558905						O95342	Bile salt export pump	Homo sapiens	Encontrado	https://alphafold.ebi.ac.uk/entry/O95342
ABCB11	missense_variant		1275365082						O95342	Bile salt export pump	Homo sapiens	Encontrado	https://alphafold.ebi.ac.uk/entry/O95342
ABCB11	missense_variant		1275736938						O95342	Bile salt export pump	Homo sapiens	Encontrado	https://alphafold.ebi.ac.uk/entry/O95342
ABCB11	missense_variant		1278645205						O95342	Bile salt export pump	Homo sapiens	Encontrado	https://alphafold.ebi.ac.uk/entry/O95342
ABCB11	missense_variant	likely benign	1279160937						O95342	Bile salt export pump	Homo sapiens	Encontrado	https://alphafold.ebi.ac.uk/entry/O95342
ABCB11	missense_variant		1279918927						O95342	Bile salt export pump	Homo sapiens	Encontrado	https://alphafold.ebi.ac.uk/entry/O95342
ABCB11	missense_variant		1279936025						O95342	Bile salt export pump	Homo sapiens	Encontrado	https://alphafold.ebi.ac.uk/entry/O95342
ABCB11	missense_variant		1280723181						O95342	Bile salt export pump	Homo sapiens	Encontrado	https://alphafold.ebi.ac.uk/entry/O95342
ABCB11	missense_variant		1281152956						O95342	Bile salt export pump	Homo sapiens	Encontrado	https://alphafold.ebi.ac.uk/entry/O95342
ABCB11	missense_variant		1283504049						O95342	Bile salt export pump	Homo sapiens	Encontrado	https://alphafold.ebi.ac.uk/entry/O95342
ABCB11	missense_variant		1284028774						O95342	Bile salt export pump	Homo sapiens	Encontrado	https://alphafold.ebi.ac.uk/entry/O95342
ABCB11	missense_variant		1284932204						O95342	Bile salt export pump	Homo sapiens	Encontrado	https://alphafold.ebi.ac.uk/entry/O95342
ABCB11	missense_variant		1285883256						O95342	Bile salt export pump	Homo sapiens	Encontrado	https://alphafold.ebi.ac.uk/entry/O95342
ABCB11	missense_variant		1288008891						O95342	Bile salt export pump	Homo sapiens	Encontrado	https://alphafold.ebi.ac.uk/entry/O95342
ABCB11	missense_variant		1288215975						O95342	Bile salt export pump	Homo sapiens	Encontrado	https://alphafold.ebi.ac.uk/entry/O95342
ABCB11	missense_variant	uncertain significance	1288517834	O95342	rs1288517834	E135A	0.92		O95342	Bile salt export pump	Homo sapiens	Encontrado	https://alphafold.ebi.ac.uk/entry/O95342
ABCB11	missense_variant	uncertain significance	1288517834	O95342	rs1288517834	E135A	0.01		O95342	Bile salt export pump	Homo sapiens	Encontrado	https://alphafold.ebi.ac.uk/entry/O95342
ABCB11	missense_variant	likely benign	1289740265	O95342	rs1289740265	I445F	0.039		O95342	Bile salt export pump	Homo sapiens	Encontrado	https://alphafold.ebi.ac.uk/entry/O95342
ABCB11	missense_variant	likely benign	1289740265	O95342	rs1289740265	I445F	0.0		O95342	Bile salt export pump	Homo sapiens	Encontrado	https://alphafold.ebi.ac.uk/entry/O95342
ABCB11	missense_variant		1291610534						O95342	Bile salt export pump	Homo sapiens	Encontrado	https://alphafold.ebi.ac.uk/entry/O95342
ABCB11	missense_variant	uncertain significance	1293381473						O95342	Bile salt export pump	Homo sapiens	Encontrado	https://alphafold.ebi.ac.uk/entry/O95342
ABCB11	missense_variant		1294189929						O95342	Bile salt export pump	Homo sapiens	Encontrado	https://alphafold.ebi.ac.uk/entry/O95342
ABCB11	missense_variant		1294702136						O95342	Bile salt export pump	Homo sapiens	Encontrado	https://alphafold.ebi.ac.uk/entry/O95342
ABCB11	missense_variant	uncertain significance	1295206443						O95342	Bile salt export pump	Homo sapiens	Encontrado	https://alphafold.ebi.ac.uk/entry/O95342
ABCB11	missense_variant		1295449927						O95342	Bile salt export pump	Homo sapiens	Encontrado	https://alphafold.ebi.ac.uk/entry/O95342
ABCB11	missense_variant		1296417587						O95342	Bile salt export pump	Homo sapiens	Encontrado	https://alphafold.ebi.ac.uk/entry/O95342
ABCB11	missense_variant		1299355044						O95342	Bile salt export pump	Homo sapiens	Encontrado	https://alphafold.ebi.ac.uk/entry/O95342
ABCB11	missense_variant		1299402860						O95342	Bile salt export pump	Homo sapiens	Encontrado	https://alphafold.ebi.ac.uk/entry/O95342
ABCB11	missense_variant		1299745800	O95342	rs1299745800	G255E	0.988		O95342	Bile salt export pump	Homo sapiens	Encontrado	https://alphafold.ebi.ac.uk/entry/O95342
ABCB11	missense_variant		1299745800	O95342	rs1299745800	G255E	0.01		O95342	Bile salt export pump	Homo sapiens	Encontrado	https://alphafold.ebi.ac.uk/entry/O95342
ABCB11	missense_variant		1299745800	O95342	rs1299745800	G255E	0.988		O95342	Bile salt export pump	Homo sapiens	Encontrado	https://alphafold.ebi.ac.uk/entry/O95342
ABCB11	missense_variant		1299745800	O95342	rs1299745800	G255E	0.0		O95342	Bile salt export pump	Homo sapiens	Encontrado	https://alphafold.ebi.ac.uk/entry/O95342
ABCB11	missense_variant		1301004247						O95342	Bile salt export pump	Homo sapiens	Encontrado	https://alphafold.ebi.ac.uk/entry/O95342
ABCB11	missense_variant		1302098563						O95342	Bile salt export pump	Homo sapiens	Encontrado	https://alphafold.ebi.ac.uk/entry/O95342
ABCB11	missense_variant		1303449348						O95342	Bile salt export pump	Homo sapiens	Encontrado	https://alphafold.ebi.ac.uk/entry/O95342
ABCB11	missense_variant		1304630863						O95342	Bile salt export pump	Homo sapiens	Encontrado	https://alphafold.ebi.ac.uk/entry/O95342
ABCB11	missense_variant	uncertain significance	1306338605						O95342	Bile salt export pump	Homo sapiens	Encontrado	https://alphafold.ebi.ac.uk/entry/O95342
ABCB11	missense_variant		1306441373						O95342	Bile salt export pump	Homo sapiens	Encontrado	https://alphafold.ebi.ac.uk/entry/O95342
ABCB11	missense_variant		1307329774						O95342	Bile salt export pump	Homo sapiens	Encontrado	https://alphafold.ebi.ac.uk/entry/O95342
ABCB11	missense_variant		1308173616						O95342	Bile salt export pump	Homo sapiens	Encontrado	https://alphafold.ebi.ac.uk/entry/O95342
ABCB11	missense_variant		1308282428						O95342	Bile salt export pump	Homo sapiens	Encontrado	https://alphafold.ebi.ac.uk/entry/O95342
ABCB11	missense_variant		1308491338						O95342	Bile salt export pump	Homo sapiens	Encontrado	https://alphafold.ebi.ac.uk/entry/O95342
ABCB11	missense_variant		1308990340						O95342	Bile salt export pump	Homo sapiens	Encontrado	https://alphafold.ebi.ac.uk/entry/O95342
ABCB11	missense_variant		1309126419						O95342	Bile salt export pump	Homo sapiens	Encontrado	https://alphafold.ebi.ac.uk/entry/O95342
ABCB11	missense_variant		1309399283						O95342	Bile salt export pump	Homo sapiens	Encontrado	https://alphafold.ebi.ac.uk/entry/O95342
ABCB11	missense_variant		1310194729						O95342	Bile salt export pump	Homo sapiens	Encontrado	https://alphafold.ebi.ac.uk/entry/O95342
ABCB11	missense_variant		1310645665						O95342	Bile salt export pump	Homo sapiens	Encontrado	https://alphafold.ebi.ac.uk/entry/O95342
ABCB11	missense_variant		1312378697						O95342	Bile salt export pump	Homo sapiens	Encontrado	https://alphafold.ebi.ac.uk/entry/O95342
ABCB11	missense_variant		1312537926						O95342	Bile salt export pump	Homo sapiens	Encontrado	https://alphafold.ebi.ac.uk/entry/O95342
ABCB11	missense_variant		1312669996						O95342	Bile salt export pump	Homo sapiens	Encontrado	https://alphafold.ebi.ac.uk/entry/O95342
ABCB11	missense_variant		1313329342						O95342	Bile salt export pump	Homo sapiens	Encontrado	https://alphafold.ebi.ac.uk/entry/O95342
ABCB11	missense_variant		1315192598						O95342	Bile salt export pump	Homo sapiens	Encontrado	https://alphafold.ebi.ac.uk/entry/O95342
ABCB11	missense_variant		1315294043						O95342	Bile salt export pump	Homo sapiens	Encontrado	https://alphafold.ebi.ac.uk/entry/O95342
ABCB11	missense_variant	likely benign	1318564461						O95342	Bile salt export pump	Homo sapiens	Encontrado	https://alphafold.ebi.ac.uk/entry/O95342
ABCB11	missense_variant		1320854630						O95342	Bile salt export pump	Homo sapiens	Encontrado	https://alphafold.ebi.ac.uk/entry/O95342
ABCB11	missense_variant	uncertain significance	1321213158						O95342	Bile salt export pump	Homo sapiens	Encontrado	https://alphafold.ebi.ac.uk/entry/O95342
ABCB11	missense_variant		1321469497						O95342	Bile salt export pump	Homo sapiens	Encontrado	https://alphafold.ebi.ac.uk/entry/O95342
ABCB11	missense_variant	likely benign	1322694715						O95342	Bile salt export pump	Homo sapiens	Encontrado	https://alphafold.ebi.ac.uk/entry/O95342
ABCB11	missense_variant		1322771504						O95342	Bile salt export pump	Homo sapiens	Encontrado	https://alphafold.ebi.ac.uk/entry/O95342
ABCB11	missense_variant		1324305848						O95342	Bile salt export pump	Homo sapiens	Encontrado	https://alphafold.ebi.ac.uk/entry/O95342
ABCB11	missense_variant		1324562575	O95342	rs1324562575	G253V	0.997		O95342	Bile salt export pump	Homo sapiens	Encontrado	https://alphafold.ebi.ac.uk/entry/O95342
ABCB11	missense_variant		1324562575	O95342	rs1324562575	G253V	0.14		O95342	Bile salt export pump	Homo sapiens	Encontrado	https://alphafold.ebi.ac.uk/entry/O95342
ABCB11	missense_variant		1324562575	O95342	rs1324562575	G253V	0.997		O95342	Bile salt export pump	Homo sapiens	Encontrado	https://alphafold.ebi.ac.uk/entry/O95342
ABCB11	missense_variant		1324562575	O95342	rs1324562575	G253V	0.0		O95342	Bile salt export pump	Homo sapiens	Encontrado	https://alphafold.ebi.ac.uk/entry/O95342
ABCB11	missense_variant		1325159302						O95342	Bile salt export pump	Homo sapiens	Encontrado	https://alphafold.ebi.ac.uk/entry/O95342
ABCB11	missense_variant	uncertain significance	1326325046						O95342	Bile salt export pump	Homo sapiens	Encontrado	https://alphafold.ebi.ac.uk/entry/O95342
ABCB11	missense_variant		1326498523						O95342	Bile salt export pump	Homo sapiens	Encontrado	https://alphafold.ebi.ac.uk/entry/O95342
ABCB11	missense_variant		1326761610						O95342	Bile salt export pump	Homo sapiens	Encontrado	https://alphafold.ebi.ac.uk/entry/O95342
ABCB11	missense_variant	likely pathogenic	1326800279	O95342	rs1326800279	E666K	0.001		O95342	Bile salt export pump	Homo sapiens	Encontrado	https://alphafold.ebi.ac.uk/entry/O95342
ABCB11	missense_variant	likely pathogenic	1326800279	O95342	rs1326800279	E666K	0.11		O95342	Bile salt export pump	Homo sapiens	Encontrado	https://alphafold.ebi.ac.uk/entry/O95342
ABCB11	missense_variant	likely pathogenic	1326800279	O95342	rs1326800279	E666K	0.001		O95342	Bile salt export pump	Homo sapiens	Encontrado	https://alphafold.ebi.ac.uk/entry/O95342
ABCB11	missense_variant	likely pathogenic	1326800279	O95342	rs1326800279	E666K	0.11		O95342	Bile salt export pump	Homo sapiens	Encontrado	https://alphafold.ebi.ac.uk/entry/O95342
ABCB11	missense_variant		1330086321						O95342	Bile salt export pump	Homo sapiens	Encontrado	https://alphafold.ebi.ac.uk/entry/O95342
ABCB11	missense_variant		1330764212						O95342	Bile salt export pump	Homo sapiens	Encontrado	https://alphafold.ebi.ac.uk/entry/O95342
ABCB11	missense_variant		1331120015						O95342	Bile salt export pump	Homo sapiens	Encontrado	https://alphafold.ebi.ac.uk/entry/O95342
ABCB11	missense_variant		1332864334						O95342	Bile salt export pump	Homo sapiens	Encontrado	https://alphafold.ebi.ac.uk/entry/O95342
ABCB11	missense_variant		1334037275						O95342	Bile salt export pump	Homo sapiens	Encontrado	https://alphafold.ebi.ac.uk/entry/O95342
ABCB11	missense_variant	uncertain significance	1334068953	O95342	rs1334068953	Y145C	0.999		O95342	Bile salt export pump	Homo sapiens	Encontrado	https://alphafold.ebi.ac.uk/entry/O95342
ABCB11	missense_variant	uncertain significance	1334068953	O95342	rs1334068953	Y145C	0.0		O95342	Bile salt export pump	Homo sapiens	Encontrado	https://alphafold.ebi.ac.uk/entry/O95342
ABCB11	missense_variant		1336006933						O95342	Bile salt export pump	Homo sapiens	Encontrado	https://alphafold.ebi.ac.uk/entry/O95342
ABCB11	missense_variant		1336943297						O95342	Bile salt export pump	Homo sapiens	Encontrado	https://alphafold.ebi.ac.uk/entry/O95342
ABCB11	missense_variant		1336948664						O95342	Bile salt export pump	Homo sapiens	Encontrado	https://alphafold.ebi.ac.uk/entry/O95342
ABCB11	missense_variant	uncertain significance	1339313529	O95342	rs1339313529	K1077E	0.0		O95342	Bile salt export pump	Homo sapiens	Encontrado	https://alphafold.ebi.ac.uk/entry/O95342
ABCB11	missense_variant	uncertain significance	1339313529	O95342	rs1339313529	K1077E	0.37		O95342	Bile salt export pump	Homo sapiens	Encontrado	https://alphafold.ebi.ac.uk/entry/O95342
ABCB11	missense_variant		1339550430						O95342	Bile salt export pump	Homo sapiens	Encontrado	https://alphafold.ebi.ac.uk/entry/O95342
ABCB11	missense_variant		1339854282						O95342	Bile salt export pump	Homo sapiens	Encontrado	https://alphafold.ebi.ac.uk/entry/O95342
ABCB11	missense_variant		1343372382						O95342	Bile salt export pump	Homo sapiens	Encontrado	https://alphafold.ebi.ac.uk/entry/O95342
ABCB11	missense_variant		1346179683						O95342	Bile salt export pump	Homo sapiens	Encontrado	https://alphafold.ebi.ac.uk/entry/O95342
ABCB11	missense_variant		1347160944						O95342	Bile salt export pump	Homo sapiens	Encontrado	https://alphafold.ebi.ac.uk/entry/O95342
ABCB11	missense_variant		1347767897						O95342	Bile salt export pump	Homo sapiens	Encontrado	https://alphafold.ebi.ac.uk/entry/O95342
ABCB11	missense_variant		1347955233						O95342	Bile salt export pump	Homo sapiens	Encontrado	https://alphafold.ebi.ac.uk/entry/O95342
ABCB11	missense_variant		1348646270						O95342	Bile salt export pump	Homo sapiens	Encontrado	https://alphafold.ebi.ac.uk/entry/O95342
ABCB11	missense_variant		1349196154						O95342	Bile salt export pump	Homo sapiens	Encontrado	https://alphafold.ebi.ac.uk/entry/O95342
ABCB11	missense_variant		1350485320	O95342	rs1350485320	Q216K	0.487		O95342	Bile salt export pump	Homo sapiens	Encontrado	https://alphafold.ebi.ac.uk/entry/O95342
ABCB11	missense_variant		1350485320	O95342	rs1350485320	Q216K	1.0		O95342	Bile salt export pump	Homo sapiens	Encontrado	https://alphafold.ebi.ac.uk/entry/O95342
ABCB11	missense_variant		1350485320	O95342	rs1350485320	Q216K	0.498		O95342	Bile salt export pump	Homo sapiens	Encontrado	https://alphafold.ebi.ac.uk/entry/O95342
ABCB11	missense_variant		1350485320	O95342	rs1350485320	Q216K	0.0		O95342	Bile salt export pump	Homo sapiens	Encontrado	https://alphafold.ebi.ac.uk/entry/O95342
ABCB11	missense_variant		1351139454						O95342	Bile salt export pump	Homo sapiens	Encontrado	https://alphafold.ebi.ac.uk/entry/O95342
ABCB11	missense_variant		1352533587						O95342	Bile salt export pump	Homo sapiens	Encontrado	https://alphafold.ebi.ac.uk/entry/O95342
ABCB11	missense_variant		1353544286						O95342	Bile salt export pump	Homo sapiens	Encontrado	https://alphafold.ebi.ac.uk/entry/O95342
ABCB11	missense_variant		1353545517						O95342	Bile salt export pump	Homo sapiens	Encontrado	https://alphafold.ebi.ac.uk/entry/O95342
ABCB11	missense_variant		1353977501						O95342	Bile salt export pump	Homo sapiens	Encontrado	https://alphafold.ebi.ac.uk/entry/O95342
ABCB11	missense_variant		1355450416						O95342	Bile salt export pump	Homo sapiens	Encontrado	https://alphafold.ebi.ac.uk/entry/O95342
ABCB11	missense_variant		1355823124						O95342	Bile salt export pump	Homo sapiens	Encontrado	https://alphafold.ebi.ac.uk/entry/O95342
ABCB11	missense_variant	likely benign, likely pathogenic	1356859208	O95342	rs1356859208	S1027R	0.997		O95342	Bile salt export pump	Homo sapiens	Encontrado	https://alphafold.ebi.ac.uk/entry/O95342
ABCB11	missense_variant	likely benign, likely pathogenic	1356859208	O95342	rs1356859208	S1027R	0.0		O95342	Bile salt export pump	Homo sapiens	Encontrado	https://alphafold.ebi.ac.uk/entry/O95342
ABCB11	missense_variant		1358017327						O95342	Bile salt export pump	Homo sapiens	Encontrado	https://alphafold.ebi.ac.uk/entry/O95342
ABCB11	missense_variant	uncertain significance	1358283631						O95342	Bile salt export pump	Homo sapiens	Encontrado	https://alphafold.ebi.ac.uk/entry/O95342
ABCB11	missense_variant		1358484306						O95342	Bile salt export pump	Homo sapiens	Encontrado	https://alphafold.ebi.ac.uk/entry/O95342
ABCB11	missense_variant		1359682296						O95342	Bile salt export pump	Homo sapiens	Encontrado	https://alphafold.ebi.ac.uk/entry/O95342
ABCB11	missense_variant	uncertain significance	1360234121	O95342	rs1360234121	Y144N	0.868		O95342	Bile salt export pump	Homo sapiens	Encontrado	https://alphafold.ebi.ac.uk/entry/O95342
ABCB11	missense_variant	uncertain significance	1360234121	O95342	rs1360234121	Y144N	0.0		O95342	Bile salt export pump	Homo sapiens	Encontrado	https://alphafold.ebi.ac.uk/entry/O95342
ABCB11	missense_variant		1360323692						O95342	Bile salt export pump	Homo sapiens	Encontrado	https://alphafold.ebi.ac.uk/entry/O95342
ABCB11	missense_variant		1360835646						O95342	Bile salt export pump	Homo sapiens	Encontrado	https://alphafold.ebi.ac.uk/entry/O95342
ABCB11	missense_variant	likely pathogenic	1361039889						O95342	Bile salt export pump	Homo sapiens	Encontrado	https://alphafold.ebi.ac.uk/entry/O95342
ABCB11	missense_variant		1361841503						O95342	Bile salt export pump	Homo sapiens	Encontrado	https://alphafold.ebi.ac.uk/entry/O95342
ABCB11	missense_variant		1361857449						O95342	Bile salt export pump	Homo sapiens	Encontrado	https://alphafold.ebi.ac.uk/entry/O95342
ABCB11	missense_variant		1362383000						O95342	Bile salt export pump	Homo sapiens	Encontrado	https://alphafold.ebi.ac.uk/entry/O95342
ABCB11	missense_variant		1362474671						O95342	Bile salt export pump	Homo sapiens	Encontrado	https://alphafold.ebi.ac.uk/entry/O95342
ABCB11	missense_variant	uncertain significance	1364382228	O95342	rs1364382228	G557S	0.178		O95342	Bile salt export pump	Homo sapiens	Encontrado	https://alphafold.ebi.ac.uk/entry/O95342
ABCB11	missense_variant	uncertain significance	1364382228	O95342	rs1364382228	G557S	0.39		O95342	Bile salt export pump	Homo sapiens	Encontrado	https://alphafold.ebi.ac.uk/entry/O95342
ABCB11	missense_variant		1365794035						O95342	Bile salt export pump	Homo sapiens	Encontrado	https://alphafold.ebi.ac.uk/entry/O95342
ABCB11	missense_variant	uncertain significance, pathogenic	1366346212	O95342	rs1366346212	D496V	0.082		O95342	Bile salt export pump	Homo sapiens	Encontrado	https://alphafold.ebi.ac.uk/entry/O95342
ABCB11	missense_variant	uncertain significance, pathogenic	1366346212	O95342	rs1366346212	D496V	0.0		O95342	Bile salt export pump	Homo sapiens	Encontrado	https://alphafold.ebi.ac.uk/entry/O95342
ABCB11	missense_variant	uncertain significance	1370587865	O95342	rs1370587865	F1080S	0.999		O95342	Bile salt export pump	Homo sapiens	Encontrado	https://alphafold.ebi.ac.uk/entry/O95342
ABCB11	missense_variant	uncertain significance	1370587865	O95342	rs1370587865	F1080S	0.0		O95342	Bile salt export pump	Homo sapiens	Encontrado	https://alphafold.ebi.ac.uk/entry/O95342
ABCB11	missense_variant	uncertain significance	1370587865	O95342	rs1370587865	F1080S	0.999		O95342	Bile salt export pump	Homo sapiens	Encontrado	https://alphafold.ebi.ac.uk/entry/O95342
ABCB11	missense_variant	uncertain significance	1370587865	O95342	rs1370587865	F1080S	0.0		O95342	Bile salt export pump	Homo sapiens	Encontrado	https://alphafold.ebi.ac.uk/entry/O95342
ABCB11	missense_variant		1370641207	O95342	rs1370641207	P1184S	0.012		O95342	Bile salt export pump	Homo sapiens	Encontrado	https://alphafold.ebi.ac.uk/entry/O95342
ABCB11	missense_variant		1370641207	O95342	rs1370641207	P1184S	1.0		O95342	Bile salt export pump	Homo sapiens	Encontrado	https://alphafold.ebi.ac.uk/entry/O95342
ABCB11	missense_variant		1370641207	O95342	rs1370641207	P1184S	0.012		O95342	Bile salt export pump	Homo sapiens	Encontrado	https://alphafold.ebi.ac.uk/entry/O95342
ABCB11	missense_variant		1370641207	O95342	rs1370641207	P1184S	1.0		O95342	Bile salt export pump	Homo sapiens	Encontrado	https://alphafold.ebi.ac.uk/entry/O95342
ABCB11	missense_variant	uncertain significance	1370701870	O95342	rs1370701870	A382G	0.416		O95342	Bile salt export pump	Homo sapiens	Encontrado	https://alphafold.ebi.ac.uk/entry/O95342
ABCB11	missense_variant	uncertain significance	1370701870	O95342	rs1370701870	A382G	0.0		O95342	Bile salt export pump	Homo sapiens	Encontrado	https://alphafold.ebi.ac.uk/entry/O95342
ABCB11	missense_variant		1371562278						O95342	Bile salt export pump	Homo sapiens	Encontrado	https://alphafold.ebi.ac.uk/entry/O95342
ABCB11	missense_variant		1371599889						O95342	Bile salt export pump	Homo sapiens	Encontrado	https://alphafold.ebi.ac.uk/entry/O95342
ABCB11	missense_variant		1372852533						O95342	Bile salt export pump	Homo sapiens	Encontrado	https://alphafold.ebi.ac.uk/entry/O95342
ABCB11	missense_variant		1372917359						O95342	Bile salt export pump	Homo sapiens	Encontrado	https://alphafold.ebi.ac.uk/entry/O95342
ABCB11	missense_variant		1373646294	O95342	rs1373646294	F1052S	0.999		O95342	Bile salt export pump	Homo sapiens	Encontrado	https://alphafold.ebi.ac.uk/entry/O95342
ABCB11	missense_variant		1373646294	O95342	rs1373646294	F1052S	0.0		O95342	Bile salt export pump	Homo sapiens	Encontrado	https://alphafold.ebi.ac.uk/entry/O95342
ABCB11	missense_variant		1373646294	O95342	rs1373646294	F1052S	0.999		O95342	Bile salt export pump	Homo sapiens	Encontrado	https://alphafold.ebi.ac.uk/entry/O95342
ABCB11	missense_variant		1373646294	O95342	rs1373646294	F1052S	0.0		O95342	Bile salt export pump	Homo sapiens	Encontrado	https://alphafold.ebi.ac.uk/entry/O95342
ABCB11	missense_variant		1377397092						O95342	Bile salt export pump	Homo sapiens	Encontrado	https://alphafold.ebi.ac.uk/entry/O95342
ABCB11	missense_variant		1377651614						O95342	Bile salt export pump	Homo sapiens	Encontrado	https://alphafold.ebi.ac.uk/entry/O95342
ABCB11	missense_variant	uncertain significance, likely pathogenic, pathogenic	1382100120	O95342	rs1382100120	S226L	0.183		O95342	Bile salt export pump	Homo sapiens	Encontrado	https://alphafold.ebi.ac.uk/entry/O95342
ABCB11	missense_variant	uncertain significance, likely pathogenic, pathogenic	1382100120	O95342	rs1382100120	S226L	0.0		O95342	Bile salt export pump	Homo sapiens	Encontrado	https://alphafold.ebi.ac.uk/entry/O95342
ABCB11	missense_variant	uncertain significance, likely pathogenic, pathogenic	1382100120	O95342	rs1382100120	S226L	0.18		O95342	Bile salt export pump	Homo sapiens	Encontrado	https://alphafold.ebi.ac.uk/entry/O95342
ABCB11	missense_variant	uncertain significance, likely pathogenic, pathogenic	1382100120	O95342	rs1382100120	S226L	0.0		O95342	Bile salt export pump	Homo sapiens	Encontrado	https://alphafold.ebi.ac.uk/entry/O95342
ABCB11	missense_variant		1382668146						O95342	Bile salt export pump	Homo sapiens	Encontrado	https://alphafold.ebi.ac.uk/entry/O95342
ABCB11	missense_variant	uncertain significance	1382897404						O95342	Bile salt export pump	Homo sapiens	Encontrado	https://alphafold.ebi.ac.uk/entry/O95342
ABCB11	missense_variant		1383786086						O95342	Bile salt export pump	Homo sapiens	Encontrado	https://alphafold.ebi.ac.uk/entry/O95342
ABCB11	missense_variant	likely pathogenic	1384260935						O95342	Bile salt export pump	Homo sapiens	Encontrado	https://alphafold.ebi.ac.uk/entry/O95342
ABCB11	missense_variant	likely benign	1384447459						O95342	Bile salt export pump	Homo sapiens	Encontrado	https://alphafold.ebi.ac.uk/entry/O95342
ABCB11	missense_variant	uncertain significance	1384540976	O95342	rs1384540976	A614V	0.839		O95342	Bile salt export pump	Homo sapiens	Encontrado	https://alphafold.ebi.ac.uk/entry/O95342
ABCB11	missense_variant	uncertain significance	1384540976	O95342	rs1384540976	A614V	0.0		O95342	Bile salt export pump	Homo sapiens	Encontrado	https://alphafold.ebi.ac.uk/entry/O95342
ABCB11	missense_variant	uncertain significance	1384540976	O95342	rs1384540976	A614V	0.845		O95342	Bile salt export pump	Homo sapiens	Encontrado	https://alphafold.ebi.ac.uk/entry/O95342
ABCB11	missense_variant	uncertain significance	1384540976	O95342	rs1384540976	A614V	0.0		O95342	Bile salt export pump	Homo sapiens	Encontrado	https://alphafold.ebi.ac.uk/entry/O95342
ABCB11	missense_variant		1386305137						O95342	Bile salt export pump	Homo sapiens	Encontrado	https://alphafold.ebi.ac.uk/entry/O95342
ABCB11	missense_variant	uncertain significance, benign, likely benign	138642043						O95342	Bile salt export pump	Homo sapiens	Encontrado	https://alphafold.ebi.ac.uk/entry/O95342
ABCB11	missense_variant	uncertain significance	1389106831	O95342	rs1389106831	K578E	0.823		O95342	Bile salt export pump	Homo sapiens	Encontrado	https://alphafold.ebi.ac.uk/entry/O95342
ABCB11	missense_variant	uncertain significance	1389106831	O95342	rs1389106831	K578E	0.0		O95342	Bile salt export pump	Homo sapiens	Encontrado	https://alphafold.ebi.ac.uk/entry/O95342
ABCB11	missense_variant		1390739927						O95342	Bile salt export pump	Homo sapiens	Encontrado	https://alphafold.ebi.ac.uk/entry/O95342
ABCB11	missense_variant		1390979532						O95342	Bile salt export pump	Homo sapiens	Encontrado	https://alphafold.ebi.ac.uk/entry/O95342
ABCB11	missense_variant		1392116569						O95342	Bile salt export pump	Homo sapiens	Encontrado	https://alphafold.ebi.ac.uk/entry/O95342
ABCB11	missense_variant		1392865456						O95342	Bile salt export pump	Homo sapiens	Encontrado	https://alphafold.ebi.ac.uk/entry/O95342
ABCB11	missense_variant		1392966422						O95342	Bile salt export pump	Homo sapiens	Encontrado	https://alphafold.ebi.ac.uk/entry/O95342
ABCB11	missense_variant		1395775935						O95342	Bile salt export pump	Homo sapiens	Encontrado	https://alphafold.ebi.ac.uk/entry/O95342
ABCB11	missense_variant		1395869738						O95342	Bile salt export pump	Homo sapiens	Encontrado	https://alphafold.ebi.ac.uk/entry/O95342
ABCB11	missense_variant	likely pathogenic, pathogenic	139641883	O95342	rs139641883	A167T	0.649		O95342	Bile salt export pump	Homo sapiens	Encontrado	https://alphafold.ebi.ac.uk/entry/O95342
ABCB11	missense_variant	likely pathogenic, pathogenic	139641883	O95342	rs139641883	A167T	0.0		O95342	Bile salt export pump	Homo sapiens	Encontrado	https://alphafold.ebi.ac.uk/entry/O95342
ABCB11	missense_variant		1398378368						O95342	Bile salt export pump	Homo sapiens	Encontrado	https://alphafold.ebi.ac.uk/entry/O95342
ABCB11	missense_variant		1400389889						O95342	Bile salt export pump	Homo sapiens	Encontrado	https://alphafold.ebi.ac.uk/entry/O95342
ABCB11	missense_variant		1401975387						O95342	Bile salt export pump	Homo sapiens	Encontrado	https://alphafold.ebi.ac.uk/entry/O95342
ABCB11	missense_variant		1403850332	O95342	rs1403850332	P1205S	0.996		O95342	Bile salt export pump	Homo sapiens	Encontrado	https://alphafold.ebi.ac.uk/entry/O95342
ABCB11	missense_variant		1403850332	O95342	rs1403850332	P1205S	0.01		O95342	Bile salt export pump	Homo sapiens	Encontrado	https://alphafold.ebi.ac.uk/entry/O95342
ABCB11	missense_variant		1403850332	O95342	rs1403850332	P1205S	0.996		O95342	Bile salt export pump	Homo sapiens	Encontrado	https://alphafold.ebi.ac.uk/entry/O95342
ABCB11	missense_variant		1403850332	O95342	rs1403850332	P1205S	0.0		O95342	Bile salt export pump	Homo sapiens	Encontrado	https://alphafold.ebi.ac.uk/entry/O95342
ABCB11	missense_variant		1404420259						O95342	Bile salt export pump	Homo sapiens	Encontrado	https://alphafold.ebi.ac.uk/entry/O95342
ABCB11	missense_variant		1404740012						O95342	Bile salt export pump	Homo sapiens	Encontrado	https://alphafold.ebi.ac.uk/entry/O95342
ABCB11	missense_variant		1407018483						O95342	Bile salt export pump	Homo sapiens	Encontrado	https://alphafold.ebi.ac.uk/entry/O95342
ABCB11	missense_variant		1408319265						O95342	Bile salt export pump	Homo sapiens	Encontrado	https://alphafold.ebi.ac.uk/entry/O95342
ABCB11	missense_variant		1409947116						O95342	Bile salt export pump	Homo sapiens	Encontrado	https://alphafold.ebi.ac.uk/entry/O95342
ABCB11	missense_variant		1410267644						O95342	Bile salt export pump	Homo sapiens	Encontrado	https://alphafold.ebi.ac.uk/entry/O95342
ABCB11	missense_variant		1411111028						O95342	Bile salt export pump	Homo sapiens	Encontrado	https://alphafold.ebi.ac.uk/entry/O95342
ABCB11	missense_variant		1411143127						O95342	Bile salt export pump	Homo sapiens	Encontrado	https://alphafold.ebi.ac.uk/entry/O95342
ABCB11	missense_variant	uncertain significance	1411263261						O95342	Bile salt export pump	Homo sapiens	Encontrado	https://alphafold.ebi.ac.uk/entry/O95342
ABCB11	missense_variant	uncertain significance	1411429927	O95342	rs1411429927	N199D	0.749		O95342	Bile salt export pump	Homo sapiens	Encontrado	https://alphafold.ebi.ac.uk/entry/O95342
ABCB11	missense_variant	uncertain significance	1411429927	O95342	rs1411429927	N199D	0.0		O95342	Bile salt export pump	Homo sapiens	Encontrado	https://alphafold.ebi.ac.uk/entry/O95342
ABCB11	missense_variant		1412013249						O95342	Bile salt export pump	Homo sapiens	Encontrado	https://alphafold.ebi.ac.uk/entry/O95342
ABCB11	missense_variant		1414919070	O95342	rs1414919070	R851K	0.007		O95342	Bile salt export pump	Homo sapiens	Encontrado	https://alphafold.ebi.ac.uk/entry/O95342
ABCB11	missense_variant		1414919070	O95342	rs1414919070	R851K	1.0		O95342	Bile salt export pump	Homo sapiens	Encontrado	https://alphafold.ebi.ac.uk/entry/O95342
ABCB11	missense_variant		1414919070	O95342	rs1414919070	R851K	0.007		O95342	Bile salt export pump	Homo sapiens	Encontrado	https://alphafold.ebi.ac.uk/entry/O95342
ABCB11	missense_variant		1414919070	O95342	rs1414919070	R851K	0.28		O95342	Bile salt export pump	Homo sapiens	Encontrado	https://alphafold.ebi.ac.uk/entry/O95342
ABCB11	missense_variant	uncertain significance	1416007820						O95342	Bile salt export pump	Homo sapiens	Encontrado	https://alphafold.ebi.ac.uk/entry/O95342
ABCB11	missense_variant		1416235000						O95342	Bile salt export pump	Homo sapiens	Encontrado	https://alphafold.ebi.ac.uk/entry/O95342
ABCB11	missense_variant		1416250688						O95342	Bile salt export pump	Homo sapiens	Encontrado	https://alphafold.ebi.ac.uk/entry/O95342
ABCB11	missense_variant		1417934005						O95342	Bile salt export pump	Homo sapiens	Encontrado	https://alphafold.ebi.ac.uk/entry/O95342
ABCB11	missense_variant	uncertain significance	141862495	O95342	rs141862495	R696Q	0.046		O95342	Bile salt export pump	Homo sapiens	Encontrado	https://alphafold.ebi.ac.uk/entry/O95342
ABCB11	missense_variant	uncertain significance	141862495	O95342	rs141862495	R696Q	0.01		O95342	Bile salt export pump	Homo sapiens	Encontrado	https://alphafold.ebi.ac.uk/entry/O95342
ABCB11	missense_variant		1419277835						O95342	Bile salt export pump	Homo sapiens	Encontrado	https://alphafold.ebi.ac.uk/entry/O95342
ABCB11	missense_variant	likely pathogenic, pathogenic	1421685722	O95342	rs1421685722	S901R	0.759		O95342	Bile salt export pump	Homo sapiens	Encontrado	https://alphafold.ebi.ac.uk/entry/O95342
ABCB11	missense_variant	likely pathogenic, pathogenic	1421685722	O95342	rs1421685722	S901R	0.0		O95342	Bile salt export pump	Homo sapiens	Encontrado	https://alphafold.ebi.ac.uk/entry/O95342
ABCB11	missense_variant		1421958534						O95342	Bile salt export pump	Homo sapiens	Encontrado	https://alphafold.ebi.ac.uk/entry/O95342
ABCB11	missense_variant	uncertain significance	1424715238	O95342	rs1424715238	R566K	0.999		O95342	Bile salt export pump	Homo sapiens	Encontrado	https://alphafold.ebi.ac.uk/entry/O95342
ABCB11	missense_variant	uncertain significance	1424715238	O95342	rs1424715238	R566K	0.0		O95342	Bile salt export pump	Homo sapiens	Encontrado	https://alphafold.ebi.ac.uk/entry/O95342
ABCB11	missense_variant	uncertain significance	1424715238	O95342	rs1424715238	R566K	0.999		O95342	Bile salt export pump	Homo sapiens	Encontrado	https://alphafold.ebi.ac.uk/entry/O95342
ABCB11	missense_variant	uncertain significance	1424715238	O95342	rs1424715238	R566K	0.0		O95342	Bile salt export pump	Homo sapiens	Encontrado	https://alphafold.ebi.ac.uk/entry/O95342
ABCB11	missense_variant		1424778805						O95342	Bile salt export pump	Homo sapiens	Encontrado	https://alphafold.ebi.ac.uk/entry/O95342
ABCB11	missense_variant		1425176717						O95342	Bile salt export pump	Homo sapiens	Encontrado	https://alphafold.ebi.ac.uk/entry/O95342
ABCB11	missense_variant		1427593056						O95342	Bile salt export pump	Homo sapiens	Encontrado	https://alphafold.ebi.ac.uk/entry/O95342
ABCB11	missense_variant		1427755108						O95342	Bile salt export pump	Homo sapiens	Encontrado	https://alphafold.ebi.ac.uk/entry/O95342
ABCB11	missense_variant		1428583146						O95342	Bile salt export pump	Homo sapiens	Encontrado	https://alphafold.ebi.ac.uk/entry/O95342
ABCB11	missense_variant		1429037453						O95342	Bile salt export pump	Homo sapiens	Encontrado	https://alphafold.ebi.ac.uk/entry/O95342
ABCB11	missense_variant		1429566051						O95342	Bile salt export pump	Homo sapiens	Encontrado	https://alphafold.ebi.ac.uk/entry/O95342
ABCB11	missense_variant	uncertain significance	1431047015	O95342	rs1431047015	P474R	1.0		O95342	Bile salt export pump	Homo sapiens	Encontrado	https://alphafold.ebi.ac.uk/entry/O95342
ABCB11	missense_variant	uncertain significance	1431047015	O95342	rs1431047015	P474R	0.0		O95342	Bile salt export pump	Homo sapiens	Encontrado	https://alphafold.ebi.ac.uk/entry/O95342
ABCB11	missense_variant		1431455458	O95342	rs1431455458	R169C	0.93		O95342	Bile salt export pump	Homo sapiens	Encontrado	https://alphafold.ebi.ac.uk/entry/O95342
ABCB11	missense_variant		1431455458	O95342	rs1431455458	R169C	0.0		O95342	Bile salt export pump	Homo sapiens	Encontrado	https://alphafold.ebi.ac.uk/entry/O95342
ABCB11	missense_variant		1431455458	O95342	rs1431455458	R169C	0.929		O95342	Bile salt export pump	Homo sapiens	Encontrado	https://alphafold.ebi.ac.uk/entry/O95342
ABCB11	missense_variant		1431455458	O95342	rs1431455458	R169C	0.0		O95342	Bile salt export pump	Homo sapiens	Encontrado	https://alphafold.ebi.ac.uk/entry/O95342
ABCB11	missense_variant		1432989021						O95342	Bile salt export pump	Homo sapiens	Encontrado	https://alphafold.ebi.ac.uk/entry/O95342
ABCB11	missense_variant		1433148493						O95342	Bile salt export pump	Homo sapiens	Encontrado	https://alphafold.ebi.ac.uk/entry/O95342
ABCB11	missense_variant		1433703899						O95342	Bile salt export pump	Homo sapiens	Encontrado	https://alphafold.ebi.ac.uk/entry/O95342
ABCB11	missense_variant	uncertain significance, likely benign	143484849	O95342	rs143484849	I1183T	0.045		O95342	Bile salt export pump	Homo sapiens	Encontrado	https://alphafold.ebi.ac.uk/entry/O95342
ABCB11	missense_variant	uncertain significance, likely benign	143484849	O95342	rs143484849	I1183T	0.13		O95342	Bile salt export pump	Homo sapiens	Encontrado	https://alphafold.ebi.ac.uk/entry/O95342
ABCB11	missense_variant		1436652439						O95342	Bile salt export pump	Homo sapiens	Encontrado	https://alphafold.ebi.ac.uk/entry/O95342
ABCB11	missense_variant	uncertain significance	1436681091						O95342	Bile salt export pump	Homo sapiens	Encontrado	https://alphafold.ebi.ac.uk/entry/O95342
ABCB11	missense_variant	uncertain significance	1436964715						O95342	Bile salt export pump	Homo sapiens	Encontrado	https://alphafold.ebi.ac.uk/entry/O95342
ABCB11	missense_variant	uncertain significance	1437364103						O95342	Bile salt export pump	Homo sapiens	Encontrado	https://alphafold.ebi.ac.uk/entry/O95342
ABCB11	missense_variant		1438849030						O95342	Bile salt export pump	Homo sapiens	Encontrado	https://alphafold.ebi.ac.uk/entry/O95342
ABCB11	missense_variant		1440879842						O95342	Bile salt export pump	Homo sapiens	Encontrado	https://alphafold.ebi.ac.uk/entry/O95342
ABCB11	missense_variant		1442456392	O95342	rs1442456392	V108M	0.17		O95342	Bile salt export pump	Homo sapiens	Encontrado	https://alphafold.ebi.ac.uk/entry/O95342
ABCB11	missense_variant		1442456392	O95342	rs1442456392	V108M	0.15		O95342	Bile salt export pump	Homo sapiens	Encontrado	https://alphafold.ebi.ac.uk/entry/O95342
ABCB11	missense_variant		1442456392	O95342	rs1442456392	V108M	0.176		O95342	Bile salt export pump	Homo sapiens	Encontrado	https://alphafold.ebi.ac.uk/entry/O95342
ABCB11	missense_variant		1442456392	O95342	rs1442456392	V108M	0.04		O95342	Bile salt export pump	Homo sapiens	Encontrado	https://alphafold.ebi.ac.uk/entry/O95342
ABCB11	missense_variant		1442707854						O95342	Bile salt export pump	Homo sapiens	Encontrado	https://alphafold.ebi.ac.uk/entry/O95342
ABCB11	missense_variant	likely benign	1443562207	O95342	rs1443562207	R680K	0.0		O95342	Bile salt export pump	Homo sapiens	Encontrado	https://alphafold.ebi.ac.uk/entry/O95342
ABCB11	missense_variant	likely benign	1443562207	O95342	rs1443562207	R680K	0.88		O95342	Bile salt export pump	Homo sapiens	Encontrado	https://alphafold.ebi.ac.uk/entry/O95342
ABCB11	missense_variant	likely benign	1443562207	O95342	rs1443562207	R680K	0.0		O95342	Bile salt export pump	Homo sapiens	Encontrado	https://alphafold.ebi.ac.uk/entry/O95342
ABCB11	missense_variant	likely benign	1443562207	O95342	rs1443562207	R680K	0.53		O95342	Bile salt export pump	Homo sapiens	Encontrado	https://alphafold.ebi.ac.uk/entry/O95342
ABCB11	missense_variant		1443743290						O95342	Bile salt export pump	Homo sapiens	Encontrado	https://alphafold.ebi.ac.uk/entry/O95342
ABCB11	missense_variant		1447211125						O95342	Bile salt export pump	Homo sapiens	Encontrado	https://alphafold.ebi.ac.uk/entry/O95342
ABCB11	missense_variant		1448201427						O95342	Bile salt export pump	Homo sapiens	Encontrado	https://alphafold.ebi.ac.uk/entry/O95342
ABCB11	missense_variant	uncertain significance	1452420308						O95342	Bile salt export pump	Homo sapiens	Encontrado	https://alphafold.ebi.ac.uk/entry/O95342
ABCB11	missense_variant		1454315206						O95342	Bile salt export pump	Homo sapiens	Encontrado	https://alphafold.ebi.ac.uk/entry/O95342
ABCB11	missense_variant	uncertain significance	1455594475						O95342	Bile salt export pump	Homo sapiens	Encontrado	https://alphafold.ebi.ac.uk/entry/O95342
ABCB11	missense_variant		1456787267						O95342	Bile salt export pump	Homo sapiens	Encontrado	https://alphafold.ebi.ac.uk/entry/O95342
ABCB11	missense_variant		1461620540						O95342	Bile salt export pump	Homo sapiens	Encontrado	https://alphafold.ebi.ac.uk/entry/O95342
ABCB11	missense_variant		1462086662						O95342	Bile salt export pump	Homo sapiens	Encontrado	https://alphafold.ebi.ac.uk/entry/O95342
ABCB11	missense_variant		1462645955						O95342	Bile salt export pump	Homo sapiens	Encontrado	https://alphafold.ebi.ac.uk/entry/O95342
ABCB11	missense_variant	uncertain significance, likely pathogenic, pathogenic	1463057954	O95342	rs1463057954	R470L	1.0		O95342	Bile salt export pump	Homo sapiens	Encontrado	https://alphafold.ebi.ac.uk/entry/O95342
ABCB11	missense_variant	uncertain significance, likely pathogenic, pathogenic	1463057954	O95342	rs1463057954	R470L	0.0		O95342	Bile salt export pump	Homo sapiens	Encontrado	https://alphafold.ebi.ac.uk/entry/O95342
ABCB11	missense_variant	uncertain significance, likely pathogenic, pathogenic	1463057954	O95342	rs1463057954	R470Q	1.0		O95342	Bile salt export pump	Homo sapiens	Encontrado	https://alphafold.ebi.ac.uk/entry/O95342
ABCB11	missense_variant	uncertain significance, likely pathogenic, pathogenic	1463057954	O95342	rs1463057954	R470Q	0.0		O95342	Bile salt export pump	Homo sapiens	Encontrado	https://alphafold.ebi.ac.uk/entry/O95342
ABCB11	missense_variant	uncertain significance, likely pathogenic, pathogenic	1463057954	O95342	rs1463057954	R470Q	1.0		O95342	Bile salt export pump	Homo sapiens	Encontrado	https://alphafold.ebi.ac.uk/entry/O95342
ABCB11	missense_variant	uncertain significance, likely pathogenic, pathogenic	1463057954	O95342	rs1463057954	R470Q	0.0		O95342	Bile salt export pump	Homo sapiens	Encontrado	https://alphafold.ebi.ac.uk/entry/O95342
ABCB11	missense_variant	uncertain significance	1464361566	O95342	rs1464361566	H717Y	0.0		O95342	Bile salt export pump	Homo sapiens	Encontrado	https://alphafold.ebi.ac.uk/entry/O95342
ABCB11	missense_variant	uncertain significance	1464361566	O95342	rs1464361566	H717Y	0.14		O95342	Bile salt export pump	Homo sapiens	Encontrado	https://alphafold.ebi.ac.uk/entry/O95342
ABCB11	missense_variant		1465109174						O95342	Bile salt export pump	Homo sapiens	Encontrado	https://alphafold.ebi.ac.uk/entry/O95342
ABCB11	missense_variant		1465864990						O95342	Bile salt export pump	Homo sapiens	Encontrado	https://alphafold.ebi.ac.uk/entry/O95342
ABCB11	missense_variant		1467510047						O95342	Bile salt export pump	Homo sapiens	Encontrado	https://alphafold.ebi.ac.uk/entry/O95342
ABCB11	missense_variant		1468839728						O95342	Bile salt export pump	Homo sapiens	Encontrado	https://alphafold.ebi.ac.uk/entry/O95342
ABCB11	missense_variant	uncertain significance	1469344983	O95342	rs1469344983	I611T	0.621		O95342	Bile salt export pump	Homo sapiens	Encontrado	https://alphafold.ebi.ac.uk/entry/O95342
ABCB11	missense_variant	uncertain significance	1469344983	O95342	rs1469344983	I611T	0.0		O95342	Bile salt export pump	Homo sapiens	Encontrado	https://alphafold.ebi.ac.uk/entry/O95342
ABCB11	missense_variant	uncertain significance	1470241038						O95342	Bile salt export pump	Homo sapiens	Encontrado	https://alphafold.ebi.ac.uk/entry/O95342
ABCB11	missense_variant		1470545398						O95342	Bile salt export pump	Homo sapiens	Encontrado	https://alphafold.ebi.ac.uk/entry/O95342
ABCB11	missense_variant		1470739290						O95342	Bile salt export pump	Homo sapiens	Encontrado	https://alphafold.ebi.ac.uk/entry/O95342
ABCB11	missense_variant	likely benign	1470965152						O95342	Bile salt export pump	Homo sapiens	Encontrado	https://alphafold.ebi.ac.uk/entry/O95342
ABCB11	missense_variant		1471489155						O95342	Bile salt export pump	Homo sapiens	Encontrado	https://alphafold.ebi.ac.uk/entry/O95342
ABCB11	missense_variant		1472938678						O95342	Bile salt export pump	Homo sapiens	Encontrado	https://alphafold.ebi.ac.uk/entry/O95342
ABCB11	missense_variant		1474278167						O95342	Bile salt export pump	Homo sapiens	Encontrado	https://alphafold.ebi.ac.uk/entry/O95342
ABCB11	missense_variant		1474611521						O95342	Bile salt export pump	Homo sapiens	Encontrado	https://alphafold.ebi.ac.uk/entry/O95342
ABCB11	missense_variant	likely benign	147522210	O95342	rs147522210	H423R	0.983		O95342	Bile salt export pump	Homo sapiens	Encontrado	https://alphafold.ebi.ac.uk/entry/O95342
ABCB11	missense_variant	likely benign	147522210	O95342	rs147522210	H423R	0.01		O95342	Bile salt export pump	Homo sapiens	Encontrado	https://alphafold.ebi.ac.uk/entry/O95342
ABCB11	missense_variant		1475944635						O95342	Bile salt export pump	Homo sapiens	Encontrado	https://alphafold.ebi.ac.uk/entry/O95342
ABCB11	missense_variant	uncertain significance	1476123304						O95342	Bile salt export pump	Homo sapiens	Encontrado	https://alphafold.ebi.ac.uk/entry/O95342
ABCB11	missense_variant		1476469096						O95342	Bile salt export pump	Homo sapiens	Encontrado	https://alphafold.ebi.ac.uk/entry/O95342
ABCB11	missense_variant	uncertain significance	1477888526						O95342	Bile salt export pump	Homo sapiens	Encontrado	https://alphafold.ebi.ac.uk/entry/O95342
ABCB11	missense_variant		1478060232						O95342	Bile salt export pump	Homo sapiens	Encontrado	https://alphafold.ebi.ac.uk/entry/O95342
ABCB11	missense_variant		1478818253						O95342	Bile salt export pump	Homo sapiens	Encontrado	https://alphafold.ebi.ac.uk/entry/O95342
ABCB11	missense_variant		1479054328	O95342	rs1479054328	A273S	0.764		O95342	Bile salt export pump	Homo sapiens	Encontrado	https://alphafold.ebi.ac.uk/entry/O95342
ABCB11	missense_variant		1479054328	O95342	rs1479054328	A273S	0.03		O95342	Bile salt export pump	Homo sapiens	Encontrado	https://alphafold.ebi.ac.uk/entry/O95342
ABCB11	missense_variant		1479054328	O95342	rs1479054328	A273S	0.772		O95342	Bile salt export pump	Homo sapiens	Encontrado	https://alphafold.ebi.ac.uk/entry/O95342
ABCB11	missense_variant		1479054328	O95342	rs1479054328	A273S	0.01		O95342	Bile salt export pump	Homo sapiens	Encontrado	https://alphafold.ebi.ac.uk/entry/O95342
ABCB11	missense_variant	uncertain significance	1480979213	O95342	rs1480979213	I1103T	0.053		O95342	Bile salt export pump	Homo sapiens	Encontrado	https://alphafold.ebi.ac.uk/entry/O95342
ABCB11	missense_variant	uncertain significance	1480979213	O95342	rs1480979213	I1103T	0.0		O95342	Bile salt export pump	Homo sapiens	Encontrado	https://alphafold.ebi.ac.uk/entry/O95342
ABCB11	missense_variant		1481940811						O95342	Bile salt export pump	Homo sapiens	Encontrado	https://alphafold.ebi.ac.uk/entry/O95342
ABCB11	missense_variant		1483395370						O95342	Bile salt export pump	Homo sapiens	Encontrado	https://alphafold.ebi.ac.uk/entry/O95342
ABCB11	missense_variant		1485454524						O95342	Bile salt export pump	Homo sapiens	Encontrado	https://alphafold.ebi.ac.uk/entry/O95342
ABCB11	missense_variant		1487274737						O95342	Bile salt export pump	Homo sapiens	Encontrado	https://alphafold.ebi.ac.uk/entry/O95342
ABCB11	missense_variant		1487609505						O95342	Bile salt export pump	Homo sapiens	Encontrado	https://alphafold.ebi.ac.uk/entry/O95342
ABCB11	missense_variant		1488999056						O95342	Bile salt export pump	Homo sapiens	Encontrado	https://alphafold.ebi.ac.uk/entry/O95342
ABCB11	missense_variant		1489020295						O95342	Bile salt export pump	Homo sapiens	Encontrado	https://alphafold.ebi.ac.uk/entry/O95342
ABCB11	missense_variant		1490802955						O95342	Bile salt export pump	Homo sapiens	Encontrado	https://alphafold.ebi.ac.uk/entry/O95342
ABCB11	missense_variant	uncertain significance, benign, likely benign	150572999	O95342	rs150572999	S701P	0.6		O95342	Bile salt export pump	Homo sapiens	Encontrado	https://alphafold.ebi.ac.uk/entry/O95342
ABCB11	missense_variant	uncertain significance, benign, likely benign	150572999	O95342	rs150572999	S701P	0.01		O95342	Bile salt export pump	Homo sapiens	Encontrado	https://alphafold.ebi.ac.uk/entry/O95342
ABCB11	missense_variant	benign, other	1521808						O95342	Bile salt export pump	Homo sapiens	Encontrado	https://alphafold.ebi.ac.uk/entry/O95342
ABCB11	missense_variant	uncertain significance	1553466025	O95342	rs1553466025	K670N	0.0		O95342	Bile salt export pump	Homo sapiens	Encontrado	https://alphafold.ebi.ac.uk/entry/O95342
ABCB11	missense_variant	uncertain significance	1553466025	O95342	rs1553466025	K670N	0.1		O95342	Bile salt export pump	Homo sapiens	Encontrado	https://alphafold.ebi.ac.uk/entry/O95342
ABCB11	missense_variant	uncertain significance	1553470037	O95342	rs1553470037	A257V	0.537		O95342	Bile salt export pump	Homo sapiens	Encontrado	https://alphafold.ebi.ac.uk/entry/O95342
ABCB11	missense_variant	uncertain significance	1553470037	O95342	rs1553470037	A257V	0.0		O95342	Bile salt export pump	Homo sapiens	Encontrado	https://alphafold.ebi.ac.uk/entry/O95342
ABCB11	missense_variant	uncertain significance	1553470064	O95342	rs1553470064	T225N	0.671		O95342	Bile salt export pump	Homo sapiens	Encontrado	https://alphafold.ebi.ac.uk/entry/O95342
ABCB11	missense_variant	uncertain significance	1553470064	O95342	rs1553470064	T225N	0.0		O95342	Bile salt export pump	Homo sapiens	Encontrado	https://alphafold.ebi.ac.uk/entry/O95342
ABCB11	missense_variant	uncertain significance	1553470309	O95342	rs1553470309	A167V	0.812		O95342	Bile salt export pump	Homo sapiens	Encontrado	https://alphafold.ebi.ac.uk/entry/O95342
ABCB11	missense_variant	uncertain significance	1553470309	O95342	rs1553470309	A167V	0.0		O95342	Bile salt export pump	Homo sapiens	Encontrado	https://alphafold.ebi.ac.uk/entry/O95342
ABCB11	missense_variant	uncertain significance	1553472841	O95342	rs1553472841	D58A	0.531		O95342	Bile salt export pump	Homo sapiens	Encontrado	https://alphafold.ebi.ac.uk/entry/O95342
ABCB11	missense_variant	uncertain significance	1553472841	O95342	rs1553472841	D58A	0.0		O95342	Bile salt export pump	Homo sapiens	Encontrado	https://alphafold.ebi.ac.uk/entry/O95342
ABCB11	missense_variant	uncertain significance, likely pathogenic	1553543921	O95342	rs1553543921	G1292E	1.0		O95342	Bile salt export pump	Homo sapiens	Encontrado	https://alphafold.ebi.ac.uk/entry/O95342
ABCB11	missense_variant	uncertain significance, likely pathogenic	1553543921	O95342	rs1553543921	G1292E	0.0		O95342	Bile salt export pump	Homo sapiens	Encontrado	https://alphafold.ebi.ac.uk/entry/O95342
ABCB11	missense_variant	uncertain significance, likely pathogenic	1553543921	O95342	rs1553543921	G1292V	1.0		O95342	Bile salt export pump	Homo sapiens	Encontrado	https://alphafold.ebi.ac.uk/entry/O95342
ABCB11	missense_variant	uncertain significance, likely pathogenic	1553543921	O95342	rs1553543921	G1292V	0.0		O95342	Bile salt export pump	Homo sapiens	Encontrado	https://alphafold.ebi.ac.uk/entry/O95342
ABCB11	missense_variant	uncertain significance	1553545883	O95342	rs1553545883	L1109P	0.959		O95342	Bile salt export pump	Homo sapiens	Encontrado	https://alphafold.ebi.ac.uk/entry/O95342
ABCB11	missense_variant	uncertain significance	1553545883	O95342	rs1553545883	L1109P	0.0		O95342	Bile salt export pump	Homo sapiens	Encontrado	https://alphafold.ebi.ac.uk/entry/O95342
ABCB11	missense_variant		1558894022						O95342	Bile salt export pump	Homo sapiens	Encontrado	https://alphafold.ebi.ac.uk/entry/O95342
ABCB11	missense_variant	uncertain significance	1558894309	O95342	rs1558894309	I627T	0.145		O95342	Bile salt export pump	Homo sapiens	Encontrado	https://alphafold.ebi.ac.uk/entry/O95342
ABCB11	missense_variant	uncertain significance	1558894309	O95342	rs1558894309	I627T	0.04		O95342	Bile salt export pump	Homo sapiens	Encontrado	https://alphafold.ebi.ac.uk/entry/O95342
ABCB11	missense_variant	uncertain significance	1558895094	O95342	rs1558895094	G561D	1.0		O95342	Bile salt export pump	Homo sapiens	Encontrado	https://alphafold.ebi.ac.uk/entry/O95342
ABCB11	missense_variant	uncertain significance	1558895094	O95342	rs1558895094	G561D	0.0		O95342	Bile salt export pump	Homo sapiens	Encontrado	https://alphafold.ebi.ac.uk/entry/O95342
ABCB11	missense_variant	uncertain significance	1558897117	O95342	rs1558897117	I491S	0.808		O95342	Bile salt export pump	Homo sapiens	Encontrado	https://alphafold.ebi.ac.uk/entry/O95342
ABCB11	missense_variant	uncertain significance	1558897117	O95342	rs1558897117	I491S	0.0		O95342	Bile salt export pump	Homo sapiens	Encontrado	https://alphafold.ebi.ac.uk/entry/O95342
ABCB11	missense_variant	uncertain significance	1558897179	O95342	rs1558897179	D482N	0.942		O95342	Bile salt export pump	Homo sapiens	Encontrado	https://alphafold.ebi.ac.uk/entry/O95342
ABCB11	missense_variant	uncertain significance	1558897179	O95342	rs1558897179	D482N	0.0		O95342	Bile salt export pump	Homo sapiens	Encontrado	https://alphafold.ebi.ac.uk/entry/O95342
ABCB11	missense_variant	uncertain significance	1558898919	O95342	rs1558898919	V454G	0.999		O95342	Bile salt export pump	Homo sapiens	Encontrado	https://alphafold.ebi.ac.uk/entry/O95342
ABCB11	missense_variant	uncertain significance	1558898919	O95342	rs1558898919	V454G	0.0		O95342	Bile salt export pump	Homo sapiens	Encontrado	https://alphafold.ebi.ac.uk/entry/O95342
ABCB11	missense_variant		1558902462						O95342	Bile salt export pump	Homo sapiens	Encontrado	https://alphafold.ebi.ac.uk/entry/O95342
ABCB11	missense_variant	uncertain significance	1558905159	O95342	rs1558905159	D398N	0.932		O95342	Bile salt export pump	Homo sapiens	Encontrado	https://alphafold.ebi.ac.uk/entry/O95342
ABCB11	missense_variant	uncertain significance	1558905159	O95342	rs1558905159	D398N	0.0		O95342	Bile salt export pump	Homo sapiens	Encontrado	https://alphafold.ebi.ac.uk/entry/O95342
ABCB11	missense_variant	uncertain significance	1558909465	O95342	rs1558909465	I333N	0.99		O95342	Bile salt export pump	Homo sapiens	Encontrado	https://alphafold.ebi.ac.uk/entry/O95342
ABCB11	missense_variant	uncertain significance	1558909465	O95342	rs1558909465	I333N	0.0		O95342	Bile salt export pump	Homo sapiens	Encontrado	https://alphafold.ebi.ac.uk/entry/O95342
ABCB11	missense_variant	uncertain significance	1558912727	O95342	rs1558912727	A292S	0.599		O95342	Bile salt export pump	Homo sapiens	Encontrado	https://alphafold.ebi.ac.uk/entry/O95342
ABCB11	missense_variant	uncertain significance	1558912727	O95342	rs1558912727	A292S	0.01		O95342	Bile salt export pump	Homo sapiens	Encontrado	https://alphafold.ebi.ac.uk/entry/O95342
ABCB11	missense_variant	uncertain significance	1558912790	O95342	rs1558912790	A277E	1.0		O95342	Bile salt export pump	Homo sapiens	Encontrado	https://alphafold.ebi.ac.uk/entry/O95342
ABCB11	missense_variant	uncertain significance	1558912790	O95342	rs1558912790	A277E	0.0		O95342	Bile salt export pump	Homo sapiens	Encontrado	https://alphafold.ebi.ac.uk/entry/O95342
ABCB11	missense_variant	uncertain significance, likely benign	1558915941	O95342	rs1558915941	R201S	0.753		O95342	Bile salt export pump	Homo sapiens	Encontrado	https://alphafold.ebi.ac.uk/entry/O95342
ABCB11	missense_variant	uncertain significance, likely benign	1558915941	O95342	rs1558915941	R201S	0.0		O95342	Bile salt export pump	Homo sapiens	Encontrado	https://alphafold.ebi.ac.uk/entry/O95342
ABCB11	missense_variant		1558927172						O95342	Bile salt export pump	Homo sapiens	Encontrado	https://alphafold.ebi.ac.uk/entry/O95342
ABCB11	missense_variant		1558927270						O95342	Bile salt export pump	Homo sapiens	Encontrado	https://alphafold.ebi.ac.uk/entry/O95342
ABCB11	missense_variant		1558929581						O95342	Bile salt export pump	Homo sapiens	Encontrado	https://alphafold.ebi.ac.uk/entry/O95342
ABCB11	missense_variant		1558930398						O95342	Bile salt export pump	Homo sapiens	Encontrado	https://alphafold.ebi.ac.uk/entry/O95342
ABCB11	missense_variant		1559173365						O95342	Bile salt export pump	Homo sapiens	Encontrado	https://alphafold.ebi.ac.uk/entry/O95342
ABCB11	missense_variant	uncertain significance	1559173607	O95342	rs1559173607	L1261P	0.999		O95342	Bile salt export pump	Homo sapiens	Encontrado	https://alphafold.ebi.ac.uk/entry/O95342
ABCB11	missense_variant	uncertain significance	1559173607	O95342	rs1559173607	L1261P	0.0		O95342	Bile salt export pump	Homo sapiens	Encontrado	https://alphafold.ebi.ac.uk/entry/O95342
ABCB11	missense_variant	uncertain significance	1559176334	O95342	rs1559176334	A1191D	1.0		O95342	Bile salt export pump	Homo sapiens	Encontrado	https://alphafold.ebi.ac.uk/entry/O95342
ABCB11	missense_variant	uncertain significance	1559176334	O95342	rs1559176334	A1191D	0.0		O95342	Bile salt export pump	Homo sapiens	Encontrado	https://alphafold.ebi.ac.uk/entry/O95342
ABCB11	missense_variant	uncertain significance	1559176523	O95342	rs1559176523	V1159A	0.999		O95342	Bile salt export pump	Homo sapiens	Encontrado	https://alphafold.ebi.ac.uk/entry/O95342
ABCB11	missense_variant	uncertain significance	1559176523	O95342	rs1559176523	V1159A	0.0		O95342	Bile salt export pump	Homo sapiens	Encontrado	https://alphafold.ebi.ac.uk/entry/O95342
ABCB11	missense_variant	uncertain significance	1559179021	O95342	rs1559179021	G1135E	1.0		O95342	Bile salt export pump	Homo sapiens	Encontrado	https://alphafold.ebi.ac.uk/entry/O95342
ABCB11	missense_variant	uncertain significance	1559179021	O95342	rs1559179021	G1135E	0.0		O95342	Bile salt export pump	Homo sapiens	Encontrado	https://alphafold.ebi.ac.uk/entry/O95342
ABCB11	missense_variant	uncertain significance	1559179021	O95342	rs1559179021	G1135E	1.0		O95342	Bile salt export pump	Homo sapiens	Encontrado	https://alphafold.ebi.ac.uk/entry/O95342
ABCB11	missense_variant	uncertain significance	1559179021	O95342	rs1559179021	G1135E	0.0		O95342	Bile salt export pump	Homo sapiens	Encontrado	https://alphafold.ebi.ac.uk/entry/O95342
ABCB11	missense_variant	uncertain significance	1559179342	O95342	rs1559179342	C1083Y	0.999		O95342	Bile salt export pump	Homo sapiens	Encontrado	https://alphafold.ebi.ac.uk/entry/O95342
ABCB11	missense_variant	uncertain significance	1559179342	O95342	rs1559179342	C1083Y	0.0		O95342	Bile salt export pump	Homo sapiens	Encontrado	https://alphafold.ebi.ac.uk/entry/O95342
ABCB11	missense_variant		1559180619						O95342	Bile salt export pump	Homo sapiens	Encontrado	https://alphafold.ebi.ac.uk/entry/O95342
ABCB11	missense_variant	uncertain significance	1559180694	O95342	rs1559180694	A1049T	0.737		O95342	Bile salt export pump	Homo sapiens	Encontrado	https://alphafold.ebi.ac.uk/entry/O95342
ABCB11	missense_variant	uncertain significance	1559180694	O95342	rs1559180694	A1049T	0.01		O95342	Bile salt export pump	Homo sapiens	Encontrado	https://alphafold.ebi.ac.uk/entry/O95342
ABCB11	missense_variant	uncertain significance	1559180842	O95342	rs1559180842	L1026R	0.71		O95342	Bile salt export pump	Homo sapiens	Encontrado	https://alphafold.ebi.ac.uk/entry/O95342
ABCB11	missense_variant	uncertain significance	1559180842	O95342	rs1559180842	L1026R	0.0		O95342	Bile salt export pump	Homo sapiens	Encontrado	https://alphafold.ebi.ac.uk/entry/O95342
ABCB11	missense_variant	likely pathogenic, pathogenic	1559183717	O95342	rs1559183717	R948C	1.0		O95342	Bile salt export pump	Homo sapiens	Encontrado	https://alphafold.ebi.ac.uk/entry/O95342
ABCB11	missense_variant	likely pathogenic, pathogenic	1559183717	O95342	rs1559183717	R948C	0.01		O95342	Bile salt export pump	Homo sapiens	Encontrado	https://alphafold.ebi.ac.uk/entry/O95342
ABCB11	missense_variant	likely pathogenic, pathogenic	1559183717	O95342	rs1559183717	R948C	1.0		O95342	Bile salt export pump	Homo sapiens	Encontrado	https://alphafold.ebi.ac.uk/entry/O95342
ABCB11	missense_variant	likely pathogenic, pathogenic	1559183717	O95342	rs1559183717	R948C	0.0		O95342	Bile salt export pump	Homo sapiens	Encontrado	https://alphafold.ebi.ac.uk/entry/O95342
ABCB11	missense_variant		1559184633						O95342	Bile salt export pump	Homo sapiens	Encontrado	https://alphafold.ebi.ac.uk/entry/O95342
ABCB11	missense_variant	uncertain significance, pathogenic	1559184972	O95342	rs1559184972	Q875E	0.973		O95342	Bile salt export pump	Homo sapiens	Encontrado	https://alphafold.ebi.ac.uk/entry/O95342
ABCB11	missense_variant	uncertain significance, pathogenic	1559184972	O95342	rs1559184972	Q875E	0.0		O95342	Bile salt export pump	Homo sapiens	Encontrado	https://alphafold.ebi.ac.uk/entry/O95342
ABCB11	missense_variant		1559185012						O95342	Bile salt export pump	Homo sapiens	Encontrado	https://alphafold.ebi.ac.uk/entry/O95342
ABCB11	missense_variant	uncertain significance	1559191495	O95342	rs1559191495	G824E	0.997		O95342	Bile salt export pump	Homo sapiens	Encontrado	https://alphafold.ebi.ac.uk/entry/O95342
ABCB11	missense_variant	uncertain significance	1559191495	O95342	rs1559191495	G824E	0.0		O95342	Bile salt export pump	Homo sapiens	Encontrado	https://alphafold.ebi.ac.uk/entry/O95342
ABCB11	missense_variant	uncertain significance, likely benign	1559202229	O95342	rs1559202229	K746N	0.039		O95342	Bile salt export pump	Homo sapiens	Encontrado	https://alphafold.ebi.ac.uk/entry/O95342
ABCB11	missense_variant	uncertain significance, likely benign	1559202229	O95342	rs1559202229	K746N	0.0		O95342	Bile salt export pump	Homo sapiens	Encontrado	https://alphafold.ebi.ac.uk/entry/O95342
ABCB11	missense_variant		1573942118						O95342	Bile salt export pump	Homo sapiens	Encontrado	https://alphafold.ebi.ac.uk/entry/O95342
ABCB11	missense_variant		1573942124						O95342	Bile salt export pump	Homo sapiens	Encontrado	https://alphafold.ebi.ac.uk/entry/O95342
ABCB11	missense_variant		1573953103						O95342	Bile salt export pump	Homo sapiens	Encontrado	https://alphafold.ebi.ac.uk/entry/O95342
ABCB11	missense_variant		1573953120						O95342	Bile salt export pump	Homo sapiens	Encontrado	https://alphafold.ebi.ac.uk/entry/O95342
ABCB11	missense_variant		1573953139						O95342	Bile salt export pump	Homo sapiens	Encontrado	https://alphafold.ebi.ac.uk/entry/O95342
ABCB11	missense_variant		1573953327						O95342	Bile salt export pump	Homo sapiens	Encontrado	https://alphafold.ebi.ac.uk/entry/O95342
ABCB11	missense_variant	uncertain significance	1573953443	O95342	rs1573953443	A214T	0.929		O95342	Bile salt export pump	Homo sapiens	Encontrado	https://alphafold.ebi.ac.uk/entry/O95342
ABCB11	missense_variant	uncertain significance	1573953443	O95342	rs1573953443	A214T	0.0		O95342	Bile salt export pump	Homo sapiens	Encontrado	https://alphafold.ebi.ac.uk/entry/O95342
ABCB11	missense_variant		1573978421						O95342	Bile salt export pump	Homo sapiens	Encontrado	https://alphafold.ebi.ac.uk/entry/O95342
ABCB11	missense_variant		1573978431						O95342	Bile salt export pump	Homo sapiens	Encontrado	https://alphafold.ebi.ac.uk/entry/O95342
ABCB11	missense_variant		1574390024						O95342	Bile salt export pump	Homo sapiens	Encontrado	https://alphafold.ebi.ac.uk/entry/O95342
ABCB11	missense_variant		1574394388						O95342	Bile salt export pump	Homo sapiens	Encontrado	https://alphafold.ebi.ac.uk/entry/O95342
ABCB11	missense_variant	uncertain significance	1574398620	O95342	rs1574398620	G1118S	1.0		O95342	Bile salt export pump	Homo sapiens	Encontrado	https://alphafold.ebi.ac.uk/entry/O95342
ABCB11	missense_variant	uncertain significance	1574398620	O95342	rs1574398620	G1118S	0.0		O95342	Bile salt export pump	Homo sapiens	Encontrado	https://alphafold.ebi.ac.uk/entry/O95342
ABCB11	missense_variant	uncertain significance	1574405020	O95342	rs1574405020	N979S	0.768		O95342	Bile salt export pump	Homo sapiens	Encontrado	https://alphafold.ebi.ac.uk/entry/O95342
ABCB11	missense_variant	uncertain significance	1574405020	O95342	rs1574405020	N979S	0.01		O95342	Bile salt export pump	Homo sapiens	Encontrado	https://alphafold.ebi.ac.uk/entry/O95342
ABCB11	missense_variant		1574439329						O95342	Bile salt export pump	Homo sapiens	Encontrado	https://alphafold.ebi.ac.uk/entry/O95342
ABCB11	missense_variant	likely benign	1574447074						O95342	Bile salt export pump	Homo sapiens	Encontrado	https://alphafold.ebi.ac.uk/entry/O95342
ABCB11	missense_variant		1574450947						O95342	Bile salt export pump	Homo sapiens	Encontrado	https://alphafold.ebi.ac.uk/entry/O95342
ABCB11	missense_variant	uncertain significance	1691168576	O95342	rs1691168576	T1316A	0.35		O95342	Bile salt export pump	Homo sapiens	Encontrado	https://alphafold.ebi.ac.uk/entry/O95342
ABCB11	missense_variant	uncertain significance	1691168576	O95342	rs1691168576	T1316A	0.0		O95342	Bile salt export pump	Homo sapiens	Encontrado	https://alphafold.ebi.ac.uk/entry/O95342
ABCB11	missense_variant		1691169756						O95342	Bile salt export pump	Homo sapiens	Encontrado	https://alphafold.ebi.ac.uk/entry/O95342
ABCB11	missense_variant	likely benign	1691170109						O95342	Bile salt export pump	Homo sapiens	Encontrado	https://alphafold.ebi.ac.uk/entry/O95342
ABCB11	missense_variant	uncertain significance	1691170783	O95342	rs1691170783	A1305D	0.001		O95342	Bile salt export pump	Homo sapiens	Encontrado	https://alphafold.ebi.ac.uk/entry/O95342
ABCB11	missense_variant	uncertain significance	1691170783	O95342	rs1691170783	A1305D	0.04		O95342	Bile salt export pump	Homo sapiens	Encontrado	https://alphafold.ebi.ac.uk/entry/O95342
ABCB11	missense_variant		1691171387						O95342	Bile salt export pump	Homo sapiens	Encontrado	https://alphafold.ebi.ac.uk/entry/O95342
ABCB11	missense_variant		1691173363						O95342	Bile salt export pump	Homo sapiens	Encontrado	https://alphafold.ebi.ac.uk/entry/O95342
ABCB11	missense_variant		1691176220						O95342	Bile salt export pump	Homo sapiens	Encontrado	https://alphafold.ebi.ac.uk/entry/O95342
ABCB11	missense_variant		1691176565						O95342	Bile salt export pump	Homo sapiens	Encontrado	https://alphafold.ebi.ac.uk/entry/O95342
ABCB11	missense_variant		1691177000						O95342	Bile salt export pump	Homo sapiens	Encontrado	https://alphafold.ebi.ac.uk/entry/O95342
ABCB11	missense_variant		1691179051						O95342	Bile salt export pump	Homo sapiens	Encontrado	https://alphafold.ebi.ac.uk/entry/O95342
ABCB11	missense_variant	likely benign	1691225783						O95342	Bile salt export pump	Homo sapiens	Encontrado	https://alphafold.ebi.ac.uk/entry/O95342
ABCB11	missense_variant		1691226792						O95342	Bile salt export pump	Homo sapiens	Encontrado	https://alphafold.ebi.ac.uk/entry/O95342
ABCB11	missense_variant		1691228515						O95342	Bile salt export pump	Homo sapiens	Encontrado	https://alphafold.ebi.ac.uk/entry/O95342
ABCB11	missense_variant		1691229721						O95342	Bile salt export pump	Homo sapiens	Encontrado	https://alphafold.ebi.ac.uk/entry/O95342
ABCB11	missense_variant		1691230094						O95342	Bile salt export pump	Homo sapiens	Encontrado	https://alphafold.ebi.ac.uk/entry/O95342
ABCB11	missense_variant		1691230734						O95342	Bile salt export pump	Homo sapiens	Encontrado	https://alphafold.ebi.ac.uk/entry/O95342
ABCB11	missense_variant		1691231616						O95342	Bile salt export pump	Homo sapiens	Encontrado	https://alphafold.ebi.ac.uk/entry/O95342
ABCB11	missense_variant	likely pathogenic, pathogenic	1691232631	O95342	rs1691232631	T1210P	0.998		O95342	Bile salt export pump	Homo sapiens	Encontrado	https://alphafold.ebi.ac.uk/entry/O95342
ABCB11	missense_variant	likely pathogenic, pathogenic	1691232631	O95342	rs1691232631	T1210P	0.0		O95342	Bile salt export pump	Homo sapiens	Encontrado	https://alphafold.ebi.ac.uk/entry/O95342
ABCB11	missense_variant		1691352939						O95342	Bile salt export pump	Homo sapiens	Encontrado	https://alphafold.ebi.ac.uk/entry/O95342
ABCB11	missense_variant		1691353510						O95342	Bile salt export pump	Homo sapiens	Encontrado	https://alphafold.ebi.ac.uk/entry/O95342
ABCB11	missense_variant		1691353761						O95342	Bile salt export pump	Homo sapiens	Encontrado	https://alphafold.ebi.ac.uk/entry/O95342
ABCB11	missense_variant		1691354017						O95342	Bile salt export pump	Homo sapiens	Encontrado	https://alphafold.ebi.ac.uk/entry/O95342
ABCB11	missense_variant		1691354118						O95342	Bile salt export pump	Homo sapiens	Encontrado	https://alphafold.ebi.ac.uk/entry/O95342
ABCB11	missense_variant		1691355165						O95342	Bile salt export pump	Homo sapiens	Encontrado	https://alphafold.ebi.ac.uk/entry/O95342
ABCB11	missense_variant		1691355973						O95342	Bile salt export pump	Homo sapiens	Encontrado	https://alphafold.ebi.ac.uk/entry/O95342
ABCB11	missense_variant	uncertain significance	1691356249	O95342	rs1691356249	M1185V	0.01		O95342	Bile salt export pump	Homo sapiens	Encontrado	https://alphafold.ebi.ac.uk/entry/O95342
ABCB11	missense_variant	uncertain significance	1691356249	O95342	rs1691356249	M1185V	0.01		O95342	Bile salt export pump	Homo sapiens	Encontrado	https://alphafold.ebi.ac.uk/entry/O95342
ABCB11	missense_variant		1691357055						O95342	Bile salt export pump	Homo sapiens	Encontrado	https://alphafold.ebi.ac.uk/entry/O95342
ABCB11	missense_variant		1691358298						O95342	Bile salt export pump	Homo sapiens	Encontrado	https://alphafold.ebi.ac.uk/entry/O95342
ABCB11	missense_variant		1691358688						O95342	Bile salt export pump	Homo sapiens	Encontrado	https://alphafold.ebi.ac.uk/entry/O95342
ABCB11	missense_variant	uncertain significance	1691360150	O95342	rs1691360150	A1167S	0.027		O95342	Bile salt export pump	Homo sapiens	Encontrado	https://alphafold.ebi.ac.uk/entry/O95342
ABCB11	missense_variant	uncertain significance	1691360150	O95342	rs1691360150	A1167S	0.02		O95342	Bile salt export pump	Homo sapiens	Encontrado	https://alphafold.ebi.ac.uk/entry/O95342
ABCB11	missense_variant	uncertain significance	1691361418						O95342	Bile salt export pump	Homo sapiens	Encontrado	https://alphafold.ebi.ac.uk/entry/O95342
ABCB11	missense_variant		1691364184						O95342	Bile salt export pump	Homo sapiens	Encontrado	https://alphafold.ebi.ac.uk/entry/O95342
ABCB11	missense_variant		1691365623						O95342	Bile salt export pump	Homo sapiens	Encontrado	https://alphafold.ebi.ac.uk/entry/O95342
ABCB11	missense_variant		1691526531						O95342	Bile salt export pump	Homo sapiens	Encontrado	https://alphafold.ebi.ac.uk/entry/O95342
ABCB11	missense_variant		1691527195						O95342	Bile salt export pump	Homo sapiens	Encontrado	https://alphafold.ebi.ac.uk/entry/O95342
ABCB11	missense_variant		1691532160						O95342	Bile salt export pump	Homo sapiens	Encontrado	https://alphafold.ebi.ac.uk/entry/O95342
ABCB11	missense_variant		1691533429						O95342	Bile salt export pump	Homo sapiens	Encontrado	https://alphafold.ebi.ac.uk/entry/O95342
ABCB11	missense_variant		1691536635						O95342	Bile salt export pump	Homo sapiens	Encontrado	https://alphafold.ebi.ac.uk/entry/O95342
ABCB11	missense_variant		1691537592						O95342	Bile salt export pump	Homo sapiens	Encontrado	https://alphafold.ebi.ac.uk/entry/O95342
ABCB11	missense_variant		1691539385						O95342	Bile salt export pump	Homo sapiens	Encontrado	https://alphafold.ebi.ac.uk/entry/O95342
ABCB11	missense_variant		1691612861						O95342	Bile salt export pump	Homo sapiens	Encontrado	https://alphafold.ebi.ac.uk/entry/O95342
ABCB11	missense_variant		1691622258						O95342	Bile salt export pump	Homo sapiens	Encontrado	https://alphafold.ebi.ac.uk/entry/O95342
ABCB11	missense_variant		1691759174						O95342	Bile salt export pump	Homo sapiens	Encontrado	https://alphafold.ebi.ac.uk/entry/O95342
ABCB11	missense_variant	uncertain significance	1691759463	O95342	rs1691759463	V1017M	0.998		O95342	Bile salt export pump	Homo sapiens	Encontrado	https://alphafold.ebi.ac.uk/entry/O95342
ABCB11	missense_variant	uncertain significance	1691759463	O95342	rs1691759463	V1017M	0.13		O95342	Bile salt export pump	Homo sapiens	Encontrado	https://alphafold.ebi.ac.uk/entry/O95342
ABCB11	missense_variant	uncertain significance	1691759463	O95342	rs1691759463	V1017M	0.998		O95342	Bile salt export pump	Homo sapiens	Encontrado	https://alphafold.ebi.ac.uk/entry/O95342
ABCB11	missense_variant	uncertain significance	1691759463	O95342	rs1691759463	V1017M	0.0		O95342	Bile salt export pump	Homo sapiens	Encontrado	https://alphafold.ebi.ac.uk/entry/O95342
ABCB11	missense_variant		1691765741						O95342	Bile salt export pump	Homo sapiens	Encontrado	https://alphafold.ebi.ac.uk/entry/O95342
ABCB11	missense_variant		1691766139						O95342	Bile salt export pump	Homo sapiens	Encontrado	https://alphafold.ebi.ac.uk/entry/O95342
ABCB11	missense_variant		1691766551						O95342	Bile salt export pump	Homo sapiens	Encontrado	https://alphafold.ebi.ac.uk/entry/O95342
ABCB11	missense_variant		1691767043						O95342	Bile salt export pump	Homo sapiens	Encontrado	https://alphafold.ebi.ac.uk/entry/O95342
ABCB11	missense_variant		1691767436						O95342	Bile salt export pump	Homo sapiens	Encontrado	https://alphafold.ebi.ac.uk/entry/O95342
ABCB11	missense_variant		1691768380						O95342	Bile salt export pump	Homo sapiens	Encontrado	https://alphafold.ebi.ac.uk/entry/O95342
ABCB11	missense_variant		1691769581						O95342	Bile salt export pump	Homo sapiens	Encontrado	https://alphafold.ebi.ac.uk/entry/O95342
ABCB11	missense_variant		1691770024						O95342	Bile salt export pump	Homo sapiens	Encontrado	https://alphafold.ebi.ac.uk/entry/O95342
ABCB11	missense_variant		1691770147						O95342	Bile salt export pump	Homo sapiens	Encontrado	https://alphafold.ebi.ac.uk/entry/O95342
ABCB11	missense_variant		1691773192						O95342	Bile salt export pump	Homo sapiens	Encontrado	https://alphafold.ebi.ac.uk/entry/O95342
ABCB11	missense_variant		1691774594						O95342	Bile salt export pump	Homo sapiens	Encontrado	https://alphafold.ebi.ac.uk/entry/O95342
ABCB11	missense_variant		1691818224						O95342	Bile salt export pump	Homo sapiens	Encontrado	https://alphafold.ebi.ac.uk/entry/O95342
ABCB11	missense_variant		1691818339						O95342	Bile salt export pump	Homo sapiens	Encontrado	https://alphafold.ebi.ac.uk/entry/O95342
ABCB11	missense_variant		1691819520						O95342	Bile salt export pump	Homo sapiens	Encontrado	https://alphafold.ebi.ac.uk/entry/O95342
ABCB11	missense_variant		1691822500						O95342	Bile salt export pump	Homo sapiens	Encontrado	https://alphafold.ebi.ac.uk/entry/O95342
ABCB11	missense_variant		1691824005						O95342	Bile salt export pump	Homo sapiens	Encontrado	https://alphafold.ebi.ac.uk/entry/O95342
ABCB11	missense_variant		1691825719						O95342	Bile salt export pump	Homo sapiens	Encontrado	https://alphafold.ebi.ac.uk/entry/O95342
ABCB11	missense_variant		1691826266						O95342	Bile salt export pump	Homo sapiens	Encontrado	https://alphafold.ebi.ac.uk/entry/O95342
ABCB11	missense_variant		1691827153						O95342	Bile salt export pump	Homo sapiens	Encontrado	https://alphafold.ebi.ac.uk/entry/O95342
ABCB11	missense_variant		1691827755						O95342	Bile salt export pump	Homo sapiens	Encontrado	https://alphafold.ebi.ac.uk/entry/O95342
ABCB11	missense_variant		1691828372						O95342	Bile salt export pump	Homo sapiens	Encontrado	https://alphafold.ebi.ac.uk/entry/O95342
ABCB11	missense_variant		1691828835						O95342	Bile salt export pump	Homo sapiens	Encontrado	https://alphafold.ebi.ac.uk/entry/O95342
ABCB11	missense_variant		1691829416						O95342	Bile salt export pump	Homo sapiens	Encontrado	https://alphafold.ebi.ac.uk/entry/O95342
ABCB11	missense_variant		1691830046						O95342	Bile salt export pump	Homo sapiens	Encontrado	https://alphafold.ebi.ac.uk/entry/O95342
ABCB11	missense_variant		1692216173						O95342	Bile salt export pump	Homo sapiens	Encontrado	https://alphafold.ebi.ac.uk/entry/O95342
ABCB11	missense_variant		1692217194						O95342	Bile salt export pump	Homo sapiens	Encontrado	https://alphafold.ebi.ac.uk/entry/O95342
ABCB11	missense_variant		1692217611						O95342	Bile salt export pump	Homo sapiens	Encontrado	https://alphafold.ebi.ac.uk/entry/O95342
ABCB11	missense_variant		1692220007						O95342	Bile salt export pump	Homo sapiens	Encontrado	https://alphafold.ebi.ac.uk/entry/O95342
ABCB11	missense_variant		1692220170						O95342	Bile salt export pump	Homo sapiens	Encontrado	https://alphafold.ebi.ac.uk/entry/O95342
ABCB11	missense_variant		1692221144						O95342	Bile salt export pump	Homo sapiens	Encontrado	https://alphafold.ebi.ac.uk/entry/O95342
ABCB11	missense_variant		1692222101						O95342	Bile salt export pump	Homo sapiens	Encontrado	https://alphafold.ebi.ac.uk/entry/O95342
ABCB11	missense_variant		1692224522						O95342	Bile salt export pump	Homo sapiens	Encontrado	https://alphafold.ebi.ac.uk/entry/O95342
ABCB11	missense_variant		1692225378						O95342	Bile salt export pump	Homo sapiens	Encontrado	https://alphafold.ebi.ac.uk/entry/O95342
ABCB11	missense_variant		1692230620						O95342	Bile salt export pump	Homo sapiens	Encontrado	https://alphafold.ebi.ac.uk/entry/O95342
ABCB11	missense_variant		1692230993						O95342	Bile salt export pump	Homo sapiens	Encontrado	https://alphafold.ebi.ac.uk/entry/O95342
ABCB11	missense_variant	uncertain significance	1692231118	O95342	rs1692231118	M805V	0.0		O95342	Bile salt export pump	Homo sapiens	Encontrado	https://alphafold.ebi.ac.uk/entry/O95342
ABCB11	missense_variant	uncertain significance	1692231118	O95342	rs1692231118	M805V	1.0		O95342	Bile salt export pump	Homo sapiens	Encontrado	https://alphafold.ebi.ac.uk/entry/O95342
ABCB11	missense_variant		1692233583						O95342	Bile salt export pump	Homo sapiens	Encontrado	https://alphafold.ebi.ac.uk/entry/O95342
ABCB11	missense_variant		1692234660						O95342	Bile salt export pump	Homo sapiens	Encontrado	https://alphafold.ebi.ac.uk/entry/O95342
ABCB11	missense_variant		1692869493						O95342	Bile salt export pump	Homo sapiens	Encontrado	https://alphafold.ebi.ac.uk/entry/O95342
ABCB11	missense_variant	uncertain significance	1692871774						O95342	Bile salt export pump	Homo sapiens	Encontrado	https://alphafold.ebi.ac.uk/entry/O95342
ABCB11	missense_variant		1692872473						O95342	Bile salt export pump	Homo sapiens	Encontrado	https://alphafold.ebi.ac.uk/entry/O95342
ABCB11	missense_variant		1692872609						O95342	Bile salt export pump	Homo sapiens	Encontrado	https://alphafold.ebi.ac.uk/entry/O95342
ABCB11	missense_variant		1692873401						O95342	Bile salt export pump	Homo sapiens	Encontrado	https://alphafold.ebi.ac.uk/entry/O95342
ABCB11	missense_variant		1692873916						O95342	Bile salt export pump	Homo sapiens	Encontrado	https://alphafold.ebi.ac.uk/entry/O95342
ABCB11	missense_variant		1692874538						O95342	Bile salt export pump	Homo sapiens	Encontrado	https://alphafold.ebi.ac.uk/entry/O95342
ABCB11	missense_variant		1692874860						O95342	Bile salt export pump	Homo sapiens	Encontrado	https://alphafold.ebi.ac.uk/entry/O95342
ABCB11	missense_variant		1692879273						O95342	Bile salt export pump	Homo sapiens	Encontrado	https://alphafold.ebi.ac.uk/entry/O95342
ABCB11	missense_variant		1692880074						O95342	Bile salt export pump	Homo sapiens	Encontrado	https://alphafold.ebi.ac.uk/entry/O95342
ABCB11	missense_variant		1693198844						O95342	Bile salt export pump	Homo sapiens	Encontrado	https://alphafold.ebi.ac.uk/entry/O95342
ABCB11	missense_variant		1693199864						O95342	Bile salt export pump	Homo sapiens	Encontrado	https://alphafold.ebi.ac.uk/entry/O95342
ABCB11	missense_variant		1693412704						O95342	Bile salt export pump	Homo sapiens	Encontrado	https://alphafold.ebi.ac.uk/entry/O95342
ABCB11	missense_variant		1693413947						O95342	Bile salt export pump	Homo sapiens	Encontrado	https://alphafold.ebi.ac.uk/entry/O95342
ABCB11	missense_variant		1693414278						O95342	Bile salt export pump	Homo sapiens	Encontrado	https://alphafold.ebi.ac.uk/entry/O95342
ABCB11	missense_variant		1693465634						O95342	Bile salt export pump	Homo sapiens	Encontrado	https://alphafold.ebi.ac.uk/entry/O95342
ABCB11	missense_variant		1693466926						O95342	Bile salt export pump	Homo sapiens	Encontrado	https://alphafold.ebi.ac.uk/entry/O95342
ABCB11	missense_variant		1693468020						O95342	Bile salt export pump	Homo sapiens	Encontrado	https://alphafold.ebi.ac.uk/entry/O95342
ABCB11	missense_variant		1693469223						O95342	Bile salt export pump	Homo sapiens	Encontrado	https://alphafold.ebi.ac.uk/entry/O95342
ABCB11	missense_variant		1693470841						O95342	Bile salt export pump	Homo sapiens	Encontrado	https://alphafold.ebi.ac.uk/entry/O95342
ABCB11	missense_variant		1693471033						O95342	Bile salt export pump	Homo sapiens	Encontrado	https://alphafold.ebi.ac.uk/entry/O95342
ABCB11	missense_variant		1693473039						O95342	Bile salt export pump	Homo sapiens	Encontrado	https://alphafold.ebi.ac.uk/entry/O95342
ABCB11	missense_variant		1693474350						O95342	Bile salt export pump	Homo sapiens	Encontrado	https://alphafold.ebi.ac.uk/entry/O95342
ABCB11	missense_variant		1693474476						O95342	Bile salt export pump	Homo sapiens	Encontrado	https://alphafold.ebi.ac.uk/entry/O95342
ABCB11	missense_variant		1693475273						O95342	Bile salt export pump	Homo sapiens	Encontrado	https://alphafold.ebi.ac.uk/entry/O95342
ABCB11	missense_variant		1693506056						O95342	Bile salt export pump	Homo sapiens	Encontrado	https://alphafold.ebi.ac.uk/entry/O95342
ABCB11	missense_variant	likely pathogenic	1693509331						O95342	Bile salt export pump	Homo sapiens	Encontrado	https://alphafold.ebi.ac.uk/entry/O95342
ABCB11	missense_variant		1693510228						O95342	Bile salt export pump	Homo sapiens	Encontrado	https://alphafold.ebi.ac.uk/entry/O95342
ABCB11	missense_variant		1693510595						O95342	Bile salt export pump	Homo sapiens	Encontrado	https://alphafold.ebi.ac.uk/entry/O95342
ABCB11	missense_variant		1693520829						O95342	Bile salt export pump	Homo sapiens	Encontrado	https://alphafold.ebi.ac.uk/entry/O95342
ABCB11	missense_variant		1693521287						O95342	Bile salt export pump	Homo sapiens	Encontrado	https://alphafold.ebi.ac.uk/entry/O95342
ABCB11	missense_variant		1693592484						O95342	Bile salt export pump	Homo sapiens	Encontrado	https://alphafold.ebi.ac.uk/entry/O95342
ABCB11	missense_variant		1693593503						O95342	Bile salt export pump	Homo sapiens	Encontrado	https://alphafold.ebi.ac.uk/entry/O95342
ABCB11	missense_variant		1693593913						O95342	Bile salt export pump	Homo sapiens	Encontrado	https://alphafold.ebi.ac.uk/entry/O95342
ABCB11	missense_variant		1693594029						O95342	Bile salt export pump	Homo sapiens	Encontrado	https://alphafold.ebi.ac.uk/entry/O95342
ABCB11	missense_variant		1693595313						O95342	Bile salt export pump	Homo sapiens	Encontrado	https://alphafold.ebi.ac.uk/entry/O95342
ABCB11	missense_variant	uncertain significance	1693598529						O95342	Bile salt export pump	Homo sapiens	Encontrado	https://alphafold.ebi.ac.uk/entry/O95342
ABCB11	missense_variant	likely benign	1693599346						O95342	Bile salt export pump	Homo sapiens	Encontrado	https://alphafold.ebi.ac.uk/entry/O95342
ABCB11	missense_variant		1693600554						O95342	Bile salt export pump	Homo sapiens	Encontrado	https://alphafold.ebi.ac.uk/entry/O95342
ABCB11	missense_variant		1693601413						O95342	Bile salt export pump	Homo sapiens	Encontrado	https://alphafold.ebi.ac.uk/entry/O95342
ABCB11	missense_variant	likely pathogenic	1693604030	O95342	rs1693604030	V481E	0.453		O95342	Bile salt export pump	Homo sapiens	Encontrado	https://alphafold.ebi.ac.uk/entry/O95342
ABCB11	missense_variant	likely pathogenic	1693604030	O95342	rs1693604030	V481E	0.0		O95342	Bile salt export pump	Homo sapiens	Encontrado	https://alphafold.ebi.ac.uk/entry/O95342
ABCB11	missense_variant	uncertain significance	1693604604	O95342	rs1693604604	V479M	0.972		O95342	Bile salt export pump	Homo sapiens	Encontrado	https://alphafold.ebi.ac.uk/entry/O95342
ABCB11	missense_variant	uncertain significance	1693604604	O95342	rs1693604604	V479M	0.0		O95342	Bile salt export pump	Homo sapiens	Encontrado	https://alphafold.ebi.ac.uk/entry/O95342
ABCB11	missense_variant		1693694591						O95342	Bile salt export pump	Homo sapiens	Encontrado	https://alphafold.ebi.ac.uk/entry/O95342
ABCB11	missense_variant		1693698505						O95342	Bile salt export pump	Homo sapiens	Encontrado	https://alphafold.ebi.ac.uk/entry/O95342
ABCB11	missense_variant		1693698735						O95342	Bile salt export pump	Homo sapiens	Encontrado	https://alphafold.ebi.ac.uk/entry/O95342
ABCB11	missense_variant		1693700599						O95342	Bile salt export pump	Homo sapiens	Encontrado	https://alphafold.ebi.ac.uk/entry/O95342
ABCB11	missense_variant		1693701405						O95342	Bile salt export pump	Homo sapiens	Encontrado	https://alphafold.ebi.ac.uk/entry/O95342
ABCB11	missense_variant		1693702712						O95342	Bile salt export pump	Homo sapiens	Encontrado	https://alphafold.ebi.ac.uk/entry/O95342
ABCB11	missense_variant		1693917661						O95342	Bile salt export pump	Homo sapiens	Encontrado	https://alphafold.ebi.ac.uk/entry/O95342
ABCB11	missense_variant		1693918824						O95342	Bile salt export pump	Homo sapiens	Encontrado	https://alphafold.ebi.ac.uk/entry/O95342
ABCB11	missense_variant	uncertain significance, pathogenic	1693919240	O95342	rs1693919240	I420T	0.854		O95342	Bile salt export pump	Homo sapiens	Encontrado	https://alphafold.ebi.ac.uk/entry/O95342
ABCB11	missense_variant	uncertain significance, pathogenic	1693919240	O95342	rs1693919240	I420T	0.0		O95342	Bile salt export pump	Homo sapiens	Encontrado	https://alphafold.ebi.ac.uk/entry/O95342
ABCB11	missense_variant		1693921337						O95342	Bile salt export pump	Homo sapiens	Encontrado	https://alphafold.ebi.ac.uk/entry/O95342
ABCB11	missense_variant		1694076176						O95342	Bile salt export pump	Homo sapiens	Encontrado	https://alphafold.ebi.ac.uk/entry/O95342
ABCB11	missense_variant		1694077462						O95342	Bile salt export pump	Homo sapiens	Encontrado	https://alphafold.ebi.ac.uk/entry/O95342
ABCB11	missense_variant		1694077640						O95342	Bile salt export pump	Homo sapiens	Encontrado	https://alphafold.ebi.ac.uk/entry/O95342
ABCB11	missense_variant		1694078748						O95342	Bile salt export pump	Homo sapiens	Encontrado	https://alphafold.ebi.ac.uk/entry/O95342
ABCB11	missense_variant		1694079445						O95342	Bile salt export pump	Homo sapiens	Encontrado	https://alphafold.ebi.ac.uk/entry/O95342
ABCB11	missense_variant		1694079663						O95342	Bile salt export pump	Homo sapiens	Encontrado	https://alphafold.ebi.ac.uk/entry/O95342
ABCB11	missense_variant		1694080197						O95342	Bile salt export pump	Homo sapiens	Encontrado	https://alphafold.ebi.ac.uk/entry/O95342
ABCB11	missense_variant		1694080715						O95342	Bile salt export pump	Homo sapiens	Encontrado	https://alphafold.ebi.ac.uk/entry/O95342
ABCB11	missense_variant		1694309901						O95342	Bile salt export pump	Homo sapiens	Encontrado	https://alphafold.ebi.ac.uk/entry/O95342
ABCB11	missense_variant		1694310259						O95342	Bile salt export pump	Homo sapiens	Encontrado	https://alphafold.ebi.ac.uk/entry/O95342
ABCB11	missense_variant		1694311289						O95342	Bile salt export pump	Homo sapiens	Encontrado	https://alphafold.ebi.ac.uk/entry/O95342
ABCB11	missense_variant		1694311697						O95342	Bile salt export pump	Homo sapiens	Encontrado	https://alphafold.ebi.ac.uk/entry/O95342
ABCB11	missense_variant	uncertain significance	1694312136						O95342	Bile salt export pump	Homo sapiens	Encontrado	https://alphafold.ebi.ac.uk/entry/O95342
ABCB11	missense_variant		1694315046						O95342	Bile salt export pump	Homo sapiens	Encontrado	https://alphafold.ebi.ac.uk/entry/O95342
ABCB11	missense_variant		1694318872						O95342	Bile salt export pump	Homo sapiens	Encontrado	https://alphafold.ebi.ac.uk/entry/O95342
ABCB11	missense_variant	uncertain significance	1694321895	O95342	rs1694321895	K306R	0.003		O95342	Bile salt export pump	Homo sapiens	Encontrado	https://alphafold.ebi.ac.uk/entry/O95342
ABCB11	missense_variant	uncertain significance	1694321895	O95342	rs1694321895	K306R	0.46		O95342	Bile salt export pump	Homo sapiens	Encontrado	https://alphafold.ebi.ac.uk/entry/O95342
ABCB11	missense_variant	likely benign	1694489538						O95342	Bile salt export pump	Homo sapiens	Encontrado	https://alphafold.ebi.ac.uk/entry/O95342
ABCB11	missense_variant		1694492428						O95342	Bile salt export pump	Homo sapiens	Encontrado	https://alphafold.ebi.ac.uk/entry/O95342
ABCB11	missense_variant		1694493809						O95342	Bile salt export pump	Homo sapiens	Encontrado	https://alphafold.ebi.ac.uk/entry/O95342
ABCB11	missense_variant		1694494141						O95342	Bile salt export pump	Homo sapiens	Encontrado	https://alphafold.ebi.ac.uk/entry/O95342
ABCB11	missense_variant		1694494467						O95342	Bile salt export pump	Homo sapiens	Encontrado	https://alphafold.ebi.ac.uk/entry/O95342
ABCB11	missense_variant		1694495645						O95342	Bile salt export pump	Homo sapiens	Encontrado	https://alphafold.ebi.ac.uk/entry/O95342
ABCB11	missense_variant		1694496407						O95342	Bile salt export pump	Homo sapiens	Encontrado	https://alphafold.ebi.ac.uk/entry/O95342
ABCB11	missense_variant	likely benign	1694496566						O95342	Bile salt export pump	Homo sapiens	Encontrado	https://alphafold.ebi.ac.uk/entry/O95342
ABCB11	missense_variant		1694621043						O95342	Bile salt export pump	Homo sapiens	Encontrado	https://alphafold.ebi.ac.uk/entry/O95342
ABCB11	missense_variant		1694626530						O95342	Bile salt export pump	Homo sapiens	Encontrado	https://alphafold.ebi.ac.uk/entry/O95342
ABCB11	missense_variant		1694627317						O95342	Bile salt export pump	Homo sapiens	Encontrado	https://alphafold.ebi.ac.uk/entry/O95342
ABCB11	missense_variant	uncertain significance	1694627605						O95342	Bile salt export pump	Homo sapiens	Encontrado	https://alphafold.ebi.ac.uk/entry/O95342
ABCB11	missense_variant		1694628583						O95342	Bile salt export pump	Homo sapiens	Encontrado	https://alphafold.ebi.ac.uk/entry/O95342
ABCB11	missense_variant		1694629328						O95342	Bile salt export pump	Homo sapiens	Encontrado	https://alphafold.ebi.ac.uk/entry/O95342
ABCB11	missense_variant		1694680680						O95342	Bile salt export pump	Homo sapiens	Encontrado	https://alphafold.ebi.ac.uk/entry/O95342
ABCB11	missense_variant		1694681238						O95342	Bile salt export pump	Homo sapiens	Encontrado	https://alphafold.ebi.ac.uk/entry/O95342
ABCB11	missense_variant		1694681496						O95342	Bile salt export pump	Homo sapiens	Encontrado	https://alphafold.ebi.ac.uk/entry/O95342
ABCB11	missense_variant		1694682054						O95342	Bile salt export pump	Homo sapiens	Encontrado	https://alphafold.ebi.ac.uk/entry/O95342
ABCB11	missense_variant	uncertain significance	1694682592	O95342	rs1694682592	Q170R	0.999		O95342	Bile salt export pump	Homo sapiens	Encontrado	https://alphafold.ebi.ac.uk/entry/O95342
ABCB11	missense_variant	uncertain significance	1694682592	O95342	rs1694682592	Q170R	0.0		O95342	Bile salt export pump	Homo sapiens	Encontrado	https://alphafold.ebi.ac.uk/entry/O95342
ABCB11	missense_variant	uncertain significance	1694683796	O95342	rs1694683796	C161R	0.003		O95342	Bile salt export pump	Homo sapiens	Encontrado	https://alphafold.ebi.ac.uk/entry/O95342
ABCB11	missense_variant	uncertain significance	1694683796	O95342	rs1694683796	C161R	0.05		O95342	Bile salt export pump	Homo sapiens	Encontrado	https://alphafold.ebi.ac.uk/entry/O95342
ABCB11	missense_variant		1694723976						O95342	Bile salt export pump	Homo sapiens	Encontrado	https://alphafold.ebi.ac.uk/entry/O95342
ABCB11	missense_variant		1694726616						O95342	Bile salt export pump	Homo sapiens	Encontrado	https://alphafold.ebi.ac.uk/entry/O95342
ABCB11	missense_variant	likely pathogenic	1695246652						O95342	Bile salt export pump	Homo sapiens	Encontrado	https://alphafold.ebi.ac.uk/entry/O95342
ABCB11	missense_variant		1695247317						O95342	Bile salt export pump	Homo sapiens	Encontrado	https://alphafold.ebi.ac.uk/entry/O95342
ABCB11	missense_variant		1695248585						O95342	Bile salt export pump	Homo sapiens	Encontrado	https://alphafold.ebi.ac.uk/entry/O95342
ABCB11	missense_variant		1695248971						O95342	Bile salt export pump	Homo sapiens	Encontrado	https://alphafold.ebi.ac.uk/entry/O95342
ABCB11	missense_variant		1695249818						O95342	Bile salt export pump	Homo sapiens	Encontrado	https://alphafold.ebi.ac.uk/entry/O95342
ABCB11	missense_variant		1695250530						O95342	Bile salt export pump	Homo sapiens	Encontrado	https://alphafold.ebi.ac.uk/entry/O95342
ABCB11	missense_variant		1695251327						O95342	Bile salt export pump	Homo sapiens	Encontrado	https://alphafold.ebi.ac.uk/entry/O95342
ABCB11	missense_variant	uncertain significance, likely pathogenic	1695251731	O95342	rs1695251731	D88V	0.985		O95342	Bile salt export pump	Homo sapiens	Encontrado	https://alphafold.ebi.ac.uk/entry/O95342
ABCB11	missense_variant	uncertain significance, likely pathogenic	1695251731	O95342	rs1695251731	D88V	0.0		O95342	Bile salt export pump	Homo sapiens	Encontrado	https://alphafold.ebi.ac.uk/entry/O95342
ABCB11	missense_variant	uncertain significance	1695254190	O95342	rs1695254190	F70L	0.0		O95342	Bile salt export pump	Homo sapiens	Encontrado	https://alphafold.ebi.ac.uk/entry/O95342
ABCB11	missense_variant	uncertain significance	1695254190	O95342	rs1695254190	F70L	0.68		O95342	Bile salt export pump	Homo sapiens	Encontrado	https://alphafold.ebi.ac.uk/entry/O95342
ABCB11	missense_variant	uncertain significance	1695254445						O95342	Bile salt export pump	Homo sapiens	Encontrado	https://alphafold.ebi.ac.uk/entry/O95342
ABCB11	missense_variant		1695254883						O95342	Bile salt export pump	Homo sapiens	Encontrado	https://alphafold.ebi.ac.uk/entry/O95342
ABCB11	missense_variant		1695370237						O95342	Bile salt export pump	Homo sapiens	Encontrado	https://alphafold.ebi.ac.uk/entry/O95342
ABCB11	missense_variant		1695370573						O95342	Bile salt export pump	Homo sapiens	Encontrado	https://alphafold.ebi.ac.uk/entry/O95342
ABCB11	missense_variant		1695418048						O95342	Bile salt export pump	Homo sapiens	Encontrado	https://alphafold.ebi.ac.uk/entry/O95342
ABCB11	missense_variant		1695418217						O95342	Bile salt export pump	Homo sapiens	Encontrado	https://alphafold.ebi.ac.uk/entry/O95342
ABCB11	missense_variant	likely pathogenic, pathogenic	1695418522						O95342	Bile salt export pump	Homo sapiens	Encontrado	https://alphafold.ebi.ac.uk/entry/O95342
ABCB11	missense_variant		1695419056						O95342	Bile salt export pump	Homo sapiens	Encontrado	https://alphafold.ebi.ac.uk/entry/O95342
ABCB11	missense_variant		1695419299						O95342	Bile salt export pump	Homo sapiens	Encontrado	https://alphafold.ebi.ac.uk/entry/O95342
ABCB11	missense_variant		1695419588						O95342	Bile salt export pump	Homo sapiens	Encontrado	https://alphafold.ebi.ac.uk/entry/O95342
ABCB11	missense_variant		1695420069						O95342	Bile salt export pump	Homo sapiens	Encontrado	https://alphafold.ebi.ac.uk/entry/O95342
ABCB11	missense_variant	uncertain significance, likely benign	181533618	O95342	rs181533618	R128H	0.379		O95342	Bile salt export pump	Homo sapiens	Encontrado	https://alphafold.ebi.ac.uk/entry/O95342
ABCB11	missense_variant	uncertain significance, likely benign	181533618	O95342	rs181533618	R128H	0.17		O95342	Bile salt export pump	Homo sapiens	Encontrado	https://alphafold.ebi.ac.uk/entry/O95342
ABCB11	missense_variant		182129818						O95342	Bile salt export pump	Homo sapiens	Encontrado	https://alphafold.ebi.ac.uk/entry/O95342
ABCB11	missense_variant	uncertain significance, likely benign	183406496	O95342	rs183406496	V43F	0.0		O95342	Bile salt export pump	Homo sapiens	Encontrado	https://alphafold.ebi.ac.uk/entry/O95342
ABCB11	missense_variant	uncertain significance, likely benign	183406496	O95342	rs183406496	V43F	0.04		O95342	Bile salt export pump	Homo sapiens	Encontrado	https://alphafold.ebi.ac.uk/entry/O95342
ABCB11	missense_variant	uncertain significance, likely benign	183406496	O95342	rs183406496	V43I	0.0		O95342	Bile salt export pump	Homo sapiens	Encontrado	https://alphafold.ebi.ac.uk/entry/O95342
ABCB11	missense_variant	uncertain significance, likely benign	183406496	O95342	rs183406496	V43I	1.0		O95342	Bile salt export pump	Homo sapiens	Encontrado	https://alphafold.ebi.ac.uk/entry/O95342
ABCB11	missense_variant		183499641						O95342	Bile salt export pump	Homo sapiens	Encontrado	https://alphafold.ebi.ac.uk/entry/O95342
ABCB11	missense_variant	uncertain significance, likely benign	183621659	O95342	rs183621659	M1171T	0.001		O95342	Bile salt export pump	Homo sapiens	Encontrado	https://alphafold.ebi.ac.uk/entry/O95342
ABCB11	missense_variant	uncertain significance, likely benign	183621659	O95342	rs183621659	M1171T	0.03		O95342	Bile salt export pump	Homo sapiens	Encontrado	https://alphafold.ebi.ac.uk/entry/O95342
ABCB11	missense_variant	uncertain significance	184334834	O95342	rs184334834	S874P	0.024		O95342	Bile salt export pump	Homo sapiens	Encontrado	https://alphafold.ebi.ac.uk/entry/O95342
ABCB11	missense_variant	uncertain significance	184334834	O95342	rs184334834	S874P	0.02		O95342	Bile salt export pump	Homo sapiens	Encontrado	https://alphafold.ebi.ac.uk/entry/O95342
ABCB11	missense_variant		186967666						O95342	Bile salt export pump	Homo sapiens	Encontrado	https://alphafold.ebi.ac.uk/entry/O95342
ABCB11	missense_variant	likely benign	187663132	O95342	rs187663132	T965S	0.007		O95342	Bile salt export pump	Homo sapiens	Encontrado	https://alphafold.ebi.ac.uk/entry/O95342
ABCB11	missense_variant	likely benign	187663132	O95342	rs187663132	T965S	0.1		O95342	Bile salt export pump	Homo sapiens	Encontrado	https://alphafold.ebi.ac.uk/entry/O95342
ABCB11	missense_variant	uncertain significance, likely pathogenic, pathogenic	188824058	O95342	rs188824058	R487H	0.99		O95342	Bile salt export pump	Homo sapiens	Encontrado	https://alphafold.ebi.ac.uk/entry/O95342
ABCB11	missense_variant	uncertain significance, likely pathogenic, pathogenic	188824058	O95342	rs188824058	R487H	0.0		O95342	Bile salt export pump	Homo sapiens	Encontrado	https://alphafold.ebi.ac.uk/entry/O95342
ABCB11	missense_variant	uncertain significance, likely pathogenic, pathogenic	188824058	O95342	rs188824058	R487P	0.981		O95342	Bile salt export pump	Homo sapiens	Encontrado	https://alphafold.ebi.ac.uk/entry/O95342
ABCB11	missense_variant	uncertain significance, likely pathogenic, pathogenic	188824058	O95342	rs188824058	R487P	0.0		O95342	Bile salt export pump	Homo sapiens	Encontrado	https://alphafold.ebi.ac.uk/entry/O95342
ABCB11	missense_variant		188946054						O95342	Bile salt export pump	Homo sapiens	Encontrado	https://alphafold.ebi.ac.uk/entry/O95342
ABCB11	missense_variant		190094490						O95342	Bile salt export pump	Homo sapiens	Encontrado	https://alphafold.ebi.ac.uk/entry/O95342
ABCB11	missense_variant		190613050						O95342	Bile salt export pump	Homo sapiens	Encontrado	https://alphafold.ebi.ac.uk/entry/O95342
ABCB11	missense_variant		192999247						O95342	Bile salt export pump	Homo sapiens	Encontrado	https://alphafold.ebi.ac.uk/entry/O95342
ABCB11	missense_variant		193101681						O95342	Bile salt export pump	Homo sapiens	Encontrado	https://alphafold.ebi.ac.uk/entry/O95342
ABCB11	missense_variant	uncertain significance	199514789	O95342	rs199514789	T923I	0.91		O95342	Bile salt export pump	Homo sapiens	Encontrado	https://alphafold.ebi.ac.uk/entry/O95342
ABCB11	missense_variant	uncertain significance	199514789	O95342	rs199514789	T923I	0.01		O95342	Bile salt export pump	Homo sapiens	Encontrado	https://alphafold.ebi.ac.uk/entry/O95342
ABCB11	missense_variant	uncertain significance, likely benign, likely pathogenic, pathogenic	199649780	O95342	rs199649780	E1223D	0.433		O95342	Bile salt export pump	Homo sapiens	Encontrado	https://alphafold.ebi.ac.uk/entry/O95342
ABCB11	missense_variant	uncertain significance, likely benign, likely pathogenic, pathogenic	199649780	O95342	rs199649780	E1223D	0.0		O95342	Bile salt export pump	Homo sapiens	Encontrado	https://alphafold.ebi.ac.uk/entry/O95342
ABCB11	missense_variant	uncertain significance, likely pathogenic, pathogenic	199671371	O95342	rs199671371	E636G	0.999		O95342	Bile salt export pump	Homo sapiens	Encontrado	https://alphafold.ebi.ac.uk/entry/O95342
ABCB11	missense_variant	uncertain significance, likely pathogenic, pathogenic	199671371	O95342	rs199671371	E636G	0.0		O95342	Bile salt export pump	Homo sapiens	Encontrado	https://alphafold.ebi.ac.uk/entry/O95342
ABCB11	missense_variant	uncertain significance, likely pathogenic, pathogenic	199671371	O95342	rs199671371	E636V	0.999		O95342	Bile salt export pump	Homo sapiens	Encontrado	https://alphafold.ebi.ac.uk/entry/O95342
ABCB11	missense_variant	uncertain significance, likely pathogenic, pathogenic	199671371	O95342	rs199671371	E636V	0.0		O95342	Bile salt export pump	Homo sapiens	Encontrado	https://alphafold.ebi.ac.uk/entry/O95342
ABCB11	missense_variant	uncertain significance	199762750	O95342	rs199762750	I1170L	0.787		O95342	Bile salt export pump	Homo sapiens	Encontrado	https://alphafold.ebi.ac.uk/entry/O95342
ABCB11	missense_variant	uncertain significance	199762750	O95342	rs199762750	I1170L	0.0		O95342	Bile salt export pump	Homo sapiens	Encontrado	https://alphafold.ebi.ac.uk/entry/O95342
ABCB11	missense_variant	uncertain significance, likely pathogenic	199841445	O95342	rs199841445	R223C	0.961		O95342	Bile salt export pump	Homo sapiens	Encontrado	https://alphafold.ebi.ac.uk/entry/O95342
ABCB11	missense_variant	uncertain significance, likely pathogenic	199841445	O95342	rs199841445	R223C	0.16		O95342	Bile salt export pump	Homo sapiens	Encontrado	https://alphafold.ebi.ac.uk/entry/O95342
ABCB11	missense_variant	uncertain significance, likely pathogenic	199841445	O95342	rs199841445	R223C	0.961		O95342	Bile salt export pump	Homo sapiens	Encontrado	https://alphafold.ebi.ac.uk/entry/O95342
ABCB11	missense_variant	uncertain significance, likely pathogenic	199841445	O95342	rs199841445	R223C	0.0		O95342	Bile salt export pump	Homo sapiens	Encontrado	https://alphafold.ebi.ac.uk/entry/O95342
ABCB11	missense_variant	uncertain significance, likely benign	199940188	O95342	rs199940188	Q976R	0.001		O95342	Bile salt export pump	Homo sapiens	Encontrado	https://alphafold.ebi.ac.uk/entry/O95342
ABCB11	missense_variant	uncertain significance, likely benign	199940188	O95342	rs199940188	Q976R	0.28		O95342	Bile salt export pump	Homo sapiens	Encontrado	https://alphafold.ebi.ac.uk/entry/O95342
ABCB11	missense_variant	uncertain significance, likely benign	200127070						O95342	Bile salt export pump	Homo sapiens	Encontrado	https://alphafold.ebi.ac.uk/entry/O95342
ABCB11	missense_variant	uncertain significance, pathogenic	200148505	O95342	rs200148505	Q466K	0.763		O95342	Bile salt export pump	Homo sapiens	Encontrado	https://alphafold.ebi.ac.uk/entry/O95342
ABCB11	missense_variant	uncertain significance, pathogenic	200148505	O95342	rs200148505	Q466K	0.0		O95342	Bile salt export pump	Homo sapiens	Encontrado	https://alphafold.ebi.ac.uk/entry/O95342
ABCB11	missense_variant	uncertain significance, benign, likely benign	200174512	O95342	rs200174512	R1057Q	0.894		O95342	Bile salt export pump	Homo sapiens	Encontrado	https://alphafold.ebi.ac.uk/entry/O95342
ABCB11	missense_variant	uncertain significance, benign, likely benign	200174512	O95342	rs200174512	R1057Q	0.08		O95342	Bile salt export pump	Homo sapiens	Encontrado	https://alphafold.ebi.ac.uk/entry/O95342
ABCB11	missense_variant	uncertain significance, benign, likely benign	200174512	O95342	rs200174512	R1057Q	0.892		O95342	Bile salt export pump	Homo sapiens	Encontrado	https://alphafold.ebi.ac.uk/entry/O95342
ABCB11	missense_variant	uncertain significance, benign, likely benign	200174512	O95342	rs200174512	R1057Q	0.01		O95342	Bile salt export pump	Homo sapiens	Encontrado	https://alphafold.ebi.ac.uk/entry/O95342
ABCB11	missense_variant		200185768						O95342	Bile salt export pump	Homo sapiens	Encontrado	https://alphafold.ebi.ac.uk/entry/O95342
ABCB11	missense_variant		200395431						O95342	Bile salt export pump	Homo sapiens	Encontrado	https://alphafold.ebi.ac.uk/entry/O95342
ABCB11	missense_variant	uncertain significance	200488448	O95342	rs200488448	R928Q	0.003		O95342	Bile salt export pump	Homo sapiens	Encontrado	https://alphafold.ebi.ac.uk/entry/O95342
ABCB11	missense_variant	uncertain significance	200488448	O95342	rs200488448	R928Q	1.0		O95342	Bile salt export pump	Homo sapiens	Encontrado	https://alphafold.ebi.ac.uk/entry/O95342
ABCB11	missense_variant		200509511	O95342	rs200509511	A311T	0.975		O95342	Bile salt export pump	Homo sapiens	Encontrado	https://alphafold.ebi.ac.uk/entry/O95342
ABCB11	missense_variant		200509511	O95342	rs200509511	A311T	0.0		O95342	Bile salt export pump	Homo sapiens	Encontrado	https://alphafold.ebi.ac.uk/entry/O95342
ABCB11	missense_variant		200509511	O95342	rs200509511	A311T	0.975		O95342	Bile salt export pump	Homo sapiens	Encontrado	https://alphafold.ebi.ac.uk/entry/O95342
ABCB11	missense_variant		200509511	O95342	rs200509511	A311T	0.0		O95342	Bile salt export pump	Homo sapiens	Encontrado	https://alphafold.ebi.ac.uk/entry/O95342
ABCB11	missense_variant	uncertain significance	200667815	O95342	rs200667815	R575Q	1.0		O95342	Bile salt export pump	Homo sapiens	Encontrado	https://alphafold.ebi.ac.uk/entry/O95342
ABCB11	missense_variant	uncertain significance	200667815	O95342	rs200667815	R575Q	0.0		O95342	Bile salt export pump	Homo sapiens	Encontrado	https://alphafold.ebi.ac.uk/entry/O95342
ABCB11	missense_variant	uncertain significance	200667815	O95342	rs200667815	R575Q	1.0		O95342	Bile salt export pump	Homo sapiens	Encontrado	https://alphafold.ebi.ac.uk/entry/O95342
ABCB11	missense_variant	uncertain significance	200667815	O95342	rs200667815	R575Q	0.0		O95342	Bile salt export pump	Homo sapiens	Encontrado	https://alphafold.ebi.ac.uk/entry/O95342
ABCB11	missense_variant	uncertain significance	200687717	O95342	rs200687717	D543G	0.338		O95342	Bile salt export pump	Homo sapiens	Encontrado	https://alphafold.ebi.ac.uk/entry/O95342
ABCB11	missense_variant	uncertain significance	200687717	O95342	rs200687717	D543G	0.0		O95342	Bile salt export pump	Homo sapiens	Encontrado	https://alphafold.ebi.ac.uk/entry/O95342
ABCB11	missense_variant	uncertain significance, benign, likely benign	200709879	O95342	rs200709879	K1175T	0.579		O95342	Bile salt export pump	Homo sapiens	Encontrado	https://alphafold.ebi.ac.uk/entry/O95342
ABCB11	missense_variant	uncertain significance, benign, likely benign	200709879	O95342	rs200709879	K1175T	0.0		O95342	Bile salt export pump	Homo sapiens	Encontrado	https://alphafold.ebi.ac.uk/entry/O95342
ABCB11	missense_variant	uncertain significance	200735761	O95342	rs200735761	H1142Q	0.619		O95342	Bile salt export pump	Homo sapiens	Encontrado	https://alphafold.ebi.ac.uk/entry/O95342
ABCB11	missense_variant	uncertain significance	200735761	O95342	rs200735761	H1142Q	0.0		O95342	Bile salt export pump	Homo sapiens	Encontrado	https://alphafold.ebi.ac.uk/entry/O95342
ABCB11	missense_variant	uncertain significance	200739891						O95342	Bile salt export pump	Homo sapiens	Encontrado	https://alphafold.ebi.ac.uk/entry/O95342
ABCB11	missense_variant	uncertain significance, likely benign	200857579	O95342	rs200857579	S945N	0.015		O95342	Bile salt export pump	Homo sapiens	Encontrado	https://alphafold.ebi.ac.uk/entry/O95342
ABCB11	missense_variant	uncertain significance, likely benign	200857579	O95342	rs200857579	S945N	0.65		O95342	Bile salt export pump	Homo sapiens	Encontrado	https://alphafold.ebi.ac.uk/entry/O95342
ABCB11	missense_variant	uncertain significance	200870815	O95342	rs200870815	R169H	0.034		O95342	Bile salt export pump	Homo sapiens	Encontrado	https://alphafold.ebi.ac.uk/entry/O95342
ABCB11	missense_variant	uncertain significance	200870815	O95342	rs200870815	R169H	0.1		O95342	Bile salt export pump	Homo sapiens	Encontrado	https://alphafold.ebi.ac.uk/entry/O95342
ABCB11	missense_variant	uncertain significance, likely benign	200912109	O95342	rs200912109	A679V	0.001		O95342	Bile salt export pump	Homo sapiens	Encontrado	https://alphafold.ebi.ac.uk/entry/O95342
ABCB11	missense_variant	uncertain significance, likely benign	200912109	O95342	rs200912109	A679V	0.4		O95342	Bile salt export pump	Homo sapiens	Encontrado	https://alphafold.ebi.ac.uk/entry/O95342
ABCB11	missense_variant	uncertain significance	201068438						O95342	Bile salt export pump	Homo sapiens	Encontrado	https://alphafold.ebi.ac.uk/entry/O95342
ABCB11	missense_variant		201203913						O95342	Bile salt export pump	Homo sapiens	Encontrado	https://alphafold.ebi.ac.uk/entry/O95342
ABCB11	missense_variant	uncertain significance, likely pathogenic	201240844	O95342	rs201240844	P731S	0.0		O95342	Bile salt export pump	Homo sapiens	Encontrado	https://alphafold.ebi.ac.uk/entry/O95342
ABCB11	missense_variant	uncertain significance, likely pathogenic	201240844	O95342	rs201240844	P731S	0.56		O95342	Bile salt export pump	Homo sapiens	Encontrado	https://alphafold.ebi.ac.uk/entry/O95342
ABCB11	missense_variant	uncertain significance, likely pathogenic	201240844	O95342	rs201240844	P731T	0.0		O95342	Bile salt export pump	Homo sapiens	Encontrado	https://alphafold.ebi.ac.uk/entry/O95342
ABCB11	missense_variant	uncertain significance, likely pathogenic	201240844	O95342	rs201240844	P731T	0.21		O95342	Bile salt export pump	Homo sapiens	Encontrado	https://alphafold.ebi.ac.uk/entry/O95342
ABCB11	missense_variant	uncertain significance, likely pathogenic	201240844	O95342	rs201240844	P731T	0.0		O95342	Bile salt export pump	Homo sapiens	Encontrado	https://alphafold.ebi.ac.uk/entry/O95342
ABCB11	missense_variant	uncertain significance, likely pathogenic	201240844	O95342	rs201240844	P731T	0.41		O95342	Bile salt export pump	Homo sapiens	Encontrado	https://alphafold.ebi.ac.uk/entry/O95342
ABCB11	missense_variant		201255929						O95342	Bile salt export pump	Homo sapiens	Encontrado	https://alphafold.ebi.ac.uk/entry/O95342
ABCB11	missense_variant	likely pathogenic	201296827	O95342	rs201296827	I1271N	0.988		O95342	Bile salt export pump	Homo sapiens	Encontrado	https://alphafold.ebi.ac.uk/entry/O95342
ABCB11	missense_variant	likely pathogenic	201296827	O95342	rs201296827	I1271N	0.0		O95342	Bile salt export pump	Homo sapiens	Encontrado	https://alphafold.ebi.ac.uk/entry/O95342
ABCB11	missense_variant	uncertain significance	201351924	O95342	rs201351924	G352E	0.003		O95342	Bile salt export pump	Homo sapiens	Encontrado	https://alphafold.ebi.ac.uk/entry/O95342
ABCB11	missense_variant	uncertain significance	201351924	O95342	rs201351924	G352E	0.78		O95342	Bile salt export pump	Homo sapiens	Encontrado	https://alphafold.ebi.ac.uk/entry/O95342
ABCB11	missense_variant	uncertain significance	201351924	O95342	rs201351924	G352E	0.003		O95342	Bile salt export pump	Homo sapiens	Encontrado	https://alphafold.ebi.ac.uk/entry/O95342
ABCB11	missense_variant	uncertain significance	201351924	O95342	rs201351924	G352E	1.0		O95342	Bile salt export pump	Homo sapiens	Encontrado	https://alphafold.ebi.ac.uk/entry/O95342
ABCB11	missense_variant		201481590						O95342	Bile salt export pump	Homo sapiens	Encontrado	https://alphafold.ebi.ac.uk/entry/O95342
ABCB11	missense_variant	uncertain significance	201693189	O95342	rs201693189	S1321N	0.998		O95342	Bile salt export pump	Homo sapiens	Encontrado	https://alphafold.ebi.ac.uk/entry/O95342
ABCB11	missense_variant	uncertain significance	201693189	O95342	rs201693189	S1321N	0.01		O95342	Bile salt export pump	Homo sapiens	Encontrado	https://alphafold.ebi.ac.uk/entry/O95342
ABCB11	missense_variant	uncertain significance, likely benign	201735739	O95342	rs201735739	V95I	0.003		O95342	Bile salt export pump	Homo sapiens	Encontrado	https://alphafold.ebi.ac.uk/entry/O95342
ABCB11	missense_variant	uncertain significance, likely benign	201735739	O95342	rs201735739	V95I	1.0		O95342	Bile salt export pump	Homo sapiens	Encontrado	https://alphafold.ebi.ac.uk/entry/O95342
ABCB11	missense_variant	uncertain significance	201800225	O95342	rs201800225	E709K	0.036		O95342	Bile salt export pump	Homo sapiens	Encontrado	https://alphafold.ebi.ac.uk/entry/O95342
ABCB11	missense_variant	uncertain significance	201800225	O95342	rs201800225	E709K	0.24		O95342	Bile salt export pump	Homo sapiens	Encontrado	https://alphafold.ebi.ac.uk/entry/O95342
ABCB11	missense_variant	uncertain significance	201800225	O95342	rs201800225	E709K	0.035		O95342	Bile salt export pump	Homo sapiens	Encontrado	https://alphafold.ebi.ac.uk/entry/O95342
ABCB11	missense_variant	uncertain significance	201800225	O95342	rs201800225	E709K	0.03		O95342	Bile salt export pump	Homo sapiens	Encontrado	https://alphafold.ebi.ac.uk/entry/O95342
ABCB11	missense_variant	uncertain significance, likely benign	201881755	O95342	rs201881755	K969N	0.242		O95342	Bile salt export pump	Homo sapiens	Encontrado	https://alphafold.ebi.ac.uk/entry/O95342
ABCB11	missense_variant	uncertain significance, likely benign	201881755	O95342	rs201881755	K969N	0.21		O95342	Bile salt export pump	Homo sapiens	Encontrado	https://alphafold.ebi.ac.uk/entry/O95342
ABCB11	missense_variant	uncertain significance	2105881962	O95342	rs2105881962	A1192E	0.831		O95342	Bile salt export pump	Homo sapiens	Encontrado	https://alphafold.ebi.ac.uk/entry/O95342
ABCB11	missense_variant	uncertain significance	2105881962	O95342	rs2105881962	A1192E	0.0		O95342	Bile salt export pump	Homo sapiens	Encontrado	https://alphafold.ebi.ac.uk/entry/O95342
ABCB11	missense_variant		2105888700						O95342	Bile salt export pump	Homo sapiens	Encontrado	https://alphafold.ebi.ac.uk/entry/O95342
ABCB11	missense_variant		2105888751						O95342	Bile salt export pump	Homo sapiens	Encontrado	https://alphafold.ebi.ac.uk/entry/O95342
ABCB11	missense_variant		2105891479						O95342	Bile salt export pump	Homo sapiens	Encontrado	https://alphafold.ebi.ac.uk/entry/O95342
ABCB11	missense_variant		2105891492						O95342	Bile salt export pump	Homo sapiens	Encontrado	https://alphafold.ebi.ac.uk/entry/O95342
ABCB11	missense_variant	likely pathogenic	2105891596	O95342	rs2105891596	G1032R	1.0		O95342	Bile salt export pump	Homo sapiens	Encontrado	https://alphafold.ebi.ac.uk/entry/O95342
ABCB11	missense_variant	likely pathogenic	2105891596	O95342	rs2105891596	G1032R	0.0		O95342	Bile salt export pump	Homo sapiens	Encontrado	https://alphafold.ebi.ac.uk/entry/O95342
ABCB11	missense_variant		2105896507						O95342	Bile salt export pump	Homo sapiens	Encontrado	https://alphafold.ebi.ac.uk/entry/O95342
ABCB11	missense_variant		2105896831						O95342	Bile salt export pump	Homo sapiens	Encontrado	https://alphafold.ebi.ac.uk/entry/O95342
ABCB11	missense_variant		2105896885						O95342	Bile salt export pump	Homo sapiens	Encontrado	https://alphafold.ebi.ac.uk/entry/O95342
ABCB11	missense_variant		2105898942						O95342	Bile salt export pump	Homo sapiens	Encontrado	https://alphafold.ebi.ac.uk/entry/O95342
ABCB11	missense_variant		2105899271						O95342	Bile salt export pump	Homo sapiens	Encontrado	https://alphafold.ebi.ac.uk/entry/O95342
ABCB11	missense_variant		2105912875						O95342	Bile salt export pump	Homo sapiens	Encontrado	https://alphafold.ebi.ac.uk/entry/O95342
ABCB11	missense_variant		2105946715						O95342	Bile salt export pump	Homo sapiens	Encontrado	https://alphafold.ebi.ac.uk/entry/O95342
ABCB11	missense_variant		2105955564						O95342	Bile salt export pump	Homo sapiens	Encontrado	https://alphafold.ebi.ac.uk/entry/O95342
ABCB11	missense_variant		2105958387						O95342	Bile salt export pump	Homo sapiens	Encontrado	https://alphafold.ebi.ac.uk/entry/O95342
ABCB11	missense_variant	uncertain significance	2105958395	O95342	rs2105958395	Q605P	0.109		O95342	Bile salt export pump	Homo sapiens	Encontrado	https://alphafold.ebi.ac.uk/entry/O95342
ABCB11	missense_variant	uncertain significance	2105958395	O95342	rs2105958395	Q605P	0.0		O95342	Bile salt export pump	Homo sapiens	Encontrado	https://alphafold.ebi.ac.uk/entry/O95342
ABCB11	missense_variant		2105959597						O95342	Bile salt export pump	Homo sapiens	Encontrado	https://alphafold.ebi.ac.uk/entry/O95342
ABCB11	missense_variant	likely pathogenic	2105959754	O95342	rs2105959754	A585D	1.0		O95342	Bile salt export pump	Homo sapiens	Encontrado	https://alphafold.ebi.ac.uk/entry/O95342
ABCB11	missense_variant	likely pathogenic	2105959754	O95342	rs2105959754	A585D	0.0		O95342	Bile salt export pump	Homo sapiens	Encontrado	https://alphafold.ebi.ac.uk/entry/O95342
ABCB11	missense_variant		2105960077						O95342	Bile salt export pump	Homo sapiens	Encontrado	https://alphafold.ebi.ac.uk/entry/O95342
ABCB11	missense_variant	uncertain significance	2105964051	O95342	rs2105964051	T510I	0.964		O95342	Bile salt export pump	Homo sapiens	Encontrado	https://alphafold.ebi.ac.uk/entry/O95342
ABCB11	missense_variant	uncertain significance	2105964051	O95342	rs2105964051	T510I	0.0		O95342	Bile salt export pump	Homo sapiens	Encontrado	https://alphafold.ebi.ac.uk/entry/O95342
ABCB11	missense_variant		2105964179						O95342	Bile salt export pump	Homo sapiens	Encontrado	https://alphafold.ebi.ac.uk/entry/O95342
ABCB11	missense_variant	uncertain significance	2106004734	O95342	rs2106004734	R299I	0.27		O95342	Bile salt export pump	Homo sapiens	Encontrado	https://alphafold.ebi.ac.uk/entry/O95342
ABCB11	missense_variant	uncertain significance	2106004734	O95342	rs2106004734	R299I	0.0		O95342	Bile salt export pump	Homo sapiens	Encontrado	https://alphafold.ebi.ac.uk/entry/O95342
ABCB11	missense_variant		2106004760						O95342	Bile salt export pump	Homo sapiens	Encontrado	https://alphafold.ebi.ac.uk/entry/O95342
ABCB11	missense_variant		2106013673						O95342	Bile salt export pump	Homo sapiens	Encontrado	https://alphafold.ebi.ac.uk/entry/O95342
ABCB11	missense_variant		2106013962						O95342	Bile salt export pump	Homo sapiens	Encontrado	https://alphafold.ebi.ac.uk/entry/O95342
ABCB11	missense_variant		2106016524						O95342	Bile salt export pump	Homo sapiens	Encontrado	https://alphafold.ebi.ac.uk/entry/O95342
ABCB11	missense_variant		2106047525						O95342	Bile salt export pump	Homo sapiens	Encontrado	https://alphafold.ebi.ac.uk/entry/O95342
ABCB11	missense_variant	likely benign	2106058394						O95342	Bile salt export pump	Homo sapiens	Encontrado	https://alphafold.ebi.ac.uk/entry/O95342
ABCB11	missense_variant	uncertain significance, likely benign	2287617						O95342	Bile salt export pump	Homo sapiens	Encontrado	https://alphafold.ebi.ac.uk/entry/O95342
ABCB11	missense_variant	benign	2287622						O95342	Bile salt export pump	Homo sapiens	Encontrado	https://alphafold.ebi.ac.uk/entry/O95342
ABCB11	missense_variant	uncertain significance	2545224406	O95342	rs2545224406	T1269I	0.999		O95342	Bile salt export pump	Homo sapiens	Encontrado	https://alphafold.ebi.ac.uk/entry/O95342
ABCB11	missense_variant	uncertain significance	2545224406	O95342	rs2545224406	T1269I	0.0		O95342	Bile salt export pump	Homo sapiens	Encontrado	https://alphafold.ebi.ac.uk/entry/O95342
ABCB11	missense_variant	uncertain significance	2545224540						O95342	Bile salt export pump	Homo sapiens	Encontrado	https://alphafold.ebi.ac.uk/entry/O95342
ABCB11	missense_variant	uncertain significance, likely pathogenic	2545228642						O95342	Bile salt export pump	Homo sapiens	Encontrado	https://alphafold.ebi.ac.uk/entry/O95342
ABCB11	missense_variant	pathogenic	2545228941	O95342	rs2545228941	R1221K	0.999		O95342	Bile salt export pump	Homo sapiens	Encontrado	https://alphafold.ebi.ac.uk/entry/O95342
ABCB11	missense_variant	pathogenic	2545228941	O95342	rs2545228941	R1221K	0.05		O95342	Bile salt export pump	Homo sapiens	Encontrado	https://alphafold.ebi.ac.uk/entry/O95342
ABCB11	missense_variant	uncertain significance	2545236761						O95342	Bile salt export pump	Homo sapiens	Encontrado	https://alphafold.ebi.ac.uk/entry/O95342
ABCB11	missense_variant	uncertain significance	2545237498						O95342	Bile salt export pump	Homo sapiens	Encontrado	https://alphafold.ebi.ac.uk/entry/O95342
ABCB11	missense_variant	uncertain significance	2545249339						O95342	Bile salt export pump	Homo sapiens	Encontrado	https://alphafold.ebi.ac.uk/entry/O95342
ABCB11	missense_variant	uncertain significance	2545256029						O95342	Bile salt export pump	Homo sapiens	Encontrado	https://alphafold.ebi.ac.uk/entry/O95342
ABCB11	missense_variant	uncertain significance	2545266242						O95342	Bile salt export pump	Homo sapiens	Encontrado	https://alphafold.ebi.ac.uk/entry/O95342
ABCB11	missense_variant	uncertain significance	2545266756						O95342	Bile salt export pump	Homo sapiens	Encontrado	https://alphafold.ebi.ac.uk/entry/O95342
ABCB11	missense_variant	uncertain significance	2545267153						O95342	Bile salt export pump	Homo sapiens	Encontrado	https://alphafold.ebi.ac.uk/entry/O95342
ABCB11	missense_variant	likely pathogenic	2545271850						O95342	Bile salt export pump	Homo sapiens	Encontrado	https://alphafold.ebi.ac.uk/entry/O95342
ABCB11	missense_variant	uncertain significance	2545298260						O95342	Bile salt export pump	Homo sapiens	Encontrado	https://alphafold.ebi.ac.uk/entry/O95342
ABCB11	missense_variant	uncertain significance	2545299511						O95342	Bile salt export pump	Homo sapiens	Encontrado	https://alphafold.ebi.ac.uk/entry/O95342
ABCB11	missense_variant	likely pathogenic	2545345449						O95342	Bile salt export pump	Homo sapiens	Encontrado	https://alphafold.ebi.ac.uk/entry/O95342
ABCB11	missense_variant	uncertain significance	2545376339						O95342	Bile salt export pump	Homo sapiens	Encontrado	https://alphafold.ebi.ac.uk/entry/O95342
ABCB11	missense_variant	uncertain significance	2545379670						O95342	Bile salt export pump	Homo sapiens	Encontrado	https://alphafold.ebi.ac.uk/entry/O95342
ABCB11	missense_variant	uncertain significance	2545382648						O95342	Bile salt export pump	Homo sapiens	Encontrado	https://alphafold.ebi.ac.uk/entry/O95342
ABCB11	missense_variant	uncertain significance	2545383156						O95342	Bile salt export pump	Homo sapiens	Encontrado	https://alphafold.ebi.ac.uk/entry/O95342
ABCB11	missense_variant	likely pathogenic	2545383308						O95342	Bile salt export pump	Homo sapiens	Encontrado	https://alphafold.ebi.ac.uk/entry/O95342
ABCB11	missense_variant	likely pathogenic	2545383503						O95342	Bile salt export pump	Homo sapiens	Encontrado	https://alphafold.ebi.ac.uk/entry/O95342
ABCB11	missense_variant	likely pathogenic	2545389014						O95342	Bile salt export pump	Homo sapiens	Encontrado	https://alphafold.ebi.ac.uk/entry/O95342
ABCB11	missense_variant	uncertain significance	2545389583						O95342	Bile salt export pump	Homo sapiens	Encontrado	https://alphafold.ebi.ac.uk/entry/O95342
ABCB11	missense_variant	likely pathogenic	2545389626						O95342	Bile salt export pump	Homo sapiens	Encontrado	https://alphafold.ebi.ac.uk/entry/O95342
ABCB11	missense_variant	uncertain significance	2545408742						O95342	Bile salt export pump	Homo sapiens	Encontrado	https://alphafold.ebi.ac.uk/entry/O95342
ABCB11	missense_variant	uncertain significance	2545418363						O95342	Bile salt export pump	Homo sapiens	Encontrado	https://alphafold.ebi.ac.uk/entry/O95342
ABCB11	missense_variant	uncertain significance	2545431828						O95342	Bile salt export pump	Homo sapiens	Encontrado	https://alphafold.ebi.ac.uk/entry/O95342
ABCB11	missense_variant	pathogenic	2545450042						O95342	Bile salt export pump	Homo sapiens	Encontrado	https://alphafold.ebi.ac.uk/entry/O95342
ABCB11	missense_variant	uncertain significance	2545457032						O95342	Bile salt export pump	Homo sapiens	Encontrado	https://alphafold.ebi.ac.uk/entry/O95342
ABCB11	missense_variant	uncertain significance	2545484600	O95342	rs2545484600	N122D	0.015		O95342	Bile salt export pump	Homo sapiens	Encontrado	https://alphafold.ebi.ac.uk/entry/O95342
ABCB11	missense_variant	uncertain significance	2545484600	O95342	rs2545484600	N122D	0.12		O95342	Bile salt export pump	Homo sapiens	Encontrado	https://alphafold.ebi.ac.uk/entry/O95342
ABCB11	missense_variant	uncertain significance	2545484628						O95342	Bile salt export pump	Homo sapiens	Encontrado	https://alphafold.ebi.ac.uk/entry/O95342
ABCB11	missense_variant	uncertain significance	2545484677						O95342	Bile salt export pump	Homo sapiens	Encontrado	https://alphafold.ebi.ac.uk/entry/O95342
ABCB11	missense_variant	pathogenic	2545484771						O95342	Bile salt export pump	Homo sapiens	Encontrado	https://alphafold.ebi.ac.uk/entry/O95342
ABCB11	missense_variant	uncertain significance	267598994	O95342	rs267598994	E300K	0.997		O95342	Bile salt export pump	Homo sapiens	Encontrado	https://alphafold.ebi.ac.uk/entry/O95342
ABCB11	missense_variant	uncertain significance	267598994	O95342	rs267598994	E300K	0.0		O95342	Bile salt export pump	Homo sapiens	Encontrado	https://alphafold.ebi.ac.uk/entry/O95342
ABCB11	missense_variant	likely benign	367611268	O95342	rs367611268	Q121K	0.082		O95342	Bile salt export pump	Homo sapiens	Encontrado	https://alphafold.ebi.ac.uk/entry/O95342
ABCB11	missense_variant	likely benign	367611268	O95342	rs367611268	Q121K	0.06		O95342	Bile salt export pump	Homo sapiens	Encontrado	https://alphafold.ebi.ac.uk/entry/O95342
ABCB11	missense_variant	uncertain significance	367704601	O95342	rs367704601	M185I	0.685		O95342	Bile salt export pump	Homo sapiens	Encontrado	https://alphafold.ebi.ac.uk/entry/O95342
ABCB11	missense_variant	uncertain significance	367704601	O95342	rs367704601	M185I	0.0		O95342	Bile salt export pump	Homo sapiens	Encontrado	https://alphafold.ebi.ac.uk/entry/O95342
ABCB11	missense_variant		367713824						O95342	Bile salt export pump	Homo sapiens	Encontrado	https://alphafold.ebi.ac.uk/entry/O95342
ABCB11	missense_variant		367730178						O95342	Bile salt export pump	Homo sapiens	Encontrado	https://alphafold.ebi.ac.uk/entry/O95342
ABCB11	missense_variant		368092083						O95342	Bile salt export pump	Homo sapiens	Encontrado	https://alphafold.ebi.ac.uk/entry/O95342
ABCB11	missense_variant		368142114						O95342	Bile salt export pump	Homo sapiens	Encontrado	https://alphafold.ebi.ac.uk/entry/O95342
ABCB11	missense_variant		368297188						O95342	Bile salt export pump	Homo sapiens	Encontrado	https://alphafold.ebi.ac.uk/entry/O95342
ABCB11	missense_variant	uncertain significance	368985605	O95342	rs368985605	R8Q	0.013		O95342	Bile salt export pump	Homo sapiens	Encontrado	https://alphafold.ebi.ac.uk/entry/O95342
ABCB11	missense_variant	uncertain significance	368985605	O95342	rs368985605	R8Q	0.27		O95342	Bile salt export pump	Homo sapiens	Encontrado	https://alphafold.ebi.ac.uk/entry/O95342
ABCB11	missense_variant		369030137						O95342	Bile salt export pump	Homo sapiens	Encontrado	https://alphafold.ebi.ac.uk/entry/O95342
ABCB11	missense_variant	uncertain significance	369187042	O95342	rs369187042	R616C	1.0		O95342	Bile salt export pump	Homo sapiens	Encontrado	https://alphafold.ebi.ac.uk/entry/O95342
ABCB11	missense_variant	uncertain significance	369187042	O95342	rs369187042	R616C	0.0		O95342	Bile salt export pump	Homo sapiens	Encontrado	https://alphafold.ebi.ac.uk/entry/O95342
ABCB11	missense_variant		369313569						O95342	Bile salt export pump	Homo sapiens	Encontrado	https://alphafold.ebi.ac.uk/entry/O95342
ABCB11	missense_variant	likely benign	369484793	O95342	rs369484793	I393V	0.405		O95342	Bile salt export pump	Homo sapiens	Encontrado	https://alphafold.ebi.ac.uk/entry/O95342
ABCB11	missense_variant	likely benign	369484793	O95342	rs369484793	I393V	0.01		O95342	Bile salt export pump	Homo sapiens	Encontrado	https://alphafold.ebi.ac.uk/entry/O95342
ABCB11	missense_variant		369859057						O95342	Bile salt export pump	Homo sapiens	Encontrado	https://alphafold.ebi.ac.uk/entry/O95342
ABCB11	missense_variant	likely pathogenic, pathogenic	369860506						O95342	Bile salt export pump	Homo sapiens	Encontrado	https://alphafold.ebi.ac.uk/entry/O95342
ABCB11	missense_variant	uncertain significance, likely benign	369865521	O95342	rs369865521	E734D	0.036		O95342	Bile salt export pump	Homo sapiens	Encontrado	https://alphafold.ebi.ac.uk/entry/O95342
ABCB11	missense_variant	uncertain significance, likely benign	369865521	O95342	rs369865521	E734D	0.04		O95342	Bile salt export pump	Homo sapiens	Encontrado	https://alphafold.ebi.ac.uk/entry/O95342
ABCB11	missense_variant		370060847						O95342	Bile salt export pump	Homo sapiens	Encontrado	https://alphafold.ebi.ac.uk/entry/O95342
ABCB11	missense_variant	uncertain significance	370566153	O95342	rs370566153	G555A	0.997		O95342	Bile salt export pump	Homo sapiens	Encontrado	https://alphafold.ebi.ac.uk/entry/O95342
ABCB11	missense_variant	uncertain significance	370566153	O95342	rs370566153	G555A	0.0		O95342	Bile salt export pump	Homo sapiens	Encontrado	https://alphafold.ebi.ac.uk/entry/O95342
ABCB11	missense_variant	uncertain significance	371091982	O95342	rs371091982	N424T	0.355		O95342	Bile salt export pump	Homo sapiens	Encontrado	https://alphafold.ebi.ac.uk/entry/O95342
ABCB11	missense_variant	uncertain significance	371091982	O95342	rs371091982	N424T	0.0		O95342	Bile salt export pump	Homo sapiens	Encontrado	https://alphafold.ebi.ac.uk/entry/O95342
ABCB11	missense_variant	uncertain significance, likely benign	371319925	O95342	rs371319925	A663T	0.001		O95342	Bile salt export pump	Homo sapiens	Encontrado	https://alphafold.ebi.ac.uk/entry/O95342
ABCB11	missense_variant	uncertain significance, likely benign	371319925	O95342	rs371319925	A663T	0.12		O95342	Bile salt export pump	Homo sapiens	Encontrado	https://alphafold.ebi.ac.uk/entry/O95342
ABCB11	missense_variant	likely benign	371501344	O95342	rs371501344	Q1306R	0.0		O95342	Bile salt export pump	Homo sapiens	Encontrado	https://alphafold.ebi.ac.uk/entry/O95342
ABCB11	missense_variant	likely benign	371501344	O95342	rs371501344	Q1306R	0.59		O95342	Bile salt export pump	Homo sapiens	Encontrado	https://alphafold.ebi.ac.uk/entry/O95342
ABCB11	missense_variant	uncertain significance	371656014	O95342	rs371656014	R415P	0.559		O95342	Bile salt export pump	Homo sapiens	Encontrado	https://alphafold.ebi.ac.uk/entry/O95342
ABCB11	missense_variant	uncertain significance	371656014	O95342	rs371656014	R415P	0.0		O95342	Bile salt export pump	Homo sapiens	Encontrado	https://alphafold.ebi.ac.uk/entry/O95342
ABCB11	missense_variant	uncertain significance, likely benign	371742655	O95342	rs371742655	V481M	0.236		O95342	Bile salt export pump	Homo sapiens	Encontrado	https://alphafold.ebi.ac.uk/entry/O95342
ABCB11	missense_variant	uncertain significance, likely benign	371742655	O95342	rs371742655	V481M	0.0		O95342	Bile salt export pump	Homo sapiens	Encontrado	https://alphafold.ebi.ac.uk/entry/O95342
ABCB11	missense_variant	likely benign	371859686						O95342	Bile salt export pump	Homo sapiens	Encontrado	https://alphafold.ebi.ac.uk/entry/O95342
ABCB11	missense_variant	uncertain significance	371965391	O95342	rs371965391	V79M	0.014		O95342	Bile salt export pump	Homo sapiens	Encontrado	https://alphafold.ebi.ac.uk/entry/O95342
ABCB11	missense_variant	uncertain significance	371965391	O95342	rs371965391	V79M	1.0		O95342	Bile salt export pump	Homo sapiens	Encontrado	https://alphafold.ebi.ac.uk/entry/O95342
ABCB11	missense_variant	uncertain significance	371965391	O95342	rs371965391	V79M	0.014		O95342	Bile salt export pump	Homo sapiens	Encontrado	https://alphafold.ebi.ac.uk/entry/O95342
ABCB11	missense_variant	uncertain significance	371965391	O95342	rs371965391	V79M	1.0		O95342	Bile salt export pump	Homo sapiens	Encontrado	https://alphafold.ebi.ac.uk/entry/O95342
ABCB11	missense_variant	likely benign	372175341	O95342	rs372175341	R313H	0.01		O95342	Bile salt export pump	Homo sapiens	Encontrado	https://alphafold.ebi.ac.uk/entry/O95342
ABCB11	missense_variant	likely benign	372175341	O95342	rs372175341	R313H	0.39		O95342	Bile salt export pump	Homo sapiens	Encontrado	https://alphafold.ebi.ac.uk/entry/O95342
ABCB11	missense_variant	uncertain significance	372228971	O95342	rs372228971	R743T	0.377		O95342	Bile salt export pump	Homo sapiens	Encontrado	https://alphafold.ebi.ac.uk/entry/O95342
ABCB11	missense_variant	uncertain significance	372228971	O95342	rs372228971	R743T	0.0		O95342	Bile salt export pump	Homo sapiens	Encontrado	https://alphafold.ebi.ac.uk/entry/O95342
ABCB11	missense_variant	uncertain significance	372757355	O95342	rs372757355	M839V	0.218		O95342	Bile salt export pump	Homo sapiens	Encontrado	https://alphafold.ebi.ac.uk/entry/O95342
ABCB11	missense_variant	uncertain significance	372757355	O95342	rs372757355	M839V	0.0		O95342	Bile salt export pump	Homo sapiens	Encontrado	https://alphafold.ebi.ac.uk/entry/O95342
ABCB11	missense_variant	uncertain significance, likely pathogenic, pathogenic	372784355	O95342	rs372784355	R387H	0.657		O95342	Bile salt export pump	Homo sapiens	Encontrado	https://alphafold.ebi.ac.uk/entry/O95342
ABCB11	missense_variant	uncertain significance, likely pathogenic, pathogenic	372784355	O95342	rs372784355	R387H	0.0		O95342	Bile salt export pump	Homo sapiens	Encontrado	https://alphafold.ebi.ac.uk/entry/O95342
ABCB11	missense_variant	uncertain significance	372790699	O95342	rs372790699	Y26N	0.014		O95342	Bile salt export pump	Homo sapiens	Encontrado	https://alphafold.ebi.ac.uk/entry/O95342
ABCB11	missense_variant	uncertain significance	372790699	O95342	rs372790699	Y26N	0.13		O95342	Bile salt export pump	Homo sapiens	Encontrado	https://alphafold.ebi.ac.uk/entry/O95342
ABCB11	missense_variant		372861607						O95342	Bile salt export pump	Homo sapiens	Encontrado	https://alphafold.ebi.ac.uk/entry/O95342
ABCB11	missense_variant	uncertain significance	372886308	O95342	rs372886308	A1283V	0.306		O95342	Bile salt export pump	Homo sapiens	Encontrado	https://alphafold.ebi.ac.uk/entry/O95342
ABCB11	missense_variant	uncertain significance	372886308	O95342	rs372886308	A1283V	0.0		O95342	Bile salt export pump	Homo sapiens	Encontrado	https://alphafold.ebi.ac.uk/entry/O95342
ABCB11	missense_variant	uncertain significance	372939910	O95342	rs372939910	L712S	0.001		O95342	Bile salt export pump	Homo sapiens	Encontrado	https://alphafold.ebi.ac.uk/entry/O95342
ABCB11	missense_variant	uncertain significance	372939910	O95342	rs372939910	L712S	0.08		O95342	Bile salt export pump	Homo sapiens	Encontrado	https://alphafold.ebi.ac.uk/entry/O95342
ABCB11	missense_variant	uncertain significance	373193237						O95342	Bile salt export pump	Homo sapiens	Encontrado	https://alphafold.ebi.ac.uk/entry/O95342
ABCB11	missense_variant	uncertain significance, likely pathogenic	373201488						O95342	Bile salt export pump	Homo sapiens	Encontrado	https://alphafold.ebi.ac.uk/entry/O95342
ABCB11	missense_variant		373443561						O95342	Bile salt export pump	Homo sapiens	Encontrado	https://alphafold.ebi.ac.uk/entry/O95342
ABCB11	missense_variant		373615768						O95342	Bile salt export pump	Homo sapiens	Encontrado	https://alphafold.ebi.ac.uk/entry/O95342
ABCB11	missense_variant		373666118						O95342	Bile salt export pump	Homo sapiens	Encontrado	https://alphafold.ebi.ac.uk/entry/O95342
ABCB11	missense_variant	uncertain significance	373885791						O95342	Bile salt export pump	Homo sapiens	Encontrado	https://alphafold.ebi.ac.uk/entry/O95342
ABCB11	missense_variant	uncertain significance, likely pathogenic	373956718	O95342	rs373956718	A1110V	0.998		O95342	Bile salt export pump	Homo sapiens	Encontrado	https://alphafold.ebi.ac.uk/entry/O95342
ABCB11	missense_variant	uncertain significance, likely pathogenic	373956718	O95342	rs373956718	A1110V	0.0		O95342	Bile salt export pump	Homo sapiens	Encontrado	https://alphafold.ebi.ac.uk/entry/O95342
ABCB11	missense_variant	uncertain significance, likely pathogenic	373956718	O95342	rs373956718	A1110V	0.998		O95342	Bile salt export pump	Homo sapiens	Encontrado	https://alphafold.ebi.ac.uk/entry/O95342
ABCB11	missense_variant	uncertain significance, likely pathogenic	373956718	O95342	rs373956718	A1110V	0.0		O95342	Bile salt export pump	Homo sapiens	Encontrado	https://alphafold.ebi.ac.uk/entry/O95342
ABCB11	missense_variant	uncertain significance	374262721	O95342	rs374262721	K318E	0.88		O95342	Bile salt export pump	Homo sapiens	Encontrado	https://alphafold.ebi.ac.uk/entry/O95342
ABCB11	missense_variant	uncertain significance	374262721	O95342	rs374262721	K318E	0.0		O95342	Bile salt export pump	Homo sapiens	Encontrado	https://alphafold.ebi.ac.uk/entry/O95342
ABCB11	missense_variant	uncertain significance	374370625	O95342	rs374370625	S56P	0.001		O95342	Bile salt export pump	Homo sapiens	Encontrado	https://alphafold.ebi.ac.uk/entry/O95342
ABCB11	missense_variant	uncertain significance	374370625	O95342	rs374370625	S56P	0.25		O95342	Bile salt export pump	Homo sapiens	Encontrado	https://alphafold.ebi.ac.uk/entry/O95342
ABCB11	missense_variant		374535231						O95342	Bile salt export pump	Homo sapiens	Encontrado	https://alphafold.ebi.ac.uk/entry/O95342
ABCB11	missense_variant	uncertain significance	374548469	O95342	rs374548469	Y818F	0.403		O95342	Bile salt export pump	Homo sapiens	Encontrado	https://alphafold.ebi.ac.uk/entry/O95342
ABCB11	missense_variant	uncertain significance	374548469	O95342	rs374548469	Y818F	0.03		O95342	Bile salt export pump	Homo sapiens	Encontrado	https://alphafold.ebi.ac.uk/entry/O95342
ABCB11	missense_variant		375039345						O95342	Bile salt export pump	Homo sapiens	Encontrado	https://alphafold.ebi.ac.uk/entry/O95342
ABCB11	missense_variant	uncertain significance	375087680	O95342	rs375087680	R313C	0.716		O95342	Bile salt export pump	Homo sapiens	Encontrado	https://alphafold.ebi.ac.uk/entry/O95342
ABCB11	missense_variant	uncertain significance	375087680	O95342	rs375087680	R313C	0.0		O95342	Bile salt export pump	Homo sapiens	Encontrado	https://alphafold.ebi.ac.uk/entry/O95342
ABCB11	missense_variant	likely pathogenic, pathogenic	375151067						O95342	Bile salt export pump	Homo sapiens	Encontrado	https://alphafold.ebi.ac.uk/entry/O95342
ABCB11	missense_variant		375288223						O95342	Bile salt export pump	Homo sapiens	Encontrado	https://alphafold.ebi.ac.uk/entry/O95342
ABCB11	missense_variant	likely benign	375782077						O95342	Bile salt export pump	Homo sapiens	Encontrado	https://alphafold.ebi.ac.uk/entry/O95342
ABCB11	missense_variant	uncertain significance, likely pathogenic	376216286						O95342	Bile salt export pump	Homo sapiens	Encontrado	https://alphafold.ebi.ac.uk/entry/O95342
ABCB11	missense_variant	uncertain significance, likely pathogenic, pathogenic	376255350	O95342	rs376255350	R832H	0.99		O95342	Bile salt export pump	Homo sapiens	Encontrado	https://alphafold.ebi.ac.uk/entry/O95342
ABCB11	missense_variant	uncertain significance, likely pathogenic, pathogenic	376255350	O95342	rs376255350	R832H	0.0		O95342	Bile salt export pump	Homo sapiens	Encontrado	https://alphafold.ebi.ac.uk/entry/O95342
ABCB11	missense_variant	uncertain significance, likely pathogenic, pathogenic	376255350	O95342	rs376255350	R832L	0.928		O95342	Bile salt export pump	Homo sapiens	Encontrado	https://alphafold.ebi.ac.uk/entry/O95342
ABCB11	missense_variant	uncertain significance, likely pathogenic, pathogenic	376255350	O95342	rs376255350	R832L	0.0		O95342	Bile salt export pump	Homo sapiens	Encontrado	https://alphafold.ebi.ac.uk/entry/O95342
ABCB11	missense_variant		376427140						O95342	Bile salt export pump	Homo sapiens	Encontrado	https://alphafold.ebi.ac.uk/entry/O95342
ABCB11	missense_variant		376842756						O95342	Bile salt export pump	Homo sapiens	Encontrado	https://alphafold.ebi.ac.uk/entry/O95342
ABCB11	missense_variant		377039594						O95342	Bile salt export pump	Homo sapiens	Encontrado	https://alphafold.ebi.ac.uk/entry/O95342
ABCB11	missense_variant	likely benign	377043039	O95342	rs377043039	V1259I	0.0		O95342	Bile salt export pump	Homo sapiens	Encontrado	https://alphafold.ebi.ac.uk/entry/O95342
ABCB11	missense_variant	likely benign	377043039	O95342	rs377043039	V1259I	0.2		O95342	Bile salt export pump	Homo sapiens	Encontrado	https://alphafold.ebi.ac.uk/entry/O95342
ABCB11	missense_variant	uncertain significance, likely benign	377170187	O95342	rs377170187	E21K	0.218		O95342	Bile salt export pump	Homo sapiens	Encontrado	https://alphafold.ebi.ac.uk/entry/O95342
ABCB11	missense_variant	uncertain significance, likely benign	377170187	O95342	rs377170187	E21K	0.03		O95342	Bile salt export pump	Homo sapiens	Encontrado	https://alphafold.ebi.ac.uk/entry/O95342
ABCB11	missense_variant		377222158						O95342	Bile salt export pump	Homo sapiens	Encontrado	https://alphafold.ebi.ac.uk/entry/O95342
ABCB11	missense_variant		377240498						O95342	Bile salt export pump	Homo sapiens	Encontrado	https://alphafold.ebi.ac.uk/entry/O95342
ABCB11	missense_variant	uncertain significance	377426819	O95342	rs377426819	D1236Y	0.961		O95342	Bile salt export pump	Homo sapiens	Encontrado	https://alphafold.ebi.ac.uk/entry/O95342
ABCB11	missense_variant	uncertain significance	377426819	O95342	rs377426819	D1236Y	0.0		O95342	Bile salt export pump	Homo sapiens	Encontrado	https://alphafold.ebi.ac.uk/entry/O95342
ABCB11	missense_variant	likely benign	377591610	O95342	rs377591610	S143N	0.162		O95342	Bile salt export pump	Homo sapiens	Encontrado	https://alphafold.ebi.ac.uk/entry/O95342
ABCB11	missense_variant	likely benign	377591610	O95342	rs377591610	S143N	0.29		O95342	Bile salt export pump	Homo sapiens	Encontrado	https://alphafold.ebi.ac.uk/entry/O95342
ABCB11	missense_variant	uncertain significance	531704947	O95342	rs531704947	D1143E	0.023		O95342	Bile salt export pump	Homo sapiens	Encontrado	https://alphafold.ebi.ac.uk/entry/O95342
ABCB11	missense_variant	uncertain significance	531704947	O95342	rs531704947	D1143E	0.12		O95342	Bile salt export pump	Homo sapiens	Encontrado	https://alphafold.ebi.ac.uk/entry/O95342
ABCB11	missense_variant	uncertain significance	539087982	O95342	rs539087982	R698C	0.708		O95342	Bile salt export pump	Homo sapiens	Encontrado	https://alphafold.ebi.ac.uk/entry/O95342
ABCB11	missense_variant	uncertain significance	539087982	O95342	rs539087982	R698C	0.0		O95342	Bile salt export pump	Homo sapiens	Encontrado	https://alphafold.ebi.ac.uk/entry/O95342
ABCB11	missense_variant	uncertain significance	539087982	O95342	rs539087982	R698C	0.704		O95342	Bile salt export pump	Homo sapiens	Encontrado	https://alphafold.ebi.ac.uk/entry/O95342
ABCB11	missense_variant	uncertain significance	539087982	O95342	rs539087982	R698C	0.01		O95342	Bile salt export pump	Homo sapiens	Encontrado	https://alphafold.ebi.ac.uk/entry/O95342
ABCB11	missense_variant	uncertain significance	542821407	O95342	rs542821407	M450I	0.005		O95342	Bile salt export pump	Homo sapiens	Encontrado	https://alphafold.ebi.ac.uk/entry/O95342
ABCB11	missense_variant	uncertain significance	542821407	O95342	rs542821407	M450I	0.01		O95342	Bile salt export pump	Homo sapiens	Encontrado	https://alphafold.ebi.ac.uk/entry/O95342
ABCB11	missense_variant	uncertain significance, likely pathogenic	546906441	O95342	rs546906441	V1212F	1.0		O95342	Bile salt export pump	Homo sapiens	Encontrado	https://alphafold.ebi.ac.uk/entry/O95342
ABCB11	missense_variant	uncertain significance, likely pathogenic	546906441	O95342	rs546906441	V1212F	0.0		O95342	Bile salt export pump	Homo sapiens	Encontrado	https://alphafold.ebi.ac.uk/entry/O95342
ABCB11	missense_variant	uncertain significance, likely pathogenic	546906441	O95342	rs546906441	V1212I	0.999		O95342	Bile salt export pump	Homo sapiens	Encontrado	https://alphafold.ebi.ac.uk/entry/O95342
ABCB11	missense_variant	uncertain significance, likely pathogenic	546906441	O95342	rs546906441	V1212I	0.0		O95342	Bile salt export pump	Homo sapiens	Encontrado	https://alphafold.ebi.ac.uk/entry/O95342
ABCB11	missense_variant	uncertain significance	553076953	O95342	rs553076953	N490D	0.808		O95342	Bile salt export pump	Homo sapiens	Encontrado	https://alphafold.ebi.ac.uk/entry/O95342
ABCB11	missense_variant	uncertain significance	553076953	O95342	rs553076953	N490D	0.0		O95342	Bile salt export pump	Homo sapiens	Encontrado	https://alphafold.ebi.ac.uk/entry/O95342
ABCB11	missense_variant		553510412						O95342	Bile salt export pump	Homo sapiens	Encontrado	https://alphafold.ebi.ac.uk/entry/O95342
ABCB11	missense_variant		555007072						O95342	Bile salt export pump	Homo sapiens	Encontrado	https://alphafold.ebi.ac.uk/entry/O95342
ABCB11	missense_variant	likely benign, likely pathogenic, pathogenic	555881834	O95342	rs555881834	R1268W	1.0		O95342	Bile salt export pump	Homo sapiens	Encontrado	https://alphafold.ebi.ac.uk/entry/O95342
ABCB11	missense_variant	likely benign, likely pathogenic, pathogenic	555881834	O95342	rs555881834	R1268W	0.0		O95342	Bile salt export pump	Homo sapiens	Encontrado	https://alphafold.ebi.ac.uk/entry/O95342
ABCB11	missense_variant		557214751						O95342	Bile salt export pump	Homo sapiens	Encontrado	https://alphafold.ebi.ac.uk/entry/O95342
ABCB11	missense_variant	uncertain significance	559849564	O95342	rs559849564	G873S	0.997		O95342	Bile salt export pump	Homo sapiens	Encontrado	https://alphafold.ebi.ac.uk/entry/O95342
ABCB11	missense_variant	uncertain significance	559849564	O95342	rs559849564	G873S	0.0		O95342	Bile salt export pump	Homo sapiens	Encontrado	https://alphafold.ebi.ac.uk/entry/O95342
ABCB11	missense_variant	likely benign	572222881	O95342	rs572222881	N375S	0.014		O95342	Bile salt export pump	Homo sapiens	Encontrado	https://alphafold.ebi.ac.uk/entry/O95342
ABCB11	missense_variant	likely benign	572222881	O95342	rs572222881	N375S	0.02		O95342	Bile salt export pump	Homo sapiens	Encontrado	https://alphafold.ebi.ac.uk/entry/O95342
ABCB11	missense_variant	uncertain significance, benign	57509552						O95342	Bile salt export pump	Homo sapiens	Encontrado	https://alphafold.ebi.ac.uk/entry/O95342
ABCB11	missense_variant	likely pathogenic, pathogenic	72549394						O95342	Bile salt export pump	Homo sapiens	Encontrado	https://alphafold.ebi.ac.uk/entry/O95342
ABCB11	missense_variant	uncertain significance, likely pathogenic, pathogenic	72549395	O95342	rs72549395	R1153G	1.0		O95342	Bile salt export pump	Homo sapiens	Encontrado	https://alphafold.ebi.ac.uk/entry/O95342
ABCB11	missense_variant	uncertain significance, likely pathogenic, pathogenic	72549395	O95342	rs72549395	R1153G	0.0		O95342	Bile salt export pump	Homo sapiens	Encontrado	https://alphafold.ebi.ac.uk/entry/O95342
ABCB11	missense_variant	pathogenic	72549398						O95342	Bile salt export pump	Homo sapiens	Encontrado	https://alphafold.ebi.ac.uk/entry/O95342
ABCB11	missense_variant	pathogenic	72549399						O95342	Bile salt export pump	Homo sapiens	Encontrado	https://alphafold.ebi.ac.uk/entry/O95342
ABCB11	missense_variant		72549400						O95342	Bile salt export pump	Homo sapiens	Encontrado	https://alphafold.ebi.ac.uk/entry/O95342
ABCB11	missense_variant	pathogenic	72549402						O95342	Bile salt export pump	Homo sapiens	Encontrado	https://alphafold.ebi.ac.uk/entry/O95342
ABCB11	missense_variant		72551305						O95342	Bile salt export pump	Homo sapiens	Encontrado	https://alphafold.ebi.ac.uk/entry/O95342
ABCB11	missense_variant	uncertain significance, likely pathogenic	72551306	O95342	rs72551306	G238A	0.888		O95342	Bile salt export pump	Homo sapiens	Encontrado	https://alphafold.ebi.ac.uk/entry/O95342
ABCB11	missense_variant	uncertain significance, likely pathogenic	72551306	O95342	rs72551306	G238A	0.0		O95342	Bile salt export pump	Homo sapiens	Encontrado	https://alphafold.ebi.ac.uk/entry/O95342
ABCB11	missense_variant	uncertain significance, likely pathogenic	72551306	O95342	rs72551306	G238D	0.91		O95342	Bile salt export pump	Homo sapiens	Encontrado	https://alphafold.ebi.ac.uk/entry/O95342
ABCB11	missense_variant	uncertain significance, likely pathogenic	72551306	O95342	rs72551306	G238D	0.0		O95342	Bile salt export pump	Homo sapiens	Encontrado	https://alphafold.ebi.ac.uk/entry/O95342
ABCB11	missense_variant		72551307						O95342	Bile salt export pump	Homo sapiens	Encontrado	https://alphafold.ebi.ac.uk/entry/O95342
ABCB11	missense_variant		72886795						O95342	Bile salt export pump	Homo sapiens	Encontrado	https://alphafold.ebi.ac.uk/entry/O95342
ABCB11	missense_variant	uncertain significance, likely pathogenic, pathogenic	745557569	O95342	rs745557569	G877R	0.998		O95342	Bile salt export pump	Homo sapiens	Encontrado	https://alphafold.ebi.ac.uk/entry/O95342
ABCB11	missense_variant	uncertain significance, likely pathogenic, pathogenic	745557569	O95342	rs745557569	G877R	0.0		O95342	Bile salt export pump	Homo sapiens	Encontrado	https://alphafold.ebi.ac.uk/entry/O95342
ABCB11	missense_variant	uncertain significance	745650553						O95342	Bile salt export pump	Homo sapiens	Encontrado	https://alphafold.ebi.ac.uk/entry/O95342
ABCB11	missense_variant	uncertain significance	745952466	O95342	rs745952466	V95A	0.034		O95342	Bile salt export pump	Homo sapiens	Encontrado	https://alphafold.ebi.ac.uk/entry/O95342
ABCB11	missense_variant	uncertain significance	745952466	O95342	rs745952466	V95A	0.0		O95342	Bile salt export pump	Homo sapiens	Encontrado	https://alphafold.ebi.ac.uk/entry/O95342
ABCB11	missense_variant		746135028						O95342	Bile salt export pump	Homo sapiens	Encontrado	https://alphafold.ebi.ac.uk/entry/O95342
ABCB11	missense_variant		746248437						O95342	Bile salt export pump	Homo sapiens	Encontrado	https://alphafold.ebi.ac.uk/entry/O95342
ABCB11	missense_variant	uncertain significance	746408716	O95342	rs746408716	V732L	0.003		O95342	Bile salt export pump	Homo sapiens	Encontrado	https://alphafold.ebi.ac.uk/entry/O95342
ABCB11	missense_variant	uncertain significance	746408716	O95342	rs746408716	V732L	0.26		O95342	Bile salt export pump	Homo sapiens	Encontrado	https://alphafold.ebi.ac.uk/entry/O95342
ABCB11	missense_variant	uncertain significance	746408716	O95342	rs746408716	V732M	0.007		O95342	Bile salt export pump	Homo sapiens	Encontrado	https://alphafold.ebi.ac.uk/entry/O95342
ABCB11	missense_variant	uncertain significance	746408716	O95342	rs746408716	V732M	0.1		O95342	Bile salt export pump	Homo sapiens	Encontrado	https://alphafold.ebi.ac.uk/entry/O95342
ABCB11	missense_variant	uncertain significance	746501606	O95342	rs746501606	E534K	0.034		O95342	Bile salt export pump	Homo sapiens	Encontrado	https://alphafold.ebi.ac.uk/entry/O95342
ABCB11	missense_variant	uncertain significance	746501606	O95342	rs746501606	E534K	0.03		O95342	Bile salt export pump	Homo sapiens	Encontrado	https://alphafold.ebi.ac.uk/entry/O95342
ABCB11	missense_variant	likely benign	746620432	O95342	rs746620432	I112V	0.93		O95342	Bile salt export pump	Homo sapiens	Encontrado	https://alphafold.ebi.ac.uk/entry/O95342
ABCB11	missense_variant	likely benign	746620432	O95342	rs746620432	I112V	0.04		O95342	Bile salt export pump	Homo sapiens	Encontrado	https://alphafold.ebi.ac.uk/entry/O95342
ABCB11	missense_variant		746784473	O95342	rs746784473	E641K	0.001		O95342	Bile salt export pump	Homo sapiens	Encontrado	https://alphafold.ebi.ac.uk/entry/O95342
ABCB11	missense_variant		746784473	O95342	rs746784473	E641K	0.29		O95342	Bile salt export pump	Homo sapiens	Encontrado	https://alphafold.ebi.ac.uk/entry/O95342
ABCB11	missense_variant		746784473	O95342	rs746784473	E641K	0.001		O95342	Bile salt export pump	Homo sapiens	Encontrado	https://alphafold.ebi.ac.uk/entry/O95342
ABCB11	missense_variant		746784473	O95342	rs746784473	E641K	0.06		O95342	Bile salt export pump	Homo sapiens	Encontrado	https://alphafold.ebi.ac.uk/entry/O95342
ABCB11	missense_variant	uncertain significance	747153406	O95342	rs747153406	L1055P	0.937		O95342	Bile salt export pump	Homo sapiens	Encontrado	https://alphafold.ebi.ac.uk/entry/O95342
ABCB11	missense_variant	uncertain significance	747153406	O95342	rs747153406	L1055P	0.0		O95342	Bile salt export pump	Homo sapiens	Encontrado	https://alphafold.ebi.ac.uk/entry/O95342
ABCB11	missense_variant		747266011						O95342	Bile salt export pump	Homo sapiens	Encontrado	https://alphafold.ebi.ac.uk/entry/O95342
ABCB11	missense_variant		747352405						O95342	Bile salt export pump	Homo sapiens	Encontrado	https://alphafold.ebi.ac.uk/entry/O95342
ABCB11	missense_variant		747471233						O95342	Bile salt export pump	Homo sapiens	Encontrado	https://alphafold.ebi.ac.uk/entry/O95342
ABCB11	missense_variant		747473227						O95342	Bile salt export pump	Homo sapiens	Encontrado	https://alphafold.ebi.ac.uk/entry/O95342
ABCB11	missense_variant		747604184						O95342	Bile salt export pump	Homo sapiens	Encontrado	https://alphafold.ebi.ac.uk/entry/O95342
ABCB11	missense_variant		747741736						O95342	Bile salt export pump	Homo sapiens	Encontrado	https://alphafold.ebi.ac.uk/entry/O95342
ABCB11	missense_variant		747776920						O95342	Bile salt export pump	Homo sapiens	Encontrado	https://alphafold.ebi.ac.uk/entry/O95342
ABCB11	missense_variant		747862823						O95342	Bile salt export pump	Homo sapiens	Encontrado	https://alphafold.ebi.ac.uk/entry/O95342
ABCB11	missense_variant	uncertain significance, likely benign	747864916						O95342	Bile salt export pump	Homo sapiens	Encontrado	https://alphafold.ebi.ac.uk/entry/O95342
ABCB11	missense_variant		747920364						O95342	Bile salt export pump	Homo sapiens	Encontrado	https://alphafold.ebi.ac.uk/entry/O95342
ABCB11	missense_variant		748087267						O95342	Bile salt export pump	Homo sapiens	Encontrado	https://alphafold.ebi.ac.uk/entry/O95342
ABCB11	missense_variant		748335505						O95342	Bile salt export pump	Homo sapiens	Encontrado	https://alphafold.ebi.ac.uk/entry/O95342
ABCB11	missense_variant		748529595						O95342	Bile salt export pump	Homo sapiens	Encontrado	https://alphafold.ebi.ac.uk/entry/O95342
ABCB11	missense_variant		748610515						O95342	Bile salt export pump	Homo sapiens	Encontrado	https://alphafold.ebi.ac.uk/entry/O95342
ABCB11	missense_variant	uncertain significance, likely pathogenic	748837264	O95342	rs748837264	A693P	0.273		O95342	Bile salt export pump	Homo sapiens	Encontrado	https://alphafold.ebi.ac.uk/entry/O95342
ABCB11	missense_variant	uncertain significance, likely pathogenic	748837264	O95342	rs748837264	A693P	0.01		O95342	Bile salt export pump	Homo sapiens	Encontrado	https://alphafold.ebi.ac.uk/entry/O95342
ABCB11	missense_variant	uncertain significance, likely pathogenic	748837264	O95342	rs748837264	A693T	0.078		O95342	Bile salt export pump	Homo sapiens	Encontrado	https://alphafold.ebi.ac.uk/entry/O95342
ABCB11	missense_variant	uncertain significance, likely pathogenic	748837264	O95342	rs748837264	A693T	0.02		O95342	Bile salt export pump	Homo sapiens	Encontrado	https://alphafold.ebi.ac.uk/entry/O95342
ABCB11	missense_variant	uncertain significance, likely pathogenic, pathogenic	748862206	O95342	rs748862206	R1153H	1.0		O95342	Bile salt export pump	Homo sapiens	Encontrado	https://alphafold.ebi.ac.uk/entry/O95342
ABCB11	missense_variant	uncertain significance, likely pathogenic, pathogenic	748862206	O95342	rs748862206	R1153H	0.01		O95342	Bile salt export pump	Homo sapiens	Encontrado	https://alphafold.ebi.ac.uk/entry/O95342
ABCB11	missense_variant	uncertain significance, likely pathogenic, pathogenic	748862206	O95342	rs748862206	R1153H	1.0		O95342	Bile salt export pump	Homo sapiens	Encontrado	https://alphafold.ebi.ac.uk/entry/O95342
ABCB11	missense_variant	uncertain significance, likely pathogenic, pathogenic	748862206	O95342	rs748862206	R1153H	0.0		O95342	Bile salt export pump	Homo sapiens	Encontrado	https://alphafold.ebi.ac.uk/entry/O95342
ABCB11	missense_variant		748876735						O95342	Bile salt export pump	Homo sapiens	Encontrado	https://alphafold.ebi.ac.uk/entry/O95342
ABCB11	missense_variant	likely pathogenic	748967972						O95342	Bile salt export pump	Homo sapiens	Encontrado	https://alphafold.ebi.ac.uk/entry/O95342
ABCB11	missense_variant		749174949						O95342	Bile salt export pump	Homo sapiens	Encontrado	https://alphafold.ebi.ac.uk/entry/O95342
ABCB11	missense_variant		749186418						O95342	Bile salt export pump	Homo sapiens	Encontrado	https://alphafold.ebi.ac.uk/entry/O95342
ABCB11	missense_variant		749311315						O95342	Bile salt export pump	Homo sapiens	Encontrado	https://alphafold.ebi.ac.uk/entry/O95342
ABCB11	missense_variant		749448543						O95342	Bile salt export pump	Homo sapiens	Encontrado	https://alphafold.ebi.ac.uk/entry/O95342
ABCB11	missense_variant		749449077						O95342	Bile salt export pump	Homo sapiens	Encontrado	https://alphafold.ebi.ac.uk/entry/O95342
ABCB11	missense_variant		749700736						O95342	Bile salt export pump	Homo sapiens	Encontrado	https://alphafold.ebi.ac.uk/entry/O95342
ABCB11	missense_variant		750033238						O95342	Bile salt export pump	Homo sapiens	Encontrado	https://alphafold.ebi.ac.uk/entry/O95342
ABCB11	missense_variant		750215830						O95342	Bile salt export pump	Homo sapiens	Encontrado	https://alphafold.ebi.ac.uk/entry/O95342
ABCB11	missense_variant		750289299						O95342	Bile salt export pump	Homo sapiens	Encontrado	https://alphafold.ebi.ac.uk/entry/O95342
ABCB11	missense_variant		750399349						O95342	Bile salt export pump	Homo sapiens	Encontrado	https://alphafold.ebi.ac.uk/entry/O95342
ABCB11	missense_variant		750541696						O95342	Bile salt export pump	Homo sapiens	Encontrado	https://alphafold.ebi.ac.uk/entry/O95342
ABCB11	missense_variant		750696628						O95342	Bile salt export pump	Homo sapiens	Encontrado	https://alphafold.ebi.ac.uk/entry/O95342
ABCB11	missense_variant	likely benign	750758449	O95342	rs750758449	K24E	0.0		O95342	Bile salt export pump	Homo sapiens	Encontrado	https://alphafold.ebi.ac.uk/entry/O95342
ABCB11	missense_variant	likely benign	750758449	O95342	rs750758449	K24E	0.92		O95342	Bile salt export pump	Homo sapiens	Encontrado	https://alphafold.ebi.ac.uk/entry/O95342
ABCB11	missense_variant		750821906						O95342	Bile salt export pump	Homo sapiens	Encontrado	https://alphafold.ebi.ac.uk/entry/O95342
ABCB11	missense_variant	uncertain significance	750904445	O95342	rs750904445	G344S	1.0		O95342	Bile salt export pump	Homo sapiens	Encontrado	https://alphafold.ebi.ac.uk/entry/O95342
ABCB11	missense_variant	uncertain significance	750904445	O95342	rs750904445	G344S	0.0		O95342	Bile salt export pump	Homo sapiens	Encontrado	https://alphafold.ebi.ac.uk/entry/O95342
ABCB11	missense_variant	uncertain significance	750904445	O95342	rs750904445	G344S	1.0		O95342	Bile salt export pump	Homo sapiens	Encontrado	https://alphafold.ebi.ac.uk/entry/O95342
ABCB11	missense_variant	uncertain significance	750904445	O95342	rs750904445	G344S	0.0		O95342	Bile salt export pump	Homo sapiens	Encontrado	https://alphafold.ebi.ac.uk/entry/O95342
ABCB11	missense_variant		750975007	O95342	rs750975007	Y538C	0.999		O95342	Bile salt export pump	Homo sapiens	Encontrado	https://alphafold.ebi.ac.uk/entry/O95342
ABCB11	missense_variant		750975007	O95342	rs750975007	Y538C	0.0		O95342	Bile salt export pump	Homo sapiens	Encontrado	https://alphafold.ebi.ac.uk/entry/O95342
ABCB11	missense_variant		750975007	O95342	rs750975007	Y538C	0.999		O95342	Bile salt export pump	Homo sapiens	Encontrado	https://alphafold.ebi.ac.uk/entry/O95342
ABCB11	missense_variant		750975007	O95342	rs750975007	Y538C	0.0		O95342	Bile salt export pump	Homo sapiens	Encontrado	https://alphafold.ebi.ac.uk/entry/O95342
ABCB11	missense_variant	uncertain significance	751215078						O95342	Bile salt export pump	Homo sapiens	Encontrado	https://alphafold.ebi.ac.uk/entry/O95342
ABCB11	missense_variant		751332935						O95342	Bile salt export pump	Homo sapiens	Encontrado	https://alphafold.ebi.ac.uk/entry/O95342
ABCB11	missense_variant	likely pathogenic, pathogenic	752043324	O95342	rs752043324	I498T	0.881		O95342	Bile salt export pump	Homo sapiens	Encontrado	https://alphafold.ebi.ac.uk/entry/O95342
ABCB11	missense_variant	likely pathogenic, pathogenic	752043324	O95342	rs752043324	I498T	0.0		O95342	Bile salt export pump	Homo sapiens	Encontrado	https://alphafold.ebi.ac.uk/entry/O95342
ABCB11	missense_variant		752097540						O95342	Bile salt export pump	Homo sapiens	Encontrado	https://alphafold.ebi.ac.uk/entry/O95342
ABCB11	missense_variant	uncertain significance	752318046						O95342	Bile salt export pump	Homo sapiens	Encontrado	https://alphafold.ebi.ac.uk/entry/O95342
ABCB11	missense_variant		752319339						O95342	Bile salt export pump	Homo sapiens	Encontrado	https://alphafold.ebi.ac.uk/entry/O95342
ABCB11	missense_variant		752322076						O95342	Bile salt export pump	Homo sapiens	Encontrado	https://alphafold.ebi.ac.uk/entry/O95342
ABCB11	missense_variant		752363781						O95342	Bile salt export pump	Homo sapiens	Encontrado	https://alphafold.ebi.ac.uk/entry/O95342
ABCB11	missense_variant		752613769						O95342	Bile salt export pump	Homo sapiens	Encontrado	https://alphafold.ebi.ac.uk/entry/O95342
ABCB11	missense_variant		752938097						O95342	Bile salt export pump	Homo sapiens	Encontrado	https://alphafold.ebi.ac.uk/entry/O95342
ABCB11	missense_variant	uncertain significance	752974260	O95342	rs752974260	K1136R	0.015		O95342	Bile salt export pump	Homo sapiens	Encontrado	https://alphafold.ebi.ac.uk/entry/O95342
ABCB11	missense_variant	uncertain significance	752974260	O95342	rs752974260	K1136R	0.76		O95342	Bile salt export pump	Homo sapiens	Encontrado	https://alphafold.ebi.ac.uk/entry/O95342
ABCB11	missense_variant	likely pathogenic, pathogenic	752992432	O95342	rs752992432	E135K	0.833		O95342	Bile salt export pump	Homo sapiens	Encontrado	https://alphafold.ebi.ac.uk/entry/O95342
ABCB11	missense_variant	likely pathogenic, pathogenic	752992432	O95342	rs752992432	E135K	0.02		O95342	Bile salt export pump	Homo sapiens	Encontrado	https://alphafold.ebi.ac.uk/entry/O95342
ABCB11	missense_variant	likely pathogenic, pathogenic	752992432	O95342	rs752992432	E135K	0.831		O95342	Bile salt export pump	Homo sapiens	Encontrado	https://alphafold.ebi.ac.uk/entry/O95342
ABCB11	missense_variant	likely pathogenic, pathogenic	752992432	O95342	rs752992432	E135K	0.0		O95342	Bile salt export pump	Homo sapiens	Encontrado	https://alphafold.ebi.ac.uk/entry/O95342
ABCB11	missense_variant	likely pathogenic, pathogenic	752992432	O95342	rs752992432	E135Q	0.965		O95342	Bile salt export pump	Homo sapiens	Encontrado	https://alphafold.ebi.ac.uk/entry/O95342
ABCB11	missense_variant	likely pathogenic, pathogenic	752992432	O95342	rs752992432	E135Q	0.06		O95342	Bile salt export pump	Homo sapiens	Encontrado	https://alphafold.ebi.ac.uk/entry/O95342
ABCB11	missense_variant	likely pathogenic, pathogenic	752992432	O95342	rs752992432	E135Q	0.94		O95342	Bile salt export pump	Homo sapiens	Encontrado	https://alphafold.ebi.ac.uk/entry/O95342
ABCB11	missense_variant	likely pathogenic, pathogenic	752992432	O95342	rs752992432	E135Q	0.0		O95342	Bile salt export pump	Homo sapiens	Encontrado	https://alphafold.ebi.ac.uk/entry/O95342
ABCB11	missense_variant		753083832						O95342	Bile salt export pump	Homo sapiens	Encontrado	https://alphafold.ebi.ac.uk/entry/O95342
ABCB11	missense_variant		753464547						O95342	Bile salt export pump	Homo sapiens	Encontrado	https://alphafold.ebi.ac.uk/entry/O95342
ABCB11	missense_variant		753502599						O95342	Bile salt export pump	Homo sapiens	Encontrado	https://alphafold.ebi.ac.uk/entry/O95342
ABCB11	missense_variant		753654002						O95342	Bile salt export pump	Homo sapiens	Encontrado	https://alphafold.ebi.ac.uk/entry/O95342
ABCB11	missense_variant		753853173						O95342	Bile salt export pump	Homo sapiens	Encontrado	https://alphafold.ebi.ac.uk/entry/O95342
ABCB11	missense_variant		753926408						O95342	Bile salt export pump	Homo sapiens	Encontrado	https://alphafold.ebi.ac.uk/entry/O95342
ABCB11	missense_variant	uncertain significance, likely pathogenic, pathogenic	753994013	O95342	rs753994013	I541T	1.0		O95342	Bile salt export pump	Homo sapiens	Encontrado	https://alphafold.ebi.ac.uk/entry/O95342
ABCB11	missense_variant	uncertain significance, likely pathogenic, pathogenic	753994013	O95342	rs753994013	I541T	0.0		O95342	Bile salt export pump	Homo sapiens	Encontrado	https://alphafold.ebi.ac.uk/entry/O95342
ABCB11	missense_variant	uncertain significance	754048936	O95342	rs754048936	C1117Y	0.999		O95342	Bile salt export pump	Homo sapiens	Encontrado	https://alphafold.ebi.ac.uk/entry/O95342
ABCB11	missense_variant	uncertain significance	754048936	O95342	rs754048936	C1117Y	0.0		O95342	Bile salt export pump	Homo sapiens	Encontrado	https://alphafold.ebi.ac.uk/entry/O95342
ABCB11	missense_variant		754081927						O95342	Bile salt export pump	Homo sapiens	Encontrado	https://alphafold.ebi.ac.uk/entry/O95342
ABCB11	missense_variant	uncertain significance	754572557						O95342	Bile salt export pump	Homo sapiens	Encontrado	https://alphafold.ebi.ac.uk/entry/O95342
ABCB11	missense_variant		755000612						O95342	Bile salt export pump	Homo sapiens	Encontrado	https://alphafold.ebi.ac.uk/entry/O95342
ABCB11	missense_variant	uncertain significance	755010435						O95342	Bile salt export pump	Homo sapiens	Encontrado	https://alphafold.ebi.ac.uk/entry/O95342
ABCB11	missense_variant	uncertain significance	755093559	O95342	rs755093559	I891N	0.801		O95342	Bile salt export pump	Homo sapiens	Encontrado	https://alphafold.ebi.ac.uk/entry/O95342
ABCB11	missense_variant	uncertain significance	755093559	O95342	rs755093559	I891N	0.0		O95342	Bile salt export pump	Homo sapiens	Encontrado	https://alphafold.ebi.ac.uk/entry/O95342
ABCB11	missense_variant		755163960						O95342	Bile salt export pump	Homo sapiens	Encontrado	https://alphafold.ebi.ac.uk/entry/O95342
ABCB11	missense_variant	uncertain significance	755362375	O95342	rs755362375	E934K	0.998		O95342	Bile salt export pump	Homo sapiens	Encontrado	https://alphafold.ebi.ac.uk/entry/O95342
ABCB11	missense_variant	uncertain significance	755362375	O95342	rs755362375	E934K	0.0		O95342	Bile salt export pump	Homo sapiens	Encontrado	https://alphafold.ebi.ac.uk/entry/O95342
ABCB11	missense_variant	uncertain significance	755385304	O95342	rs755385304	R1276C	1.0		O95342	Bile salt export pump	Homo sapiens	Encontrado	https://alphafold.ebi.ac.uk/entry/O95342
ABCB11	missense_variant	uncertain significance	755385304	O95342	rs755385304	R1276C	0.0		O95342	Bile salt export pump	Homo sapiens	Encontrado	https://alphafold.ebi.ac.uk/entry/O95342
ABCB11	missense_variant	uncertain significance	755385304	O95342	rs755385304	R1276C	1.0		O95342	Bile salt export pump	Homo sapiens	Encontrado	https://alphafold.ebi.ac.uk/entry/O95342
ABCB11	missense_variant	uncertain significance	755385304	O95342	rs755385304	R1276C	0.0		O95342	Bile salt export pump	Homo sapiens	Encontrado	https://alphafold.ebi.ac.uk/entry/O95342
ABCB11	missense_variant		755587533						O95342	Bile salt export pump	Homo sapiens	Encontrado	https://alphafold.ebi.ac.uk/entry/O95342
ABCB11	missense_variant		755717909						O95342	Bile salt export pump	Homo sapiens	Encontrado	https://alphafold.ebi.ac.uk/entry/O95342
ABCB11	missense_variant		755761146						O95342	Bile salt export pump	Homo sapiens	Encontrado	https://alphafold.ebi.ac.uk/entry/O95342
ABCB11	missense_variant		755766647						O95342	Bile salt export pump	Homo sapiens	Encontrado	https://alphafold.ebi.ac.uk/entry/O95342
ABCB11	missense_variant		755780123						O95342	Bile salt export pump	Homo sapiens	Encontrado	https://alphafold.ebi.ac.uk/entry/O95342
ABCB11	missense_variant		755810059						O95342	Bile salt export pump	Homo sapiens	Encontrado	https://alphafold.ebi.ac.uk/entry/O95342
ABCB11	missense_variant		756140872						O95342	Bile salt export pump	Homo sapiens	Encontrado	https://alphafold.ebi.ac.uk/entry/O95342
ABCB11	missense_variant	uncertain significance, likely pathogenic	756220860						O95342	Bile salt export pump	Homo sapiens	Encontrado	https://alphafold.ebi.ac.uk/entry/O95342
ABCB11	missense_variant	uncertain significance	756287199	O95342	rs756287199	F231S	0.97		O95342	Bile salt export pump	Homo sapiens	Encontrado	https://alphafold.ebi.ac.uk/entry/O95342
ABCB11	missense_variant	uncertain significance	756287199	O95342	rs756287199	F231S	0.0		O95342	Bile salt export pump	Homo sapiens	Encontrado	https://alphafold.ebi.ac.uk/entry/O95342
ABCB11	missense_variant	uncertain significance	756337359	O95342	rs756337359	V741I	0.006		O95342	Bile salt export pump	Homo sapiens	Encontrado	https://alphafold.ebi.ac.uk/entry/O95342
ABCB11	missense_variant	uncertain significance	756337359	O95342	rs756337359	V741I	0.04		O95342	Bile salt export pump	Homo sapiens	Encontrado	https://alphafold.ebi.ac.uk/entry/O95342
ABCB11	missense_variant		756376413						O95342	Bile salt export pump	Homo sapiens	Encontrado	https://alphafold.ebi.ac.uk/entry/O95342
ABCB11	missense_variant		756679287						O95342	Bile salt export pump	Homo sapiens	Encontrado	https://alphafold.ebi.ac.uk/entry/O95342
ABCB11	missense_variant	uncertain significance, likely benign	756725213	O95342	rs756725213	R646K	0.007		O95342	Bile salt export pump	Homo sapiens	Encontrado	https://alphafold.ebi.ac.uk/entry/O95342
ABCB11	missense_variant	uncertain significance, likely benign	756725213	O95342	rs756725213	R646K	0.04		O95342	Bile salt export pump	Homo sapiens	Encontrado	https://alphafold.ebi.ac.uk/entry/O95342
ABCB11	missense_variant	uncertain significance	756738723						O95342	Bile salt export pump	Homo sapiens	Encontrado	https://alphafold.ebi.ac.uk/entry/O95342
ABCB11	missense_variant	uncertain significance	756792557	O95342	rs756792557	I1273V	0.994		O95342	Bile salt export pump	Homo sapiens	Encontrado	https://alphafold.ebi.ac.uk/entry/O95342
ABCB11	missense_variant	uncertain significance	756792557	O95342	rs756792557	I1273V	0.0		O95342	Bile salt export pump	Homo sapiens	Encontrado	https://alphafold.ebi.ac.uk/entry/O95342
ABCB11	missense_variant	uncertain significance	756797612						O95342	Bile salt export pump	Homo sapiens	Encontrado	https://alphafold.ebi.ac.uk/entry/O95342
ABCB11	missense_variant	uncertain significance	757224691	O95342	rs757224691	T550N	1.0		O95342	Bile salt export pump	Homo sapiens	Encontrado	https://alphafold.ebi.ac.uk/entry/O95342
ABCB11	missense_variant	uncertain significance	757224691	O95342	rs757224691	T550N	0.0		O95342	Bile salt export pump	Homo sapiens	Encontrado	https://alphafold.ebi.ac.uk/entry/O95342
ABCB11	missense_variant		757325985						O95342	Bile salt export pump	Homo sapiens	Encontrado	https://alphafold.ebi.ac.uk/entry/O95342
ABCB11	missense_variant		757527056						O95342	Bile salt export pump	Homo sapiens	Encontrado	https://alphafold.ebi.ac.uk/entry/O95342
ABCB11	missense_variant		757655177						O95342	Bile salt export pump	Homo sapiens	Encontrado	https://alphafold.ebi.ac.uk/entry/O95342
ABCB11	missense_variant	uncertain significance	757815423	O95342	rs757815423	M123T	0.003		O95342	Bile salt export pump	Homo sapiens	Encontrado	https://alphafold.ebi.ac.uk/entry/O95342
ABCB11	missense_variant	uncertain significance	757815423	O95342	rs757815423	M123T	0.43		O95342	Bile salt export pump	Homo sapiens	Encontrado	https://alphafold.ebi.ac.uk/entry/O95342
ABCB11	missense_variant		757842499						O95342	Bile salt export pump	Homo sapiens	Encontrado	https://alphafold.ebi.ac.uk/entry/O95342
ABCB11	missense_variant		757851218						O95342	Bile salt export pump	Homo sapiens	Encontrado	https://alphafold.ebi.ac.uk/entry/O95342
ABCB11	missense_variant	uncertain significance	757911871						O95342	Bile salt export pump	Homo sapiens	Encontrado	https://alphafold.ebi.ac.uk/entry/O95342
ABCB11	missense_variant	uncertain significance	758004990						O95342	Bile salt export pump	Homo sapiens	Encontrado	https://alphafold.ebi.ac.uk/entry/O95342
ABCB11	missense_variant	pathogenic	758069019	O95342	rs758069019	R1231Q	1.0		O95342	Bile salt export pump	Homo sapiens	Encontrado	https://alphafold.ebi.ac.uk/entry/O95342
ABCB11	missense_variant	pathogenic	758069019	O95342	rs758069019	R1231Q	0.0		O95342	Bile salt export pump	Homo sapiens	Encontrado	https://alphafold.ebi.ac.uk/entry/O95342
ABCB11	missense_variant	pathogenic	758069019	O95342	rs758069019	R1231Q	1.0		O95342	Bile salt export pump	Homo sapiens	Encontrado	https://alphafold.ebi.ac.uk/entry/O95342
ABCB11	missense_variant	pathogenic	758069019	O95342	rs758069019	R1231Q	0.0		O95342	Bile salt export pump	Homo sapiens	Encontrado	https://alphafold.ebi.ac.uk/entry/O95342
ABCB11	missense_variant	uncertain significance, pathogenic	758339239	O95342	rs758339239	L233S	0.393		O95342	Bile salt export pump	Homo sapiens	Encontrado	https://alphafold.ebi.ac.uk/entry/O95342
ABCB11	missense_variant	uncertain significance, pathogenic	758339239	O95342	rs758339239	L233S	0.0		O95342	Bile salt export pump	Homo sapiens	Encontrado	https://alphafold.ebi.ac.uk/entry/O95342
ABCB11	missense_variant	uncertain significance	758400152	O95342	rs758400152	V454L	0.996		O95342	Bile salt export pump	Homo sapiens	Encontrado	https://alphafold.ebi.ac.uk/entry/O95342
ABCB11	missense_variant	uncertain significance	758400152	O95342	rs758400152	V454L	0.0		O95342	Bile salt export pump	Homo sapiens	Encontrado	https://alphafold.ebi.ac.uk/entry/O95342
ABCB11	missense_variant		758522376						O95342	Bile salt export pump	Homo sapiens	Encontrado	https://alphafold.ebi.ac.uk/entry/O95342
ABCB11	missense_variant	uncertain significance	758569602	O95342	rs758569602	L581V	0.993		O95342	Bile salt export pump	Homo sapiens	Encontrado	https://alphafold.ebi.ac.uk/entry/O95342
ABCB11	missense_variant	uncertain significance	758569602	O95342	rs758569602	L581V	0.0		O95342	Bile salt export pump	Homo sapiens	Encontrado	https://alphafold.ebi.ac.uk/entry/O95342
ABCB11	missense_variant		758703691						O95342	Bile salt export pump	Homo sapiens	Encontrado	https://alphafold.ebi.ac.uk/entry/O95342
ABCB11	missense_variant		758803305						O95342	Bile salt export pump	Homo sapiens	Encontrado	https://alphafold.ebi.ac.uk/entry/O95342
ABCB11	missense_variant		759004752						O95342	Bile salt export pump	Homo sapiens	Encontrado	https://alphafold.ebi.ac.uk/entry/O95342
ABCB11	missense_variant	uncertain significance	759100946	O95342	rs759100946	Q49H	0.69		O95342	Bile salt export pump	Homo sapiens	Encontrado	https://alphafold.ebi.ac.uk/entry/O95342
ABCB11	missense_variant	uncertain significance	759100946	O95342	rs759100946	Q49H	0.01		O95342	Bile salt export pump	Homo sapiens	Encontrado	https://alphafold.ebi.ac.uk/entry/O95342
ABCB11	missense_variant		759162499						O95342	Bile salt export pump	Homo sapiens	Encontrado	https://alphafold.ebi.ac.uk/entry/O95342
ABCB11	missense_variant		759204797						O95342	Bile salt export pump	Homo sapiens	Encontrado	https://alphafold.ebi.ac.uk/entry/O95342
ABCB11	missense_variant		759292690						O95342	Bile salt export pump	Homo sapiens	Encontrado	https://alphafold.ebi.ac.uk/entry/O95342
ABCB11	missense_variant	uncertain significance	759605607	O95342	rs759605607	M185T	0.853		O95342	Bile salt export pump	Homo sapiens	Encontrado	https://alphafold.ebi.ac.uk/entry/O95342
ABCB11	missense_variant	uncertain significance	759605607	O95342	rs759605607	M185T	0.0		O95342	Bile salt export pump	Homo sapiens	Encontrado	https://alphafold.ebi.ac.uk/entry/O95342
ABCB11	missense_variant	uncertain significance	759634677	O95342	rs759634677	K1136N	0.124		O95342	Bile salt export pump	Homo sapiens	Encontrado	https://alphafold.ebi.ac.uk/entry/O95342
ABCB11	missense_variant	uncertain significance	759634677	O95342	rs759634677	K1136N	0.23		O95342	Bile salt export pump	Homo sapiens	Encontrado	https://alphafold.ebi.ac.uk/entry/O95342
ABCB11	missense_variant	uncertain significance	759634677	O95342	rs759634677	K1136N	0.129		O95342	Bile salt export pump	Homo sapiens	Encontrado	https://alphafold.ebi.ac.uk/entry/O95342
ABCB11	missense_variant	uncertain significance	759634677	O95342	rs759634677	K1136N	0.04		O95342	Bile salt export pump	Homo sapiens	Encontrado	https://alphafold.ebi.ac.uk/entry/O95342
ABCB11	missense_variant	uncertain significance	759727547	O95342	rs759727547	I139T	0.003		O95342	Bile salt export pump	Homo sapiens	Encontrado	https://alphafold.ebi.ac.uk/entry/O95342
ABCB11	missense_variant	uncertain significance	759727547	O95342	rs759727547	I139T	1.0		O95342	Bile salt export pump	Homo sapiens	Encontrado	https://alphafold.ebi.ac.uk/entry/O95342
ABCB11	missense_variant		759772174						O95342	Bile salt export pump	Homo sapiens	Encontrado	https://alphafold.ebi.ac.uk/entry/O95342
ABCB11	missense_variant		759983106						O95342	Bile salt export pump	Homo sapiens	Encontrado	https://alphafold.ebi.ac.uk/entry/O95342
ABCB11	missense_variant		760047156						O95342	Bile salt export pump	Homo sapiens	Encontrado	https://alphafold.ebi.ac.uk/entry/O95342
ABCB11	missense_variant		760170064						O95342	Bile salt export pump	Homo sapiens	Encontrado	https://alphafold.ebi.ac.uk/entry/O95342
ABCB11	missense_variant		760220974						O95342	Bile salt export pump	Homo sapiens	Encontrado	https://alphafold.ebi.ac.uk/entry/O95342
ABCB11	missense_variant		760720738						O95342	Bile salt export pump	Homo sapiens	Encontrado	https://alphafold.ebi.ac.uk/entry/O95342
ABCB11	missense_variant	likely pathogenic, pathogenic	760750012	O95342	rs760750012	R517H	0.956		O95342	Bile salt export pump	Homo sapiens	Encontrado	https://alphafold.ebi.ac.uk/entry/O95342
ABCB11	missense_variant	likely pathogenic, pathogenic	760750012	O95342	rs760750012	R517H	0.0		O95342	Bile salt export pump	Homo sapiens	Encontrado	https://alphafold.ebi.ac.uk/entry/O95342
ABCB11	missense_variant	likely pathogenic, pathogenic	760750012	O95342	rs760750012	R517H	0.955		O95342	Bile salt export pump	Homo sapiens	Encontrado	https://alphafold.ebi.ac.uk/entry/O95342
ABCB11	missense_variant	likely pathogenic, pathogenic	760750012	O95342	rs760750012	R517H	0.0		O95342	Bile salt export pump	Homo sapiens	Encontrado	https://alphafold.ebi.ac.uk/entry/O95342
ABCB11	missense_variant		760754635	O95342	rs760754635	R387C	0.026		O95342	Bile salt export pump	Homo sapiens	Encontrado	https://alphafold.ebi.ac.uk/entry/O95342
ABCB11	missense_variant		760754635	O95342	rs760754635	R387C	0.02		O95342	Bile salt export pump	Homo sapiens	Encontrado	https://alphafold.ebi.ac.uk/entry/O95342
ABCB11	missense_variant		760754635	O95342	rs760754635	R387C	0.025		O95342	Bile salt export pump	Homo sapiens	Encontrado	https://alphafold.ebi.ac.uk/entry/O95342
ABCB11	missense_variant		760754635	O95342	rs760754635	R387C	0.01		O95342	Bile salt export pump	Homo sapiens	Encontrado	https://alphafold.ebi.ac.uk/entry/O95342
ABCB11	missense_variant	uncertain significance	760920706	O95342	rs760920706	D94N	0.812		O95342	Bile salt export pump	Homo sapiens	Encontrado	https://alphafold.ebi.ac.uk/entry/O95342
ABCB11	missense_variant	uncertain significance	760920706	O95342	rs760920706	D94N	0.0		O95342	Bile salt export pump	Homo sapiens	Encontrado	https://alphafold.ebi.ac.uk/entry/O95342
ABCB11	missense_variant	uncertain significance	761177506	O95342	rs761177506	G1004R	0.992		O95342	Bile salt export pump	Homo sapiens	Encontrado	https://alphafold.ebi.ac.uk/entry/O95342
ABCB11	missense_variant	uncertain significance	761177506	O95342	rs761177506	G1004R	0.0		O95342	Bile salt export pump	Homo sapiens	Encontrado	https://alphafold.ebi.ac.uk/entry/O95342
ABCB11	missense_variant	uncertain significance	761200259	O95342	rs761200259	D1243G	1.0		O95342	Bile salt export pump	Homo sapiens	Encontrado	https://alphafold.ebi.ac.uk/entry/O95342
ABCB11	missense_variant	uncertain significance	761200259	O95342	rs761200259	D1243G	0.0		O95342	Bile salt export pump	Homo sapiens	Encontrado	https://alphafold.ebi.ac.uk/entry/O95342
ABCB11	missense_variant	uncertain significance	76133714	O95342	rs76133714	G295R	0.991		O95342	Bile salt export pump	Homo sapiens	Encontrado	https://alphafold.ebi.ac.uk/entry/O95342
ABCB11	missense_variant	uncertain significance	76133714	O95342	rs76133714	G295R	0.0		O95342	Bile salt export pump	Homo sapiens	Encontrado	https://alphafold.ebi.ac.uk/entry/O95342
ABCB11	missense_variant	uncertain significance, likely benign	761363245						O95342	Bile salt export pump	Homo sapiens	Encontrado	https://alphafold.ebi.ac.uk/entry/O95342
ABCB11	missense_variant		761427642						O95342	Bile salt export pump	Homo sapiens	Encontrado	https://alphafold.ebi.ac.uk/entry/O95342
ABCB11	missense_variant		761507977						O95342	Bile salt export pump	Homo sapiens	Encontrado	https://alphafold.ebi.ac.uk/entry/O95342
ABCB11	missense_variant		761682020						O95342	Bile salt export pump	Homo sapiens	Encontrado	https://alphafold.ebi.ac.uk/entry/O95342
ABCB11	missense_variant		761905396						O95342	Bile salt export pump	Homo sapiens	Encontrado	https://alphafold.ebi.ac.uk/entry/O95342
ABCB11	missense_variant	uncertain significance	762147253	O95342	rs762147253	K1045E	0.82		O95342	Bile salt export pump	Homo sapiens	Encontrado	https://alphafold.ebi.ac.uk/entry/O95342
ABCB11	missense_variant	uncertain significance	762147253	O95342	rs762147253	K1045E	0.0		O95342	Bile salt export pump	Homo sapiens	Encontrado	https://alphafold.ebi.ac.uk/entry/O95342
ABCB11	missense_variant		762255602						O95342	Bile salt export pump	Homo sapiens	Encontrado	https://alphafold.ebi.ac.uk/entry/O95342
ABCB11	missense_variant		762423892						O95342	Bile salt export pump	Homo sapiens	Encontrado	https://alphafold.ebi.ac.uk/entry/O95342
ABCB11	missense_variant	uncertain significance	762475940	O95342	rs762475940	V195L	0.555		O95342	Bile salt export pump	Homo sapiens	Encontrado	https://alphafold.ebi.ac.uk/entry/O95342
ABCB11	missense_variant	uncertain significance	762475940	O95342	rs762475940	V195L	0.0		O95342	Bile salt export pump	Homo sapiens	Encontrado	https://alphafold.ebi.ac.uk/entry/O95342
ABCB11	missense_variant	uncertain significance, likely pathogenic	762571776	O95342	rs762571776	G84D	0.993		O95342	Bile salt export pump	Homo sapiens	Encontrado	https://alphafold.ebi.ac.uk/entry/O95342
ABCB11	missense_variant	uncertain significance, likely pathogenic	762571776	O95342	rs762571776	G84D	0.0		O95342	Bile salt export pump	Homo sapiens	Encontrado	https://alphafold.ebi.ac.uk/entry/O95342
ABCB11	missense_variant		762623227						O95342	Bile salt export pump	Homo sapiens	Encontrado	https://alphafold.ebi.ac.uk/entry/O95342
ABCB11	missense_variant	uncertain significance, likely benign	762729346	O95342	rs762729346	N1211D	0.055		O95342	Bile salt export pump	Homo sapiens	Encontrado	https://alphafold.ebi.ac.uk/entry/O95342
ABCB11	missense_variant	uncertain significance, likely benign	762729346	O95342	rs762729346	N1211D	0.01		O95342	Bile salt export pump	Homo sapiens	Encontrado	https://alphafold.ebi.ac.uk/entry/O95342
ABCB11	missense_variant	uncertain significance	762737233	O95342	rs762737233	S1102L	0.436		O95342	Bile salt export pump	Homo sapiens	Encontrado	https://alphafold.ebi.ac.uk/entry/O95342
ABCB11	missense_variant	uncertain significance	762737233	O95342	rs762737233	S1102L	0.02		O95342	Bile salt export pump	Homo sapiens	Encontrado	https://alphafold.ebi.ac.uk/entry/O95342
ABCB11	missense_variant	uncertain significance	762737233	O95342	rs762737233	S1102L	0.431		O95342	Bile salt export pump	Homo sapiens	Encontrado	https://alphafold.ebi.ac.uk/entry/O95342
ABCB11	missense_variant	uncertain significance	762737233	O95342	rs762737233	S1102L	0.0		O95342	Bile salt export pump	Homo sapiens	Encontrado	https://alphafold.ebi.ac.uk/entry/O95342
ABCB11	missense_variant	uncertain significance	762737233	O95342	rs762737233	S1102W	0.956		O95342	Bile salt export pump	Homo sapiens	Encontrado	https://alphafold.ebi.ac.uk/entry/O95342
ABCB11	missense_variant	uncertain significance	762737233	O95342	rs762737233	S1102W	0.0		O95342	Bile salt export pump	Homo sapiens	Encontrado	https://alphafold.ebi.ac.uk/entry/O95342
ABCB11	missense_variant		762749352						O95342	Bile salt export pump	Homo sapiens	Encontrado	https://alphafold.ebi.ac.uk/entry/O95342
ABCB11	missense_variant	uncertain significance	762789280	O95342	rs762789280	N1073S	0.025		O95342	Bile salt export pump	Homo sapiens	Encontrado	https://alphafold.ebi.ac.uk/entry/O95342
ABCB11	missense_variant	uncertain significance	762789280	O95342	rs762789280	N1073S	0.02		O95342	Bile salt export pump	Homo sapiens	Encontrado	https://alphafold.ebi.ac.uk/entry/O95342
ABCB11	missense_variant		762986334						O95342	Bile salt export pump	Homo sapiens	Encontrado	https://alphafold.ebi.ac.uk/entry/O95342
ABCB11	missense_variant		763182178						O95342	Bile salt export pump	Homo sapiens	Encontrado	https://alphafold.ebi.ac.uk/entry/O95342
ABCB11	missense_variant	uncertain significance	763244136	O95342	rs763244136	T1256M	0.882		O95342	Bile salt export pump	Homo sapiens	Encontrado	https://alphafold.ebi.ac.uk/entry/O95342
ABCB11	missense_variant	uncertain significance	763244136	O95342	rs763244136	T1256M	0.05		O95342	Bile salt export pump	Homo sapiens	Encontrado	https://alphafold.ebi.ac.uk/entry/O95342
ABCB11	missense_variant	uncertain significance	763244136	O95342	rs763244136	T1256M	0.88		O95342	Bile salt export pump	Homo sapiens	Encontrado	https://alphafold.ebi.ac.uk/entry/O95342
ABCB11	missense_variant	uncertain significance	763244136	O95342	rs763244136	T1256M	0.0		O95342	Bile salt export pump	Homo sapiens	Encontrado	https://alphafold.ebi.ac.uk/entry/O95342
ABCB11	missense_variant	uncertain significance	763244136	O95342	rs763244136	T1256R	0.918		O95342	Bile salt export pump	Homo sapiens	Encontrado	https://alphafold.ebi.ac.uk/entry/O95342
ABCB11	missense_variant	uncertain significance	763244136	O95342	rs763244136	T1256R	0.0		O95342	Bile salt export pump	Homo sapiens	Encontrado	https://alphafold.ebi.ac.uk/entry/O95342
ABCB11	missense_variant		763287493						O95342	Bile salt export pump	Homo sapiens	Encontrado	https://alphafold.ebi.ac.uk/entry/O95342
ABCB11	missense_variant		763389560						O95342	Bile salt export pump	Homo sapiens	Encontrado	https://alphafold.ebi.ac.uk/entry/O95342
ABCB11	missense_variant	uncertain significance	763412030	O95342	rs763412030	I285T	0.411		O95342	Bile salt export pump	Homo sapiens	Encontrado	https://alphafold.ebi.ac.uk/entry/O95342
ABCB11	missense_variant	uncertain significance	763412030	O95342	rs763412030	I285T	0.0		O95342	Bile salt export pump	Homo sapiens	Encontrado	https://alphafold.ebi.ac.uk/entry/O95342
ABCB11	missense_variant		763478813						O95342	Bile salt export pump	Homo sapiens	Encontrado	https://alphafold.ebi.ac.uk/entry/O95342
ABCB11	missense_variant	uncertain significance, likely pathogenic, pathogenic	763526610	O95342	rs763526610	R52W	1.0		O95342	Bile salt export pump	Homo sapiens	Encontrado	https://alphafold.ebi.ac.uk/entry/O95342
ABCB11	missense_variant	uncertain significance, likely pathogenic, pathogenic	763526610	O95342	rs763526610	R52W	0.0		O95342	Bile salt export pump	Homo sapiens	Encontrado	https://alphafold.ebi.ac.uk/entry/O95342
ABCB11	missense_variant		763612943						O95342	Bile salt export pump	Homo sapiens	Encontrado	https://alphafold.ebi.ac.uk/entry/O95342
ABCB11	missense_variant		763634627						O95342	Bile salt export pump	Homo sapiens	Encontrado	https://alphafold.ebi.ac.uk/entry/O95342
ABCB11	missense_variant	pathogenic	763782349	O95342	rs763782349	G766R	0.996		O95342	Bile salt export pump	Homo sapiens	Encontrado	https://alphafold.ebi.ac.uk/entry/O95342
ABCB11	missense_variant	pathogenic	763782349	O95342	rs763782349	G766R	0.0		O95342	Bile salt export pump	Homo sapiens	Encontrado	https://alphafold.ebi.ac.uk/entry/O95342
ABCB11	missense_variant		763987525						O95342	Bile salt export pump	Homo sapiens	Encontrado	https://alphafold.ebi.ac.uk/entry/O95342
ABCB11	missense_variant	uncertain significance	764069770	O95342	rs764069770	N1173D	1.0		O95342	Bile salt export pump	Homo sapiens	Encontrado	https://alphafold.ebi.ac.uk/entry/O95342
ABCB11	missense_variant	uncertain significance	764069770	O95342	rs764069770	N1173D	0.0		O95342	Bile salt export pump	Homo sapiens	Encontrado	https://alphafold.ebi.ac.uk/entry/O95342
ABCB11	missense_variant	likely pathogenic	764103827						O95342	Bile salt export pump	Homo sapiens	Encontrado	https://alphafold.ebi.ac.uk/entry/O95342
ABCB11	missense_variant	likely benign	764220319						O95342	Bile salt export pump	Homo sapiens	Encontrado	https://alphafold.ebi.ac.uk/entry/O95342
ABCB11	missense_variant	uncertain significance, likely benign	764220674	O95342	rs764220674	N442Y	0.439		O95342	Bile salt export pump	Homo sapiens	Encontrado	https://alphafold.ebi.ac.uk/entry/O95342
ABCB11	missense_variant	uncertain significance, likely benign	764220674	O95342	rs764220674	N442Y	0.0		O95342	Bile salt export pump	Homo sapiens	Encontrado	https://alphafold.ebi.ac.uk/entry/O95342
ABCB11	missense_variant	likely pathogenic	764296800	O95342	rs764296800	I541M	1.0		O95342	Bile salt export pump	Homo sapiens	Encontrado	https://alphafold.ebi.ac.uk/entry/O95342
ABCB11	missense_variant	likely pathogenic	764296800	O95342	rs764296800	I541M	0.0		O95342	Bile salt export pump	Homo sapiens	Encontrado	https://alphafold.ebi.ac.uk/entry/O95342
ABCB11	missense_variant	uncertain significance	764456928						O95342	Bile salt export pump	Homo sapiens	Encontrado	https://alphafold.ebi.ac.uk/entry/O95342
ABCB11	missense_variant		764500328						O95342	Bile salt export pump	Homo sapiens	Encontrado	https://alphafold.ebi.ac.uk/entry/O95342
ABCB11	missense_variant		764536018						O95342	Bile salt export pump	Homo sapiens	Encontrado	https://alphafold.ebi.ac.uk/entry/O95342
ABCB11	missense_variant	uncertain significance	764569354	O95342	rs764569354	E353D	0.959		O95342	Bile salt export pump	Homo sapiens	Encontrado	https://alphafold.ebi.ac.uk/entry/O95342
ABCB11	missense_variant	uncertain significance	764569354	O95342	rs764569354	E353D	0.01		O95342	Bile salt export pump	Homo sapiens	Encontrado	https://alphafold.ebi.ac.uk/entry/O95342
ABCB11	missense_variant		764575275						O95342	Bile salt export pump	Homo sapiens	Encontrado	https://alphafold.ebi.ac.uk/entry/O95342
ABCB11	missense_variant	uncertain significance, likely pathogenic, pathogenic	764581483	O95342	rs764581483	R1128C	1.0		O95342	Bile salt export pump	Homo sapiens	Encontrado	https://alphafold.ebi.ac.uk/entry/O95342
ABCB11	missense_variant	uncertain significance, likely pathogenic, pathogenic	764581483	O95342	rs764581483	R1128C	0.0		O95342	Bile salt export pump	Homo sapiens	Encontrado	https://alphafold.ebi.ac.uk/entry/O95342
ABCB11	missense_variant	uncertain significance, likely pathogenic, pathogenic	764581483	O95342	rs764581483	R1128C	1.0		O95342	Bile salt export pump	Homo sapiens	Encontrado	https://alphafold.ebi.ac.uk/entry/O95342
ABCB11	missense_variant	uncertain significance, likely pathogenic, pathogenic	764581483	O95342	rs764581483	R1128C	0.0		O95342	Bile salt export pump	Homo sapiens	Encontrado	https://alphafold.ebi.ac.uk/entry/O95342
ABCB11	missense_variant	uncertain significance, likely pathogenic, pathogenic	764581483	O95342	rs764581483	R1128G	1.0		O95342	Bile salt export pump	Homo sapiens	Encontrado	https://alphafold.ebi.ac.uk/entry/O95342
ABCB11	missense_variant	uncertain significance, likely pathogenic, pathogenic	764581483	O95342	rs764581483	R1128G	0.0		O95342	Bile salt export pump	Homo sapiens	Encontrado	https://alphafold.ebi.ac.uk/entry/O95342
ABCB11	missense_variant		764666510						O95342	Bile salt export pump	Homo sapiens	Encontrado	https://alphafold.ebi.ac.uk/entry/O95342
ABCB11	missense_variant	uncertain significance	764682080						O95342	Bile salt export pump	Homo sapiens	Encontrado	https://alphafold.ebi.ac.uk/entry/O95342
ABCB11	missense_variant		764748260						O95342	Bile salt export pump	Homo sapiens	Encontrado	https://alphafold.ebi.ac.uk/entry/O95342
ABCB11	missense_variant		764870139						O95342	Bile salt export pump	Homo sapiens	Encontrado	https://alphafold.ebi.ac.uk/entry/O95342
ABCB11	missense_variant	likely benign	764933943						O95342	Bile salt export pump	Homo sapiens	Encontrado	https://alphafold.ebi.ac.uk/entry/O95342
ABCB11	missense_variant	uncertain significance	764949363	O95342	rs764949363	Y1000C	0.983		O95342	Bile salt export pump	Homo sapiens	Encontrado	https://alphafold.ebi.ac.uk/entry/O95342
ABCB11	missense_variant	uncertain significance	764949363	O95342	rs764949363	Y1000C	0.0		O95342	Bile salt export pump	Homo sapiens	Encontrado	https://alphafold.ebi.ac.uk/entry/O95342
ABCB11	missense_variant		765055611						O95342	Bile salt export pump	Homo sapiens	Encontrado	https://alphafold.ebi.ac.uk/entry/O95342
ABCB11	missense_variant		765189442						O95342	Bile salt export pump	Homo sapiens	Encontrado	https://alphafold.ebi.ac.uk/entry/O95342
ABCB11	missense_variant		765282561						O95342	Bile salt export pump	Homo sapiens	Encontrado	https://alphafold.ebi.ac.uk/entry/O95342
ABCB11	missense_variant		765590705						O95342	Bile salt export pump	Homo sapiens	Encontrado	https://alphafold.ebi.ac.uk/entry/O95342
ABCB11	missense_variant		765838062						O95342	Bile salt export pump	Homo sapiens	Encontrado	https://alphafold.ebi.ac.uk/entry/O95342
ABCB11	missense_variant		765841779						O95342	Bile salt export pump	Homo sapiens	Encontrado	https://alphafold.ebi.ac.uk/entry/O95342
ABCB11	missense_variant		765877056						O95342	Bile salt export pump	Homo sapiens	Encontrado	https://alphafold.ebi.ac.uk/entry/O95342
ABCB11	missense_variant		765892854						O95342	Bile salt export pump	Homo sapiens	Encontrado	https://alphafold.ebi.ac.uk/entry/O95342
ABCB11	missense_variant		765999088						O95342	Bile salt export pump	Homo sapiens	Encontrado	https://alphafold.ebi.ac.uk/entry/O95342
ABCB11	missense_variant	likely pathogenic, pathogenic	766285158	O95342	rs766285158	R1231G	1.0		O95342	Bile salt export pump	Homo sapiens	Encontrado	https://alphafold.ebi.ac.uk/entry/O95342
ABCB11	missense_variant	likely pathogenic, pathogenic	766285158	O95342	rs766285158	R1231G	0.0		O95342	Bile salt export pump	Homo sapiens	Encontrado	https://alphafold.ebi.ac.uk/entry/O95342
ABCB11	missense_variant	likely pathogenic, pathogenic	766285158	O95342	rs766285158	R1231G	1.0		O95342	Bile salt export pump	Homo sapiens	Encontrado	https://alphafold.ebi.ac.uk/entry/O95342
ABCB11	missense_variant	likely pathogenic, pathogenic	766285158	O95342	rs766285158	R1231G	0.0		O95342	Bile salt export pump	Homo sapiens	Encontrado	https://alphafold.ebi.ac.uk/entry/O95342
ABCB11	missense_variant	likely pathogenic, pathogenic	766285158	O95342	rs766285158	R1231W	1.0		O95342	Bile salt export pump	Homo sapiens	Encontrado	https://alphafold.ebi.ac.uk/entry/O95342
ABCB11	missense_variant	likely pathogenic, pathogenic	766285158	O95342	rs766285158	R1231W	0.0		O95342	Bile salt export pump	Homo sapiens	Encontrado	https://alphafold.ebi.ac.uk/entry/O95342
ABCB11	missense_variant	likely pathogenic, pathogenic	766285158	O95342	rs766285158	R1231W	1.0		O95342	Bile salt export pump	Homo sapiens	Encontrado	https://alphafold.ebi.ac.uk/entry/O95342
ABCB11	missense_variant	likely pathogenic, pathogenic	766285158	O95342	rs766285158	R1231W	0.0		O95342	Bile salt export pump	Homo sapiens	Encontrado	https://alphafold.ebi.ac.uk/entry/O95342
ABCB11	missense_variant	likely pathogenic	766286901	O95342	rs766286901	R948H	1.0		O95342	Bile salt export pump	Homo sapiens	Encontrado	https://alphafold.ebi.ac.uk/entry/O95342
ABCB11	missense_variant	likely pathogenic	766286901	O95342	rs766286901	R948H	0.01		O95342	Bile salt export pump	Homo sapiens	Encontrado	https://alphafold.ebi.ac.uk/entry/O95342
ABCB11	missense_variant	likely pathogenic	766286901	O95342	rs766286901	R948H	1.0		O95342	Bile salt export pump	Homo sapiens	Encontrado	https://alphafold.ebi.ac.uk/entry/O95342
ABCB11	missense_variant	likely pathogenic	766286901	O95342	rs766286901	R948H	0.0		O95342	Bile salt export pump	Homo sapiens	Encontrado	https://alphafold.ebi.ac.uk/entry/O95342
ABCB11	missense_variant	uncertain significance	766290765						O95342	Bile salt export pump	Homo sapiens	Encontrado	https://alphafold.ebi.ac.uk/entry/O95342
ABCB11	missense_variant		766325107						O95342	Bile salt export pump	Homo sapiens	Encontrado	https://alphafold.ebi.ac.uk/entry/O95342
ABCB11	missense_variant		766453646						O95342	Bile salt export pump	Homo sapiens	Encontrado	https://alphafold.ebi.ac.uk/entry/O95342
ABCB11	missense_variant	uncertain significance, likely benign	766744091	O95342	rs766744091	R958W	0.72		O95342	Bile salt export pump	Homo sapiens	Encontrado	https://alphafold.ebi.ac.uk/entry/O95342
ABCB11	missense_variant	uncertain significance, likely benign	766744091	O95342	rs766744091	R958W	0.06		O95342	Bile salt export pump	Homo sapiens	Encontrado	https://alphafold.ebi.ac.uk/entry/O95342
ABCB11	missense_variant	uncertain significance, likely benign	766744091	O95342	rs766744091	R958W	0.716		O95342	Bile salt export pump	Homo sapiens	Encontrado	https://alphafold.ebi.ac.uk/entry/O95342
ABCB11	missense_variant	uncertain significance, likely benign	766744091	O95342	rs766744091	R958W	0.2		O95342	Bile salt export pump	Homo sapiens	Encontrado	https://alphafold.ebi.ac.uk/entry/O95342
ABCB11	missense_variant	uncertain significance	766784155	O95342	rs766784155	D1284N	0.059		O95342	Bile salt export pump	Homo sapiens	Encontrado	https://alphafold.ebi.ac.uk/entry/O95342
ABCB11	missense_variant	uncertain significance	766784155	O95342	rs766784155	D1284N	0.06		O95342	Bile salt export pump	Homo sapiens	Encontrado	https://alphafold.ebi.ac.uk/entry/O95342
ABCB11	missense_variant		766838202						O95342	Bile salt export pump	Homo sapiens	Encontrado	https://alphafold.ebi.ac.uk/entry/O95342
ABCB11	missense_variant		766888895						O95342	Bile salt export pump	Homo sapiens	Encontrado	https://alphafold.ebi.ac.uk/entry/O95342
ABCB11	missense_variant		766975012						O95342	Bile salt export pump	Homo sapiens	Encontrado	https://alphafold.ebi.ac.uk/entry/O95342
ABCB11	missense_variant	uncertain significance	767002817						O95342	Bile salt export pump	Homo sapiens	Encontrado	https://alphafold.ebi.ac.uk/entry/O95342
ABCB11	missense_variant	uncertain significance	767218250						O95342	Bile salt export pump	Homo sapiens	Encontrado	https://alphafold.ebi.ac.uk/entry/O95342
ABCB11	missense_variant		767244782						O95342	Bile salt export pump	Homo sapiens	Encontrado	https://alphafold.ebi.ac.uk/entry/O95342
ABCB11	missense_variant		767479900						O95342	Bile salt export pump	Homo sapiens	Encontrado	https://alphafold.ebi.ac.uk/entry/O95342
ABCB11	missense_variant	uncertain significance	767525336	O95342	rs767525336	T355I	0.759		O95342	Bile salt export pump	Homo sapiens	Encontrado	https://alphafold.ebi.ac.uk/entry/O95342
ABCB11	missense_variant	uncertain significance	767525336	O95342	rs767525336	T355I	0.0		O95342	Bile salt export pump	Homo sapiens	Encontrado	https://alphafold.ebi.ac.uk/entry/O95342
ABCB11	missense_variant		768064578						O95342	Bile salt export pump	Homo sapiens	Encontrado	https://alphafold.ebi.ac.uk/entry/O95342
ABCB11	missense_variant		768192028						O95342	Bile salt export pump	Homo sapiens	Encontrado	https://alphafold.ebi.ac.uk/entry/O95342
ABCB11	missense_variant	uncertain significance, likely benign	768192083						O95342	Bile salt export pump	Homo sapiens	Encontrado	https://alphafold.ebi.ac.uk/entry/O95342
ABCB11	missense_variant		768261137						O95342	Bile salt export pump	Homo sapiens	Encontrado	https://alphafold.ebi.ac.uk/entry/O95342
ABCB11	missense_variant		768471316						O95342	Bile salt export pump	Homo sapiens	Encontrado	https://alphafold.ebi.ac.uk/entry/O95342
ABCB11	missense_variant		768487021						O95342	Bile salt export pump	Homo sapiens	Encontrado	https://alphafold.ebi.ac.uk/entry/O95342
ABCB11	missense_variant		768839605						O95342	Bile salt export pump	Homo sapiens	Encontrado	https://alphafold.ebi.ac.uk/entry/O95342
ABCB11	missense_variant		768970711						O95342	Bile salt export pump	Homo sapiens	Encontrado	https://alphafold.ebi.ac.uk/entry/O95342
ABCB11	missense_variant		769166021						O95342	Bile salt export pump	Homo sapiens	Encontrado	https://alphafold.ebi.ac.uk/entry/O95342
ABCB11	missense_variant	uncertain significance	769192036	O95342	rs769192036	G1216A	1.0		O95342	Bile salt export pump	Homo sapiens	Encontrado	https://alphafold.ebi.ac.uk/entry/O95342
ABCB11	missense_variant	uncertain significance	769192036	O95342	rs769192036	G1216A	0.0		O95342	Bile salt export pump	Homo sapiens	Encontrado	https://alphafold.ebi.ac.uk/entry/O95342
ABCB11	missense_variant	uncertain significance	769192036	O95342	rs769192036	G1216A	1.0		O95342	Bile salt export pump	Homo sapiens	Encontrado	https://alphafold.ebi.ac.uk/entry/O95342
ABCB11	missense_variant	uncertain significance	769192036	O95342	rs769192036	G1216A	0.0		O95342	Bile salt export pump	Homo sapiens	Encontrado	https://alphafold.ebi.ac.uk/entry/O95342
ABCB11	missense_variant	uncertain significance	769192036	O95342	rs769192036	G1216E	1.0		O95342	Bile salt export pump	Homo sapiens	Encontrado	https://alphafold.ebi.ac.uk/entry/O95342
ABCB11	missense_variant	uncertain significance	769192036	O95342	rs769192036	G1216E	0.0		O95342	Bile salt export pump	Homo sapiens	Encontrado	https://alphafold.ebi.ac.uk/entry/O95342
ABCB11	missense_variant		769329903						O95342	Bile salt export pump	Homo sapiens	Encontrado	https://alphafold.ebi.ac.uk/entry/O95342
ABCB11	missense_variant		769380577						O95342	Bile salt export pump	Homo sapiens	Encontrado	https://alphafold.ebi.ac.uk/entry/O95342
ABCB11	missense_variant		769536719						O95342	Bile salt export pump	Homo sapiens	Encontrado	https://alphafold.ebi.ac.uk/entry/O95342
ABCB11	missense_variant	uncertain significance, likely pathogenic	769652427	O95342	rs769652427	A523G	0.654		O95342	Bile salt export pump	Homo sapiens	Encontrado	https://alphafold.ebi.ac.uk/entry/O95342
ABCB11	missense_variant	uncertain significance, likely pathogenic	769652427	O95342	rs769652427	A523G	0.0		O95342	Bile salt export pump	Homo sapiens	Encontrado	https://alphafold.ebi.ac.uk/entry/O95342
ABCB11	missense_variant	uncertain significance, likely benign	769782500	O95342	rs769782500	M450T	0.0		O95342	Bile salt export pump	Homo sapiens	Encontrado	https://alphafold.ebi.ac.uk/entry/O95342
ABCB11	missense_variant	uncertain significance, likely benign	769782500	O95342	rs769782500	M450T	1.0		O95342	Bile salt export pump	Homo sapiens	Encontrado	https://alphafold.ebi.ac.uk/entry/O95342
ABCB11	missense_variant	uncertain significance	769843373						O95342	Bile salt export pump	Homo sapiens	Encontrado	https://alphafold.ebi.ac.uk/entry/O95342
ABCB11	missense_variant		770066051						O95342	Bile salt export pump	Homo sapiens	Encontrado	https://alphafold.ebi.ac.uk/entry/O95342
ABCB11	missense_variant		770123866						O95342	Bile salt export pump	Homo sapiens	Encontrado	https://alphafold.ebi.ac.uk/entry/O95342
ABCB11	missense_variant		770257769						O95342	Bile salt export pump	Homo sapiens	Encontrado	https://alphafold.ebi.ac.uk/entry/O95342
ABCB11	missense_variant		770299293						O95342	Bile salt export pump	Homo sapiens	Encontrado	https://alphafold.ebi.ac.uk/entry/O95342
ABCB11	missense_variant		770349223						O95342	Bile salt export pump	Homo sapiens	Encontrado	https://alphafold.ebi.ac.uk/entry/O95342
ABCB11	missense_variant	likely benign	770462504						O95342	Bile salt export pump	Homo sapiens	Encontrado	https://alphafold.ebi.ac.uk/entry/O95342
ABCB11	missense_variant		770476874						O95342	Bile salt export pump	Homo sapiens	Encontrado	https://alphafold.ebi.ac.uk/entry/O95342
ABCB11	missense_variant		770495662						O95342	Bile salt export pump	Homo sapiens	Encontrado	https://alphafold.ebi.ac.uk/entry/O95342
ABCB11	missense_variant	uncertain significance	770497192	O95342	rs770497192	Q312H	0.992		O95342	Bile salt export pump	Homo sapiens	Encontrado	https://alphafold.ebi.ac.uk/entry/O95342
ABCB11	missense_variant	uncertain significance	770497192	O95342	rs770497192	Q312H	0.0		O95342	Bile salt export pump	Homo sapiens	Encontrado	https://alphafold.ebi.ac.uk/entry/O95342
ABCB11	missense_variant		770550197						O95342	Bile salt export pump	Homo sapiens	Encontrado	https://alphafold.ebi.ac.uk/entry/O95342
ABCB11	missense_variant	likely pathogenic	770693935	O95342	rs770693935	R487C	0.99		O95342	Bile salt export pump	Homo sapiens	Encontrado	https://alphafold.ebi.ac.uk/entry/O95342
ABCB11	missense_variant	likely pathogenic	770693935	O95342	rs770693935	R487C	0.0		O95342	Bile salt export pump	Homo sapiens	Encontrado	https://alphafold.ebi.ac.uk/entry/O95342
ABCB11	missense_variant		770744749						O95342	Bile salt export pump	Homo sapiens	Encontrado	https://alphafold.ebi.ac.uk/entry/O95342
ABCB11	missense_variant	uncertain significance	770750597	O95342	rs770750597	Y518C	0.955		O95342	Bile salt export pump	Homo sapiens	Encontrado	https://alphafold.ebi.ac.uk/entry/O95342
ABCB11	missense_variant	uncertain significance	770750597	O95342	rs770750597	Y518C	0.0		O95342	Bile salt export pump	Homo sapiens	Encontrado	https://alphafold.ebi.ac.uk/entry/O95342
ABCB11	missense_variant		771916234						O95342	Bile salt export pump	Homo sapiens	Encontrado	https://alphafold.ebi.ac.uk/entry/O95342
ABCB11	missense_variant	uncertain significance	772097949	O95342	rs772097949	A1260P	0.951		O95342	Bile salt export pump	Homo sapiens	Encontrado	https://alphafold.ebi.ac.uk/entry/O95342
ABCB11	missense_variant	uncertain significance	772097949	O95342	rs772097949	A1260P	0.0		O95342	Bile salt export pump	Homo sapiens	Encontrado	https://alphafold.ebi.ac.uk/entry/O95342
ABCB11	missense_variant		772170573						O95342	Bile salt export pump	Homo sapiens	Encontrado	https://alphafold.ebi.ac.uk/entry/O95342
ABCB11	missense_variant	uncertain significance, likely pathogenic	772241929	O95342	rs772241929	R1226C	1.0		O95342	Bile salt export pump	Homo sapiens	Encontrado	https://alphafold.ebi.ac.uk/entry/O95342
ABCB11	missense_variant	uncertain significance, likely pathogenic	772241929	O95342	rs772241929	R1226C	0.0		O95342	Bile salt export pump	Homo sapiens	Encontrado	https://alphafold.ebi.ac.uk/entry/O95342
ABCB11	missense_variant	uncertain significance, likely pathogenic	772241929	O95342	rs772241929	R1226C	1.0		O95342	Bile salt export pump	Homo sapiens	Encontrado	https://alphafold.ebi.ac.uk/entry/O95342
ABCB11	missense_variant	uncertain significance, likely pathogenic	772241929	O95342	rs772241929	R1226C	0.0		O95342	Bile salt export pump	Homo sapiens	Encontrado	https://alphafold.ebi.ac.uk/entry/O95342
ABCB11	missense_variant		772266996						O95342	Bile salt export pump	Homo sapiens	Encontrado	https://alphafold.ebi.ac.uk/entry/O95342
ABCB11	missense_variant	likely pathogenic, pathogenic	772294884	O95342	rs772294884	R832C	0.991		O95342	Bile salt export pump	Homo sapiens	Encontrado	https://alphafold.ebi.ac.uk/entry/O95342
ABCB11	missense_variant	likely pathogenic, pathogenic	772294884	O95342	rs772294884	R832C	0.0		O95342	Bile salt export pump	Homo sapiens	Encontrado	https://alphafold.ebi.ac.uk/entry/O95342
ABCB11	missense_variant	likely pathogenic, pathogenic	772294884	O95342	rs772294884	R832C	0.99		O95342	Bile salt export pump	Homo sapiens	Encontrado	https://alphafold.ebi.ac.uk/entry/O95342
ABCB11	missense_variant	likely pathogenic, pathogenic	772294884	O95342	rs772294884	R832C	0.0		O95342	Bile salt export pump	Homo sapiens	Encontrado	https://alphafold.ebi.ac.uk/entry/O95342
ABCB11	missense_variant		772431527						O95342	Bile salt export pump	Homo sapiens	Encontrado	https://alphafold.ebi.ac.uk/entry/O95342
ABCB11	missense_variant	uncertain significance	772623963	O95342	rs772623963	E1186G	0.682		O95342	Bile salt export pump	Homo sapiens	Encontrado	https://alphafold.ebi.ac.uk/entry/O95342
ABCB11	missense_variant	uncertain significance	772623963	O95342	rs772623963	E1186G	0.0		O95342	Bile salt export pump	Homo sapiens	Encontrado	https://alphafold.ebi.ac.uk/entry/O95342
ABCB11	missense_variant		772628889						O95342	Bile salt export pump	Homo sapiens	Encontrado	https://alphafold.ebi.ac.uk/entry/O95342
ABCB11	missense_variant		772766222						O95342	Bile salt export pump	Homo sapiens	Encontrado	https://alphafold.ebi.ac.uk/entry/O95342
ABCB11	missense_variant		772842592						O95342	Bile salt export pump	Homo sapiens	Encontrado	https://alphafold.ebi.ac.uk/entry/O95342
ABCB11	missense_variant		772992665						O95342	Bile salt export pump	Homo sapiens	Encontrado	https://alphafold.ebi.ac.uk/entry/O95342
ABCB11	missense_variant	uncertain significance	773036125						O95342	Bile salt export pump	Homo sapiens	Encontrado	https://alphafold.ebi.ac.uk/entry/O95342
ABCB11	missense_variant	uncertain significance	773088249	O95342	rs773088249	R223H	0.861		O95342	Bile salt export pump	Homo sapiens	Encontrado	https://alphafold.ebi.ac.uk/entry/O95342
ABCB11	missense_variant	uncertain significance	773088249	O95342	rs773088249	R223H	0.01		O95342	Bile salt export pump	Homo sapiens	Encontrado	https://alphafold.ebi.ac.uk/entry/O95342
ABCB11	missense_variant		773186893						O95342	Bile salt export pump	Homo sapiens	Encontrado	https://alphafold.ebi.ac.uk/entry/O95342
ABCB11	missense_variant	benign	773299323	O95342	rs773299323	P447S	0.0		O95342	Bile salt export pump	Homo sapiens	Encontrado	https://alphafold.ebi.ac.uk/entry/O95342
ABCB11	missense_variant	benign	773299323	O95342	rs773299323	P447S	1.0		O95342	Bile salt export pump	Homo sapiens	Encontrado	https://alphafold.ebi.ac.uk/entry/O95342
ABCB11	missense_variant		773317037						O95342	Bile salt export pump	Homo sapiens	Encontrado	https://alphafold.ebi.ac.uk/entry/O95342
ABCB11	missense_variant	uncertain significance	773567525	O95342	rs773567525	I1285N	0.982		O95342	Bile salt export pump	Homo sapiens	Encontrado	https://alphafold.ebi.ac.uk/entry/O95342
ABCB11	missense_variant	uncertain significance	773567525	O95342	rs773567525	I1285N	0.0		O95342	Bile salt export pump	Homo sapiens	Encontrado	https://alphafold.ebi.ac.uk/entry/O95342
ABCB11	missense_variant	uncertain significance	773884264	O95342	rs773884264	R52Q	0.999		O95342	Bile salt export pump	Homo sapiens	Encontrado	https://alphafold.ebi.ac.uk/entry/O95342
ABCB11	missense_variant	uncertain significance	773884264	O95342	rs773884264	R52Q	0.01		O95342	Bile salt export pump	Homo sapiens	Encontrado	https://alphafold.ebi.ac.uk/entry/O95342
ABCB11	missense_variant		773896392						O95342	Bile salt export pump	Homo sapiens	Encontrado	https://alphafold.ebi.ac.uk/entry/O95342
ABCB11	missense_variant	uncertain significance	773929580	O95342	rs773929580	L1152F	1.0		O95342	Bile salt export pump	Homo sapiens	Encontrado	https://alphafold.ebi.ac.uk/entry/O95342
ABCB11	missense_variant	uncertain significance	773929580	O95342	rs773929580	L1152F	0.0		O95342	Bile salt export pump	Homo sapiens	Encontrado	https://alphafold.ebi.ac.uk/entry/O95342
ABCB11	missense_variant	likely benign	774052013						O95342	Bile salt export pump	Homo sapiens	Encontrado	https://alphafold.ebi.ac.uk/entry/O95342
ABCB11	missense_variant		774066215						O95342	Bile salt export pump	Homo sapiens	Encontrado	https://alphafold.ebi.ac.uk/entry/O95342
ABCB11	missense_variant		774266811						O95342	Bile salt export pump	Homo sapiens	Encontrado	https://alphafold.ebi.ac.uk/entry/O95342
ABCB11	missense_variant		774287993						O95342	Bile salt export pump	Homo sapiens	Encontrado	https://alphafold.ebi.ac.uk/entry/O95342
ABCB11	missense_variant	uncertain significance	774354809	O95342	rs774354809	I160V	0.041		O95342	Bile salt export pump	Homo sapiens	Encontrado	https://alphafold.ebi.ac.uk/entry/O95342
ABCB11	missense_variant	uncertain significance	774354809	O95342	rs774354809	I160V	0.03		O95342	Bile salt export pump	Homo sapiens	Encontrado	https://alphafold.ebi.ac.uk/entry/O95342
ABCB11	missense_variant	uncertain significance	774437128	O95342	rs774437128	Q659R	0.114		O95342	Bile salt export pump	Homo sapiens	Encontrado	https://alphafold.ebi.ac.uk/entry/O95342
ABCB11	missense_variant	uncertain significance	774437128	O95342	rs774437128	Q659R	0.01		O95342	Bile salt export pump	Homo sapiens	Encontrado	https://alphafold.ebi.ac.uk/entry/O95342
ABCB11	missense_variant		774741336						O95342	Bile salt export pump	Homo sapiens	Encontrado	https://alphafold.ebi.ac.uk/entry/O95342
ABCB11	missense_variant	uncertain significance, likely benign	774845820	O95342	rs774845820	Q778E	0.02		O95342	Bile salt export pump	Homo sapiens	Encontrado	https://alphafold.ebi.ac.uk/entry/O95342
ABCB11	missense_variant	uncertain significance, likely benign	774845820	O95342	rs774845820	Q778E	0.09		O95342	Bile salt export pump	Homo sapiens	Encontrado	https://alphafold.ebi.ac.uk/entry/O95342
ABCB11	missense_variant	uncertain significance	775156203	O95342	rs775156203	R44T	0.075		O95342	Bile salt export pump	Homo sapiens	Encontrado	https://alphafold.ebi.ac.uk/entry/O95342
ABCB11	missense_variant	uncertain significance	775156203	O95342	rs775156203	R44T	0.42		O95342	Bile salt export pump	Homo sapiens	Encontrado	https://alphafold.ebi.ac.uk/entry/O95342
ABCB11	missense_variant	uncertain significance	775156203	O95342	rs775156203	R44T	0.078		O95342	Bile salt export pump	Homo sapiens	Encontrado	https://alphafold.ebi.ac.uk/entry/O95342
ABCB11	missense_variant	uncertain significance	775156203	O95342	rs775156203	R44T	0.09		O95342	Bile salt export pump	Homo sapiens	Encontrado	https://alphafold.ebi.ac.uk/entry/O95342
ABCB11	missense_variant		775198125						O95342	Bile salt export pump	Homo sapiens	Encontrado	https://alphafold.ebi.ac.uk/entry/O95342
ABCB11	missense_variant		775412382						O95342	Bile salt export pump	Homo sapiens	Encontrado	https://alphafold.ebi.ac.uk/entry/O95342
ABCB11	missense_variant		775614924						O95342	Bile salt export pump	Homo sapiens	Encontrado	https://alphafold.ebi.ac.uk/entry/O95342
ABCB11	missense_variant		775795451						O95342	Bile salt export pump	Homo sapiens	Encontrado	https://alphafold.ebi.ac.uk/entry/O95342
ABCB11	missense_variant	uncertain significance	775969731	O95342	rs775969731	T655I	0.999		O95342	Bile salt export pump	Homo sapiens	Encontrado	https://alphafold.ebi.ac.uk/entry/O95342
ABCB11	missense_variant	uncertain significance	775969731	O95342	rs775969731	T655I	0.0		O95342	Bile salt export pump	Homo sapiens	Encontrado	https://alphafold.ebi.ac.uk/entry/O95342
ABCB11	missense_variant		775974296						O95342	Bile salt export pump	Homo sapiens	Encontrado	https://alphafold.ebi.ac.uk/entry/O95342
ABCB11	missense_variant	uncertain significance	776042962						O95342	Bile salt export pump	Homo sapiens	Encontrado	https://alphafold.ebi.ac.uk/entry/O95342
ABCB11	missense_variant	uncertain significance	776055806	O95342	rs776055806	D624V	0.962		O95342	Bile salt export pump	Homo sapiens	Encontrado	https://alphafold.ebi.ac.uk/entry/O95342
ABCB11	missense_variant	uncertain significance	776055806	O95342	rs776055806	D624V	0.0		O95342	Bile salt export pump	Homo sapiens	Encontrado	https://alphafold.ebi.ac.uk/entry/O95342
ABCB11	missense_variant		776085479						O95342	Bile salt export pump	Homo sapiens	Encontrado	https://alphafold.ebi.ac.uk/entry/O95342
ABCB11	missense_variant		776186221						O95342	Bile salt export pump	Homo sapiens	Encontrado	https://alphafold.ebi.ac.uk/entry/O95342
ABCB11	missense_variant		776204688						O95342	Bile salt export pump	Homo sapiens	Encontrado	https://alphafold.ebi.ac.uk/entry/O95342
ABCB11	missense_variant		776253248						O95342	Bile salt export pump	Homo sapiens	Encontrado	https://alphafold.ebi.ac.uk/entry/O95342
ABCB11	missense_variant		776403608						O95342	Bile salt export pump	Homo sapiens	Encontrado	https://alphafold.ebi.ac.uk/entry/O95342
ABCB11	missense_variant		776427051						O95342	Bile salt export pump	Homo sapiens	Encontrado	https://alphafold.ebi.ac.uk/entry/O95342
ABCB11	missense_variant	uncertain significance	776561679	O95342	rs776561679	A151T	0.017		O95342	Bile salt export pump	Homo sapiens	Encontrado	https://alphafold.ebi.ac.uk/entry/O95342
ABCB11	missense_variant	uncertain significance	776561679	O95342	rs776561679	A151T	0.33		O95342	Bile salt export pump	Homo sapiens	Encontrado	https://alphafold.ebi.ac.uk/entry/O95342
ABCB11	missense_variant	uncertain significance	776561679	O95342	rs776561679	A151T	0.015		O95342	Bile salt export pump	Homo sapiens	Encontrado	https://alphafold.ebi.ac.uk/entry/O95342
ABCB11	missense_variant	uncertain significance	776561679	O95342	rs776561679	A151T	0.06		O95342	Bile salt export pump	Homo sapiens	Encontrado	https://alphafold.ebi.ac.uk/entry/O95342
ABCB11	missense_variant		776566231						O95342	Bile salt export pump	Homo sapiens	Encontrado	https://alphafold.ebi.ac.uk/entry/O95342
ABCB11	missense_variant	uncertain significance	777001075						O95342	Bile salt export pump	Homo sapiens	Encontrado	https://alphafold.ebi.ac.uk/entry/O95342
ABCB11	missense_variant	uncertain significance	777021400	O95342	rs777021400	R616H	0.999		O95342	Bile salt export pump	Homo sapiens	Encontrado	https://alphafold.ebi.ac.uk/entry/O95342
ABCB11	missense_variant	uncertain significance	777021400	O95342	rs777021400	R616H	0.0		O95342	Bile salt export pump	Homo sapiens	Encontrado	https://alphafold.ebi.ac.uk/entry/O95342
ABCB11	missense_variant	uncertain significance	777021400	O95342	rs777021400	R616H	0.999		O95342	Bile salt export pump	Homo sapiens	Encontrado	https://alphafold.ebi.ac.uk/entry/O95342
ABCB11	missense_variant	uncertain significance	777021400	O95342	rs777021400	R616H	0.0		O95342	Bile salt export pump	Homo sapiens	Encontrado	https://alphafold.ebi.ac.uk/entry/O95342
ABCB11	missense_variant		777139573						O95342	Bile salt export pump	Homo sapiens	Encontrado	https://alphafold.ebi.ac.uk/entry/O95342
ABCB11	missense_variant	uncertain significance	777370489						O95342	Bile salt export pump	Homo sapiens	Encontrado	https://alphafold.ebi.ac.uk/entry/O95342
ABCB11	missense_variant		777458071	O95342	rs777458071	R1276H	0.999		O95342	Bile salt export pump	Homo sapiens	Encontrado	https://alphafold.ebi.ac.uk/entry/O95342
ABCB11	missense_variant		777458071	O95342	rs777458071	R1276H	0.0		O95342	Bile salt export pump	Homo sapiens	Encontrado	https://alphafold.ebi.ac.uk/entry/O95342
ABCB11	missense_variant		777458071	O95342	rs777458071	R1276H	0.999		O95342	Bile salt export pump	Homo sapiens	Encontrado	https://alphafold.ebi.ac.uk/entry/O95342
ABCB11	missense_variant		777458071	O95342	rs777458071	R1276H	0.0		O95342	Bile salt export pump	Homo sapiens	Encontrado	https://alphafold.ebi.ac.uk/entry/O95342
ABCB11	missense_variant	uncertain significance	777469571						O95342	Bile salt export pump	Homo sapiens	Encontrado	https://alphafold.ebi.ac.uk/entry/O95342
ABCB11	missense_variant		777570649						O95342	Bile salt export pump	Homo sapiens	Encontrado	https://alphafold.ebi.ac.uk/entry/O95342
ABCB11	missense_variant		777603009						O95342	Bile salt export pump	Homo sapiens	Encontrado	https://alphafold.ebi.ac.uk/entry/O95342
ABCB11	missense_variant		777671329						O95342	Bile salt export pump	Homo sapiens	Encontrado	https://alphafold.ebi.ac.uk/entry/O95342
ABCB11	missense_variant		777701321						O95342	Bile salt export pump	Homo sapiens	Encontrado	https://alphafold.ebi.ac.uk/entry/O95342
ABCB11	missense_variant		778040359						O95342	Bile salt export pump	Homo sapiens	Encontrado	https://alphafold.ebi.ac.uk/entry/O95342
ABCB11	missense_variant		778230126						O95342	Bile salt export pump	Homo sapiens	Encontrado	https://alphafold.ebi.ac.uk/entry/O95342
ABCB11	missense_variant	likely pathogenic, pathogenic	778415287	O95342	rs778415287	S1154P	0.997		O95342	Bile salt export pump	Homo sapiens	Encontrado	https://alphafold.ebi.ac.uk/entry/O95342
ABCB11	missense_variant	likely pathogenic, pathogenic	778415287	O95342	rs778415287	S1154P	0.01		O95342	Bile salt export pump	Homo sapiens	Encontrado	https://alphafold.ebi.ac.uk/entry/O95342
ABCB11	missense_variant	uncertain significance, likely pathogenic	778992761	O95342	rs778992761	R1226L	1.0		O95342	Bile salt export pump	Homo sapiens	Encontrado	https://alphafold.ebi.ac.uk/entry/O95342
ABCB11	missense_variant	uncertain significance, likely pathogenic	778992761	O95342	rs778992761	R1226L	0.0		O95342	Bile salt export pump	Homo sapiens	Encontrado	https://alphafold.ebi.ac.uk/entry/O95342
ABCB11	missense_variant	uncertain significance, likely benign	779096015	O95342	rs779096015	P970S	0.099		O95342	Bile salt export pump	Homo sapiens	Encontrado	https://alphafold.ebi.ac.uk/entry/O95342
ABCB11	missense_variant	uncertain significance, likely benign	779096015	O95342	rs779096015	P970S	0.07		O95342	Bile salt export pump	Homo sapiens	Encontrado	https://alphafold.ebi.ac.uk/entry/O95342
ABCB11	missense_variant	uncertain significance, likely benign	779096015	O95342	rs779096015	P970S	0.102		O95342	Bile salt export pump	Homo sapiens	Encontrado	https://alphafold.ebi.ac.uk/entry/O95342
ABCB11	missense_variant	uncertain significance, likely benign	779096015	O95342	rs779096015	P970S	0.07		O95342	Bile salt export pump	Homo sapiens	Encontrado	https://alphafold.ebi.ac.uk/entry/O95342
ABCB11	missense_variant		779204797						O95342	Bile salt export pump	Homo sapiens	Encontrado	https://alphafold.ebi.ac.uk/entry/O95342
ABCB11	missense_variant		779375126						O95342	Bile salt export pump	Homo sapiens	Encontrado	https://alphafold.ebi.ac.uk/entry/O95342
ABCB11	missense_variant		779530257	O95342	rs779530257	Q1124R	0.999		O95342	Bile salt export pump	Homo sapiens	Encontrado	https://alphafold.ebi.ac.uk/entry/O95342
ABCB11	missense_variant		779530257	O95342	rs779530257	Q1124R	0.02		O95342	Bile salt export pump	Homo sapiens	Encontrado	https://alphafold.ebi.ac.uk/entry/O95342
ABCB11	missense_variant		779530257	O95342	rs779530257	Q1124R	0.999		O95342	Bile salt export pump	Homo sapiens	Encontrado	https://alphafold.ebi.ac.uk/entry/O95342
ABCB11	missense_variant		779530257	O95342	rs779530257	Q1124R	0.0		O95342	Bile salt export pump	Homo sapiens	Encontrado	https://alphafold.ebi.ac.uk/entry/O95342
ABCB11	missense_variant	uncertain significance	779582160						O95342	Bile salt export pump	Homo sapiens	Encontrado	https://alphafold.ebi.ac.uk/entry/O95342
ABCB11	missense_variant		779863245						O95342	Bile salt export pump	Homo sapiens	Encontrado	https://alphafold.ebi.ac.uk/entry/O95342
ABCB11	missense_variant	uncertain significance	780343280	O95342	rs780343280	C405R	0.98		O95342	Bile salt export pump	Homo sapiens	Encontrado	https://alphafold.ebi.ac.uk/entry/O95342
ABCB11	missense_variant	uncertain significance	780343280	O95342	rs780343280	C405R	0.0		O95342	Bile salt export pump	Homo sapiens	Encontrado	https://alphafold.ebi.ac.uk/entry/O95342
ABCB11	missense_variant		780543172						O95342	Bile salt export pump	Homo sapiens	Encontrado	https://alphafold.ebi.ac.uk/entry/O95342
ABCB11	missense_variant		780618097						O95342	Bile salt export pump	Homo sapiens	Encontrado	https://alphafold.ebi.ac.uk/entry/O95342
ABCB11	missense_variant	uncertain significance	780710769	O95342	rs780710769	L308F	1.0		O95342	Bile salt export pump	Homo sapiens	Encontrado	https://alphafold.ebi.ac.uk/entry/O95342
ABCB11	missense_variant	uncertain significance	780710769	O95342	rs780710769	L308F	0.0		O95342	Bile salt export pump	Homo sapiens	Encontrado	https://alphafold.ebi.ac.uk/entry/O95342
ABCB11	missense_variant		780781159						O95342	Bile salt export pump	Homo sapiens	Encontrado	https://alphafold.ebi.ac.uk/entry/O95342
ABCB11	missense_variant		780796347						O95342	Bile salt export pump	Homo sapiens	Encontrado	https://alphafold.ebi.ac.uk/entry/O95342
ABCB11	missense_variant	uncertain significance	780956310	O95342	rs780956310	I1229M	1.0		O95342	Bile salt export pump	Homo sapiens	Encontrado	https://alphafold.ebi.ac.uk/entry/O95342
ABCB11	missense_variant	uncertain significance	780956310	O95342	rs780956310	I1229M	0.0		O95342	Bile salt export pump	Homo sapiens	Encontrado	https://alphafold.ebi.ac.uk/entry/O95342
ABCB11	missense_variant		780992528						O95342	Bile salt export pump	Homo sapiens	Encontrado	https://alphafold.ebi.ac.uk/entry/O95342
ABCB11	missense_variant	likely pathogenic	781013887	O95342	rs781013887	C107R	0.985		O95342	Bile salt export pump	Homo sapiens	Encontrado	https://alphafold.ebi.ac.uk/entry/O95342
ABCB11	missense_variant	likely pathogenic	781013887	O95342	rs781013887	C107R	0.02		O95342	Bile salt export pump	Homo sapiens	Encontrado	https://alphafold.ebi.ac.uk/entry/O95342
ABCB11	missense_variant	likely pathogenic	781013887	O95342	rs781013887	C107R	0.986		O95342	Bile salt export pump	Homo sapiens	Encontrado	https://alphafold.ebi.ac.uk/entry/O95342
ABCB11	missense_variant	likely pathogenic	781013887	O95342	rs781013887	C107R	0.0		O95342	Bile salt export pump	Homo sapiens	Encontrado	https://alphafold.ebi.ac.uk/entry/O95342
ABCB11	missense_variant		781095864						O95342	Bile salt export pump	Homo sapiens	Encontrado	https://alphafold.ebi.ac.uk/entry/O95342
ABCB11	missense_variant	uncertain significance	781303951	O95342	rs781303951	G295D	0.984		O95342	Bile salt export pump	Homo sapiens	Encontrado	https://alphafold.ebi.ac.uk/entry/O95342
ABCB11	missense_variant	uncertain significance	781303951	O95342	rs781303951	G295D	0.0		O95342	Bile salt export pump	Homo sapiens	Encontrado	https://alphafold.ebi.ac.uk/entry/O95342
ABCB11	missense_variant	uncertain significance	781584055	O95342	rs781584055	A370T	0.987		O95342	Bile salt export pump	Homo sapiens	Encontrado	https://alphafold.ebi.ac.uk/entry/O95342
ABCB11	missense_variant	uncertain significance	781584055	O95342	rs781584055	A370T	0.0		O95342	Bile salt export pump	Homo sapiens	Encontrado	https://alphafold.ebi.ac.uk/entry/O95342
ABCB11	missense_variant	uncertain significance	794727169	O95342	rs794727169	A634T	0.621		O95342	Bile salt export pump	Homo sapiens	Encontrado	https://alphafold.ebi.ac.uk/entry/O95342
ABCB11	missense_variant	uncertain significance	794727169	O95342	rs794727169	A634T	0.01		O95342	Bile salt export pump	Homo sapiens	Encontrado	https://alphafold.ebi.ac.uk/entry/O95342
ABCB11	missense_variant		796189237						O95342	Bile salt export pump	Homo sapiens	Encontrado	https://alphafold.ebi.ac.uk/entry/O95342
ABCB11	missense_variant	uncertain significance	866565512	O95342	rs866565512	F820L	0.382		O95342	Bile salt export pump	Homo sapiens	Encontrado	https://alphafold.ebi.ac.uk/entry/O95342
ABCB11	missense_variant	uncertain significance	866565512	O95342	rs866565512	F820L	0.0		O95342	Bile salt export pump	Homo sapiens	Encontrado	https://alphafold.ebi.ac.uk/entry/O95342
ABCB11	missense_variant		866724267						O95342	Bile salt export pump	Homo sapiens	Encontrado	https://alphafold.ebi.ac.uk/entry/O95342
ABCB11	missense_variant		866922858						O95342	Bile salt export pump	Homo sapiens	Encontrado	https://alphafold.ebi.ac.uk/entry/O95342
ABCB11	missense_variant	uncertain significance, likely pathogenic	867525294	O95342	rs867525294	S699P	0.801		O95342	Bile salt export pump	Homo sapiens	Encontrado	https://alphafold.ebi.ac.uk/entry/O95342
ABCB11	missense_variant	uncertain significance, likely pathogenic	867525294	O95342	rs867525294	S699P	0.01		O95342	Bile salt export pump	Homo sapiens	Encontrado	https://alphafold.ebi.ac.uk/entry/O95342
ABCB11	missense_variant		868080119						O95342	Bile salt export pump	Homo sapiens	Encontrado	https://alphafold.ebi.ac.uk/entry/O95342
ABCB11	missense_variant		868630930	O95342	rs868630930	A142V	0.917		O95342	Bile salt export pump	Homo sapiens	Encontrado	https://alphafold.ebi.ac.uk/entry/O95342
ABCB11	missense_variant		868630930	O95342	rs868630930	A142V	0.05		O95342	Bile salt export pump	Homo sapiens	Encontrado	https://alphafold.ebi.ac.uk/entry/O95342
ABCB11	missense_variant		868630930	O95342	rs868630930	A142V	0.92		O95342	Bile salt export pump	Homo sapiens	Encontrado	https://alphafold.ebi.ac.uk/entry/O95342
ABCB11	missense_variant		868630930	O95342	rs868630930	A142V	0.0		O95342	Bile salt export pump	Homo sapiens	Encontrado	https://alphafold.ebi.ac.uk/entry/O95342
ABCB11	missense_variant		868669576	O95342	rs868669576	A995V	0.833		O95342	Bile salt export pump	Homo sapiens	Encontrado	https://alphafold.ebi.ac.uk/entry/O95342
ABCB11	missense_variant		868669576	O95342	rs868669576	A995V	0.1		O95342	Bile salt export pump	Homo sapiens	Encontrado	https://alphafold.ebi.ac.uk/entry/O95342
ABCB11	missense_variant		868669576	O95342	rs868669576	A995V	0.831		O95342	Bile salt export pump	Homo sapiens	Encontrado	https://alphafold.ebi.ac.uk/entry/O95342
ABCB11	missense_variant		868669576	O95342	rs868669576	A995V	0.02		O95342	Bile salt export pump	Homo sapiens	Encontrado	https://alphafold.ebi.ac.uk/entry/O95342
ABCB11	missense_variant		879100064						O95342	Bile salt export pump	Homo sapiens	Encontrado	https://alphafold.ebi.ac.uk/entry/O95342
ABCB11	missense_variant		879227659						O95342	Bile salt export pump	Homo sapiens	Encontrado	https://alphafold.ebi.ac.uk/entry/O95342
ABCB11	missense_variant	uncertain significance	886042487	O95342	rs886042487	L80P	0.976		O95342	Bile salt export pump	Homo sapiens	Encontrado	https://alphafold.ebi.ac.uk/entry/O95342
ABCB11	missense_variant	uncertain significance	886042487	O95342	rs886042487	L80P	0.0		O95342	Bile salt export pump	Homo sapiens	Encontrado	https://alphafold.ebi.ac.uk/entry/O95342
ABCB11	missense_variant	uncertain significance	886043363	O95342	rs886043363	T290R	1.0		O95342	Bile salt export pump	Homo sapiens	Encontrado	https://alphafold.ebi.ac.uk/entry/O95342
ABCB11	missense_variant	uncertain significance	886043363	O95342	rs886043363	T290R	0.0		O95342	Bile salt export pump	Homo sapiens	Encontrado	https://alphafold.ebi.ac.uk/entry/O95342
ABCB11	missense_variant	uncertain significance	886043478	O95342	rs886043478	S704P	0.969		O95342	Bile salt export pump	Homo sapiens	Encontrado	https://alphafold.ebi.ac.uk/entry/O95342
ABCB11	missense_variant	uncertain significance	886043478	O95342	rs886043478	S704P	0.0		O95342	Bile salt export pump	Homo sapiens	Encontrado	https://alphafold.ebi.ac.uk/entry/O95342
ABCB11	missense_variant	uncertain significance	886043762	O95342	rs886043762	G557D	0.91		O95342	Bile salt export pump	Homo sapiens	Encontrado	https://alphafold.ebi.ac.uk/entry/O95342
ABCB11	missense_variant	uncertain significance	886043762	O95342	rs886043762	G557D	0.0		O95342	Bile salt export pump	Homo sapiens	Encontrado	https://alphafold.ebi.ac.uk/entry/O95342
ABCB11	missense_variant	uncertain significance, likely pathogenic, pathogenic	886043807	O95342	rs886043807	A570S	1.0		O95342	Bile salt export pump	Homo sapiens	Encontrado	https://alphafold.ebi.ac.uk/entry/O95342
ABCB11	missense_variant	uncertain significance, likely pathogenic, pathogenic	886043807	O95342	rs886043807	A570S	0.01		O95342	Bile salt export pump	Homo sapiens	Encontrado	https://alphafold.ebi.ac.uk/entry/O95342
ABCB11	missense_variant	uncertain significance	886043874	O95342	rs886043874	M525V	0.348		O95342	Bile salt export pump	Homo sapiens	Encontrado	https://alphafold.ebi.ac.uk/entry/O95342
ABCB11	missense_variant	uncertain significance	886043874	O95342	rs886043874	M525V	0.0		O95342	Bile salt export pump	Homo sapiens	Encontrado	https://alphafold.ebi.ac.uk/entry/O95342
ABCB11	missense_variant	uncertain significance	886044053	O95342	rs886044053	M584I	0.976		O95342	Bile salt export pump	Homo sapiens	Encontrado	https://alphafold.ebi.ac.uk/entry/O95342
ABCB11	missense_variant	uncertain significance	886044053	O95342	rs886044053	M584I	0.0		O95342	Bile salt export pump	Homo sapiens	Encontrado	https://alphafold.ebi.ac.uk/entry/O95342
ABCB11	missense_variant	uncertain significance	886044198	O95342	rs886044198	A168D	0.991		O95342	Bile salt export pump	Homo sapiens	Encontrado	https://alphafold.ebi.ac.uk/entry/O95342
ABCB11	missense_variant	uncertain significance	886044198	O95342	rs886044198	A168D	0.0		O95342	Bile salt export pump	Homo sapiens	Encontrado	https://alphafold.ebi.ac.uk/entry/O95342
ABCB11	missense_variant	uncertain significance	886044201	O95342	rs886044201	I528T	0.753		O95342	Bile salt export pump	Homo sapiens	Encontrado	https://alphafold.ebi.ac.uk/entry/O95342
ABCB11	missense_variant	uncertain significance	886044201	O95342	rs886044201	I528T	0.0		O95342	Bile salt export pump	Homo sapiens	Encontrado	https://alphafold.ebi.ac.uk/entry/O95342
ABCB11	missense_variant	uncertain significance	886044202	O95342	rs886044202	I512T	1.0		O95342	Bile salt export pump	Homo sapiens	Encontrado	https://alphafold.ebi.ac.uk/entry/O95342
ABCB11	missense_variant	uncertain significance	886044202	O95342	rs886044202	I512T	0.0		O95342	Bile salt export pump	Homo sapiens	Encontrado	https://alphafold.ebi.ac.uk/entry/O95342
ABCB11	missense_variant	uncertain significance	886044202	O95342	rs886044202	I512T	1.0		O95342	Bile salt export pump	Homo sapiens	Encontrado	https://alphafold.ebi.ac.uk/entry/O95342
ABCB11	missense_variant	uncertain significance	886044202	O95342	rs886044202	I512T	0.0		O95342	Bile salt export pump	Homo sapiens	Encontrado	https://alphafold.ebi.ac.uk/entry/O95342
ABCB11	missense_variant	uncertain significance	886044602	O95342	rs886044602	L601P	0.981		O95342	Bile salt export pump	Homo sapiens	Encontrado	https://alphafold.ebi.ac.uk/entry/O95342
ABCB11	missense_variant	uncertain significance	886044602	O95342	rs886044602	L601P	0.0		O95342	Bile salt export pump	Homo sapiens	Encontrado	https://alphafold.ebi.ac.uk/entry/O95342
ABCB11	missense_variant	uncertain significance	886044603	O95342	rs886044603	V79E	0.556		O95342	Bile salt export pump	Homo sapiens	Encontrado	https://alphafold.ebi.ac.uk/entry/O95342
ABCB11	missense_variant	uncertain significance	886044603	O95342	rs886044603	V79E	0.0		O95342	Bile salt export pump	Homo sapiens	Encontrado	https://alphafold.ebi.ac.uk/entry/O95342
ABCB11	missense_variant	uncertain significance, likely pathogenic	886044710	O95342	rs886044710	D590G	0.999		O95342	Bile salt export pump	Homo sapiens	Encontrado	https://alphafold.ebi.ac.uk/entry/O95342
ABCB11	missense_variant	uncertain significance, likely pathogenic	886044710	O95342	rs886044710	D590G	0.01		O95342	Bile salt export pump	Homo sapiens	Encontrado	https://alphafold.ebi.ac.uk/entry/O95342
ABCB11	missense_variant	uncertain significance	886044711	O95342	rs886044711	G253R	1.0		O95342	Bile salt export pump	Homo sapiens	Encontrado	https://alphafold.ebi.ac.uk/entry/O95342
ABCB11	missense_variant	uncertain significance	886044711	O95342	rs886044711	G253R	0.0		O95342	Bile salt export pump	Homo sapiens	Encontrado	https://alphafold.ebi.ac.uk/entry/O95342
ABCB11	missense_variant	uncertain significance	886044714	O95342	rs886044714	P433A	0.984		O95342	Bile salt export pump	Homo sapiens	Encontrado	https://alphafold.ebi.ac.uk/entry/O95342
ABCB11	missense_variant	uncertain significance	886044714	O95342	rs886044714	P433A	0.0		O95342	Bile salt export pump	Homo sapiens	Encontrado	https://alphafold.ebi.ac.uk/entry/O95342
ABCB11	missense_variant	uncertain significance	886055062	O95342	rs886055062	Y1064H	0.811		O95342	Bile salt export pump	Homo sapiens	Encontrado	https://alphafold.ebi.ac.uk/entry/O95342
ABCB11	missense_variant	uncertain significance	886055062	O95342	rs886055062	Y1064H	0.01		O95342	Bile salt export pump	Homo sapiens	Encontrado	https://alphafold.ebi.ac.uk/entry/O95342
ABCB11	missense_variant	uncertain significance	886055063	O95342	rs886055063	K969E	0.007		O95342	Bile salt export pump	Homo sapiens	Encontrado	https://alphafold.ebi.ac.uk/entry/O95342
ABCB11	missense_variant	uncertain significance	886055063	O95342	rs886055063	K969E	0.42		O95342	Bile salt export pump	Homo sapiens	Encontrado	https://alphafold.ebi.ac.uk/entry/O95342
ABCB11	missense_variant	uncertain significance	886055064	O95342	rs886055064	A865T	0.967		O95342	Bile salt export pump	Homo sapiens	Encontrado	https://alphafold.ebi.ac.uk/entry/O95342
ABCB11	missense_variant	uncertain significance	886055064	O95342	rs886055064	A865T	0.0		O95342	Bile salt export pump	Homo sapiens	Encontrado	https://alphafold.ebi.ac.uk/entry/O95342
ABCB11	missense_variant	uncertain significance, likely benign	886055066	O95342	rs886055066	V567I	0.006		O95342	Bile salt export pump	Homo sapiens	Encontrado	https://alphafold.ebi.ac.uk/entry/O95342
ABCB11	missense_variant	uncertain significance, likely benign	886055066	O95342	rs886055066	V567I	1.0		O95342	Bile salt export pump	Homo sapiens	Encontrado	https://alphafold.ebi.ac.uk/entry/O95342
ABCB11	missense_variant	uncertain significance	886055069	O95342	rs886055069	T267M	0.998		O95342	Bile salt export pump	Homo sapiens	Encontrado	https://alphafold.ebi.ac.uk/entry/O95342
ABCB11	missense_variant	uncertain significance	886055069	O95342	rs886055069	T267M	0.0		O95342	Bile salt export pump	Homo sapiens	Encontrado	https://alphafold.ebi.ac.uk/entry/O95342
ABCB11	missense_variant	uncertain significance	887349193	O95342	rs887349193	E1182D	0.003		O95342	Bile salt export pump	Homo sapiens	Encontrado	https://alphafold.ebi.ac.uk/entry/O95342
ABCB11	missense_variant	uncertain significance	887349193	O95342	rs887349193	E1182D	0.29		O95342	Bile salt export pump	Homo sapiens	Encontrado	https://alphafold.ebi.ac.uk/entry/O95342
ABCB11	missense_variant		891423760						O95342	Bile salt export pump	Homo sapiens	Encontrado	https://alphafold.ebi.ac.uk/entry/O95342
ABCB11	missense_variant		891695981						O95342	Bile salt export pump	Homo sapiens	Encontrado	https://alphafold.ebi.ac.uk/entry/O95342
ABCB11	missense_variant		892224423						O95342	Bile salt export pump	Homo sapiens	Encontrado	https://alphafold.ebi.ac.uk/entry/O95342
ABCB11	missense_variant		893381496						O95342	Bile salt export pump	Homo sapiens	Encontrado	https://alphafold.ebi.ac.uk/entry/O95342
ABCB11	missense_variant	likely benign	895814774						O95342	Bile salt export pump	Homo sapiens	Encontrado	https://alphafold.ebi.ac.uk/entry/O95342
ABCB11	missense_variant		897172862						O95342	Bile salt export pump	Homo sapiens	Encontrado	https://alphafold.ebi.ac.uk/entry/O95342
ABCB11	missense_variant		898922251						O95342	Bile salt export pump	Homo sapiens	Encontrado	https://alphafold.ebi.ac.uk/entry/O95342
ABCB11	missense_variant		899162927						O95342	Bile salt export pump	Homo sapiens	Encontrado	https://alphafold.ebi.ac.uk/entry/O95342
ABCB11	missense_variant		902417976						O95342	Bile salt export pump	Homo sapiens	Encontrado	https://alphafold.ebi.ac.uk/entry/O95342
ABCB11	missense_variant		904547404						O95342	Bile salt export pump	Homo sapiens	Encontrado	https://alphafold.ebi.ac.uk/entry/O95342
ABCB11	missense_variant		910996715						O95342	Bile salt export pump	Homo sapiens	Encontrado	https://alphafold.ebi.ac.uk/entry/O95342
ABCB11	missense_variant		912412136						O95342	Bile salt export pump	Homo sapiens	Encontrado	https://alphafold.ebi.ac.uk/entry/O95342
ABCB11	missense_variant	uncertain significance	912519986						O95342	Bile salt export pump	Homo sapiens	Encontrado	https://alphafold.ebi.ac.uk/entry/O95342
ABCB11	missense_variant		917920822						O95342	Bile salt export pump	Homo sapiens	Encontrado	https://alphafold.ebi.ac.uk/entry/O95342
ABCB11	missense_variant	uncertain significance, likely pathogenic, pathogenic	917981474	O95342	rs917981474	A588G	0.998		O95342	Bile salt export pump	Homo sapiens	Encontrado	https://alphafold.ebi.ac.uk/entry/O95342
ABCB11	missense_variant	uncertain significance, likely pathogenic, pathogenic	917981474	O95342	rs917981474	A588G	0.0		O95342	Bile salt export pump	Homo sapiens	Encontrado	https://alphafold.ebi.ac.uk/entry/O95342
ABCB11	missense_variant	uncertain significance, likely pathogenic, pathogenic	917981474	O95342	rs917981474	A588V	0.999		O95342	Bile salt export pump	Homo sapiens	Encontrado	https://alphafold.ebi.ac.uk/entry/O95342
ABCB11	missense_variant	uncertain significance, likely pathogenic, pathogenic	917981474	O95342	rs917981474	A588V	0.0		O95342	Bile salt export pump	Homo sapiens	Encontrado	https://alphafold.ebi.ac.uk/entry/O95342
ABCB11	missense_variant		918704206						O95342	Bile salt export pump	Homo sapiens	Encontrado	https://alphafold.ebi.ac.uk/entry/O95342
ABCB11	missense_variant		919455454						O95342	Bile salt export pump	Homo sapiens	Encontrado	https://alphafold.ebi.ac.uk/entry/O95342
ABCB11	missense_variant	uncertain significance	926040478	O95342	rs926040478	A1044P	0.999		O95342	Bile salt export pump	Homo sapiens	Encontrado	https://alphafold.ebi.ac.uk/entry/O95342
ABCB11	missense_variant	uncertain significance	926040478	O95342	rs926040478	A1044P	0.0		O95342	Bile salt export pump	Homo sapiens	Encontrado	https://alphafold.ebi.ac.uk/entry/O95342
ABCB11	missense_variant	uncertain significance	926925366	O95342	rs926925366	N536S	0.999		O95342	Bile salt export pump	Homo sapiens	Encontrado	https://alphafold.ebi.ac.uk/entry/O95342
ABCB11	missense_variant	uncertain significance	926925366	O95342	rs926925366	N536S	0.0		O95342	Bile salt export pump	Homo sapiens	Encontrado	https://alphafold.ebi.ac.uk/entry/O95342
ABCB11	missense_variant	likely pathogenic	934030293	O95342	rs934030293	N515D	0.905		O95342	Bile salt export pump	Homo sapiens	Encontrado	https://alphafold.ebi.ac.uk/entry/O95342
ABCB11	missense_variant	likely pathogenic	934030293	O95342	rs934030293	N515D	0.0		O95342	Bile salt export pump	Homo sapiens	Encontrado	https://alphafold.ebi.ac.uk/entry/O95342
ABCB11	missense_variant		934467520						O95342	Bile salt export pump	Homo sapiens	Encontrado	https://alphafold.ebi.ac.uk/entry/O95342
ABCB11	missense_variant		940993461						O95342	Bile salt export pump	Homo sapiens	Encontrado	https://alphafold.ebi.ac.uk/entry/O95342
ABCB11	missense_variant		943116585						O95342	Bile salt export pump	Homo sapiens	Encontrado	https://alphafold.ebi.ac.uk/entry/O95342
ABCB11	missense_variant		943294340						O95342	Bile salt export pump	Homo sapiens	Encontrado	https://alphafold.ebi.ac.uk/entry/O95342
ABCB11	missense_variant	uncertain significance	944713270	O95342	rs944713270	L489V	0.908		O95342	Bile salt export pump	Homo sapiens	Encontrado	https://alphafold.ebi.ac.uk/entry/O95342
ABCB11	missense_variant	uncertain significance	944713270	O95342	rs944713270	L489V	0.0		O95342	Bile salt export pump	Homo sapiens	Encontrado	https://alphafold.ebi.ac.uk/entry/O95342
ABCB11	missense_variant		945938002						O95342	Bile salt export pump	Homo sapiens	Encontrado	https://alphafold.ebi.ac.uk/entry/O95342
ABCB11	missense_variant	uncertain significance	946572327	O95342	rs946572327	R1050H	0.912		O95342	Bile salt export pump	Homo sapiens	Encontrado	https://alphafold.ebi.ac.uk/entry/O95342
ABCB11	missense_variant	uncertain significance	946572327	O95342	rs946572327	R1050H	0.9		O95342	Bile salt export pump	Homo sapiens	Encontrado	https://alphafold.ebi.ac.uk/entry/O95342
ABCB11	missense_variant	uncertain significance	946572327	O95342	rs946572327	R1050H	0.91		O95342	Bile salt export pump	Homo sapiens	Encontrado	https://alphafold.ebi.ac.uk/entry/O95342
ABCB11	missense_variant	uncertain significance	946572327	O95342	rs946572327	R1050H	0.02		O95342	Bile salt export pump	Homo sapiens	Encontrado	https://alphafold.ebi.ac.uk/entry/O95342
ABCB11	missense_variant	uncertain significance	951486880	O95342	rs951486880	G40D	0.0		O95342	Bile salt export pump	Homo sapiens	Encontrado	https://alphafold.ebi.ac.uk/entry/O95342
ABCB11	missense_variant	uncertain significance	951486880	O95342	rs951486880	G40D	0.35		O95342	Bile salt export pump	Homo sapiens	Encontrado	https://alphafold.ebi.ac.uk/entry/O95342
ABCB11	missense_variant	uncertain significance	952745163						O95342	Bile salt export pump	Homo sapiens	Encontrado	https://alphafold.ebi.ac.uk/entry/O95342
ABCB11	missense_variant	likely benign	953658667	O95342	rs953658667	S1093P	0.042		O95342	Bile salt export pump	Homo sapiens	Encontrado	https://alphafold.ebi.ac.uk/entry/O95342
ABCB11	missense_variant	likely benign	953658667	O95342	rs953658667	S1093P	0.0		O95342	Bile salt export pump	Homo sapiens	Encontrado	https://alphafold.ebi.ac.uk/entry/O95342
ABCB11	missense_variant		953973960						O95342	Bile salt export pump	Homo sapiens	Encontrado	https://alphafold.ebi.ac.uk/entry/O95342
ABCB11	missense_variant		956426708						O95342	Bile salt export pump	Homo sapiens	Encontrado	https://alphafold.ebi.ac.uk/entry/O95342
ABCB11	missense_variant	likely benign	957989949						O95342	Bile salt export pump	Homo sapiens	Encontrado	https://alphafold.ebi.ac.uk/entry/O95342
ABCB11	missense_variant		958994985						O95342	Bile salt export pump	Homo sapiens	Encontrado	https://alphafold.ebi.ac.uk/entry/O95342
ABCB11	missense_variant	likely benign	959091007	O95342	rs959091007	I139V	0.006		O95342	Bile salt export pump	Homo sapiens	Encontrado	https://alphafold.ebi.ac.uk/entry/O95342
ABCB11	missense_variant	likely benign	959091007	O95342	rs959091007	I139V	0.07		O95342	Bile salt export pump	Homo sapiens	Encontrado	https://alphafold.ebi.ac.uk/entry/O95342
ABCB11	missense_variant		959504874						O95342	Bile salt export pump	Homo sapiens	Encontrado	https://alphafold.ebi.ac.uk/entry/O95342
ABCB11	missense_variant	uncertain significance, likely benign	963949609						O95342	Bile salt export pump	Homo sapiens	Encontrado	https://alphafold.ebi.ac.uk/entry/O95342
ABCB11	missense_variant		971497476						O95342	Bile salt export pump	Homo sapiens	Encontrado	https://alphafold.ebi.ac.uk/entry/O95342
ABCB11	missense_variant	pathogenic	972055625						O95342	Bile salt export pump	Homo sapiens	Encontrado	https://alphafold.ebi.ac.uk/entry/O95342
ABCB11	missense_variant	uncertain significance	973967505	O95342	rs973967505	D1082Y	0.579		O95342	Bile salt export pump	Homo sapiens	Encontrado	https://alphafold.ebi.ac.uk/entry/O95342
ABCB11	missense_variant	uncertain significance	973967505	O95342	rs973967505	D1082Y	0.0		O95342	Bile salt export pump	Homo sapiens	Encontrado	https://alphafold.ebi.ac.uk/entry/O95342
ABCB11	missense_variant		977627728						O95342	Bile salt export pump	Homo sapiens	Encontrado	https://alphafold.ebi.ac.uk/entry/O95342
ABCB11	missense_variant	uncertain significance, likely pathogenic, pathogenic	979738325	O95342	rs979738325	I541L	0.999		O95342	Bile salt export pump	Homo sapiens	Encontrado	https://alphafold.ebi.ac.uk/entry/O95342
ABCB11	missense_variant	uncertain significance, likely pathogenic, pathogenic	979738325	O95342	rs979738325	I541L	0.0		O95342	Bile salt export pump	Homo sapiens	Encontrado	https://alphafold.ebi.ac.uk/entry/O95342
ABCB11	missense_variant	uncertain significance	980599728	O95342	rs980599728	L580P	1.0		O95342	Bile salt export pump	Homo sapiens	Encontrado	https://alphafold.ebi.ac.uk/entry/O95342
ABCB11	missense_variant	uncertain significance	980599728	O95342	rs980599728	L580P	0.0		O95342	Bile salt export pump	Homo sapiens	Encontrado	https://alphafold.ebi.ac.uk/entry/O95342
ABCB11	missense_variant		981877922						O95342	Bile salt export pump	Homo sapiens	Encontrado	https://alphafold.ebi.ac.uk/entry/O95342
ABCB11	missense_variant		987819151						O95342	Bile salt export pump	Homo sapiens	Encontrado	https://alphafold.ebi.ac.uk/entry/O95342
ABCB11	missense_variant	uncertain significance	988372619						O95342	Bile salt export pump	Homo sapiens	Encontrado	https://alphafold.ebi.ac.uk/entry/O95342
ABCB11	missense_variant	uncertain significance	992165556	O95342	rs992165556	I1156T	1.0		O95342	Bile salt export pump	Homo sapiens	Encontrado	https://alphafold.ebi.ac.uk/entry/O95342
ABCB11	missense_variant	uncertain significance	992165556	O95342	rs992165556	I1156T	0.0		O95342	Bile salt export pump	Homo sapiens	Encontrado	https://alphafold.ebi.ac.uk/entry/O95342
ABCB11	missense_variant		993217582						O95342	Bile salt export pump	Homo sapiens	Encontrado	https://alphafold.ebi.ac.uk/entry/O95342
ABCB11	missense_variant		996193241						O95342	Bile salt export pump	Homo sapiens	Encontrado	https://alphafold.ebi.ac.uk/entry/O95342
ABCB11	missense_variant		998321697						O95342	Bile salt export pump	Homo sapiens	Encontrado	https://alphafold.ebi.ac.uk/entry/O95342
ABCB11	missense_variant	uncertain significance	999845465	O95342	rs999845465	T917R	0.268		O95342	Bile salt export pump	Homo sapiens	Encontrado	https://alphafold.ebi.ac.uk/entry/O95342
ABCB11	missense_variant	uncertain significance	999845465	O95342	rs999845465	T917R	0.0		O95342	Bile salt export pump	Homo sapiens	Encontrado	https://alphafold.ebi.ac.uk/entry/O95342
