Gene	Consequencia	Significancia_Clinica	rs_key	UniProt_ID	rsID_dbSNP	Proteina_Mudanca	AlphaMissense_Score	AlphaMissense_Classificacao	ID_UniProt	Nome_Proteina	Organismo	Status	Link_AlphaFold
IRS1	missense_variant		1000762680						P35568	Insulin receptor substrate 1	Homo sapiens	Encontrado	https://alphafold.ebi.ac.uk/entry/P35568
IRS1	missense_variant		1002889742						P35568	Insulin receptor substrate 1	Homo sapiens	Encontrado	https://alphafold.ebi.ac.uk/entry/P35568
IRS1	missense_variant		1006632062						P35568	Insulin receptor substrate 1	Homo sapiens	Encontrado	https://alphafold.ebi.ac.uk/entry/P35568
IRS1	missense_variant		1007896903						P35568	Insulin receptor substrate 1	Homo sapiens	Encontrado	https://alphafold.ebi.ac.uk/entry/P35568
IRS1	missense_variant		1008997445						P35568	Insulin receptor substrate 1	Homo sapiens	Encontrado	https://alphafold.ebi.ac.uk/entry/P35568
IRS1	missense_variant		1012124430	P35568	rs1012124430	G488V	0.157		P35568	Insulin receptor substrate 1	Homo sapiens	Encontrado	https://alphafold.ebi.ac.uk/entry/P35568
IRS1	missense_variant		1012124430	P35568	rs1012124430	G488V	0.05		P35568	Insulin receptor substrate 1	Homo sapiens	Encontrado	https://alphafold.ebi.ac.uk/entry/P35568
IRS1	missense_variant		1012124430	P35568	rs1012124430	G488V	0.06		P35568	Insulin receptor substrate 1	Homo sapiens	Encontrado	https://alphafold.ebi.ac.uk/entry/P35568
IRS1	missense_variant		1014841546						P35568	Insulin receptor substrate 1	Homo sapiens	Encontrado	https://alphafold.ebi.ac.uk/entry/P35568
IRS1	missense_variant		1022427396						P35568	Insulin receptor substrate 1	Homo sapiens	Encontrado	https://alphafold.ebi.ac.uk/entry/P35568
IRS1	missense_variant		1023103924						P35568	Insulin receptor substrate 1	Homo sapiens	Encontrado	https://alphafold.ebi.ac.uk/entry/P35568
IRS1	missense_variant		1027685087						P35568	Insulin receptor substrate 1	Homo sapiens	Encontrado	https://alphafold.ebi.ac.uk/entry/P35568
IRS1	missense_variant		1028018537						P35568	Insulin receptor substrate 1	Homo sapiens	Encontrado	https://alphafold.ebi.ac.uk/entry/P35568
IRS1	missense_variant		1041454759						P35568	Insulin receptor substrate 1	Homo sapiens	Encontrado	https://alphafold.ebi.ac.uk/entry/P35568
IRS1	missense_variant		1042439056						P35568	Insulin receptor substrate 1	Homo sapiens	Encontrado	https://alphafold.ebi.ac.uk/entry/P35568
IRS1	missense_variant		1043152329						P35568	Insulin receptor substrate 1	Homo sapiens	Encontrado	https://alphafold.ebi.ac.uk/entry/P35568
IRS1	missense_variant		1043936986						P35568	Insulin receptor substrate 1	Homo sapiens	Encontrado	https://alphafold.ebi.ac.uk/entry/P35568
IRS1	missense_variant		1044702955	P35568	rs1044702955	R20C	0.997		P35568	Insulin receptor substrate 1	Homo sapiens	Encontrado	https://alphafold.ebi.ac.uk/entry/P35568
IRS1	missense_variant		1044702955	P35568	rs1044702955	R20C	0.0		P35568	Insulin receptor substrate 1	Homo sapiens	Encontrado	https://alphafold.ebi.ac.uk/entry/P35568
IRS1	missense_variant		1044702955	P35568	rs1044702955	R20C	0.997		P35568	Insulin receptor substrate 1	Homo sapiens	Encontrado	https://alphafold.ebi.ac.uk/entry/P35568
IRS1	missense_variant		1044702955	P35568	rs1044702955	R20C	0.0		P35568	Insulin receptor substrate 1	Homo sapiens	Encontrado	https://alphafold.ebi.ac.uk/entry/P35568
IRS1	missense_variant	pathogenic	104893642						P35568	Insulin receptor substrate 1	Homo sapiens	Encontrado	https://alphafold.ebi.ac.uk/entry/P35568
IRS1	missense_variant		1049154616						P35568	Insulin receptor substrate 1	Homo sapiens	Encontrado	https://alphafold.ebi.ac.uk/entry/P35568
IRS1	missense_variant		1051275735	P35568	rs1051275735	G971E	0.028		P35568	Insulin receptor substrate 1	Homo sapiens	Encontrado	https://alphafold.ebi.ac.uk/entry/P35568
IRS1	missense_variant		1051275735	P35568	rs1051275735	G971E	0.12		P35568	Insulin receptor substrate 1	Homo sapiens	Encontrado	https://alphafold.ebi.ac.uk/entry/P35568
IRS1	missense_variant		1051275735	P35568	rs1051275735	G971E	0.37		P35568	Insulin receptor substrate 1	Homo sapiens	Encontrado	https://alphafold.ebi.ac.uk/entry/P35568
IRS1	missense_variant		1051989771						P35568	Insulin receptor substrate 1	Homo sapiens	Encontrado	https://alphafold.ebi.ac.uk/entry/P35568
IRS1	missense_variant		1054357901						P35568	Insulin receptor substrate 1	Homo sapiens	Encontrado	https://alphafold.ebi.ac.uk/entry/P35568
IRS1	missense_variant		112432659						P35568	Insulin receptor substrate 1	Homo sapiens	Encontrado	https://alphafold.ebi.ac.uk/entry/P35568
IRS1	missense_variant	uncertain significance	112888661	P35568	rs112888661	G1122V	0.09		P35568	Insulin receptor substrate 1	Homo sapiens	Encontrado	https://alphafold.ebi.ac.uk/entry/P35568
IRS1	missense_variant		11554580						P35568	Insulin receptor substrate 1	Homo sapiens	Encontrado	https://alphafold.ebi.ac.uk/entry/P35568
IRS1	missense_variant		1158727052						P35568	Insulin receptor substrate 1	Homo sapiens	Encontrado	https://alphafold.ebi.ac.uk/entry/P35568
IRS1	missense_variant		1158958276						P35568	Insulin receptor substrate 1	Homo sapiens	Encontrado	https://alphafold.ebi.ac.uk/entry/P35568
IRS1	missense_variant		1159074031						P35568	Insulin receptor substrate 1	Homo sapiens	Encontrado	https://alphafold.ebi.ac.uk/entry/P35568
IRS1	missense_variant		1161713616						P35568	Insulin receptor substrate 1	Homo sapiens	Encontrado	https://alphafold.ebi.ac.uk/entry/P35568
IRS1	missense_variant		1162078187						P35568	Insulin receptor substrate 1	Homo sapiens	Encontrado	https://alphafold.ebi.ac.uk/entry/P35568
IRS1	missense_variant		1162822035						P35568	Insulin receptor substrate 1	Homo sapiens	Encontrado	https://alphafold.ebi.ac.uk/entry/P35568
IRS1	missense_variant		1163065337						P35568	Insulin receptor substrate 1	Homo sapiens	Encontrado	https://alphafold.ebi.ac.uk/entry/P35568
IRS1	missense_variant		1163258906						P35568	Insulin receptor substrate 1	Homo sapiens	Encontrado	https://alphafold.ebi.ac.uk/entry/P35568
IRS1	missense_variant		1163364534						P35568	Insulin receptor substrate 1	Homo sapiens	Encontrado	https://alphafold.ebi.ac.uk/entry/P35568
IRS1	missense_variant		1164639952						P35568	Insulin receptor substrate 1	Homo sapiens	Encontrado	https://alphafold.ebi.ac.uk/entry/P35568
IRS1	missense_variant		1165328849						P35568	Insulin receptor substrate 1	Homo sapiens	Encontrado	https://alphafold.ebi.ac.uk/entry/P35568
IRS1	missense_variant		1166225094						P35568	Insulin receptor substrate 1	Homo sapiens	Encontrado	https://alphafold.ebi.ac.uk/entry/P35568
IRS1	missense_variant		1166643622						P35568	Insulin receptor substrate 1	Homo sapiens	Encontrado	https://alphafold.ebi.ac.uk/entry/P35568
IRS1	missense_variant		1166934768						P35568	Insulin receptor substrate 1	Homo sapiens	Encontrado	https://alphafold.ebi.ac.uk/entry/P35568
IRS1	missense_variant		1167042424						P35568	Insulin receptor substrate 1	Homo sapiens	Encontrado	https://alphafold.ebi.ac.uk/entry/P35568
IRS1	missense_variant		1168013838						P35568	Insulin receptor substrate 1	Homo sapiens	Encontrado	https://alphafold.ebi.ac.uk/entry/P35568
IRS1	missense_variant		1169352941						P35568	Insulin receptor substrate 1	Homo sapiens	Encontrado	https://alphafold.ebi.ac.uk/entry/P35568
IRS1	missense_variant		1169958877						P35568	Insulin receptor substrate 1	Homo sapiens	Encontrado	https://alphafold.ebi.ac.uk/entry/P35568
IRS1	missense_variant		1172214075						P35568	Insulin receptor substrate 1	Homo sapiens	Encontrado	https://alphafold.ebi.ac.uk/entry/P35568
IRS1	missense_variant		1173549220						P35568	Insulin receptor substrate 1	Homo sapiens	Encontrado	https://alphafold.ebi.ac.uk/entry/P35568
IRS1	missense_variant		1174574402						P35568	Insulin receptor substrate 1	Homo sapiens	Encontrado	https://alphafold.ebi.ac.uk/entry/P35568
IRS1	missense_variant		1174719439						P35568	Insulin receptor substrate 1	Homo sapiens	Encontrado	https://alphafold.ebi.ac.uk/entry/P35568
IRS1	missense_variant		1175926903						P35568	Insulin receptor substrate 1	Homo sapiens	Encontrado	https://alphafold.ebi.ac.uk/entry/P35568
IRS1	missense_variant		1178647249						P35568	Insulin receptor substrate 1	Homo sapiens	Encontrado	https://alphafold.ebi.ac.uk/entry/P35568
IRS1	missense_variant		1179194671						P35568	Insulin receptor substrate 1	Homo sapiens	Encontrado	https://alphafold.ebi.ac.uk/entry/P35568
IRS1	missense_variant		1180851131						P35568	Insulin receptor substrate 1	Homo sapiens	Encontrado	https://alphafold.ebi.ac.uk/entry/P35568
IRS1	missense_variant		1183097510						P35568	Insulin receptor substrate 1	Homo sapiens	Encontrado	https://alphafold.ebi.ac.uk/entry/P35568
IRS1	missense_variant		1184318905						P35568	Insulin receptor substrate 1	Homo sapiens	Encontrado	https://alphafold.ebi.ac.uk/entry/P35568
IRS1	missense_variant		1185619711						P35568	Insulin receptor substrate 1	Homo sapiens	Encontrado	https://alphafold.ebi.ac.uk/entry/P35568
IRS1	missense_variant		1187009104						P35568	Insulin receptor substrate 1	Homo sapiens	Encontrado	https://alphafold.ebi.ac.uk/entry/P35568
IRS1	missense_variant		1187676556						P35568	Insulin receptor substrate 1	Homo sapiens	Encontrado	https://alphafold.ebi.ac.uk/entry/P35568
IRS1	missense_variant		1187730732						P35568	Insulin receptor substrate 1	Homo sapiens	Encontrado	https://alphafold.ebi.ac.uk/entry/P35568
IRS1	missense_variant		1188313973						P35568	Insulin receptor substrate 1	Homo sapiens	Encontrado	https://alphafold.ebi.ac.uk/entry/P35568
IRS1	missense_variant		1188452881						P35568	Insulin receptor substrate 1	Homo sapiens	Encontrado	https://alphafold.ebi.ac.uk/entry/P35568
IRS1	missense_variant		1193961760						P35568	Insulin receptor substrate 1	Homo sapiens	Encontrado	https://alphafold.ebi.ac.uk/entry/P35568
IRS1	missense_variant		1194501028						P35568	Insulin receptor substrate 1	Homo sapiens	Encontrado	https://alphafold.ebi.ac.uk/entry/P35568
IRS1	missense_variant		1195113618						P35568	Insulin receptor substrate 1	Homo sapiens	Encontrado	https://alphafold.ebi.ac.uk/entry/P35568
IRS1	missense_variant		1196677400						P35568	Insulin receptor substrate 1	Homo sapiens	Encontrado	https://alphafold.ebi.ac.uk/entry/P35568
IRS1	missense_variant		1198168717						P35568	Insulin receptor substrate 1	Homo sapiens	Encontrado	https://alphafold.ebi.ac.uk/entry/P35568
IRS1	missense_variant		1199515566						P35568	Insulin receptor substrate 1	Homo sapiens	Encontrado	https://alphafold.ebi.ac.uk/entry/P35568
IRS1	missense_variant	uncertain significance	1201079986	P35568	rs1201079986	P643L	0.0		P35568	Insulin receptor substrate 1	Homo sapiens	Encontrado	https://alphafold.ebi.ac.uk/entry/P35568
IRS1	missense_variant		1202336864						P35568	Insulin receptor substrate 1	Homo sapiens	Encontrado	https://alphafold.ebi.ac.uk/entry/P35568
IRS1	missense_variant		1203645968	P35568	rs1203645968	D1003N	0.007		P35568	Insulin receptor substrate 1	Homo sapiens	Encontrado	https://alphafold.ebi.ac.uk/entry/P35568
IRS1	missense_variant		1203645968	P35568	rs1203645968	D1003N	0.31		P35568	Insulin receptor substrate 1	Homo sapiens	Encontrado	https://alphafold.ebi.ac.uk/entry/P35568
IRS1	missense_variant		1203645968	P35568	rs1203645968	D1003N	0.26		P35568	Insulin receptor substrate 1	Homo sapiens	Encontrado	https://alphafold.ebi.ac.uk/entry/P35568
IRS1	missense_variant		1203847764						P35568	Insulin receptor substrate 1	Homo sapiens	Encontrado	https://alphafold.ebi.ac.uk/entry/P35568
IRS1	missense_variant		1204376978						P35568	Insulin receptor substrate 1	Homo sapiens	Encontrado	https://alphafold.ebi.ac.uk/entry/P35568
IRS1	missense_variant		1204566746						P35568	Insulin receptor substrate 1	Homo sapiens	Encontrado	https://alphafold.ebi.ac.uk/entry/P35568
IRS1	missense_variant		1204927540						P35568	Insulin receptor substrate 1	Homo sapiens	Encontrado	https://alphafold.ebi.ac.uk/entry/P35568
IRS1	missense_variant		1205422488						P35568	Insulin receptor substrate 1	Homo sapiens	Encontrado	https://alphafold.ebi.ac.uk/entry/P35568
IRS1	missense_variant		1205448071						P35568	Insulin receptor substrate 1	Homo sapiens	Encontrado	https://alphafold.ebi.ac.uk/entry/P35568
IRS1	missense_variant		1205546039						P35568	Insulin receptor substrate 1	Homo sapiens	Encontrado	https://alphafold.ebi.ac.uk/entry/P35568
IRS1	missense_variant		1205551108						P35568	Insulin receptor substrate 1	Homo sapiens	Encontrado	https://alphafold.ebi.ac.uk/entry/P35568
IRS1	missense_variant		1205996251						P35568	Insulin receptor substrate 1	Homo sapiens	Encontrado	https://alphafold.ebi.ac.uk/entry/P35568
IRS1	missense_variant		1207816683						P35568	Insulin receptor substrate 1	Homo sapiens	Encontrado	https://alphafold.ebi.ac.uk/entry/P35568
IRS1	missense_variant		1209128042						P35568	Insulin receptor substrate 1	Homo sapiens	Encontrado	https://alphafold.ebi.ac.uk/entry/P35568
IRS1	missense_variant	uncertain significance	1210358583	P35568	rs1210358583	Q835L	0.3		P35568	Insulin receptor substrate 1	Homo sapiens	Encontrado	https://alphafold.ebi.ac.uk/entry/P35568
IRS1	missense_variant		1210408874						P35568	Insulin receptor substrate 1	Homo sapiens	Encontrado	https://alphafold.ebi.ac.uk/entry/P35568
IRS1	missense_variant		1211740083						P35568	Insulin receptor substrate 1	Homo sapiens	Encontrado	https://alphafold.ebi.ac.uk/entry/P35568
IRS1	missense_variant		1213595253						P35568	Insulin receptor substrate 1	Homo sapiens	Encontrado	https://alphafold.ebi.ac.uk/entry/P35568
IRS1	missense_variant		1213787374						P35568	Insulin receptor substrate 1	Homo sapiens	Encontrado	https://alphafold.ebi.ac.uk/entry/P35568
IRS1	missense_variant		1215521076						P35568	Insulin receptor substrate 1	Homo sapiens	Encontrado	https://alphafold.ebi.ac.uk/entry/P35568
IRS1	missense_variant		1215661160						P35568	Insulin receptor substrate 1	Homo sapiens	Encontrado	https://alphafold.ebi.ac.uk/entry/P35568
IRS1	missense_variant		1215890148						P35568	Insulin receptor substrate 1	Homo sapiens	Encontrado	https://alphafold.ebi.ac.uk/entry/P35568
IRS1	missense_variant		1215984305						P35568	Insulin receptor substrate 1	Homo sapiens	Encontrado	https://alphafold.ebi.ac.uk/entry/P35568
IRS1	missense_variant		1216390122						P35568	Insulin receptor substrate 1	Homo sapiens	Encontrado	https://alphafold.ebi.ac.uk/entry/P35568
IRS1	missense_variant		1216877388						P35568	Insulin receptor substrate 1	Homo sapiens	Encontrado	https://alphafold.ebi.ac.uk/entry/P35568
IRS1	missense_variant		1217269876						P35568	Insulin receptor substrate 1	Homo sapiens	Encontrado	https://alphafold.ebi.ac.uk/entry/P35568
IRS1	missense_variant		1218652396						P35568	Insulin receptor substrate 1	Homo sapiens	Encontrado	https://alphafold.ebi.ac.uk/entry/P35568
IRS1	missense_variant		1219640501						P35568	Insulin receptor substrate 1	Homo sapiens	Encontrado	https://alphafold.ebi.ac.uk/entry/P35568
IRS1	missense_variant		1220010402						P35568	Insulin receptor substrate 1	Homo sapiens	Encontrado	https://alphafold.ebi.ac.uk/entry/P35568
IRS1	missense_variant		1220289681						P35568	Insulin receptor substrate 1	Homo sapiens	Encontrado	https://alphafold.ebi.ac.uk/entry/P35568
IRS1	missense_variant		1220757889						P35568	Insulin receptor substrate 1	Homo sapiens	Encontrado	https://alphafold.ebi.ac.uk/entry/P35568
IRS1	missense_variant		1221729630						P35568	Insulin receptor substrate 1	Homo sapiens	Encontrado	https://alphafold.ebi.ac.uk/entry/P35568
IRS1	missense_variant	uncertain significance	1222939491	P35568	rs1222939491	P4S	0.995		P35568	Insulin receptor substrate 1	Homo sapiens	Encontrado	https://alphafold.ebi.ac.uk/entry/P35568
IRS1	missense_variant	uncertain significance	1222939491	P35568	rs1222939491	P4S	0.0		P35568	Insulin receptor substrate 1	Homo sapiens	Encontrado	https://alphafold.ebi.ac.uk/entry/P35568
IRS1	missense_variant		1223567998						P35568	Insulin receptor substrate 1	Homo sapiens	Encontrado	https://alphafold.ebi.ac.uk/entry/P35568
IRS1	missense_variant		1226141763						P35568	Insulin receptor substrate 1	Homo sapiens	Encontrado	https://alphafold.ebi.ac.uk/entry/P35568
IRS1	missense_variant		1227161744						P35568	Insulin receptor substrate 1	Homo sapiens	Encontrado	https://alphafold.ebi.ac.uk/entry/P35568
IRS1	missense_variant		1227334897						P35568	Insulin receptor substrate 1	Homo sapiens	Encontrado	https://alphafold.ebi.ac.uk/entry/P35568
IRS1	missense_variant		1229507945						P35568	Insulin receptor substrate 1	Homo sapiens	Encontrado	https://alphafold.ebi.ac.uk/entry/P35568
IRS1	missense_variant		1230199931						P35568	Insulin receptor substrate 1	Homo sapiens	Encontrado	https://alphafold.ebi.ac.uk/entry/P35568
IRS1	missense_variant		1230926131						P35568	Insulin receptor substrate 1	Homo sapiens	Encontrado	https://alphafold.ebi.ac.uk/entry/P35568
IRS1	missense_variant		1232907554						P35568	Insulin receptor substrate 1	Homo sapiens	Encontrado	https://alphafold.ebi.ac.uk/entry/P35568
IRS1	missense_variant		1234342137						P35568	Insulin receptor substrate 1	Homo sapiens	Encontrado	https://alphafold.ebi.ac.uk/entry/P35568
IRS1	missense_variant	uncertain significance	1234435076						P35568	Insulin receptor substrate 1	Homo sapiens	Encontrado	https://alphafold.ebi.ac.uk/entry/P35568
IRS1	missense_variant		1235661843						P35568	Insulin receptor substrate 1	Homo sapiens	Encontrado	https://alphafold.ebi.ac.uk/entry/P35568
IRS1	missense_variant		1239442180						P35568	Insulin receptor substrate 1	Homo sapiens	Encontrado	https://alphafold.ebi.ac.uk/entry/P35568
IRS1	missense_variant		1242041443						P35568	Insulin receptor substrate 1	Homo sapiens	Encontrado	https://alphafold.ebi.ac.uk/entry/P35568
IRS1	missense_variant		1242271792						P35568	Insulin receptor substrate 1	Homo sapiens	Encontrado	https://alphafold.ebi.ac.uk/entry/P35568
IRS1	missense_variant		1242504264						P35568	Insulin receptor substrate 1	Homo sapiens	Encontrado	https://alphafold.ebi.ac.uk/entry/P35568
IRS1	missense_variant	uncertain significance	1243329079	P35568	rs1243329079	V154M	0.0		P35568	Insulin receptor substrate 1	Homo sapiens	Encontrado	https://alphafold.ebi.ac.uk/entry/P35568
IRS1	missense_variant	uncertain significance	1243329079	P35568	rs1243329079	V154M	0.12		P35568	Insulin receptor substrate 1	Homo sapiens	Encontrado	https://alphafold.ebi.ac.uk/entry/P35568
IRS1	missense_variant	uncertain significance	1243329079	P35568	rs1243329079	V154M	0.0		P35568	Insulin receptor substrate 1	Homo sapiens	Encontrado	https://alphafold.ebi.ac.uk/entry/P35568
IRS1	missense_variant	uncertain significance	1243329079	P35568	rs1243329079	V154M	0.2		P35568	Insulin receptor substrate 1	Homo sapiens	Encontrado	https://alphafold.ebi.ac.uk/entry/P35568
IRS1	missense_variant		1243671316						P35568	Insulin receptor substrate 1	Homo sapiens	Encontrado	https://alphafold.ebi.ac.uk/entry/P35568
IRS1	missense_variant		1244353274						P35568	Insulin receptor substrate 1	Homo sapiens	Encontrado	https://alphafold.ebi.ac.uk/entry/P35568
IRS1	missense_variant		1247224481						P35568	Insulin receptor substrate 1	Homo sapiens	Encontrado	https://alphafold.ebi.ac.uk/entry/P35568
IRS1	missense_variant		1247669490	P35568	rs1247669490	S277C	0.936		P35568	Insulin receptor substrate 1	Homo sapiens	Encontrado	https://alphafold.ebi.ac.uk/entry/P35568
IRS1	missense_variant		1247669490	P35568	rs1247669490	S277C	0.0		P35568	Insulin receptor substrate 1	Homo sapiens	Encontrado	https://alphafold.ebi.ac.uk/entry/P35568
IRS1	missense_variant		1247669490	P35568	rs1247669490	S277C	0.03		P35568	Insulin receptor substrate 1	Homo sapiens	Encontrado	https://alphafold.ebi.ac.uk/entry/P35568
IRS1	missense_variant		1247819181						P35568	Insulin receptor substrate 1	Homo sapiens	Encontrado	https://alphafold.ebi.ac.uk/entry/P35568
IRS1	missense_variant		1249658550						P35568	Insulin receptor substrate 1	Homo sapiens	Encontrado	https://alphafold.ebi.ac.uk/entry/P35568
IRS1	missense_variant		1250279823						P35568	Insulin receptor substrate 1	Homo sapiens	Encontrado	https://alphafold.ebi.ac.uk/entry/P35568
IRS1	missense_variant		1251030573						P35568	Insulin receptor substrate 1	Homo sapiens	Encontrado	https://alphafold.ebi.ac.uk/entry/P35568
IRS1	missense_variant	uncertain significance	1251154706	P35568	rs1251154706	R980Q	0.17		P35568	Insulin receptor substrate 1	Homo sapiens	Encontrado	https://alphafold.ebi.ac.uk/entry/P35568
IRS1	missense_variant		1251410242						P35568	Insulin receptor substrate 1	Homo sapiens	Encontrado	https://alphafold.ebi.ac.uk/entry/P35568
IRS1	missense_variant		1251747307	P35568	rs1251747307	H55Q	0.761		P35568	Insulin receptor substrate 1	Homo sapiens	Encontrado	https://alphafold.ebi.ac.uk/entry/P35568
IRS1	missense_variant		1251747307	P35568	rs1251747307	H55Q	0.01		P35568	Insulin receptor substrate 1	Homo sapiens	Encontrado	https://alphafold.ebi.ac.uk/entry/P35568
IRS1	missense_variant		1251747307	P35568	rs1251747307	H55Q	0.995		P35568	Insulin receptor substrate 1	Homo sapiens	Encontrado	https://alphafold.ebi.ac.uk/entry/P35568
IRS1	missense_variant		1251747307	P35568	rs1251747307	H55Q	0.04		P35568	Insulin receptor substrate 1	Homo sapiens	Encontrado	https://alphafold.ebi.ac.uk/entry/P35568
IRS1	missense_variant		1254174874	P35568	rs1254174874	E939K	0.549		P35568	Insulin receptor substrate 1	Homo sapiens	Encontrado	https://alphafold.ebi.ac.uk/entry/P35568
IRS1	missense_variant		1254174874	P35568	rs1254174874	E939K	0.12		P35568	Insulin receptor substrate 1	Homo sapiens	Encontrado	https://alphafold.ebi.ac.uk/entry/P35568
IRS1	missense_variant		1254174874	P35568	rs1254174874	E939K	0.02		P35568	Insulin receptor substrate 1	Homo sapiens	Encontrado	https://alphafold.ebi.ac.uk/entry/P35568
IRS1	missense_variant		1255364686						P35568	Insulin receptor substrate 1	Homo sapiens	Encontrado	https://alphafold.ebi.ac.uk/entry/P35568
IRS1	missense_variant		1255375129						P35568	Insulin receptor substrate 1	Homo sapiens	Encontrado	https://alphafold.ebi.ac.uk/entry/P35568
IRS1	missense_variant		1260297833						P35568	Insulin receptor substrate 1	Homo sapiens	Encontrado	https://alphafold.ebi.ac.uk/entry/P35568
IRS1	missense_variant		1261115213						P35568	Insulin receptor substrate 1	Homo sapiens	Encontrado	https://alphafold.ebi.ac.uk/entry/P35568
IRS1	missense_variant		1263883572						P35568	Insulin receptor substrate 1	Homo sapiens	Encontrado	https://alphafold.ebi.ac.uk/entry/P35568
IRS1	missense_variant		1265038556						P35568	Insulin receptor substrate 1	Homo sapiens	Encontrado	https://alphafold.ebi.ac.uk/entry/P35568
IRS1	missense_variant		1265200179						P35568	Insulin receptor substrate 1	Homo sapiens	Encontrado	https://alphafold.ebi.ac.uk/entry/P35568
IRS1	missense_variant		1265982839						P35568	Insulin receptor substrate 1	Homo sapiens	Encontrado	https://alphafold.ebi.ac.uk/entry/P35568
IRS1	missense_variant		1266355926						P35568	Insulin receptor substrate 1	Homo sapiens	Encontrado	https://alphafold.ebi.ac.uk/entry/P35568
IRS1	missense_variant		1267158332						P35568	Insulin receptor substrate 1	Homo sapiens	Encontrado	https://alphafold.ebi.ac.uk/entry/P35568
IRS1	missense_variant		1268345655						P35568	Insulin receptor substrate 1	Homo sapiens	Encontrado	https://alphafold.ebi.ac.uk/entry/P35568
IRS1	missense_variant		1269279362						P35568	Insulin receptor substrate 1	Homo sapiens	Encontrado	https://alphafold.ebi.ac.uk/entry/P35568
IRS1	missense_variant		1272536440						P35568	Insulin receptor substrate 1	Homo sapiens	Encontrado	https://alphafold.ebi.ac.uk/entry/P35568
IRS1	missense_variant		1273995645	P35568	rs1273995645	R213H	0.999		P35568	Insulin receptor substrate 1	Homo sapiens	Encontrado	https://alphafold.ebi.ac.uk/entry/P35568
IRS1	missense_variant		1273995645	P35568	rs1273995645	R213H	0.0		P35568	Insulin receptor substrate 1	Homo sapiens	Encontrado	https://alphafold.ebi.ac.uk/entry/P35568
IRS1	missense_variant		1273995645	P35568	rs1273995645	R213H	0.0		P35568	Insulin receptor substrate 1	Homo sapiens	Encontrado	https://alphafold.ebi.ac.uk/entry/P35568
IRS1	missense_variant		1274268803						P35568	Insulin receptor substrate 1	Homo sapiens	Encontrado	https://alphafold.ebi.ac.uk/entry/P35568
IRS1	missense_variant		1274307554						P35568	Insulin receptor substrate 1	Homo sapiens	Encontrado	https://alphafold.ebi.ac.uk/entry/P35568
IRS1	missense_variant		1277167453						P35568	Insulin receptor substrate 1	Homo sapiens	Encontrado	https://alphafold.ebi.ac.uk/entry/P35568
IRS1	missense_variant		1277405183						P35568	Insulin receptor substrate 1	Homo sapiens	Encontrado	https://alphafold.ebi.ac.uk/entry/P35568
IRS1	missense_variant		1277513587						P35568	Insulin receptor substrate 1	Homo sapiens	Encontrado	https://alphafold.ebi.ac.uk/entry/P35568
IRS1	missense_variant		1277545067						P35568	Insulin receptor substrate 1	Homo sapiens	Encontrado	https://alphafold.ebi.ac.uk/entry/P35568
IRS1	missense_variant		1277682986						P35568	Insulin receptor substrate 1	Homo sapiens	Encontrado	https://alphafold.ebi.ac.uk/entry/P35568
IRS1	missense_variant		1282132006						P35568	Insulin receptor substrate 1	Homo sapiens	Encontrado	https://alphafold.ebi.ac.uk/entry/P35568
IRS1	missense_variant		1283640603						P35568	Insulin receptor substrate 1	Homo sapiens	Encontrado	https://alphafold.ebi.ac.uk/entry/P35568
IRS1	missense_variant		1284980300						P35568	Insulin receptor substrate 1	Homo sapiens	Encontrado	https://alphafold.ebi.ac.uk/entry/P35568
IRS1	missense_variant		1286394006						P35568	Insulin receptor substrate 1	Homo sapiens	Encontrado	https://alphafold.ebi.ac.uk/entry/P35568
IRS1	missense_variant		1288365568						P35568	Insulin receptor substrate 1	Homo sapiens	Encontrado	https://alphafold.ebi.ac.uk/entry/P35568
IRS1	missense_variant		1289819083	P35568	rs1289819083	S385L	0.825		P35568	Insulin receptor substrate 1	Homo sapiens	Encontrado	https://alphafold.ebi.ac.uk/entry/P35568
IRS1	missense_variant		1289819083	P35568	rs1289819083	S385L	0.22		P35568	Insulin receptor substrate 1	Homo sapiens	Encontrado	https://alphafold.ebi.ac.uk/entry/P35568
IRS1	missense_variant		1289819083	P35568	rs1289819083	S385L	0.06		P35568	Insulin receptor substrate 1	Homo sapiens	Encontrado	https://alphafold.ebi.ac.uk/entry/P35568
IRS1	missense_variant		1290218511						P35568	Insulin receptor substrate 1	Homo sapiens	Encontrado	https://alphafold.ebi.ac.uk/entry/P35568
IRS1	missense_variant		1290703945						P35568	Insulin receptor substrate 1	Homo sapiens	Encontrado	https://alphafold.ebi.ac.uk/entry/P35568
IRS1	missense_variant		1292359245						P35568	Insulin receptor substrate 1	Homo sapiens	Encontrado	https://alphafold.ebi.ac.uk/entry/P35568
IRS1	missense_variant		1294206506						P35568	Insulin receptor substrate 1	Homo sapiens	Encontrado	https://alphafold.ebi.ac.uk/entry/P35568
IRS1	missense_variant		1294358621						P35568	Insulin receptor substrate 1	Homo sapiens	Encontrado	https://alphafold.ebi.ac.uk/entry/P35568
IRS1	missense_variant		1295495910						P35568	Insulin receptor substrate 1	Homo sapiens	Encontrado	https://alphafold.ebi.ac.uk/entry/P35568
IRS1	missense_variant		1295643078	P35568	rs1295643078	R285C	0.996		P35568	Insulin receptor substrate 1	Homo sapiens	Encontrado	https://alphafold.ebi.ac.uk/entry/P35568
IRS1	missense_variant		1295643078	P35568	rs1295643078	R285C	0.0		P35568	Insulin receptor substrate 1	Homo sapiens	Encontrado	https://alphafold.ebi.ac.uk/entry/P35568
IRS1	missense_variant		1295643078	P35568	rs1295643078	R285C	0.0		P35568	Insulin receptor substrate 1	Homo sapiens	Encontrado	https://alphafold.ebi.ac.uk/entry/P35568
IRS1	missense_variant		1295685737						P35568	Insulin receptor substrate 1	Homo sapiens	Encontrado	https://alphafold.ebi.ac.uk/entry/P35568
IRS1	missense_variant		1297434824						P35568	Insulin receptor substrate 1	Homo sapiens	Encontrado	https://alphafold.ebi.ac.uk/entry/P35568
IRS1	missense_variant		1299138108						P35568	Insulin receptor substrate 1	Homo sapiens	Encontrado	https://alphafold.ebi.ac.uk/entry/P35568
IRS1	missense_variant		1299700780						P35568	Insulin receptor substrate 1	Homo sapiens	Encontrado	https://alphafold.ebi.ac.uk/entry/P35568
IRS1	missense_variant		12999226						P35568	Insulin receptor substrate 1	Homo sapiens	Encontrado	https://alphafold.ebi.ac.uk/entry/P35568
IRS1	missense_variant		1301402217						P35568	Insulin receptor substrate 1	Homo sapiens	Encontrado	https://alphafold.ebi.ac.uk/entry/P35568
IRS1	missense_variant		1302129293						P35568	Insulin receptor substrate 1	Homo sapiens	Encontrado	https://alphafold.ebi.ac.uk/entry/P35568
IRS1	missense_variant		1303446971						P35568	Insulin receptor substrate 1	Homo sapiens	Encontrado	https://alphafold.ebi.ac.uk/entry/P35568
IRS1	missense_variant		1304186165						P35568	Insulin receptor substrate 1	Homo sapiens	Encontrado	https://alphafold.ebi.ac.uk/entry/P35568
IRS1	missense_variant		1305808839	P35568	rs1305808839	V204M	1.0		P35568	Insulin receptor substrate 1	Homo sapiens	Encontrado	https://alphafold.ebi.ac.uk/entry/P35568
IRS1	missense_variant		1305808839	P35568	rs1305808839	V204M	0.0		P35568	Insulin receptor substrate 1	Homo sapiens	Encontrado	https://alphafold.ebi.ac.uk/entry/P35568
IRS1	missense_variant		1305808839	P35568	rs1305808839	V204M	0.0		P35568	Insulin receptor substrate 1	Homo sapiens	Encontrado	https://alphafold.ebi.ac.uk/entry/P35568
IRS1	missense_variant		1307353541						P35568	Insulin receptor substrate 1	Homo sapiens	Encontrado	https://alphafold.ebi.ac.uk/entry/P35568
IRS1	missense_variant		1307660367						P35568	Insulin receptor substrate 1	Homo sapiens	Encontrado	https://alphafold.ebi.ac.uk/entry/P35568
IRS1	missense_variant		1308136701						P35568	Insulin receptor substrate 1	Homo sapiens	Encontrado	https://alphafold.ebi.ac.uk/entry/P35568
IRS1	missense_variant		1309680467						P35568	Insulin receptor substrate 1	Homo sapiens	Encontrado	https://alphafold.ebi.ac.uk/entry/P35568
IRS1	missense_variant		1310675277						P35568	Insulin receptor substrate 1	Homo sapiens	Encontrado	https://alphafold.ebi.ac.uk/entry/P35568
IRS1	missense_variant		1311462505						P35568	Insulin receptor substrate 1	Homo sapiens	Encontrado	https://alphafold.ebi.ac.uk/entry/P35568
IRS1	missense_variant		1312009930						P35568	Insulin receptor substrate 1	Homo sapiens	Encontrado	https://alphafold.ebi.ac.uk/entry/P35568
IRS1	missense_variant		1312589218						P35568	Insulin receptor substrate 1	Homo sapiens	Encontrado	https://alphafold.ebi.ac.uk/entry/P35568
IRS1	missense_variant		1313519027						P35568	Insulin receptor substrate 1	Homo sapiens	Encontrado	https://alphafold.ebi.ac.uk/entry/P35568
IRS1	missense_variant	uncertain significance	1314200202	P35568	rs1314200202	M468V	0.0		P35568	Insulin receptor substrate 1	Homo sapiens	Encontrado	https://alphafold.ebi.ac.uk/entry/P35568
IRS1	missense_variant		1315411808						P35568	Insulin receptor substrate 1	Homo sapiens	Encontrado	https://alphafold.ebi.ac.uk/entry/P35568
IRS1	missense_variant		1316389572						P35568	Insulin receptor substrate 1	Homo sapiens	Encontrado	https://alphafold.ebi.ac.uk/entry/P35568
IRS1	missense_variant		1316620044						P35568	Insulin receptor substrate 1	Homo sapiens	Encontrado	https://alphafold.ebi.ac.uk/entry/P35568
IRS1	missense_variant		1316729297						P35568	Insulin receptor substrate 1	Homo sapiens	Encontrado	https://alphafold.ebi.ac.uk/entry/P35568
IRS1	missense_variant		1318185835						P35568	Insulin receptor substrate 1	Homo sapiens	Encontrado	https://alphafold.ebi.ac.uk/entry/P35568
IRS1	missense_variant		1318450794						P35568	Insulin receptor substrate 1	Homo sapiens	Encontrado	https://alphafold.ebi.ac.uk/entry/P35568
IRS1	missense_variant		1319085184						P35568	Insulin receptor substrate 1	Homo sapiens	Encontrado	https://alphafold.ebi.ac.uk/entry/P35568
IRS1	missense_variant		1320358249						P35568	Insulin receptor substrate 1	Homo sapiens	Encontrado	https://alphafold.ebi.ac.uk/entry/P35568
IRS1	missense_variant		1320552725						P35568	Insulin receptor substrate 1	Homo sapiens	Encontrado	https://alphafold.ebi.ac.uk/entry/P35568
IRS1	missense_variant		1321561443						P35568	Insulin receptor substrate 1	Homo sapiens	Encontrado	https://alphafold.ebi.ac.uk/entry/P35568
IRS1	missense_variant		1322355786						P35568	Insulin receptor substrate 1	Homo sapiens	Encontrado	https://alphafold.ebi.ac.uk/entry/P35568
IRS1	missense_variant		1322811986						P35568	Insulin receptor substrate 1	Homo sapiens	Encontrado	https://alphafold.ebi.ac.uk/entry/P35568
IRS1	missense_variant		1323129820						P35568	Insulin receptor substrate 1	Homo sapiens	Encontrado	https://alphafold.ebi.ac.uk/entry/P35568
IRS1	missense_variant		1325691401						P35568	Insulin receptor substrate 1	Homo sapiens	Encontrado	https://alphafold.ebi.ac.uk/entry/P35568
IRS1	missense_variant		1326325401						P35568	Insulin receptor substrate 1	Homo sapiens	Encontrado	https://alphafold.ebi.ac.uk/entry/P35568
IRS1	missense_variant		1326784595						P35568	Insulin receptor substrate 1	Homo sapiens	Encontrado	https://alphafold.ebi.ac.uk/entry/P35568
IRS1	missense_variant		1327028772	P35568	rs1327028772	R857W	0.999		P35568	Insulin receptor substrate 1	Homo sapiens	Encontrado	https://alphafold.ebi.ac.uk/entry/P35568
IRS1	missense_variant		1327028772	P35568	rs1327028772	R857W	0.0		P35568	Insulin receptor substrate 1	Homo sapiens	Encontrado	https://alphafold.ebi.ac.uk/entry/P35568
IRS1	missense_variant		1327028772	P35568	rs1327028772	R857W	0.0		P35568	Insulin receptor substrate 1	Homo sapiens	Encontrado	https://alphafold.ebi.ac.uk/entry/P35568
IRS1	missense_variant		1327206468						P35568	Insulin receptor substrate 1	Homo sapiens	Encontrado	https://alphafold.ebi.ac.uk/entry/P35568
IRS1	missense_variant		1327305672						P35568	Insulin receptor substrate 1	Homo sapiens	Encontrado	https://alphafold.ebi.ac.uk/entry/P35568
IRS1	missense_variant	uncertain significance	1328195132	P35568	rs1328195132	N178K	0.972		P35568	Insulin receptor substrate 1	Homo sapiens	Encontrado	https://alphafold.ebi.ac.uk/entry/P35568
IRS1	missense_variant	uncertain significance	1328195132	P35568	rs1328195132	N178K	0.0		P35568	Insulin receptor substrate 1	Homo sapiens	Encontrado	https://alphafold.ebi.ac.uk/entry/P35568
IRS1	missense_variant	uncertain significance	1328195132	P35568	rs1328195132	N178K	0.0		P35568	Insulin receptor substrate 1	Homo sapiens	Encontrado	https://alphafold.ebi.ac.uk/entry/P35568
IRS1	missense_variant		1328903394						P35568	Insulin receptor substrate 1	Homo sapiens	Encontrado	https://alphafold.ebi.ac.uk/entry/P35568
IRS1	missense_variant		1329103455						P35568	Insulin receptor substrate 1	Homo sapiens	Encontrado	https://alphafold.ebi.ac.uk/entry/P35568
IRS1	missense_variant		13306466						P35568	Insulin receptor substrate 1	Homo sapiens	Encontrado	https://alphafold.ebi.ac.uk/entry/P35568
IRS1	missense_variant		13306469						P35568	Insulin receptor substrate 1	Homo sapiens	Encontrado	https://alphafold.ebi.ac.uk/entry/P35568
IRS1	missense_variant		13306470	P35568	rs13306470	R854H	0.959		P35568	Insulin receptor substrate 1	Homo sapiens	Encontrado	https://alphafold.ebi.ac.uk/entry/P35568
IRS1	missense_variant		13306470	P35568	rs13306470	R854H	0.02		P35568	Insulin receptor substrate 1	Homo sapiens	Encontrado	https://alphafold.ebi.ac.uk/entry/P35568
IRS1	missense_variant		13306470	P35568	rs13306470	R854H	0.02		P35568	Insulin receptor substrate 1	Homo sapiens	Encontrado	https://alphafold.ebi.ac.uk/entry/P35568
IRS1	missense_variant		1331070198						P35568	Insulin receptor substrate 1	Homo sapiens	Encontrado	https://alphafold.ebi.ac.uk/entry/P35568
IRS1	missense_variant		1331614172						P35568	Insulin receptor substrate 1	Homo sapiens	Encontrado	https://alphafold.ebi.ac.uk/entry/P35568
IRS1	missense_variant		1333829546						P35568	Insulin receptor substrate 1	Homo sapiens	Encontrado	https://alphafold.ebi.ac.uk/entry/P35568
IRS1	missense_variant		1333900690						P35568	Insulin receptor substrate 1	Homo sapiens	Encontrado	https://alphafold.ebi.ac.uk/entry/P35568
IRS1	missense_variant	uncertain significance	1334984491						P35568	Insulin receptor substrate 1	Homo sapiens	Encontrado	https://alphafold.ebi.ac.uk/entry/P35568
IRS1	missense_variant		1335386490						P35568	Insulin receptor substrate 1	Homo sapiens	Encontrado	https://alphafold.ebi.ac.uk/entry/P35568
IRS1	missense_variant		1336606386						P35568	Insulin receptor substrate 1	Homo sapiens	Encontrado	https://alphafold.ebi.ac.uk/entry/P35568
IRS1	missense_variant		1336723014						P35568	Insulin receptor substrate 1	Homo sapiens	Encontrado	https://alphafold.ebi.ac.uk/entry/P35568
IRS1	missense_variant		1337654043						P35568	Insulin receptor substrate 1	Homo sapiens	Encontrado	https://alphafold.ebi.ac.uk/entry/P35568
IRS1	missense_variant		1339153270						P35568	Insulin receptor substrate 1	Homo sapiens	Encontrado	https://alphafold.ebi.ac.uk/entry/P35568
IRS1	missense_variant		1339343643						P35568	Insulin receptor substrate 1	Homo sapiens	Encontrado	https://alphafold.ebi.ac.uk/entry/P35568
IRS1	missense_variant		1340533019						P35568	Insulin receptor substrate 1	Homo sapiens	Encontrado	https://alphafold.ebi.ac.uk/entry/P35568
IRS1	missense_variant		1340940219						P35568	Insulin receptor substrate 1	Homo sapiens	Encontrado	https://alphafold.ebi.ac.uk/entry/P35568
IRS1	missense_variant		1342210276						P35568	Insulin receptor substrate 1	Homo sapiens	Encontrado	https://alphafold.ebi.ac.uk/entry/P35568
IRS1	missense_variant		1342719769						P35568	Insulin receptor substrate 1	Homo sapiens	Encontrado	https://alphafold.ebi.ac.uk/entry/P35568
IRS1	missense_variant		1345424111						P35568	Insulin receptor substrate 1	Homo sapiens	Encontrado	https://alphafold.ebi.ac.uk/entry/P35568
IRS1	missense_variant		1346780306						P35568	Insulin receptor substrate 1	Homo sapiens	Encontrado	https://alphafold.ebi.ac.uk/entry/P35568
IRS1	missense_variant		1347449303						P35568	Insulin receptor substrate 1	Homo sapiens	Encontrado	https://alphafold.ebi.ac.uk/entry/P35568
IRS1	missense_variant		1349427791						P35568	Insulin receptor substrate 1	Homo sapiens	Encontrado	https://alphafold.ebi.ac.uk/entry/P35568
IRS1	missense_variant		1349574681						P35568	Insulin receptor substrate 1	Homo sapiens	Encontrado	https://alphafold.ebi.ac.uk/entry/P35568
IRS1	missense_variant		1349931074						P35568	Insulin receptor substrate 1	Homo sapiens	Encontrado	https://alphafold.ebi.ac.uk/entry/P35568
IRS1	missense_variant		1350024649						P35568	Insulin receptor substrate 1	Homo sapiens	Encontrado	https://alphafold.ebi.ac.uk/entry/P35568
IRS1	missense_variant		1351189985						P35568	Insulin receptor substrate 1	Homo sapiens	Encontrado	https://alphafold.ebi.ac.uk/entry/P35568
IRS1	missense_variant	uncertain significance	1351460589						P35568	Insulin receptor substrate 1	Homo sapiens	Encontrado	https://alphafold.ebi.ac.uk/entry/P35568
IRS1	missense_variant		1351667336						P35568	Insulin receptor substrate 1	Homo sapiens	Encontrado	https://alphafold.ebi.ac.uk/entry/P35568
IRS1	missense_variant		1351833709						P35568	Insulin receptor substrate 1	Homo sapiens	Encontrado	https://alphafold.ebi.ac.uk/entry/P35568
IRS1	missense_variant	uncertain significance	1352149861	P35568	rs1352149861	T477I	0.05		P35568	Insulin receptor substrate 1	Homo sapiens	Encontrado	https://alphafold.ebi.ac.uk/entry/P35568
IRS1	missense_variant		1354419120						P35568	Insulin receptor substrate 1	Homo sapiens	Encontrado	https://alphafold.ebi.ac.uk/entry/P35568
IRS1	missense_variant		1354444661						P35568	Insulin receptor substrate 1	Homo sapiens	Encontrado	https://alphafold.ebi.ac.uk/entry/P35568
IRS1	missense_variant		1354920532						P35568	Insulin receptor substrate 1	Homo sapiens	Encontrado	https://alphafold.ebi.ac.uk/entry/P35568
IRS1	missense_variant		1356154492						P35568	Insulin receptor substrate 1	Homo sapiens	Encontrado	https://alphafold.ebi.ac.uk/entry/P35568
IRS1	missense_variant		1358323033						P35568	Insulin receptor substrate 1	Homo sapiens	Encontrado	https://alphafold.ebi.ac.uk/entry/P35568
IRS1	missense_variant		1358997387						P35568	Insulin receptor substrate 1	Homo sapiens	Encontrado	https://alphafold.ebi.ac.uk/entry/P35568
IRS1	missense_variant		1359138063						P35568	Insulin receptor substrate 1	Homo sapiens	Encontrado	https://alphafold.ebi.ac.uk/entry/P35568
IRS1	missense_variant		1359256482						P35568	Insulin receptor substrate 1	Homo sapiens	Encontrado	https://alphafold.ebi.ac.uk/entry/P35568
IRS1	missense_variant		1359882606						P35568	Insulin receptor substrate 1	Homo sapiens	Encontrado	https://alphafold.ebi.ac.uk/entry/P35568
IRS1	missense_variant		1360057106						P35568	Insulin receptor substrate 1	Homo sapiens	Encontrado	https://alphafold.ebi.ac.uk/entry/P35568
IRS1	missense_variant		1362145870						P35568	Insulin receptor substrate 1	Homo sapiens	Encontrado	https://alphafold.ebi.ac.uk/entry/P35568
IRS1	missense_variant		1362638375						P35568	Insulin receptor substrate 1	Homo sapiens	Encontrado	https://alphafold.ebi.ac.uk/entry/P35568
IRS1	missense_variant		1365755572						P35568	Insulin receptor substrate 1	Homo sapiens	Encontrado	https://alphafold.ebi.ac.uk/entry/P35568
IRS1	missense_variant		1367671533						P35568	Insulin receptor substrate 1	Homo sapiens	Encontrado	https://alphafold.ebi.ac.uk/entry/P35568
IRS1	missense_variant		1368651309						P35568	Insulin receptor substrate 1	Homo sapiens	Encontrado	https://alphafold.ebi.ac.uk/entry/P35568
IRS1	missense_variant		1369707734						P35568	Insulin receptor substrate 1	Homo sapiens	Encontrado	https://alphafold.ebi.ac.uk/entry/P35568
IRS1	missense_variant		1370762551						P35568	Insulin receptor substrate 1	Homo sapiens	Encontrado	https://alphafold.ebi.ac.uk/entry/P35568
IRS1	missense_variant		1371007705						P35568	Insulin receptor substrate 1	Homo sapiens	Encontrado	https://alphafold.ebi.ac.uk/entry/P35568
IRS1	missense_variant		1371510834						P35568	Insulin receptor substrate 1	Homo sapiens	Encontrado	https://alphafold.ebi.ac.uk/entry/P35568
IRS1	missense_variant		1372054385	P35568	rs1372054385	P389L	0.999		P35568	Insulin receptor substrate 1	Homo sapiens	Encontrado	https://alphafold.ebi.ac.uk/entry/P35568
IRS1	missense_variant		1372054385	P35568	rs1372054385	P389L	0.02		P35568	Insulin receptor substrate 1	Homo sapiens	Encontrado	https://alphafold.ebi.ac.uk/entry/P35568
IRS1	missense_variant		1372054385	P35568	rs1372054385	P389L	0.06		P35568	Insulin receptor substrate 1	Homo sapiens	Encontrado	https://alphafold.ebi.ac.uk/entry/P35568
IRS1	missense_variant		1372865801						P35568	Insulin receptor substrate 1	Homo sapiens	Encontrado	https://alphafold.ebi.ac.uk/entry/P35568
IRS1	missense_variant		1373053992						P35568	Insulin receptor substrate 1	Homo sapiens	Encontrado	https://alphafold.ebi.ac.uk/entry/P35568
IRS1	missense_variant		1374359491						P35568	Insulin receptor substrate 1	Homo sapiens	Encontrado	https://alphafold.ebi.ac.uk/entry/P35568
IRS1	missense_variant		1374984690						P35568	Insulin receptor substrate 1	Homo sapiens	Encontrado	https://alphafold.ebi.ac.uk/entry/P35568
IRS1	missense_variant		1375289189						P35568	Insulin receptor substrate 1	Homo sapiens	Encontrado	https://alphafold.ebi.ac.uk/entry/P35568
IRS1	missense_variant		1375857891						P35568	Insulin receptor substrate 1	Homo sapiens	Encontrado	https://alphafold.ebi.ac.uk/entry/P35568
IRS1	missense_variant		1376879751						P35568	Insulin receptor substrate 1	Homo sapiens	Encontrado	https://alphafold.ebi.ac.uk/entry/P35568
IRS1	missense_variant		1378738307						P35568	Insulin receptor substrate 1	Homo sapiens	Encontrado	https://alphafold.ebi.ac.uk/entry/P35568
IRS1	missense_variant		137881923	P35568	rs137881923	D748N	0.179		P35568	Insulin receptor substrate 1	Homo sapiens	Encontrado	https://alphafold.ebi.ac.uk/entry/P35568
IRS1	missense_variant		137881923	P35568	rs137881923	D748N	0.0		P35568	Insulin receptor substrate 1	Homo sapiens	Encontrado	https://alphafold.ebi.ac.uk/entry/P35568
IRS1	missense_variant		137881923	P35568	rs137881923	D748N	0.01		P35568	Insulin receptor substrate 1	Homo sapiens	Encontrado	https://alphafold.ebi.ac.uk/entry/P35568
IRS1	missense_variant		1379358223						P35568	Insulin receptor substrate 1	Homo sapiens	Encontrado	https://alphafold.ebi.ac.uk/entry/P35568
IRS1	missense_variant		1379631379						P35568	Insulin receptor substrate 1	Homo sapiens	Encontrado	https://alphafold.ebi.ac.uk/entry/P35568
IRS1	missense_variant		1380034210						P35568	Insulin receptor substrate 1	Homo sapiens	Encontrado	https://alphafold.ebi.ac.uk/entry/P35568
IRS1	missense_variant		138145752						P35568	Insulin receptor substrate 1	Homo sapiens	Encontrado	https://alphafold.ebi.ac.uk/entry/P35568
IRS1	missense_variant	uncertain significance	1382730133	P35568	rs1382730133	G128R	0.013		P35568	Insulin receptor substrate 1	Homo sapiens	Encontrado	https://alphafold.ebi.ac.uk/entry/P35568
IRS1	missense_variant	uncertain significance	1382730133	P35568	rs1382730133	G128R	0.29		P35568	Insulin receptor substrate 1	Homo sapiens	Encontrado	https://alphafold.ebi.ac.uk/entry/P35568
IRS1	missense_variant	uncertain significance	1382730133	P35568	rs1382730133	G128R	0.815		P35568	Insulin receptor substrate 1	Homo sapiens	Encontrado	https://alphafold.ebi.ac.uk/entry/P35568
IRS1	missense_variant	uncertain significance	1382730133	P35568	rs1382730133	G128R	0.54		P35568	Insulin receptor substrate 1	Homo sapiens	Encontrado	https://alphafold.ebi.ac.uk/entry/P35568
IRS1	missense_variant		1383827683						P35568	Insulin receptor substrate 1	Homo sapiens	Encontrado	https://alphafold.ebi.ac.uk/entry/P35568
IRS1	missense_variant		1384083792						P35568	Insulin receptor substrate 1	Homo sapiens	Encontrado	https://alphafold.ebi.ac.uk/entry/P35568
IRS1	missense_variant		1386476192						P35568	Insulin receptor substrate 1	Homo sapiens	Encontrado	https://alphafold.ebi.ac.uk/entry/P35568
IRS1	missense_variant	uncertain significance	1386587599	P35568	rs1386587599	I308S	0.0		P35568	Insulin receptor substrate 1	Homo sapiens	Encontrado	https://alphafold.ebi.ac.uk/entry/P35568
IRS1	missense_variant		138710153						P35568	Insulin receptor substrate 1	Homo sapiens	Encontrado	https://alphafold.ebi.ac.uk/entry/P35568
IRS1	missense_variant		1387734703						P35568	Insulin receptor substrate 1	Homo sapiens	Encontrado	https://alphafold.ebi.ac.uk/entry/P35568
IRS1	missense_variant	uncertain significance	1389086923	P35568	rs1389086923	S581F	0.0		P35568	Insulin receptor substrate 1	Homo sapiens	Encontrado	https://alphafold.ebi.ac.uk/entry/P35568
IRS1	missense_variant		1389438552						P35568	Insulin receptor substrate 1	Homo sapiens	Encontrado	https://alphafold.ebi.ac.uk/entry/P35568
IRS1	missense_variant		1389712816						P35568	Insulin receptor substrate 1	Homo sapiens	Encontrado	https://alphafold.ebi.ac.uk/entry/P35568
IRS1	missense_variant		1390063552						P35568	Insulin receptor substrate 1	Homo sapiens	Encontrado	https://alphafold.ebi.ac.uk/entry/P35568
IRS1	missense_variant		1392016929						P35568	Insulin receptor substrate 1	Homo sapiens	Encontrado	https://alphafold.ebi.ac.uk/entry/P35568
IRS1	missense_variant	likely benign	139287405	P35568	rs139287405	G597E	0.0		P35568	Insulin receptor substrate 1	Homo sapiens	Encontrado	https://alphafold.ebi.ac.uk/entry/P35568
IRS1	missense_variant		1393539515	P35568	rs1393539515	P313L	0.998		P35568	Insulin receptor substrate 1	Homo sapiens	Encontrado	https://alphafold.ebi.ac.uk/entry/P35568
IRS1	missense_variant		1393539515	P35568	rs1393539515	P313L	0.0		P35568	Insulin receptor substrate 1	Homo sapiens	Encontrado	https://alphafold.ebi.ac.uk/entry/P35568
IRS1	missense_variant		1393539515	P35568	rs1393539515	P313L	0.0		P35568	Insulin receptor substrate 1	Homo sapiens	Encontrado	https://alphafold.ebi.ac.uk/entry/P35568
IRS1	missense_variant		1393792413						P35568	Insulin receptor substrate 1	Homo sapiens	Encontrado	https://alphafold.ebi.ac.uk/entry/P35568
IRS1	missense_variant		1394943892						P35568	Insulin receptor substrate 1	Homo sapiens	Encontrado	https://alphafold.ebi.ac.uk/entry/P35568
IRS1	missense_variant		1395250910						P35568	Insulin receptor substrate 1	Homo sapiens	Encontrado	https://alphafold.ebi.ac.uk/entry/P35568
IRS1	missense_variant		1395337787						P35568	Insulin receptor substrate 1	Homo sapiens	Encontrado	https://alphafold.ebi.ac.uk/entry/P35568
IRS1	missense_variant		1395545830	P35568	rs1395545830	S150N	0.092		P35568	Insulin receptor substrate 1	Homo sapiens	Encontrado	https://alphafold.ebi.ac.uk/entry/P35568
IRS1	missense_variant		1395545830	P35568	rs1395545830	S150N	0.61		P35568	Insulin receptor substrate 1	Homo sapiens	Encontrado	https://alphafold.ebi.ac.uk/entry/P35568
IRS1	missense_variant		1395545830	P35568	rs1395545830	S150N	0.569		P35568	Insulin receptor substrate 1	Homo sapiens	Encontrado	https://alphafold.ebi.ac.uk/entry/P35568
IRS1	missense_variant		1395545830	P35568	rs1395545830	S150N	0.46		P35568	Insulin receptor substrate 1	Homo sapiens	Encontrado	https://alphafold.ebi.ac.uk/entry/P35568
IRS1	missense_variant		1396541537						P35568	Insulin receptor substrate 1	Homo sapiens	Encontrado	https://alphafold.ebi.ac.uk/entry/P35568
IRS1	missense_variant	uncertain significance	1397135584	P35568	rs1397135584	P292S	0.09		P35568	Insulin receptor substrate 1	Homo sapiens	Encontrado	https://alphafold.ebi.ac.uk/entry/P35568
IRS1	missense_variant		1399153059						P35568	Insulin receptor substrate 1	Homo sapiens	Encontrado	https://alphafold.ebi.ac.uk/entry/P35568
IRS1	missense_variant	uncertain significance	139921079	P35568	rs139921079	E102D	0.989		P35568	Insulin receptor substrate 1	Homo sapiens	Encontrado	https://alphafold.ebi.ac.uk/entry/P35568
IRS1	missense_variant	uncertain significance	139921079	P35568	rs139921079	E102D	0.01		P35568	Insulin receptor substrate 1	Homo sapiens	Encontrado	https://alphafold.ebi.ac.uk/entry/P35568
IRS1	missense_variant		1399894651						P35568	Insulin receptor substrate 1	Homo sapiens	Encontrado	https://alphafold.ebi.ac.uk/entry/P35568
IRS1	missense_variant		1400599826						P35568	Insulin receptor substrate 1	Homo sapiens	Encontrado	https://alphafold.ebi.ac.uk/entry/P35568
IRS1	missense_variant		140117962						P35568	Insulin receptor substrate 1	Homo sapiens	Encontrado	https://alphafold.ebi.ac.uk/entry/P35568
IRS1	missense_variant		1405437670						P35568	Insulin receptor substrate 1	Homo sapiens	Encontrado	https://alphafold.ebi.ac.uk/entry/P35568
IRS1	missense_variant		1408188809						P35568	Insulin receptor substrate 1	Homo sapiens	Encontrado	https://alphafold.ebi.ac.uk/entry/P35568
IRS1	missense_variant		1409759065						P35568	Insulin receptor substrate 1	Homo sapiens	Encontrado	https://alphafold.ebi.ac.uk/entry/P35568
IRS1	missense_variant		1409920968						P35568	Insulin receptor substrate 1	Homo sapiens	Encontrado	https://alphafold.ebi.ac.uk/entry/P35568
IRS1	missense_variant		141094678						P35568	Insulin receptor substrate 1	Homo sapiens	Encontrado	https://alphafold.ebi.ac.uk/entry/P35568
IRS1	missense_variant		141181919						P35568	Insulin receptor substrate 1	Homo sapiens	Encontrado	https://alphafold.ebi.ac.uk/entry/P35568
IRS1	missense_variant		1412312472						P35568	Insulin receptor substrate 1	Homo sapiens	Encontrado	https://alphafold.ebi.ac.uk/entry/P35568
IRS1	missense_variant		1412843577	P35568	rs1412843577	E6K	0.014		P35568	Insulin receptor substrate 1	Homo sapiens	Encontrado	https://alphafold.ebi.ac.uk/entry/P35568
IRS1	missense_variant		1412843577	P35568	rs1412843577	E6K	0.56		P35568	Insulin receptor substrate 1	Homo sapiens	Encontrado	https://alphafold.ebi.ac.uk/entry/P35568
IRS1	missense_variant		1412843577	P35568	rs1412843577	E6K	0.021		P35568	Insulin receptor substrate 1	Homo sapiens	Encontrado	https://alphafold.ebi.ac.uk/entry/P35568
IRS1	missense_variant		1412843577	P35568	rs1412843577	E6K	0.06		P35568	Insulin receptor substrate 1	Homo sapiens	Encontrado	https://alphafold.ebi.ac.uk/entry/P35568
IRS1	missense_variant		141295519	P35568	rs141295519	R950Q	0.235		P35568	Insulin receptor substrate 1	Homo sapiens	Encontrado	https://alphafold.ebi.ac.uk/entry/P35568
IRS1	missense_variant		141295519	P35568	rs141295519	R950Q	0.35		P35568	Insulin receptor substrate 1	Homo sapiens	Encontrado	https://alphafold.ebi.ac.uk/entry/P35568
IRS1	missense_variant		141295519	P35568	rs141295519	R950Q	0.22		P35568	Insulin receptor substrate 1	Homo sapiens	Encontrado	https://alphafold.ebi.ac.uk/entry/P35568
IRS1	missense_variant		141300291						P35568	Insulin receptor substrate 1	Homo sapiens	Encontrado	https://alphafold.ebi.ac.uk/entry/P35568
IRS1	missense_variant		141391800						P35568	Insulin receptor substrate 1	Homo sapiens	Encontrado	https://alphafold.ebi.ac.uk/entry/P35568
IRS1	missense_variant		1416721377						P35568	Insulin receptor substrate 1	Homo sapiens	Encontrado	https://alphafold.ebi.ac.uk/entry/P35568
IRS1	missense_variant		1416890069						P35568	Insulin receptor substrate 1	Homo sapiens	Encontrado	https://alphafold.ebi.ac.uk/entry/P35568
IRS1	missense_variant		141882284						P35568	Insulin receptor substrate 1	Homo sapiens	Encontrado	https://alphafold.ebi.ac.uk/entry/P35568
IRS1	missense_variant		1420575354						P35568	Insulin receptor substrate 1	Homo sapiens	Encontrado	https://alphafold.ebi.ac.uk/entry/P35568
IRS1	missense_variant		1420768018						P35568	Insulin receptor substrate 1	Homo sapiens	Encontrado	https://alphafold.ebi.ac.uk/entry/P35568
IRS1	missense_variant		142105312						P35568	Insulin receptor substrate 1	Homo sapiens	Encontrado	https://alphafold.ebi.ac.uk/entry/P35568
IRS1	missense_variant		1421163570						P35568	Insulin receptor substrate 1	Homo sapiens	Encontrado	https://alphafold.ebi.ac.uk/entry/P35568
IRS1	missense_variant		1424321667						P35568	Insulin receptor substrate 1	Homo sapiens	Encontrado	https://alphafold.ebi.ac.uk/entry/P35568
IRS1	missense_variant	uncertain significance	142670594						P35568	Insulin receptor substrate 1	Homo sapiens	Encontrado	https://alphafold.ebi.ac.uk/entry/P35568
IRS1	missense_variant		1426755201						P35568	Insulin receptor substrate 1	Homo sapiens	Encontrado	https://alphafold.ebi.ac.uk/entry/P35568
IRS1	missense_variant		1427330157						P35568	Insulin receptor substrate 1	Homo sapiens	Encontrado	https://alphafold.ebi.ac.uk/entry/P35568
IRS1	missense_variant		1427555970						P35568	Insulin receptor substrate 1	Homo sapiens	Encontrado	https://alphafold.ebi.ac.uk/entry/P35568
IRS1	missense_variant		142792089						P35568	Insulin receptor substrate 1	Homo sapiens	Encontrado	https://alphafold.ebi.ac.uk/entry/P35568
IRS1	missense_variant	benign	142818292	P35568	rs142818292	Y695F	0.02		P35568	Insulin receptor substrate 1	Homo sapiens	Encontrado	https://alphafold.ebi.ac.uk/entry/P35568
IRS1	missense_variant		1428460249						P35568	Insulin receptor substrate 1	Homo sapiens	Encontrado	https://alphafold.ebi.ac.uk/entry/P35568
IRS1	missense_variant		1429173113						P35568	Insulin receptor substrate 1	Homo sapiens	Encontrado	https://alphafold.ebi.ac.uk/entry/P35568
IRS1	missense_variant		1429323824						P35568	Insulin receptor substrate 1	Homo sapiens	Encontrado	https://alphafold.ebi.ac.uk/entry/P35568
IRS1	missense_variant		142957124						P35568	Insulin receptor substrate 1	Homo sapiens	Encontrado	https://alphafold.ebi.ac.uk/entry/P35568
IRS1	missense_variant		1429885506						P35568	Insulin receptor substrate 1	Homo sapiens	Encontrado	https://alphafold.ebi.ac.uk/entry/P35568
IRS1	missense_variant		1430054231						P35568	Insulin receptor substrate 1	Homo sapiens	Encontrado	https://alphafold.ebi.ac.uk/entry/P35568
IRS1	missense_variant		1430188572	P35568	rs1430188572	K943Q	0.014		P35568	Insulin receptor substrate 1	Homo sapiens	Encontrado	https://alphafold.ebi.ac.uk/entry/P35568
IRS1	missense_variant		1430188572	P35568	rs1430188572	K943Q	0.02		P35568	Insulin receptor substrate 1	Homo sapiens	Encontrado	https://alphafold.ebi.ac.uk/entry/P35568
IRS1	missense_variant		1430188572	P35568	rs1430188572	K943Q	0.02		P35568	Insulin receptor substrate 1	Homo sapiens	Encontrado	https://alphafold.ebi.ac.uk/entry/P35568
IRS1	missense_variant		1431552201						P35568	Insulin receptor substrate 1	Homo sapiens	Encontrado	https://alphafold.ebi.ac.uk/entry/P35568
IRS1	missense_variant		1432395254						P35568	Insulin receptor substrate 1	Homo sapiens	Encontrado	https://alphafold.ebi.ac.uk/entry/P35568
IRS1	missense_variant		1432435254	P35568	rs1432435254	P266S	0.997		P35568	Insulin receptor substrate 1	Homo sapiens	Encontrado	https://alphafold.ebi.ac.uk/entry/P35568
IRS1	missense_variant		1432435254	P35568	rs1432435254	P266S	0.0		P35568	Insulin receptor substrate 1	Homo sapiens	Encontrado	https://alphafold.ebi.ac.uk/entry/P35568
IRS1	missense_variant		1432435254	P35568	rs1432435254	P266S	0.0		P35568	Insulin receptor substrate 1	Homo sapiens	Encontrado	https://alphafold.ebi.ac.uk/entry/P35568
IRS1	missense_variant	uncertain significance	143341783	P35568	rs143341783	D755Y	0.0		P35568	Insulin receptor substrate 1	Homo sapiens	Encontrado	https://alphafold.ebi.ac.uk/entry/P35568
IRS1	missense_variant		1435564972						P35568	Insulin receptor substrate 1	Homo sapiens	Encontrado	https://alphafold.ebi.ac.uk/entry/P35568
IRS1	missense_variant		1436788641						P35568	Insulin receptor substrate 1	Homo sapiens	Encontrado	https://alphafold.ebi.ac.uk/entry/P35568
IRS1	missense_variant		143760685						P35568	Insulin receptor substrate 1	Homo sapiens	Encontrado	https://alphafold.ebi.ac.uk/entry/P35568
IRS1	missense_variant		1438378264						P35568	Insulin receptor substrate 1	Homo sapiens	Encontrado	https://alphafold.ebi.ac.uk/entry/P35568
IRS1	missense_variant		1438480797						P35568	Insulin receptor substrate 1	Homo sapiens	Encontrado	https://alphafold.ebi.ac.uk/entry/P35568
IRS1	missense_variant		1438835059						P35568	Insulin receptor substrate 1	Homo sapiens	Encontrado	https://alphafold.ebi.ac.uk/entry/P35568
IRS1	missense_variant	uncertain significance	143913301	P35568	rs143913301	A1121V	0.062		P35568	Insulin receptor substrate 1	Homo sapiens	Encontrado	https://alphafold.ebi.ac.uk/entry/P35568
IRS1	missense_variant	uncertain significance	143913301	P35568	rs143913301	A1121V	0.21		P35568	Insulin receptor substrate 1	Homo sapiens	Encontrado	https://alphafold.ebi.ac.uk/entry/P35568
IRS1	missense_variant	uncertain significance	143913301	P35568	rs143913301	A1121V	0.09		P35568	Insulin receptor substrate 1	Homo sapiens	Encontrado	https://alphafold.ebi.ac.uk/entry/P35568
IRS1	missense_variant		1440021451						P35568	Insulin receptor substrate 1	Homo sapiens	Encontrado	https://alphafold.ebi.ac.uk/entry/P35568
IRS1	missense_variant		1440355152						P35568	Insulin receptor substrate 1	Homo sapiens	Encontrado	https://alphafold.ebi.ac.uk/entry/P35568
IRS1	missense_variant		1442010371						P35568	Insulin receptor substrate 1	Homo sapiens	Encontrado	https://alphafold.ebi.ac.uk/entry/P35568
IRS1	missense_variant		144228243						P35568	Insulin receptor substrate 1	Homo sapiens	Encontrado	https://alphafold.ebi.ac.uk/entry/P35568
IRS1	missense_variant		1442749044						P35568	Insulin receptor substrate 1	Homo sapiens	Encontrado	https://alphafold.ebi.ac.uk/entry/P35568
IRS1	missense_variant		1444293088						P35568	Insulin receptor substrate 1	Homo sapiens	Encontrado	https://alphafold.ebi.ac.uk/entry/P35568
IRS1	missense_variant		144526841						P35568	Insulin receptor substrate 1	Homo sapiens	Encontrado	https://alphafold.ebi.ac.uk/entry/P35568
IRS1	missense_variant		1445417591						P35568	Insulin receptor substrate 1	Homo sapiens	Encontrado	https://alphafold.ebi.ac.uk/entry/P35568
IRS1	missense_variant		1446029674						P35568	Insulin receptor substrate 1	Homo sapiens	Encontrado	https://alphafold.ebi.ac.uk/entry/P35568
IRS1	missense_variant		1446895458						P35568	Insulin receptor substrate 1	Homo sapiens	Encontrado	https://alphafold.ebi.ac.uk/entry/P35568
IRS1	missense_variant		1447178819	P35568	rs1447178819	A363T	0.015		P35568	Insulin receptor substrate 1	Homo sapiens	Encontrado	https://alphafold.ebi.ac.uk/entry/P35568
IRS1	missense_variant		1447178819	P35568	rs1447178819	A363T	0.15		P35568	Insulin receptor substrate 1	Homo sapiens	Encontrado	https://alphafold.ebi.ac.uk/entry/P35568
IRS1	missense_variant		1447178819	P35568	rs1447178819	A363T	0.13		P35568	Insulin receptor substrate 1	Homo sapiens	Encontrado	https://alphafold.ebi.ac.uk/entry/P35568
IRS1	missense_variant		1447919275						P35568	Insulin receptor substrate 1	Homo sapiens	Encontrado	https://alphafold.ebi.ac.uk/entry/P35568
IRS1	missense_variant		144820119						P35568	Insulin receptor substrate 1	Homo sapiens	Encontrado	https://alphafold.ebi.ac.uk/entry/P35568
IRS1	missense_variant		1448309277						P35568	Insulin receptor substrate 1	Homo sapiens	Encontrado	https://alphafold.ebi.ac.uk/entry/P35568
IRS1	missense_variant		144912682						P35568	Insulin receptor substrate 1	Homo sapiens	Encontrado	https://alphafold.ebi.ac.uk/entry/P35568
IRS1	missense_variant		145050860						P35568	Insulin receptor substrate 1	Homo sapiens	Encontrado	https://alphafold.ebi.ac.uk/entry/P35568
IRS1	missense_variant		1450987570						P35568	Insulin receptor substrate 1	Homo sapiens	Encontrado	https://alphafold.ebi.ac.uk/entry/P35568
IRS1	missense_variant		1451091916						P35568	Insulin receptor substrate 1	Homo sapiens	Encontrado	https://alphafold.ebi.ac.uk/entry/P35568
IRS1	missense_variant		1451118499						P35568	Insulin receptor substrate 1	Homo sapiens	Encontrado	https://alphafold.ebi.ac.uk/entry/P35568
IRS1	missense_variant		1451271200						P35568	Insulin receptor substrate 1	Homo sapiens	Encontrado	https://alphafold.ebi.ac.uk/entry/P35568
IRS1	missense_variant		1451665637						P35568	Insulin receptor substrate 1	Homo sapiens	Encontrado	https://alphafold.ebi.ac.uk/entry/P35568
IRS1	missense_variant		1453334928						P35568	Insulin receptor substrate 1	Homo sapiens	Encontrado	https://alphafold.ebi.ac.uk/entry/P35568
IRS1	missense_variant		1454559943						P35568	Insulin receptor substrate 1	Homo sapiens	Encontrado	https://alphafold.ebi.ac.uk/entry/P35568
IRS1	missense_variant		1455244957						P35568	Insulin receptor substrate 1	Homo sapiens	Encontrado	https://alphafold.ebi.ac.uk/entry/P35568
IRS1	missense_variant	uncertain significance	1456198850						P35568	Insulin receptor substrate 1	Homo sapiens	Encontrado	https://alphafold.ebi.ac.uk/entry/P35568
IRS1	missense_variant		1456599499						P35568	Insulin receptor substrate 1	Homo sapiens	Encontrado	https://alphafold.ebi.ac.uk/entry/P35568
IRS1	missense_variant		145704301						P35568	Insulin receptor substrate 1	Homo sapiens	Encontrado	https://alphafold.ebi.ac.uk/entry/P35568
IRS1	missense_variant		1457292409						P35568	Insulin receptor substrate 1	Homo sapiens	Encontrado	https://alphafold.ebi.ac.uk/entry/P35568
IRS1	missense_variant		145736083						P35568	Insulin receptor substrate 1	Homo sapiens	Encontrado	https://alphafold.ebi.ac.uk/entry/P35568
IRS1	missense_variant		145948998						P35568	Insulin receptor substrate 1	Homo sapiens	Encontrado	https://alphafold.ebi.ac.uk/entry/P35568
IRS1	missense_variant		145977916						P35568	Insulin receptor substrate 1	Homo sapiens	Encontrado	https://alphafold.ebi.ac.uk/entry/P35568
IRS1	missense_variant		1460333685						P35568	Insulin receptor substrate 1	Homo sapiens	Encontrado	https://alphafold.ebi.ac.uk/entry/P35568
IRS1	missense_variant		1460898587						P35568	Insulin receptor substrate 1	Homo sapiens	Encontrado	https://alphafold.ebi.ac.uk/entry/P35568
IRS1	missense_variant	uncertain significance	146121894	P35568	rs146121894	P1108A	0.23		P35568	Insulin receptor substrate 1	Homo sapiens	Encontrado	https://alphafold.ebi.ac.uk/entry/P35568
IRS1	missense_variant		1461967412						P35568	Insulin receptor substrate 1	Homo sapiens	Encontrado	https://alphafold.ebi.ac.uk/entry/P35568
IRS1	missense_variant		146240269						P35568	Insulin receptor substrate 1	Homo sapiens	Encontrado	https://alphafold.ebi.ac.uk/entry/P35568
IRS1	missense_variant		146268112						P35568	Insulin receptor substrate 1	Homo sapiens	Encontrado	https://alphafold.ebi.ac.uk/entry/P35568
IRS1	missense_variant		146280940						P35568	Insulin receptor substrate 1	Homo sapiens	Encontrado	https://alphafold.ebi.ac.uk/entry/P35568
IRS1	missense_variant		146417400						P35568	Insulin receptor substrate 1	Homo sapiens	Encontrado	https://alphafold.ebi.ac.uk/entry/P35568
IRS1	missense_variant		1465182258						P35568	Insulin receptor substrate 1	Homo sapiens	Encontrado	https://alphafold.ebi.ac.uk/entry/P35568
IRS1	missense_variant		1465696149						P35568	Insulin receptor substrate 1	Homo sapiens	Encontrado	https://alphafold.ebi.ac.uk/entry/P35568
IRS1	missense_variant		1465698377						P35568	Insulin receptor substrate 1	Homo sapiens	Encontrado	https://alphafold.ebi.ac.uk/entry/P35568
IRS1	missense_variant		1466090544						P35568	Insulin receptor substrate 1	Homo sapiens	Encontrado	https://alphafold.ebi.ac.uk/entry/P35568
IRS1	missense_variant		1466362855						P35568	Insulin receptor substrate 1	Homo sapiens	Encontrado	https://alphafold.ebi.ac.uk/entry/P35568
IRS1	missense_variant		146703195						P35568	Insulin receptor substrate 1	Homo sapiens	Encontrado	https://alphafold.ebi.ac.uk/entry/P35568
IRS1	missense_variant		1469117275						P35568	Insulin receptor substrate 1	Homo sapiens	Encontrado	https://alphafold.ebi.ac.uk/entry/P35568
IRS1	missense_variant		1469971676						P35568	Insulin receptor substrate 1	Homo sapiens	Encontrado	https://alphafold.ebi.ac.uk/entry/P35568
IRS1	missense_variant		147089139						P35568	Insulin receptor substrate 1	Homo sapiens	Encontrado	https://alphafold.ebi.ac.uk/entry/P35568
IRS1	missense_variant		1471247123						P35568	Insulin receptor substrate 1	Homo sapiens	Encontrado	https://alphafold.ebi.ac.uk/entry/P35568
IRS1	missense_variant	uncertain significance	1471602976						P35568	Insulin receptor substrate 1	Homo sapiens	Encontrado	https://alphafold.ebi.ac.uk/entry/P35568
IRS1	missense_variant		1473770836						P35568	Insulin receptor substrate 1	Homo sapiens	Encontrado	https://alphafold.ebi.ac.uk/entry/P35568
IRS1	missense_variant		1475347900						P35568	Insulin receptor substrate 1	Homo sapiens	Encontrado	https://alphafold.ebi.ac.uk/entry/P35568
IRS1	missense_variant		1475380446						P35568	Insulin receptor substrate 1	Homo sapiens	Encontrado	https://alphafold.ebi.ac.uk/entry/P35568
IRS1	missense_variant		1475851034						P35568	Insulin receptor substrate 1	Homo sapiens	Encontrado	https://alphafold.ebi.ac.uk/entry/P35568
IRS1	missense_variant		1477252337						P35568	Insulin receptor substrate 1	Homo sapiens	Encontrado	https://alphafold.ebi.ac.uk/entry/P35568
IRS1	missense_variant	uncertain significance	147944503	P35568	rs147944503	R373C	0.828		P35568	Insulin receptor substrate 1	Homo sapiens	Encontrado	https://alphafold.ebi.ac.uk/entry/P35568
IRS1	missense_variant	uncertain significance	147944503	P35568	rs147944503	R373C	0.0		P35568	Insulin receptor substrate 1	Homo sapiens	Encontrado	https://alphafold.ebi.ac.uk/entry/P35568
IRS1	missense_variant	uncertain significance	147944503	P35568	rs147944503	R373C	0.0		P35568	Insulin receptor substrate 1	Homo sapiens	Encontrado	https://alphafold.ebi.ac.uk/entry/P35568
IRS1	missense_variant		1479479676						P35568	Insulin receptor substrate 1	Homo sapiens	Encontrado	https://alphafold.ebi.ac.uk/entry/P35568
IRS1	missense_variant		1479871720						P35568	Insulin receptor substrate 1	Homo sapiens	Encontrado	https://alphafold.ebi.ac.uk/entry/P35568
IRS1	missense_variant		1480520132						P35568	Insulin receptor substrate 1	Homo sapiens	Encontrado	https://alphafold.ebi.ac.uk/entry/P35568
IRS1	missense_variant		1481488365						P35568	Insulin receptor substrate 1	Homo sapiens	Encontrado	https://alphafold.ebi.ac.uk/entry/P35568
IRS1	missense_variant		1482198491						P35568	Insulin receptor substrate 1	Homo sapiens	Encontrado	https://alphafold.ebi.ac.uk/entry/P35568
IRS1	missense_variant		1483023983						P35568	Insulin receptor substrate 1	Homo sapiens	Encontrado	https://alphafold.ebi.ac.uk/entry/P35568
IRS1	missense_variant		1483026336						P35568	Insulin receptor substrate 1	Homo sapiens	Encontrado	https://alphafold.ebi.ac.uk/entry/P35568
IRS1	missense_variant		1484058281						P35568	Insulin receptor substrate 1	Homo sapiens	Encontrado	https://alphafold.ebi.ac.uk/entry/P35568
IRS1	missense_variant	uncertain significance	148431809						P35568	Insulin receptor substrate 1	Homo sapiens	Encontrado	https://alphafold.ebi.ac.uk/entry/P35568
IRS1	missense_variant		1486044715						P35568	Insulin receptor substrate 1	Homo sapiens	Encontrado	https://alphafold.ebi.ac.uk/entry/P35568
IRS1	missense_variant		1486271813						P35568	Insulin receptor substrate 1	Homo sapiens	Encontrado	https://alphafold.ebi.ac.uk/entry/P35568
IRS1	missense_variant		1486319738						P35568	Insulin receptor substrate 1	Homo sapiens	Encontrado	https://alphafold.ebi.ac.uk/entry/P35568
IRS1	missense_variant		1486646288						P35568	Insulin receptor substrate 1	Homo sapiens	Encontrado	https://alphafold.ebi.ac.uk/entry/P35568
IRS1	missense_variant		1486830625						P35568	Insulin receptor substrate 1	Homo sapiens	Encontrado	https://alphafold.ebi.ac.uk/entry/P35568
IRS1	missense_variant		148833195						P35568	Insulin receptor substrate 1	Homo sapiens	Encontrado	https://alphafold.ebi.ac.uk/entry/P35568
IRS1	missense_variant		1488737353						P35568	Insulin receptor substrate 1	Homo sapiens	Encontrado	https://alphafold.ebi.ac.uk/entry/P35568
IRS1	missense_variant	uncertain significance	148962208	P35568	rs148962208	P1079S	0.06		P35568	Insulin receptor substrate 1	Homo sapiens	Encontrado	https://alphafold.ebi.ac.uk/entry/P35568
IRS1	missense_variant		1489905539						P35568	Insulin receptor substrate 1	Homo sapiens	Encontrado	https://alphafold.ebi.ac.uk/entry/P35568
IRS1	missense_variant		1490732590						P35568	Insulin receptor substrate 1	Homo sapiens	Encontrado	https://alphafold.ebi.ac.uk/entry/P35568
IRS1	missense_variant		149302344						P35568	Insulin receptor substrate 1	Homo sapiens	Encontrado	https://alphafold.ebi.ac.uk/entry/P35568
IRS1	missense_variant		149708433						P35568	Insulin receptor substrate 1	Homo sapiens	Encontrado	https://alphafold.ebi.ac.uk/entry/P35568
IRS1	missense_variant		149830479						P35568	Insulin receptor substrate 1	Homo sapiens	Encontrado	https://alphafold.ebi.ac.uk/entry/P35568
IRS1	missense_variant		150039193	P35568	rs150039193	A1228T	0.001		P35568	Insulin receptor substrate 1	Homo sapiens	Encontrado	https://alphafold.ebi.ac.uk/entry/P35568
IRS1	missense_variant		150039193	P35568	rs150039193	A1228T	0.31		P35568	Insulin receptor substrate 1	Homo sapiens	Encontrado	https://alphafold.ebi.ac.uk/entry/P35568
IRS1	missense_variant		150039193	P35568	rs150039193	A1228T	0.21		P35568	Insulin receptor substrate 1	Homo sapiens	Encontrado	https://alphafold.ebi.ac.uk/entry/P35568
IRS1	missense_variant		150914729						P35568	Insulin receptor substrate 1	Homo sapiens	Encontrado	https://alphafold.ebi.ac.uk/entry/P35568
IRS1	missense_variant		1559158460						P35568	Insulin receptor substrate 1	Homo sapiens	Encontrado	https://alphafold.ebi.ac.uk/entry/P35568
IRS1	missense_variant		1559158910						P35568	Insulin receptor substrate 1	Homo sapiens	Encontrado	https://alphafold.ebi.ac.uk/entry/P35568
IRS1	missense_variant		1559159018						P35568	Insulin receptor substrate 1	Homo sapiens	Encontrado	https://alphafold.ebi.ac.uk/entry/P35568
IRS1	missense_variant		1559159205	P35568	rs1559159205	P756L	0.007		P35568	Insulin receptor substrate 1	Homo sapiens	Encontrado	https://alphafold.ebi.ac.uk/entry/P35568
IRS1	missense_variant		1559159205	P35568	rs1559159205	P756L	0.24		P35568	Insulin receptor substrate 1	Homo sapiens	Encontrado	https://alphafold.ebi.ac.uk/entry/P35568
IRS1	missense_variant		1559159205	P35568	rs1559159205	P756L	0.03		P35568	Insulin receptor substrate 1	Homo sapiens	Encontrado	https://alphafold.ebi.ac.uk/entry/P35568
IRS1	missense_variant		1559159368						P35568	Insulin receptor substrate 1	Homo sapiens	Encontrado	https://alphafold.ebi.ac.uk/entry/P35568
IRS1	missense_variant		1559159610						P35568	Insulin receptor substrate 1	Homo sapiens	Encontrado	https://alphafold.ebi.ac.uk/entry/P35568
IRS1	missense_variant		1559159749						P35568	Insulin receptor substrate 1	Homo sapiens	Encontrado	https://alphafold.ebi.ac.uk/entry/P35568
IRS1	missense_variant		1559159901						P35568	Insulin receptor substrate 1	Homo sapiens	Encontrado	https://alphafold.ebi.ac.uk/entry/P35568
IRS1	missense_variant		1559160175						P35568	Insulin receptor substrate 1	Homo sapiens	Encontrado	https://alphafold.ebi.ac.uk/entry/P35568
IRS1	missense_variant	uncertain significance	1559160372						P35568	Insulin receptor substrate 1	Homo sapiens	Encontrado	https://alphafold.ebi.ac.uk/entry/P35568
IRS1	missense_variant		1574664228						P35568	Insulin receptor substrate 1	Homo sapiens	Encontrado	https://alphafold.ebi.ac.uk/entry/P35568
IRS1	missense_variant		1574664271						P35568	Insulin receptor substrate 1	Homo sapiens	Encontrado	https://alphafold.ebi.ac.uk/entry/P35568
IRS1	missense_variant	uncertain significance	1574664761	P35568	rs1574664761	P887R	0.0		P35568	Insulin receptor substrate 1	Homo sapiens	Encontrado	https://alphafold.ebi.ac.uk/entry/P35568
IRS1	missense_variant		1574664765						P35568	Insulin receptor substrate 1	Homo sapiens	Encontrado	https://alphafold.ebi.ac.uk/entry/P35568
IRS1	missense_variant		1574664772						P35568	Insulin receptor substrate 1	Homo sapiens	Encontrado	https://alphafold.ebi.ac.uk/entry/P35568
IRS1	missense_variant		1574664839						P35568	Insulin receptor substrate 1	Homo sapiens	Encontrado	https://alphafold.ebi.ac.uk/entry/P35568
IRS1	missense_variant		1574664955						P35568	Insulin receptor substrate 1	Homo sapiens	Encontrado	https://alphafold.ebi.ac.uk/entry/P35568
IRS1	missense_variant		1574665087						P35568	Insulin receptor substrate 1	Homo sapiens	Encontrado	https://alphafold.ebi.ac.uk/entry/P35568
IRS1	missense_variant		1574665157						P35568	Insulin receptor substrate 1	Homo sapiens	Encontrado	https://alphafold.ebi.ac.uk/entry/P35568
IRS1	missense_variant		1574665173						P35568	Insulin receptor substrate 1	Homo sapiens	Encontrado	https://alphafold.ebi.ac.uk/entry/P35568
IRS1	missense_variant		1574665303						P35568	Insulin receptor substrate 1	Homo sapiens	Encontrado	https://alphafold.ebi.ac.uk/entry/P35568
IRS1	missense_variant		1574665439						P35568	Insulin receptor substrate 1	Homo sapiens	Encontrado	https://alphafold.ebi.ac.uk/entry/P35568
IRS1	missense_variant		1574665698						P35568	Insulin receptor substrate 1	Homo sapiens	Encontrado	https://alphafold.ebi.ac.uk/entry/P35568
IRS1	missense_variant		1574665709						P35568	Insulin receptor substrate 1	Homo sapiens	Encontrado	https://alphafold.ebi.ac.uk/entry/P35568
IRS1	missense_variant		1574665730						P35568	Insulin receptor substrate 1	Homo sapiens	Encontrado	https://alphafold.ebi.ac.uk/entry/P35568
IRS1	missense_variant		1574665734						P35568	Insulin receptor substrate 1	Homo sapiens	Encontrado	https://alphafold.ebi.ac.uk/entry/P35568
IRS1	missense_variant		1574665738						P35568	Insulin receptor substrate 1	Homo sapiens	Encontrado	https://alphafold.ebi.ac.uk/entry/P35568
IRS1	missense_variant		1574665763						P35568	Insulin receptor substrate 1	Homo sapiens	Encontrado	https://alphafold.ebi.ac.uk/entry/P35568
IRS1	missense_variant		1574665774						P35568	Insulin receptor substrate 1	Homo sapiens	Encontrado	https://alphafold.ebi.ac.uk/entry/P35568
IRS1	missense_variant		1574665905						P35568	Insulin receptor substrate 1	Homo sapiens	Encontrado	https://alphafold.ebi.ac.uk/entry/P35568
IRS1	missense_variant		1574666065						P35568	Insulin receptor substrate 1	Homo sapiens	Encontrado	https://alphafold.ebi.ac.uk/entry/P35568
IRS1	missense_variant		1574666079						P35568	Insulin receptor substrate 1	Homo sapiens	Encontrado	https://alphafold.ebi.ac.uk/entry/P35568
IRS1	missense_variant		1574666311						P35568	Insulin receptor substrate 1	Homo sapiens	Encontrado	https://alphafold.ebi.ac.uk/entry/P35568
IRS1	missense_variant		1574666321						P35568	Insulin receptor substrate 1	Homo sapiens	Encontrado	https://alphafold.ebi.ac.uk/entry/P35568
IRS1	missense_variant		1574666622						P35568	Insulin receptor substrate 1	Homo sapiens	Encontrado	https://alphafold.ebi.ac.uk/entry/P35568
IRS1	missense_variant		1574666723						P35568	Insulin receptor substrate 1	Homo sapiens	Encontrado	https://alphafold.ebi.ac.uk/entry/P35568
IRS1	missense_variant		1574666737						P35568	Insulin receptor substrate 1	Homo sapiens	Encontrado	https://alphafold.ebi.ac.uk/entry/P35568
IRS1	missense_variant		1574666988						P35568	Insulin receptor substrate 1	Homo sapiens	Encontrado	https://alphafold.ebi.ac.uk/entry/P35568
IRS1	missense_variant		1574667048						P35568	Insulin receptor substrate 1	Homo sapiens	Encontrado	https://alphafold.ebi.ac.uk/entry/P35568
IRS1	missense_variant		1574667052						P35568	Insulin receptor substrate 1	Homo sapiens	Encontrado	https://alphafold.ebi.ac.uk/entry/P35568
IRS1	missense_variant		1574667063						P35568	Insulin receptor substrate 1	Homo sapiens	Encontrado	https://alphafold.ebi.ac.uk/entry/P35568
IRS1	missense_variant		1574667777						P35568	Insulin receptor substrate 1	Homo sapiens	Encontrado	https://alphafold.ebi.ac.uk/entry/P35568
IRS1	missense_variant		1801108						P35568	Insulin receptor substrate 1	Homo sapiens	Encontrado	https://alphafold.ebi.ac.uk/entry/P35568
IRS1	missense_variant		1801118						P35568	Insulin receptor substrate 1	Homo sapiens	Encontrado	https://alphafold.ebi.ac.uk/entry/P35568
IRS1	missense_variant		1801120						P35568	Insulin receptor substrate 1	Homo sapiens	Encontrado	https://alphafold.ebi.ac.uk/entry/P35568
IRS1	missense_variant	benign	1801276						P35568	Insulin receptor substrate 1	Homo sapiens	Encontrado	https://alphafold.ebi.ac.uk/entry/P35568
IRS1	missense_variant	benign	1801277						P35568	Insulin receptor substrate 1	Homo sapiens	Encontrado	https://alphafold.ebi.ac.uk/entry/P35568
IRS1	missense_variant	benign	1801278	P35568	rs1801278	G971R	0.21		P35568	Insulin receptor substrate 1	Homo sapiens	Encontrado	https://alphafold.ebi.ac.uk/entry/P35568
IRS1	missense_variant		183414071						P35568	Insulin receptor substrate 1	Homo sapiens	Encontrado	https://alphafold.ebi.ac.uk/entry/P35568
IRS1	missense_variant		185017245						P35568	Insulin receptor substrate 1	Homo sapiens	Encontrado	https://alphafold.ebi.ac.uk/entry/P35568
IRS1	missense_variant		187791805						P35568	Insulin receptor substrate 1	Homo sapiens	Encontrado	https://alphafold.ebi.ac.uk/entry/P35568
IRS1	missense_variant		190108841						P35568	Insulin receptor substrate 1	Homo sapiens	Encontrado	https://alphafold.ebi.ac.uk/entry/P35568
IRS1	missense_variant		191333598						P35568	Insulin receptor substrate 1	Homo sapiens	Encontrado	https://alphafold.ebi.ac.uk/entry/P35568
IRS1	missense_variant		192603668						P35568	Insulin receptor substrate 1	Homo sapiens	Encontrado	https://alphafold.ebi.ac.uk/entry/P35568
IRS1	missense_variant		1939680357						P35568	Insulin receptor substrate 1	Homo sapiens	Encontrado	https://alphafold.ebi.ac.uk/entry/P35568
IRS1	missense_variant		1939682997						P35568	Insulin receptor substrate 1	Homo sapiens	Encontrado	https://alphafold.ebi.ac.uk/entry/P35568
IRS1	missense_variant		1939684383						P35568	Insulin receptor substrate 1	Homo sapiens	Encontrado	https://alphafold.ebi.ac.uk/entry/P35568
IRS1	missense_variant		1939684932						P35568	Insulin receptor substrate 1	Homo sapiens	Encontrado	https://alphafold.ebi.ac.uk/entry/P35568
IRS1	missense_variant		1939685716						P35568	Insulin receptor substrate 1	Homo sapiens	Encontrado	https://alphafold.ebi.ac.uk/entry/P35568
IRS1	missense_variant		1939685813						P35568	Insulin receptor substrate 1	Homo sapiens	Encontrado	https://alphafold.ebi.ac.uk/entry/P35568
IRS1	missense_variant		1939686130						P35568	Insulin receptor substrate 1	Homo sapiens	Encontrado	https://alphafold.ebi.ac.uk/entry/P35568
IRS1	missense_variant		1939686378						P35568	Insulin receptor substrate 1	Homo sapiens	Encontrado	https://alphafold.ebi.ac.uk/entry/P35568
IRS1	missense_variant		1939686803						P35568	Insulin receptor substrate 1	Homo sapiens	Encontrado	https://alphafold.ebi.ac.uk/entry/P35568
IRS1	missense_variant		1939687117						P35568	Insulin receptor substrate 1	Homo sapiens	Encontrado	https://alphafold.ebi.ac.uk/entry/P35568
IRS1	missense_variant		1939688735						P35568	Insulin receptor substrate 1	Homo sapiens	Encontrado	https://alphafold.ebi.ac.uk/entry/P35568
IRS1	missense_variant		1939688900						P35568	Insulin receptor substrate 1	Homo sapiens	Encontrado	https://alphafold.ebi.ac.uk/entry/P35568
IRS1	missense_variant		1939689475						P35568	Insulin receptor substrate 1	Homo sapiens	Encontrado	https://alphafold.ebi.ac.uk/entry/P35568
IRS1	missense_variant		1939692746						P35568	Insulin receptor substrate 1	Homo sapiens	Encontrado	https://alphafold.ebi.ac.uk/entry/P35568
IRS1	missense_variant		1939692839						P35568	Insulin receptor substrate 1	Homo sapiens	Encontrado	https://alphafold.ebi.ac.uk/entry/P35568
IRS1	missense_variant		1939695799						P35568	Insulin receptor substrate 1	Homo sapiens	Encontrado	https://alphafold.ebi.ac.uk/entry/P35568
IRS1	missense_variant		1939696405						P35568	Insulin receptor substrate 1	Homo sapiens	Encontrado	https://alphafold.ebi.ac.uk/entry/P35568
IRS1	missense_variant		1939698036						P35568	Insulin receptor substrate 1	Homo sapiens	Encontrado	https://alphafold.ebi.ac.uk/entry/P35568
IRS1	missense_variant		1939699152						P35568	Insulin receptor substrate 1	Homo sapiens	Encontrado	https://alphafold.ebi.ac.uk/entry/P35568
IRS1	missense_variant		1939699870						P35568	Insulin receptor substrate 1	Homo sapiens	Encontrado	https://alphafold.ebi.ac.uk/entry/P35568
IRS1	missense_variant		1939700338						P35568	Insulin receptor substrate 1	Homo sapiens	Encontrado	https://alphafold.ebi.ac.uk/entry/P35568
IRS1	missense_variant		1939701025						P35568	Insulin receptor substrate 1	Homo sapiens	Encontrado	https://alphafold.ebi.ac.uk/entry/P35568
IRS1	missense_variant		1939701106						P35568	Insulin receptor substrate 1	Homo sapiens	Encontrado	https://alphafold.ebi.ac.uk/entry/P35568
IRS1	missense_variant		1939701352						P35568	Insulin receptor substrate 1	Homo sapiens	Encontrado	https://alphafold.ebi.ac.uk/entry/P35568
IRS1	missense_variant		1939703014						P35568	Insulin receptor substrate 1	Homo sapiens	Encontrado	https://alphafold.ebi.ac.uk/entry/P35568
IRS1	missense_variant		1939703099						P35568	Insulin receptor substrate 1	Homo sapiens	Encontrado	https://alphafold.ebi.ac.uk/entry/P35568
IRS1	missense_variant		1939703323						P35568	Insulin receptor substrate 1	Homo sapiens	Encontrado	https://alphafold.ebi.ac.uk/entry/P35568
IRS1	missense_variant		1939703964						P35568	Insulin receptor substrate 1	Homo sapiens	Encontrado	https://alphafold.ebi.ac.uk/entry/P35568
IRS1	missense_variant		1939705779						P35568	Insulin receptor substrate 1	Homo sapiens	Encontrado	https://alphafold.ebi.ac.uk/entry/P35568
IRS1	missense_variant		1939706372						P35568	Insulin receptor substrate 1	Homo sapiens	Encontrado	https://alphafold.ebi.ac.uk/entry/P35568
IRS1	missense_variant		1939707063						P35568	Insulin receptor substrate 1	Homo sapiens	Encontrado	https://alphafold.ebi.ac.uk/entry/P35568
IRS1	missense_variant		1939707832						P35568	Insulin receptor substrate 1	Homo sapiens	Encontrado	https://alphafold.ebi.ac.uk/entry/P35568
IRS1	missense_variant		1939708800						P35568	Insulin receptor substrate 1	Homo sapiens	Encontrado	https://alphafold.ebi.ac.uk/entry/P35568
IRS1	missense_variant		1939709611						P35568	Insulin receptor substrate 1	Homo sapiens	Encontrado	https://alphafold.ebi.ac.uk/entry/P35568
IRS1	missense_variant	uncertain significance	1939710780	P35568	rs1939710780	G947R	0.05		P35568	Insulin receptor substrate 1	Homo sapiens	Encontrado	https://alphafold.ebi.ac.uk/entry/P35568
IRS1	missense_variant		1939710988						P35568	Insulin receptor substrate 1	Homo sapiens	Encontrado	https://alphafold.ebi.ac.uk/entry/P35568
IRS1	missense_variant		1939711091						P35568	Insulin receptor substrate 1	Homo sapiens	Encontrado	https://alphafold.ebi.ac.uk/entry/P35568
IRS1	missense_variant		1939711342						P35568	Insulin receptor substrate 1	Homo sapiens	Encontrado	https://alphafold.ebi.ac.uk/entry/P35568
IRS1	missense_variant		1939711382						P35568	Insulin receptor substrate 1	Homo sapiens	Encontrado	https://alphafold.ebi.ac.uk/entry/P35568
IRS1	missense_variant		1939711513						P35568	Insulin receptor substrate 1	Homo sapiens	Encontrado	https://alphafold.ebi.ac.uk/entry/P35568
IRS1	missense_variant		1939712613						P35568	Insulin receptor substrate 1	Homo sapiens	Encontrado	https://alphafold.ebi.ac.uk/entry/P35568
IRS1	missense_variant		1939713250						P35568	Insulin receptor substrate 1	Homo sapiens	Encontrado	https://alphafold.ebi.ac.uk/entry/P35568
IRS1	missense_variant		1939713334						P35568	Insulin receptor substrate 1	Homo sapiens	Encontrado	https://alphafold.ebi.ac.uk/entry/P35568
IRS1	missense_variant		1939714731						P35568	Insulin receptor substrate 1	Homo sapiens	Encontrado	https://alphafold.ebi.ac.uk/entry/P35568
IRS1	missense_variant		1939715385						P35568	Insulin receptor substrate 1	Homo sapiens	Encontrado	https://alphafold.ebi.ac.uk/entry/P35568
IRS1	missense_variant		1939717790						P35568	Insulin receptor substrate 1	Homo sapiens	Encontrado	https://alphafold.ebi.ac.uk/entry/P35568
IRS1	missense_variant		1939719570						P35568	Insulin receptor substrate 1	Homo sapiens	Encontrado	https://alphafold.ebi.ac.uk/entry/P35568
IRS1	missense_variant		1939719756						P35568	Insulin receptor substrate 1	Homo sapiens	Encontrado	https://alphafold.ebi.ac.uk/entry/P35568
IRS1	missense_variant		1939720747						P35568	Insulin receptor substrate 1	Homo sapiens	Encontrado	https://alphafold.ebi.ac.uk/entry/P35568
IRS1	missense_variant		1939721029						P35568	Insulin receptor substrate 1	Homo sapiens	Encontrado	https://alphafold.ebi.ac.uk/entry/P35568
IRS1	missense_variant		1939721497						P35568	Insulin receptor substrate 1	Homo sapiens	Encontrado	https://alphafold.ebi.ac.uk/entry/P35568
IRS1	missense_variant		1939721682						P35568	Insulin receptor substrate 1	Homo sapiens	Encontrado	https://alphafold.ebi.ac.uk/entry/P35568
IRS1	missense_variant		1939721737						P35568	Insulin receptor substrate 1	Homo sapiens	Encontrado	https://alphafold.ebi.ac.uk/entry/P35568
IRS1	missense_variant		1939723458						P35568	Insulin receptor substrate 1	Homo sapiens	Encontrado	https://alphafold.ebi.ac.uk/entry/P35568
IRS1	missense_variant		1939724055						P35568	Insulin receptor substrate 1	Homo sapiens	Encontrado	https://alphafold.ebi.ac.uk/entry/P35568
IRS1	missense_variant		1939726206						P35568	Insulin receptor substrate 1	Homo sapiens	Encontrado	https://alphafold.ebi.ac.uk/entry/P35568
IRS1	missense_variant		1939728011						P35568	Insulin receptor substrate 1	Homo sapiens	Encontrado	https://alphafold.ebi.ac.uk/entry/P35568
IRS1	missense_variant		1939728754						P35568	Insulin receptor substrate 1	Homo sapiens	Encontrado	https://alphafold.ebi.ac.uk/entry/P35568
IRS1	missense_variant		1939729352						P35568	Insulin receptor substrate 1	Homo sapiens	Encontrado	https://alphafold.ebi.ac.uk/entry/P35568
IRS1	missense_variant		1939729800						P35568	Insulin receptor substrate 1	Homo sapiens	Encontrado	https://alphafold.ebi.ac.uk/entry/P35568
IRS1	missense_variant		1939729882						P35568	Insulin receptor substrate 1	Homo sapiens	Encontrado	https://alphafold.ebi.ac.uk/entry/P35568
IRS1	missense_variant		1939731233						P35568	Insulin receptor substrate 1	Homo sapiens	Encontrado	https://alphafold.ebi.ac.uk/entry/P35568
IRS1	missense_variant		1939733329						P35568	Insulin receptor substrate 1	Homo sapiens	Encontrado	https://alphafold.ebi.ac.uk/entry/P35568
IRS1	missense_variant		1939733744						P35568	Insulin receptor substrate 1	Homo sapiens	Encontrado	https://alphafold.ebi.ac.uk/entry/P35568
IRS1	missense_variant		1939734246						P35568	Insulin receptor substrate 1	Homo sapiens	Encontrado	https://alphafold.ebi.ac.uk/entry/P35568
IRS1	missense_variant		1939735435						P35568	Insulin receptor substrate 1	Homo sapiens	Encontrado	https://alphafold.ebi.ac.uk/entry/P35568
IRS1	missense_variant		1939735668						P35568	Insulin receptor substrate 1	Homo sapiens	Encontrado	https://alphafold.ebi.ac.uk/entry/P35568
IRS1	missense_variant		1939736225						P35568	Insulin receptor substrate 1	Homo sapiens	Encontrado	https://alphafold.ebi.ac.uk/entry/P35568
IRS1	missense_variant		1939736292						P35568	Insulin receptor substrate 1	Homo sapiens	Encontrado	https://alphafold.ebi.ac.uk/entry/P35568
IRS1	missense_variant		1939736439						P35568	Insulin receptor substrate 1	Homo sapiens	Encontrado	https://alphafold.ebi.ac.uk/entry/P35568
IRS1	missense_variant		1939736877						P35568	Insulin receptor substrate 1	Homo sapiens	Encontrado	https://alphafold.ebi.ac.uk/entry/P35568
IRS1	missense_variant		1939737021						P35568	Insulin receptor substrate 1	Homo sapiens	Encontrado	https://alphafold.ebi.ac.uk/entry/P35568
IRS1	missense_variant		1939737159						P35568	Insulin receptor substrate 1	Homo sapiens	Encontrado	https://alphafold.ebi.ac.uk/entry/P35568
IRS1	missense_variant		1939737204						P35568	Insulin receptor substrate 1	Homo sapiens	Encontrado	https://alphafold.ebi.ac.uk/entry/P35568
IRS1	missense_variant		1939737579						P35568	Insulin receptor substrate 1	Homo sapiens	Encontrado	https://alphafold.ebi.ac.uk/entry/P35568
IRS1	missense_variant		1939737772						P35568	Insulin receptor substrate 1	Homo sapiens	Encontrado	https://alphafold.ebi.ac.uk/entry/P35568
IRS1	missense_variant	uncertain significance	1939738904						P35568	Insulin receptor substrate 1	Homo sapiens	Encontrado	https://alphafold.ebi.ac.uk/entry/P35568
IRS1	missense_variant		1939739170						P35568	Insulin receptor substrate 1	Homo sapiens	Encontrado	https://alphafold.ebi.ac.uk/entry/P35568
IRS1	missense_variant		1939739274						P35568	Insulin receptor substrate 1	Homo sapiens	Encontrado	https://alphafold.ebi.ac.uk/entry/P35568
IRS1	missense_variant		1939739827						P35568	Insulin receptor substrate 1	Homo sapiens	Encontrado	https://alphafold.ebi.ac.uk/entry/P35568
IRS1	missense_variant		1939740623						P35568	Insulin receptor substrate 1	Homo sapiens	Encontrado	https://alphafold.ebi.ac.uk/entry/P35568
IRS1	missense_variant		1939742742						P35568	Insulin receptor substrate 1	Homo sapiens	Encontrado	https://alphafold.ebi.ac.uk/entry/P35568
IRS1	missense_variant		1939742784						P35568	Insulin receptor substrate 1	Homo sapiens	Encontrado	https://alphafold.ebi.ac.uk/entry/P35568
IRS1	missense_variant		1939744530						P35568	Insulin receptor substrate 1	Homo sapiens	Encontrado	https://alphafold.ebi.ac.uk/entry/P35568
IRS1	missense_variant		1939744606						P35568	Insulin receptor substrate 1	Homo sapiens	Encontrado	https://alphafold.ebi.ac.uk/entry/P35568
IRS1	missense_variant		1939745191						P35568	Insulin receptor substrate 1	Homo sapiens	Encontrado	https://alphafold.ebi.ac.uk/entry/P35568
IRS1	missense_variant		1939745516						P35568	Insulin receptor substrate 1	Homo sapiens	Encontrado	https://alphafold.ebi.ac.uk/entry/P35568
IRS1	missense_variant		1939745947						P35568	Insulin receptor substrate 1	Homo sapiens	Encontrado	https://alphafold.ebi.ac.uk/entry/P35568
IRS1	missense_variant		1939746422						P35568	Insulin receptor substrate 1	Homo sapiens	Encontrado	https://alphafold.ebi.ac.uk/entry/P35568
IRS1	missense_variant		1939746469						P35568	Insulin receptor substrate 1	Homo sapiens	Encontrado	https://alphafold.ebi.ac.uk/entry/P35568
IRS1	missense_variant		1939751701						P35568	Insulin receptor substrate 1	Homo sapiens	Encontrado	https://alphafold.ebi.ac.uk/entry/P35568
IRS1	missense_variant		1939751899						P35568	Insulin receptor substrate 1	Homo sapiens	Encontrado	https://alphafold.ebi.ac.uk/entry/P35568
IRS1	missense_variant		1939752072						P35568	Insulin receptor substrate 1	Homo sapiens	Encontrado	https://alphafold.ebi.ac.uk/entry/P35568
IRS1	missense_variant		1939753838						P35568	Insulin receptor substrate 1	Homo sapiens	Encontrado	https://alphafold.ebi.ac.uk/entry/P35568
IRS1	missense_variant		1939754413						P35568	Insulin receptor substrate 1	Homo sapiens	Encontrado	https://alphafold.ebi.ac.uk/entry/P35568
IRS1	missense_variant		1939754555						P35568	Insulin receptor substrate 1	Homo sapiens	Encontrado	https://alphafold.ebi.ac.uk/entry/P35568
IRS1	missense_variant		1939756549						P35568	Insulin receptor substrate 1	Homo sapiens	Encontrado	https://alphafold.ebi.ac.uk/entry/P35568
IRS1	missense_variant		1939760769						P35568	Insulin receptor substrate 1	Homo sapiens	Encontrado	https://alphafold.ebi.ac.uk/entry/P35568
IRS1	missense_variant		1939760849						P35568	Insulin receptor substrate 1	Homo sapiens	Encontrado	https://alphafold.ebi.ac.uk/entry/P35568
IRS1	missense_variant		1939761839						P35568	Insulin receptor substrate 1	Homo sapiens	Encontrado	https://alphafold.ebi.ac.uk/entry/P35568
IRS1	missense_variant		1939762471						P35568	Insulin receptor substrate 1	Homo sapiens	Encontrado	https://alphafold.ebi.ac.uk/entry/P35568
IRS1	missense_variant		1939762830						P35568	Insulin receptor substrate 1	Homo sapiens	Encontrado	https://alphafold.ebi.ac.uk/entry/P35568
IRS1	missense_variant		1939764684						P35568	Insulin receptor substrate 1	Homo sapiens	Encontrado	https://alphafold.ebi.ac.uk/entry/P35568
IRS1	missense_variant		1939766338						P35568	Insulin receptor substrate 1	Homo sapiens	Encontrado	https://alphafold.ebi.ac.uk/entry/P35568
IRS1	missense_variant		1939766536						P35568	Insulin receptor substrate 1	Homo sapiens	Encontrado	https://alphafold.ebi.ac.uk/entry/P35568
IRS1	missense_variant		1939766858						P35568	Insulin receptor substrate 1	Homo sapiens	Encontrado	https://alphafold.ebi.ac.uk/entry/P35568
IRS1	missense_variant		1939767175						P35568	Insulin receptor substrate 1	Homo sapiens	Encontrado	https://alphafold.ebi.ac.uk/entry/P35568
IRS1	missense_variant		1939767533						P35568	Insulin receptor substrate 1	Homo sapiens	Encontrado	https://alphafold.ebi.ac.uk/entry/P35568
IRS1	missense_variant		1939768965						P35568	Insulin receptor substrate 1	Homo sapiens	Encontrado	https://alphafold.ebi.ac.uk/entry/P35568
IRS1	missense_variant		1939769026						P35568	Insulin receptor substrate 1	Homo sapiens	Encontrado	https://alphafold.ebi.ac.uk/entry/P35568
IRS1	missense_variant		1939769662						P35568	Insulin receptor substrate 1	Homo sapiens	Encontrado	https://alphafold.ebi.ac.uk/entry/P35568
IRS1	missense_variant		1939769760						P35568	Insulin receptor substrate 1	Homo sapiens	Encontrado	https://alphafold.ebi.ac.uk/entry/P35568
IRS1	missense_variant		1939770961						P35568	Insulin receptor substrate 1	Homo sapiens	Encontrado	https://alphafold.ebi.ac.uk/entry/P35568
IRS1	missense_variant		1939773388						P35568	Insulin receptor substrate 1	Homo sapiens	Encontrado	https://alphafold.ebi.ac.uk/entry/P35568
IRS1	missense_variant		1939774525						P35568	Insulin receptor substrate 1	Homo sapiens	Encontrado	https://alphafold.ebi.ac.uk/entry/P35568
IRS1	missense_variant		1939774641						P35568	Insulin receptor substrate 1	Homo sapiens	Encontrado	https://alphafold.ebi.ac.uk/entry/P35568
IRS1	missense_variant		1939774814						P35568	Insulin receptor substrate 1	Homo sapiens	Encontrado	https://alphafold.ebi.ac.uk/entry/P35568
IRS1	missense_variant		1939775227						P35568	Insulin receptor substrate 1	Homo sapiens	Encontrado	https://alphafold.ebi.ac.uk/entry/P35568
IRS1	missense_variant		1939775539						P35568	Insulin receptor substrate 1	Homo sapiens	Encontrado	https://alphafold.ebi.ac.uk/entry/P35568
IRS1	missense_variant		1939780492						P35568	Insulin receptor substrate 1	Homo sapiens	Encontrado	https://alphafold.ebi.ac.uk/entry/P35568
IRS1	missense_variant		1939780556						P35568	Insulin receptor substrate 1	Homo sapiens	Encontrado	https://alphafold.ebi.ac.uk/entry/P35568
IRS1	missense_variant		1939780629						P35568	Insulin receptor substrate 1	Homo sapiens	Encontrado	https://alphafold.ebi.ac.uk/entry/P35568
IRS1	missense_variant		1939781362						P35568	Insulin receptor substrate 1	Homo sapiens	Encontrado	https://alphafold.ebi.ac.uk/entry/P35568
IRS1	missense_variant		1939781788						P35568	Insulin receptor substrate 1	Homo sapiens	Encontrado	https://alphafold.ebi.ac.uk/entry/P35568
IRS1	missense_variant		1939783095						P35568	Insulin receptor substrate 1	Homo sapiens	Encontrado	https://alphafold.ebi.ac.uk/entry/P35568
IRS1	missense_variant		1939783171						P35568	Insulin receptor substrate 1	Homo sapiens	Encontrado	https://alphafold.ebi.ac.uk/entry/P35568
IRS1	missense_variant		1939783670						P35568	Insulin receptor substrate 1	Homo sapiens	Encontrado	https://alphafold.ebi.ac.uk/entry/P35568
IRS1	missense_variant		1939784459						P35568	Insulin receptor substrate 1	Homo sapiens	Encontrado	https://alphafold.ebi.ac.uk/entry/P35568
IRS1	missense_variant		1939785175						P35568	Insulin receptor substrate 1	Homo sapiens	Encontrado	https://alphafold.ebi.ac.uk/entry/P35568
IRS1	missense_variant		1939785982						P35568	Insulin receptor substrate 1	Homo sapiens	Encontrado	https://alphafold.ebi.ac.uk/entry/P35568
IRS1	missense_variant		1939786292						P35568	Insulin receptor substrate 1	Homo sapiens	Encontrado	https://alphafold.ebi.ac.uk/entry/P35568
IRS1	missense_variant		1939788169						P35568	Insulin receptor substrate 1	Homo sapiens	Encontrado	https://alphafold.ebi.ac.uk/entry/P35568
IRS1	missense_variant		1939788244						P35568	Insulin receptor substrate 1	Homo sapiens	Encontrado	https://alphafold.ebi.ac.uk/entry/P35568
IRS1	missense_variant		1939788605						P35568	Insulin receptor substrate 1	Homo sapiens	Encontrado	https://alphafold.ebi.ac.uk/entry/P35568
IRS1	missense_variant		1939789694						P35568	Insulin receptor substrate 1	Homo sapiens	Encontrado	https://alphafold.ebi.ac.uk/entry/P35568
IRS1	missense_variant		1939791050						P35568	Insulin receptor substrate 1	Homo sapiens	Encontrado	https://alphafold.ebi.ac.uk/entry/P35568
IRS1	missense_variant		1939791753						P35568	Insulin receptor substrate 1	Homo sapiens	Encontrado	https://alphafold.ebi.ac.uk/entry/P35568
IRS1	missense_variant		1939792521						P35568	Insulin receptor substrate 1	Homo sapiens	Encontrado	https://alphafold.ebi.ac.uk/entry/P35568
IRS1	missense_variant		1939793113						P35568	Insulin receptor substrate 1	Homo sapiens	Encontrado	https://alphafold.ebi.ac.uk/entry/P35568
IRS1	missense_variant		1939795710						P35568	Insulin receptor substrate 1	Homo sapiens	Encontrado	https://alphafold.ebi.ac.uk/entry/P35568
IRS1	missense_variant	uncertain significance	1939795940						P35568	Insulin receptor substrate 1	Homo sapiens	Encontrado	https://alphafold.ebi.ac.uk/entry/P35568
IRS1	missense_variant		1939797834						P35568	Insulin receptor substrate 1	Homo sapiens	Encontrado	https://alphafold.ebi.ac.uk/entry/P35568
IRS1	missense_variant		1939798013						P35568	Insulin receptor substrate 1	Homo sapiens	Encontrado	https://alphafold.ebi.ac.uk/entry/P35568
IRS1	missense_variant		1939798638						P35568	Insulin receptor substrate 1	Homo sapiens	Encontrado	https://alphafold.ebi.ac.uk/entry/P35568
IRS1	missense_variant		1939799305						P35568	Insulin receptor substrate 1	Homo sapiens	Encontrado	https://alphafold.ebi.ac.uk/entry/P35568
IRS1	missense_variant		1939803326						P35568	Insulin receptor substrate 1	Homo sapiens	Encontrado	https://alphafold.ebi.ac.uk/entry/P35568
IRS1	missense_variant		1939805202						P35568	Insulin receptor substrate 1	Homo sapiens	Encontrado	https://alphafold.ebi.ac.uk/entry/P35568
IRS1	missense_variant		1939805502						P35568	Insulin receptor substrate 1	Homo sapiens	Encontrado	https://alphafold.ebi.ac.uk/entry/P35568
IRS1	missense_variant		1939807150						P35568	Insulin receptor substrate 1	Homo sapiens	Encontrado	https://alphafold.ebi.ac.uk/entry/P35568
IRS1	missense_variant	uncertain significance	1939807252	P35568	rs1939807252	A59S	0.995		P35568	Insulin receptor substrate 1	Homo sapiens	Encontrado	https://alphafold.ebi.ac.uk/entry/P35568
IRS1	missense_variant	uncertain significance	1939807252	P35568	rs1939807252	A59S	0.0		P35568	Insulin receptor substrate 1	Homo sapiens	Encontrado	https://alphafold.ebi.ac.uk/entry/P35568
IRS1	missense_variant		1939808529						P35568	Insulin receptor substrate 1	Homo sapiens	Encontrado	https://alphafold.ebi.ac.uk/entry/P35568
IRS1	missense_variant		1939809926						P35568	Insulin receptor substrate 1	Homo sapiens	Encontrado	https://alphafold.ebi.ac.uk/entry/P35568
IRS1	missense_variant	uncertain significance	1939811520	P35568	rs1939811520	E37D	0.989		P35568	Insulin receptor substrate 1	Homo sapiens	Encontrado	https://alphafold.ebi.ac.uk/entry/P35568
IRS1	missense_variant	uncertain significance	1939811520	P35568	rs1939811520	E37D	0.13		P35568	Insulin receptor substrate 1	Homo sapiens	Encontrado	https://alphafold.ebi.ac.uk/entry/P35568
IRS1	missense_variant		1939812834						P35568	Insulin receptor substrate 1	Homo sapiens	Encontrado	https://alphafold.ebi.ac.uk/entry/P35568
IRS1	missense_variant		1939814464						P35568	Insulin receptor substrate 1	Homo sapiens	Encontrado	https://alphafold.ebi.ac.uk/entry/P35568
IRS1	missense_variant		1939816815						P35568	Insulin receptor substrate 1	Homo sapiens	Encontrado	https://alphafold.ebi.ac.uk/entry/P35568
IRS1	missense_variant		1939817418						P35568	Insulin receptor substrate 1	Homo sapiens	Encontrado	https://alphafold.ebi.ac.uk/entry/P35568
IRS1	missense_variant	uncertain significance	199554914	P35568	rs199554914	R1096G	0.0		P35568	Insulin receptor substrate 1	Homo sapiens	Encontrado	https://alphafold.ebi.ac.uk/entry/P35568
IRS1	missense_variant		199746787						P35568	Insulin receptor substrate 1	Homo sapiens	Encontrado	https://alphafold.ebi.ac.uk/entry/P35568
IRS1	missense_variant	uncertain significance	199755602						P35568	Insulin receptor substrate 1	Homo sapiens	Encontrado	https://alphafold.ebi.ac.uk/entry/P35568
IRS1	missense_variant		199818392						P35568	Insulin receptor substrate 1	Homo sapiens	Encontrado	https://alphafold.ebi.ac.uk/entry/P35568
IRS1	missense_variant		199855211						P35568	Insulin receptor substrate 1	Homo sapiens	Encontrado	https://alphafold.ebi.ac.uk/entry/P35568
IRS1	missense_variant		200009513						P35568	Insulin receptor substrate 1	Homo sapiens	Encontrado	https://alphafold.ebi.ac.uk/entry/P35568
IRS1	missense_variant		200063087						P35568	Insulin receptor substrate 1	Homo sapiens	Encontrado	https://alphafold.ebi.ac.uk/entry/P35568
IRS1	missense_variant		200073898						P35568	Insulin receptor substrate 1	Homo sapiens	Encontrado	https://alphafold.ebi.ac.uk/entry/P35568
IRS1	missense_variant		200141729						P35568	Insulin receptor substrate 1	Homo sapiens	Encontrado	https://alphafold.ebi.ac.uk/entry/P35568
IRS1	missense_variant	uncertain significance, likely benign	200142054	P35568	rs200142054	E1136K	0.02		P35568	Insulin receptor substrate 1	Homo sapiens	Encontrado	https://alphafold.ebi.ac.uk/entry/P35568
IRS1	missense_variant		200297617						P35568	Insulin receptor substrate 1	Homo sapiens	Encontrado	https://alphafold.ebi.ac.uk/entry/P35568
IRS1	missense_variant		200306802						P35568	Insulin receptor substrate 1	Homo sapiens	Encontrado	https://alphafold.ebi.ac.uk/entry/P35568
IRS1	missense_variant		200422050						P35568	Insulin receptor substrate 1	Homo sapiens	Encontrado	https://alphafold.ebi.ac.uk/entry/P35568
IRS1	missense_variant		200439296						P35568	Insulin receptor substrate 1	Homo sapiens	Encontrado	https://alphafold.ebi.ac.uk/entry/P35568
IRS1	missense_variant	uncertain significance	200670773	P35568	rs200670773	R1081C	0.01		P35568	Insulin receptor substrate 1	Homo sapiens	Encontrado	https://alphafold.ebi.ac.uk/entry/P35568
IRS1	missense_variant		200821911						P35568	Insulin receptor substrate 1	Homo sapiens	Encontrado	https://alphafold.ebi.ac.uk/entry/P35568
IRS1	missense_variant		200949038						P35568	Insulin receptor substrate 1	Homo sapiens	Encontrado	https://alphafold.ebi.ac.uk/entry/P35568
IRS1	missense_variant		201042474						P35568	Insulin receptor substrate 1	Homo sapiens	Encontrado	https://alphafold.ebi.ac.uk/entry/P35568
IRS1	missense_variant		201101010						P35568	Insulin receptor substrate 1	Homo sapiens	Encontrado	https://alphafold.ebi.ac.uk/entry/P35568
IRS1	missense_variant	uncertain significance	201110062	P35568	rs201110062	N275S	0.007		P35568	Insulin receptor substrate 1	Homo sapiens	Encontrado	https://alphafold.ebi.ac.uk/entry/P35568
IRS1	missense_variant	uncertain significance	201110062	P35568	rs201110062	N275S	0.56		P35568	Insulin receptor substrate 1	Homo sapiens	Encontrado	https://alphafold.ebi.ac.uk/entry/P35568
IRS1	missense_variant	uncertain significance	201110062	P35568	rs201110062	N275S	0.12		P35568	Insulin receptor substrate 1	Homo sapiens	Encontrado	https://alphafold.ebi.ac.uk/entry/P35568
IRS1	missense_variant	uncertain significance	201110062	P35568	rs201110062	N275T	0.0		P35568	Insulin receptor substrate 1	Homo sapiens	Encontrado	https://alphafold.ebi.ac.uk/entry/P35568
IRS1	missense_variant		201133410						P35568	Insulin receptor substrate 1	Homo sapiens	Encontrado	https://alphafold.ebi.ac.uk/entry/P35568
IRS1	missense_variant		201158268						P35568	Insulin receptor substrate 1	Homo sapiens	Encontrado	https://alphafold.ebi.ac.uk/entry/P35568
IRS1	missense_variant		201358267						P35568	Insulin receptor substrate 1	Homo sapiens	Encontrado	https://alphafold.ebi.ac.uk/entry/P35568
IRS1	missense_variant		201428023						P35568	Insulin receptor substrate 1	Homo sapiens	Encontrado	https://alphafold.ebi.ac.uk/entry/P35568
IRS1	missense_variant	uncertain significance	201429535						P35568	Insulin receptor substrate 1	Homo sapiens	Encontrado	https://alphafold.ebi.ac.uk/entry/P35568
IRS1	missense_variant		201498527						P35568	Insulin receptor substrate 1	Homo sapiens	Encontrado	https://alphafold.ebi.ac.uk/entry/P35568
IRS1	missense_variant		201525785						P35568	Insulin receptor substrate 1	Homo sapiens	Encontrado	https://alphafold.ebi.ac.uk/entry/P35568
IRS1	missense_variant	uncertain significance	201638994	P35568	rs201638994	R854C	0.0		P35568	Insulin receptor substrate 1	Homo sapiens	Encontrado	https://alphafold.ebi.ac.uk/entry/P35568
IRS1	missense_variant		201647416						P35568	Insulin receptor substrate 1	Homo sapiens	Encontrado	https://alphafold.ebi.ac.uk/entry/P35568
IRS1	missense_variant		201918946						P35568	Insulin receptor substrate 1	Homo sapiens	Encontrado	https://alphafold.ebi.ac.uk/entry/P35568
IRS1	missense_variant	uncertain significance	201965582	P35568	rs201965582	T502M	0.001		P35568	Insulin receptor substrate 1	Homo sapiens	Encontrado	https://alphafold.ebi.ac.uk/entry/P35568
IRS1	missense_variant	uncertain significance	201965582	P35568	rs201965582	T502M	0.12		P35568	Insulin receptor substrate 1	Homo sapiens	Encontrado	https://alphafold.ebi.ac.uk/entry/P35568
IRS1	missense_variant	uncertain significance	201965582	P35568	rs201965582	T502M	0.05		P35568	Insulin receptor substrate 1	Homo sapiens	Encontrado	https://alphafold.ebi.ac.uk/entry/P35568
IRS1	missense_variant		202089976						P35568	Insulin receptor substrate 1	Homo sapiens	Encontrado	https://alphafold.ebi.ac.uk/entry/P35568
IRS1	missense_variant		202208462						P35568	Insulin receptor substrate 1	Homo sapiens	Encontrado	https://alphafold.ebi.ac.uk/entry/P35568
IRS1	missense_variant		2106184224						P35568	Insulin receptor substrate 1	Homo sapiens	Encontrado	https://alphafold.ebi.ac.uk/entry/P35568
IRS1	missense_variant		2106184229						P35568	Insulin receptor substrate 1	Homo sapiens	Encontrado	https://alphafold.ebi.ac.uk/entry/P35568
IRS1	missense_variant		2106184240						P35568	Insulin receptor substrate 1	Homo sapiens	Encontrado	https://alphafold.ebi.ac.uk/entry/P35568
IRS1	missense_variant		2106184261						P35568	Insulin receptor substrate 1	Homo sapiens	Encontrado	https://alphafold.ebi.ac.uk/entry/P35568
IRS1	missense_variant		2106184347						P35568	Insulin receptor substrate 1	Homo sapiens	Encontrado	https://alphafold.ebi.ac.uk/entry/P35568
IRS1	missense_variant		2106184355						P35568	Insulin receptor substrate 1	Homo sapiens	Encontrado	https://alphafold.ebi.ac.uk/entry/P35568
IRS1	missense_variant		2106184381						P35568	Insulin receptor substrate 1	Homo sapiens	Encontrado	https://alphafold.ebi.ac.uk/entry/P35568
IRS1	missense_variant		2106184391						P35568	Insulin receptor substrate 1	Homo sapiens	Encontrado	https://alphafold.ebi.ac.uk/entry/P35568
IRS1	missense_variant		2106184405						P35568	Insulin receptor substrate 1	Homo sapiens	Encontrado	https://alphafold.ebi.ac.uk/entry/P35568
IRS1	missense_variant		2106184429						P35568	Insulin receptor substrate 1	Homo sapiens	Encontrado	https://alphafold.ebi.ac.uk/entry/P35568
IRS1	missense_variant		2106184490						P35568	Insulin receptor substrate 1	Homo sapiens	Encontrado	https://alphafold.ebi.ac.uk/entry/P35568
IRS1	missense_variant		2106184501						P35568	Insulin receptor substrate 1	Homo sapiens	Encontrado	https://alphafold.ebi.ac.uk/entry/P35568
IRS1	missense_variant		2106184526						P35568	Insulin receptor substrate 1	Homo sapiens	Encontrado	https://alphafold.ebi.ac.uk/entry/P35568
IRS1	missense_variant		2106184548						P35568	Insulin receptor substrate 1	Homo sapiens	Encontrado	https://alphafold.ebi.ac.uk/entry/P35568
IRS1	missense_variant		2106184551						P35568	Insulin receptor substrate 1	Homo sapiens	Encontrado	https://alphafold.ebi.ac.uk/entry/P35568
IRS1	missense_variant		2106184883						P35568	Insulin receptor substrate 1	Homo sapiens	Encontrado	https://alphafold.ebi.ac.uk/entry/P35568
IRS1	missense_variant		2106184999						P35568	Insulin receptor substrate 1	Homo sapiens	Encontrado	https://alphafold.ebi.ac.uk/entry/P35568
IRS1	missense_variant		2106185068						P35568	Insulin receptor substrate 1	Homo sapiens	Encontrado	https://alphafold.ebi.ac.uk/entry/P35568
IRS1	missense_variant		2106185203						P35568	Insulin receptor substrate 1	Homo sapiens	Encontrado	https://alphafold.ebi.ac.uk/entry/P35568
IRS1	missense_variant		2106185248						P35568	Insulin receptor substrate 1	Homo sapiens	Encontrado	https://alphafold.ebi.ac.uk/entry/P35568
IRS1	missense_variant		2106185251						P35568	Insulin receptor substrate 1	Homo sapiens	Encontrado	https://alphafold.ebi.ac.uk/entry/P35568
IRS1	missense_variant		2106185376						P35568	Insulin receptor substrate 1	Homo sapiens	Encontrado	https://alphafold.ebi.ac.uk/entry/P35568
IRS1	missense_variant		2106185388						P35568	Insulin receptor substrate 1	Homo sapiens	Encontrado	https://alphafold.ebi.ac.uk/entry/P35568
IRS1	missense_variant		2106185404						P35568	Insulin receptor substrate 1	Homo sapiens	Encontrado	https://alphafold.ebi.ac.uk/entry/P35568
IRS1	missense_variant		2106185414						P35568	Insulin receptor substrate 1	Homo sapiens	Encontrado	https://alphafold.ebi.ac.uk/entry/P35568
IRS1	missense_variant		2106185481						P35568	Insulin receptor substrate 1	Homo sapiens	Encontrado	https://alphafold.ebi.ac.uk/entry/P35568
IRS1	missense_variant		2106186002						P35568	Insulin receptor substrate 1	Homo sapiens	Encontrado	https://alphafold.ebi.ac.uk/entry/P35568
IRS1	missense_variant		2106186047						P35568	Insulin receptor substrate 1	Homo sapiens	Encontrado	https://alphafold.ebi.ac.uk/entry/P35568
IRS1	missense_variant		2106186191						P35568	Insulin receptor substrate 1	Homo sapiens	Encontrado	https://alphafold.ebi.ac.uk/entry/P35568
IRS1	missense_variant		2106186265						P35568	Insulin receptor substrate 1	Homo sapiens	Encontrado	https://alphafold.ebi.ac.uk/entry/P35568
IRS1	missense_variant		2106186420						P35568	Insulin receptor substrate 1	Homo sapiens	Encontrado	https://alphafold.ebi.ac.uk/entry/P35568
IRS1	missense_variant		2106186754						P35568	Insulin receptor substrate 1	Homo sapiens	Encontrado	https://alphafold.ebi.ac.uk/entry/P35568
IRS1	missense_variant		2106187056						P35568	Insulin receptor substrate 1	Homo sapiens	Encontrado	https://alphafold.ebi.ac.uk/entry/P35568
IRS1	missense_variant		2106187072						P35568	Insulin receptor substrate 1	Homo sapiens	Encontrado	https://alphafold.ebi.ac.uk/entry/P35568
IRS1	missense_variant		2106187153						P35568	Insulin receptor substrate 1	Homo sapiens	Encontrado	https://alphafold.ebi.ac.uk/entry/P35568
IRS1	missense_variant		2106187533						P35568	Insulin receptor substrate 1	Homo sapiens	Encontrado	https://alphafold.ebi.ac.uk/entry/P35568
IRS1	missense_variant		2106187548						P35568	Insulin receptor substrate 1	Homo sapiens	Encontrado	https://alphafold.ebi.ac.uk/entry/P35568
IRS1	missense_variant		2106187930						P35568	Insulin receptor substrate 1	Homo sapiens	Encontrado	https://alphafold.ebi.ac.uk/entry/P35568
IRS1	missense_variant		2106188028						P35568	Insulin receptor substrate 1	Homo sapiens	Encontrado	https://alphafold.ebi.ac.uk/entry/P35568
IRS1	missense_variant	uncertain significance	2469361343						P35568	Insulin receptor substrate 1	Homo sapiens	Encontrado	https://alphafold.ebi.ac.uk/entry/P35568
IRS1	missense_variant	uncertain significance	2469363120						P35568	Insulin receptor substrate 1	Homo sapiens	Encontrado	https://alphafold.ebi.ac.uk/entry/P35568
IRS1	missense_variant	uncertain significance	2469365706						P35568	Insulin receptor substrate 1	Homo sapiens	Encontrado	https://alphafold.ebi.ac.uk/entry/P35568
IRS1	missense_variant	uncertain significance	2469366767						P35568	Insulin receptor substrate 1	Homo sapiens	Encontrado	https://alphafold.ebi.ac.uk/entry/P35568
IRS1	missense_variant	uncertain significance	2469367145						P35568	Insulin receptor substrate 1	Homo sapiens	Encontrado	https://alphafold.ebi.ac.uk/entry/P35568
IRS1	missense_variant	uncertain significance	2469367908						P35568	Insulin receptor substrate 1	Homo sapiens	Encontrado	https://alphafold.ebi.ac.uk/entry/P35568
IRS1	missense_variant	uncertain significance	2469368139						P35568	Insulin receptor substrate 1	Homo sapiens	Encontrado	https://alphafold.ebi.ac.uk/entry/P35568
IRS1	missense_variant	uncertain significance	2469368148	P35568	rs2469368148	A259T	0.997		P35568	Insulin receptor substrate 1	Homo sapiens	Encontrado	https://alphafold.ebi.ac.uk/entry/P35568
IRS1	missense_variant	uncertain significance	2469368148	P35568	rs2469368148	A259T	0.0		P35568	Insulin receptor substrate 1	Homo sapiens	Encontrado	https://alphafold.ebi.ac.uk/entry/P35568
IRS1	missense_variant	uncertain significance	2469369590						P35568	Insulin receptor substrate 1	Homo sapiens	Encontrado	https://alphafold.ebi.ac.uk/entry/P35568
IRS1	missense_variant	benign	34909077						P35568	Insulin receptor substrate 1	Homo sapiens	Encontrado	https://alphafold.ebi.ac.uk/entry/P35568
IRS1	missense_variant		367626263						P35568	Insulin receptor substrate 1	Homo sapiens	Encontrado	https://alphafold.ebi.ac.uk/entry/P35568
IRS1	missense_variant		367762669						P35568	Insulin receptor substrate 1	Homo sapiens	Encontrado	https://alphafold.ebi.ac.uk/entry/P35568
IRS1	missense_variant		367797493						P35568	Insulin receptor substrate 1	Homo sapiens	Encontrado	https://alphafold.ebi.ac.uk/entry/P35568
IRS1	missense_variant		367981422						P35568	Insulin receptor substrate 1	Homo sapiens	Encontrado	https://alphafold.ebi.ac.uk/entry/P35568
IRS1	missense_variant		368161112						P35568	Insulin receptor substrate 1	Homo sapiens	Encontrado	https://alphafold.ebi.ac.uk/entry/P35568
IRS1	missense_variant		368759148						P35568	Insulin receptor substrate 1	Homo sapiens	Encontrado	https://alphafold.ebi.ac.uk/entry/P35568
IRS1	missense_variant		368961254						P35568	Insulin receptor substrate 1	Homo sapiens	Encontrado	https://alphafold.ebi.ac.uk/entry/P35568
IRS1	missense_variant		369611716						P35568	Insulin receptor substrate 1	Homo sapiens	Encontrado	https://alphafold.ebi.ac.uk/entry/P35568
IRS1	missense_variant		369672495						P35568	Insulin receptor substrate 1	Homo sapiens	Encontrado	https://alphafold.ebi.ac.uk/entry/P35568
IRS1	missense_variant		370373307						P35568	Insulin receptor substrate 1	Homo sapiens	Encontrado	https://alphafold.ebi.ac.uk/entry/P35568
IRS1	missense_variant		370615927						P35568	Insulin receptor substrate 1	Homo sapiens	Encontrado	https://alphafold.ebi.ac.uk/entry/P35568
IRS1	missense_variant		371239608						P35568	Insulin receptor substrate 1	Homo sapiens	Encontrado	https://alphafold.ebi.ac.uk/entry/P35568
IRS1	missense_variant		371306259						P35568	Insulin receptor substrate 1	Homo sapiens	Encontrado	https://alphafold.ebi.ac.uk/entry/P35568
IRS1	missense_variant		372034600						P35568	Insulin receptor substrate 1	Homo sapiens	Encontrado	https://alphafold.ebi.ac.uk/entry/P35568
IRS1	missense_variant		372040825						P35568	Insulin receptor substrate 1	Homo sapiens	Encontrado	https://alphafold.ebi.ac.uk/entry/P35568
IRS1	missense_variant		372100778	P35568	rs372100778	P569L	0.062		P35568	Insulin receptor substrate 1	Homo sapiens	Encontrado	https://alphafold.ebi.ac.uk/entry/P35568
IRS1	missense_variant		372100778	P35568	rs372100778	P569L	0.07		P35568	Insulin receptor substrate 1	Homo sapiens	Encontrado	https://alphafold.ebi.ac.uk/entry/P35568
IRS1	missense_variant		372100778	P35568	rs372100778	P569L	0.03		P35568	Insulin receptor substrate 1	Homo sapiens	Encontrado	https://alphafold.ebi.ac.uk/entry/P35568
IRS1	missense_variant		372506005						P35568	Insulin receptor substrate 1	Homo sapiens	Encontrado	https://alphafold.ebi.ac.uk/entry/P35568
IRS1	missense_variant	uncertain significance	372681714	P35568	rs372681714	R1081H	0.0		P35568	Insulin receptor substrate 1	Homo sapiens	Encontrado	https://alphafold.ebi.ac.uk/entry/P35568
IRS1	missense_variant	uncertain significance	372681714	P35568	rs372681714	R1081H	0.15		P35568	Insulin receptor substrate 1	Homo sapiens	Encontrado	https://alphafold.ebi.ac.uk/entry/P35568
IRS1	missense_variant	uncertain significance	372681714	P35568	rs372681714	R1081H	0.11		P35568	Insulin receptor substrate 1	Homo sapiens	Encontrado	https://alphafold.ebi.ac.uk/entry/P35568
IRS1	missense_variant		372697297						P35568	Insulin receptor substrate 1	Homo sapiens	Encontrado	https://alphafold.ebi.ac.uk/entry/P35568
IRS1	missense_variant	likely benign	372944422						P35568	Insulin receptor substrate 1	Homo sapiens	Encontrado	https://alphafold.ebi.ac.uk/entry/P35568
IRS1	missense_variant	uncertain significance	373040435						P35568	Insulin receptor substrate 1	Homo sapiens	Encontrado	https://alphafold.ebi.ac.uk/entry/P35568
IRS1	missense_variant	benign	3731594						P35568	Insulin receptor substrate 1	Homo sapiens	Encontrado	https://alphafold.ebi.ac.uk/entry/P35568
IRS1	missense_variant		373195857						P35568	Insulin receptor substrate 1	Homo sapiens	Encontrado	https://alphafold.ebi.ac.uk/entry/P35568
IRS1	missense_variant	uncertain significance	373248004	P35568	rs373248004	S1005L	0.1		P35568	Insulin receptor substrate 1	Homo sapiens	Encontrado	https://alphafold.ebi.ac.uk/entry/P35568
IRS1	missense_variant		373368677	P35568	rs373368677	R522Q	0.018		P35568	Insulin receptor substrate 1	Homo sapiens	Encontrado	https://alphafold.ebi.ac.uk/entry/P35568
IRS1	missense_variant		373368677	P35568	rs373368677	R522Q	0.0		P35568	Insulin receptor substrate 1	Homo sapiens	Encontrado	https://alphafold.ebi.ac.uk/entry/P35568
IRS1	missense_variant		373368677	P35568	rs373368677	R522Q	0.0		P35568	Insulin receptor substrate 1	Homo sapiens	Encontrado	https://alphafold.ebi.ac.uk/entry/P35568
IRS1	missense_variant		373714010						P35568	Insulin receptor substrate 1	Homo sapiens	Encontrado	https://alphafold.ebi.ac.uk/entry/P35568
IRS1	missense_variant		373826433						P35568	Insulin receptor substrate 1	Homo sapiens	Encontrado	https://alphafold.ebi.ac.uk/entry/P35568
IRS1	missense_variant	uncertain significance	374471017	P35568	rs374471017	I280V	0.0		P35568	Insulin receptor substrate 1	Homo sapiens	Encontrado	https://alphafold.ebi.ac.uk/entry/P35568
IRS1	missense_variant		375107533						P35568	Insulin receptor substrate 1	Homo sapiens	Encontrado	https://alphafold.ebi.ac.uk/entry/P35568
IRS1	missense_variant		375415559						P35568	Insulin receptor substrate 1	Homo sapiens	Encontrado	https://alphafold.ebi.ac.uk/entry/P35568
IRS1	missense_variant		375419734						P35568	Insulin receptor substrate 1	Homo sapiens	Encontrado	https://alphafold.ebi.ac.uk/entry/P35568
IRS1	missense_variant	uncertain significance	375677810	P35568	rs375677810	R600C	0.635		P35568	Insulin receptor substrate 1	Homo sapiens	Encontrado	https://alphafold.ebi.ac.uk/entry/P35568
IRS1	missense_variant	uncertain significance	375677810	P35568	rs375677810	R600C	0.0		P35568	Insulin receptor substrate 1	Homo sapiens	Encontrado	https://alphafold.ebi.ac.uk/entry/P35568
IRS1	missense_variant	uncertain significance	375677810	P35568	rs375677810	R600C	0.0		P35568	Insulin receptor substrate 1	Homo sapiens	Encontrado	https://alphafold.ebi.ac.uk/entry/P35568
IRS1	missense_variant		376142568						P35568	Insulin receptor substrate 1	Homo sapiens	Encontrado	https://alphafold.ebi.ac.uk/entry/P35568
IRS1	missense_variant	uncertain significance	376286000						P35568	Insulin receptor substrate 1	Homo sapiens	Encontrado	https://alphafold.ebi.ac.uk/entry/P35568
IRS1	missense_variant		376686666						P35568	Insulin receptor substrate 1	Homo sapiens	Encontrado	https://alphafold.ebi.ac.uk/entry/P35568
IRS1	missense_variant		377169433						P35568	Insulin receptor substrate 1	Homo sapiens	Encontrado	https://alphafold.ebi.ac.uk/entry/P35568
IRS1	missense_variant		377203122						P35568	Insulin receptor substrate 1	Homo sapiens	Encontrado	https://alphafold.ebi.ac.uk/entry/P35568
IRS1	missense_variant		377334234						P35568	Insulin receptor substrate 1	Homo sapiens	Encontrado	https://alphafold.ebi.ac.uk/entry/P35568
IRS1	missense_variant		377465384						P35568	Insulin receptor substrate 1	Homo sapiens	Encontrado	https://alphafold.ebi.ac.uk/entry/P35568
IRS1	missense_variant	uncertain significance	377739830						P35568	Insulin receptor substrate 1	Homo sapiens	Encontrado	https://alphafold.ebi.ac.uk/entry/P35568
IRS1	missense_variant	benign, likely benign	41265094	P35568	rs41265094	G818R	0.01		P35568	Insulin receptor substrate 1	Homo sapiens	Encontrado	https://alphafold.ebi.ac.uk/entry/P35568
IRS1	missense_variant		529797752						P35568	Insulin receptor substrate 1	Homo sapiens	Encontrado	https://alphafold.ebi.ac.uk/entry/P35568
IRS1	missense_variant	uncertain significance	532517695						P35568	Insulin receptor substrate 1	Homo sapiens	Encontrado	https://alphafold.ebi.ac.uk/entry/P35568
IRS1	missense_variant		533942136						P35568	Insulin receptor substrate 1	Homo sapiens	Encontrado	https://alphafold.ebi.ac.uk/entry/P35568
IRS1	missense_variant		534398960						P35568	Insulin receptor substrate 1	Homo sapiens	Encontrado	https://alphafold.ebi.ac.uk/entry/P35568
IRS1	missense_variant		536862124						P35568	Insulin receptor substrate 1	Homo sapiens	Encontrado	https://alphafold.ebi.ac.uk/entry/P35568
IRS1	missense_variant		539361581						P35568	Insulin receptor substrate 1	Homo sapiens	Encontrado	https://alphafold.ebi.ac.uk/entry/P35568
IRS1	missense_variant		539464951						P35568	Insulin receptor substrate 1	Homo sapiens	Encontrado	https://alphafold.ebi.ac.uk/entry/P35568
IRS1	missense_variant		541467189						P35568	Insulin receptor substrate 1	Homo sapiens	Encontrado	https://alphafold.ebi.ac.uk/entry/P35568
IRS1	missense_variant		542156343						P35568	Insulin receptor substrate 1	Homo sapiens	Encontrado	https://alphafold.ebi.ac.uk/entry/P35568
IRS1	missense_variant		544750977	P35568	rs544750977	R520W	0.522		P35568	Insulin receptor substrate 1	Homo sapiens	Encontrado	https://alphafold.ebi.ac.uk/entry/P35568
IRS1	missense_variant		544750977	P35568	rs544750977	R520W	0.01		P35568	Insulin receptor substrate 1	Homo sapiens	Encontrado	https://alphafold.ebi.ac.uk/entry/P35568
IRS1	missense_variant		544750977	P35568	rs544750977	R520W	0.0		P35568	Insulin receptor substrate 1	Homo sapiens	Encontrado	https://alphafold.ebi.ac.uk/entry/P35568
IRS1	missense_variant		544798746						P35568	Insulin receptor substrate 1	Homo sapiens	Encontrado	https://alphafold.ebi.ac.uk/entry/P35568
IRS1	missense_variant		544936782						P35568	Insulin receptor substrate 1	Homo sapiens	Encontrado	https://alphafold.ebi.ac.uk/entry/P35568
IRS1	missense_variant		546373334						P35568	Insulin receptor substrate 1	Homo sapiens	Encontrado	https://alphafold.ebi.ac.uk/entry/P35568
IRS1	missense_variant		548484548						P35568	Insulin receptor substrate 1	Homo sapiens	Encontrado	https://alphafold.ebi.ac.uk/entry/P35568
IRS1	missense_variant	uncertain significance, likely benign	548956412						P35568	Insulin receptor substrate 1	Homo sapiens	Encontrado	https://alphafold.ebi.ac.uk/entry/P35568
IRS1	missense_variant		552502879						P35568	Insulin receptor substrate 1	Homo sapiens	Encontrado	https://alphafold.ebi.ac.uk/entry/P35568
IRS1	missense_variant	uncertain significance	553359474	P35568	rs553359474	G1172V	0.01		P35568	Insulin receptor substrate 1	Homo sapiens	Encontrado	https://alphafold.ebi.ac.uk/entry/P35568
IRS1	missense_variant		555150176						P35568	Insulin receptor substrate 1	Homo sapiens	Encontrado	https://alphafold.ebi.ac.uk/entry/P35568
IRS1	missense_variant		557233754						P35568	Insulin receptor substrate 1	Homo sapiens	Encontrado	https://alphafold.ebi.ac.uk/entry/P35568
IRS1	missense_variant		557319201						P35568	Insulin receptor substrate 1	Homo sapiens	Encontrado	https://alphafold.ebi.ac.uk/entry/P35568
IRS1	missense_variant		557991154						P35568	Insulin receptor substrate 1	Homo sapiens	Encontrado	https://alphafold.ebi.ac.uk/entry/P35568
IRS1	missense_variant		559822183						P35568	Insulin receptor substrate 1	Homo sapiens	Encontrado	https://alphafold.ebi.ac.uk/entry/P35568
IRS1	missense_variant		561977525						P35568	Insulin receptor substrate 1	Homo sapiens	Encontrado	https://alphafold.ebi.ac.uk/entry/P35568
IRS1	missense_variant	uncertain significance	564378481	P35568	rs564378481	G451D	0.01		P35568	Insulin receptor substrate 1	Homo sapiens	Encontrado	https://alphafold.ebi.ac.uk/entry/P35568
IRS1	missense_variant		566380529						P35568	Insulin receptor substrate 1	Homo sapiens	Encontrado	https://alphafold.ebi.ac.uk/entry/P35568
IRS1	missense_variant		567766900						P35568	Insulin receptor substrate 1	Homo sapiens	Encontrado	https://alphafold.ebi.ac.uk/entry/P35568
IRS1	missense_variant		568940466						P35568	Insulin receptor substrate 1	Homo sapiens	Encontrado	https://alphafold.ebi.ac.uk/entry/P35568
IRS1	missense_variant	uncertain significance	569587604	P35568	rs569587604	P893L	0.01		P35568	Insulin receptor substrate 1	Homo sapiens	Encontrado	https://alphafold.ebi.ac.uk/entry/P35568
IRS1	missense_variant		570775459						P35568	Insulin receptor substrate 1	Homo sapiens	Encontrado	https://alphafold.ebi.ac.uk/entry/P35568
IRS1	missense_variant		573067324						P35568	Insulin receptor substrate 1	Homo sapiens	Encontrado	https://alphafold.ebi.ac.uk/entry/P35568
IRS1	missense_variant		574845417						P35568	Insulin receptor substrate 1	Homo sapiens	Encontrado	https://alphafold.ebi.ac.uk/entry/P35568
IRS1	missense_variant		576198727						P35568	Insulin receptor substrate 1	Homo sapiens	Encontrado	https://alphafold.ebi.ac.uk/entry/P35568
IRS1	missense_variant		576335148						P35568	Insulin receptor substrate 1	Homo sapiens	Encontrado	https://alphafold.ebi.ac.uk/entry/P35568
IRS1	missense_variant		577407654						P35568	Insulin receptor substrate 1	Homo sapiens	Encontrado	https://alphafold.ebi.ac.uk/entry/P35568
IRS1	missense_variant		577419348	P35568	rs577419348	G676E	0.04		P35568	Insulin receptor substrate 1	Homo sapiens	Encontrado	https://alphafold.ebi.ac.uk/entry/P35568
IRS1	missense_variant		577419348	P35568	rs577419348	G676E	0.02		P35568	Insulin receptor substrate 1	Homo sapiens	Encontrado	https://alphafold.ebi.ac.uk/entry/P35568
IRS1	missense_variant		577419348	P35568	rs577419348	G676E	0.01		P35568	Insulin receptor substrate 1	Homo sapiens	Encontrado	https://alphafold.ebi.ac.uk/entry/P35568
IRS1	missense_variant		745355096						P35568	Insulin receptor substrate 1	Homo sapiens	Encontrado	https://alphafold.ebi.ac.uk/entry/P35568
IRS1	missense_variant	uncertain significance	745358781						P35568	Insulin receptor substrate 1	Homo sapiens	Encontrado	https://alphafold.ebi.ac.uk/entry/P35568
IRS1	missense_variant		745389011						P35568	Insulin receptor substrate 1	Homo sapiens	Encontrado	https://alphafold.ebi.ac.uk/entry/P35568
IRS1	missense_variant		745446733						P35568	Insulin receptor substrate 1	Homo sapiens	Encontrado	https://alphafold.ebi.ac.uk/entry/P35568
IRS1	missense_variant		745450452						P35568	Insulin receptor substrate 1	Homo sapiens	Encontrado	https://alphafold.ebi.ac.uk/entry/P35568
IRS1	missense_variant		745481619						P35568	Insulin receptor substrate 1	Homo sapiens	Encontrado	https://alphafold.ebi.ac.uk/entry/P35568
IRS1	missense_variant		745668220						P35568	Insulin receptor substrate 1	Homo sapiens	Encontrado	https://alphafold.ebi.ac.uk/entry/P35568
IRS1	missense_variant		745750129						P35568	Insulin receptor substrate 1	Homo sapiens	Encontrado	https://alphafold.ebi.ac.uk/entry/P35568
IRS1	missense_variant		745764419						P35568	Insulin receptor substrate 1	Homo sapiens	Encontrado	https://alphafold.ebi.ac.uk/entry/P35568
IRS1	missense_variant		745927014	P35568	rs745927014	A129V	0.0		P35568	Insulin receptor substrate 1	Homo sapiens	Encontrado	https://alphafold.ebi.ac.uk/entry/P35568
IRS1	missense_variant		745927014	P35568	rs745927014	A129V	0.62		P35568	Insulin receptor substrate 1	Homo sapiens	Encontrado	https://alphafold.ebi.ac.uk/entry/P35568
IRS1	missense_variant		745927014	P35568	rs745927014	A129V	0.026		P35568	Insulin receptor substrate 1	Homo sapiens	Encontrado	https://alphafold.ebi.ac.uk/entry/P35568
IRS1	missense_variant		745927014	P35568	rs745927014	A129V	0.54		P35568	Insulin receptor substrate 1	Homo sapiens	Encontrado	https://alphafold.ebi.ac.uk/entry/P35568
IRS1	missense_variant		745943416	P35568	rs745943416	R443H	0.998		P35568	Insulin receptor substrate 1	Homo sapiens	Encontrado	https://alphafold.ebi.ac.uk/entry/P35568
IRS1	missense_variant		745943416	P35568	rs745943416	R443H	0.0		P35568	Insulin receptor substrate 1	Homo sapiens	Encontrado	https://alphafold.ebi.ac.uk/entry/P35568
IRS1	missense_variant		745943416	P35568	rs745943416	R443H	0.03		P35568	Insulin receptor substrate 1	Homo sapiens	Encontrado	https://alphafold.ebi.ac.uk/entry/P35568
IRS1	missense_variant		746198389						P35568	Insulin receptor substrate 1	Homo sapiens	Encontrado	https://alphafold.ebi.ac.uk/entry/P35568
IRS1	missense_variant		746219409						P35568	Insulin receptor substrate 1	Homo sapiens	Encontrado	https://alphafold.ebi.ac.uk/entry/P35568
IRS1	missense_variant	uncertain significance	746305011	P35568	rs746305011	S1057L	0.0		P35568	Insulin receptor substrate 1	Homo sapiens	Encontrado	https://alphafold.ebi.ac.uk/entry/P35568
IRS1	missense_variant	uncertain significance	746305011	P35568	rs746305011	S1057L	0.28		P35568	Insulin receptor substrate 1	Homo sapiens	Encontrado	https://alphafold.ebi.ac.uk/entry/P35568
IRS1	missense_variant	uncertain significance	746305011	P35568	rs746305011	S1057L	0.04		P35568	Insulin receptor substrate 1	Homo sapiens	Encontrado	https://alphafold.ebi.ac.uk/entry/P35568
IRS1	missense_variant		746340033						P35568	Insulin receptor substrate 1	Homo sapiens	Encontrado	https://alphafold.ebi.ac.uk/entry/P35568
IRS1	missense_variant		746500684						P35568	Insulin receptor substrate 1	Homo sapiens	Encontrado	https://alphafold.ebi.ac.uk/entry/P35568
IRS1	missense_variant		746708337						P35568	Insulin receptor substrate 1	Homo sapiens	Encontrado	https://alphafold.ebi.ac.uk/entry/P35568
IRS1	missense_variant	uncertain significance	746777476						P35568	Insulin receptor substrate 1	Homo sapiens	Encontrado	https://alphafold.ebi.ac.uk/entry/P35568
IRS1	missense_variant		746823533						P35568	Insulin receptor substrate 1	Homo sapiens	Encontrado	https://alphafold.ebi.ac.uk/entry/P35568
IRS1	missense_variant		747061950	P35568	rs747061950	P924L	0.0		P35568	Insulin receptor substrate 1	Homo sapiens	Encontrado	https://alphafold.ebi.ac.uk/entry/P35568
IRS1	missense_variant		747061950	P35568	rs747061950	P924L	0.08		P35568	Insulin receptor substrate 1	Homo sapiens	Encontrado	https://alphafold.ebi.ac.uk/entry/P35568
IRS1	missense_variant		747061950	P35568	rs747061950	P924L	0.03		P35568	Insulin receptor substrate 1	Homo sapiens	Encontrado	https://alphafold.ebi.ac.uk/entry/P35568
IRS1	missense_variant		747114219						P35568	Insulin receptor substrate 1	Homo sapiens	Encontrado	https://alphafold.ebi.ac.uk/entry/P35568
IRS1	missense_variant		74725168						P35568	Insulin receptor substrate 1	Homo sapiens	Encontrado	https://alphafold.ebi.ac.uk/entry/P35568
IRS1	missense_variant	uncertain significance	747368142	P35568	rs747368142	S11L	0.267		P35568	Insulin receptor substrate 1	Homo sapiens	Encontrado	https://alphafold.ebi.ac.uk/entry/P35568
IRS1	missense_variant	uncertain significance	747368142	P35568	rs747368142	S11L	0.0		P35568	Insulin receptor substrate 1	Homo sapiens	Encontrado	https://alphafold.ebi.ac.uk/entry/P35568
IRS1	missense_variant	uncertain significance	747368142	P35568	rs747368142	S11L	0.968		P35568	Insulin receptor substrate 1	Homo sapiens	Encontrado	https://alphafold.ebi.ac.uk/entry/P35568
IRS1	missense_variant	uncertain significance	747368142	P35568	rs747368142	S11L	0.0		P35568	Insulin receptor substrate 1	Homo sapiens	Encontrado	https://alphafold.ebi.ac.uk/entry/P35568
IRS1	missense_variant		747409858						P35568	Insulin receptor substrate 1	Homo sapiens	Encontrado	https://alphafold.ebi.ac.uk/entry/P35568
IRS1	missense_variant		747464908						P35568	Insulin receptor substrate 1	Homo sapiens	Encontrado	https://alphafold.ebi.ac.uk/entry/P35568
IRS1	missense_variant		747491337						P35568	Insulin receptor substrate 1	Homo sapiens	Encontrado	https://alphafold.ebi.ac.uk/entry/P35568
IRS1	missense_variant		747512782						P35568	Insulin receptor substrate 1	Homo sapiens	Encontrado	https://alphafold.ebi.ac.uk/entry/P35568
IRS1	missense_variant		747700323	P35568	rs747700323	R1016Q	0.006		P35568	Insulin receptor substrate 1	Homo sapiens	Encontrado	https://alphafold.ebi.ac.uk/entry/P35568
IRS1	missense_variant		747700323	P35568	rs747700323	R1016Q	0.62		P35568	Insulin receptor substrate 1	Homo sapiens	Encontrado	https://alphafold.ebi.ac.uk/entry/P35568
IRS1	missense_variant		747700323	P35568	rs747700323	R1016Q	0.49		P35568	Insulin receptor substrate 1	Homo sapiens	Encontrado	https://alphafold.ebi.ac.uk/entry/P35568
IRS1	missense_variant		747703859						P35568	Insulin receptor substrate 1	Homo sapiens	Encontrado	https://alphafold.ebi.ac.uk/entry/P35568
IRS1	missense_variant		747779008						P35568	Insulin receptor substrate 1	Homo sapiens	Encontrado	https://alphafold.ebi.ac.uk/entry/P35568
IRS1	missense_variant		747866903						P35568	Insulin receptor substrate 1	Homo sapiens	Encontrado	https://alphafold.ebi.ac.uk/entry/P35568
IRS1	missense_variant		747934372						P35568	Insulin receptor substrate 1	Homo sapiens	Encontrado	https://alphafold.ebi.ac.uk/entry/P35568
IRS1	missense_variant		748011125						P35568	Insulin receptor substrate 1	Homo sapiens	Encontrado	https://alphafold.ebi.ac.uk/entry/P35568
IRS1	missense_variant		748059205						P35568	Insulin receptor substrate 1	Homo sapiens	Encontrado	https://alphafold.ebi.ac.uk/entry/P35568
IRS1	missense_variant		748060885						P35568	Insulin receptor substrate 1	Homo sapiens	Encontrado	https://alphafold.ebi.ac.uk/entry/P35568
IRS1	missense_variant		748246803						P35568	Insulin receptor substrate 1	Homo sapiens	Encontrado	https://alphafold.ebi.ac.uk/entry/P35568
IRS1	missense_variant		748297008						P35568	Insulin receptor substrate 1	Homo sapiens	Encontrado	https://alphafold.ebi.ac.uk/entry/P35568
IRS1	missense_variant	uncertain significance	748312477						P35568	Insulin receptor substrate 1	Homo sapiens	Encontrado	https://alphafold.ebi.ac.uk/entry/P35568
IRS1	missense_variant	uncertain significance	748385460	P35568	rs748385460	P1044L	0.0		P35568	Insulin receptor substrate 1	Homo sapiens	Encontrado	https://alphafold.ebi.ac.uk/entry/P35568
IRS1	missense_variant	uncertain significance	748385460	P35568	rs748385460	P1044L	0.07		P35568	Insulin receptor substrate 1	Homo sapiens	Encontrado	https://alphafold.ebi.ac.uk/entry/P35568
IRS1	missense_variant	uncertain significance	748385460	P35568	rs748385460	P1044L	0.05		P35568	Insulin receptor substrate 1	Homo sapiens	Encontrado	https://alphafold.ebi.ac.uk/entry/P35568
IRS1	missense_variant		748457020						P35568	Insulin receptor substrate 1	Homo sapiens	Encontrado	https://alphafold.ebi.ac.uk/entry/P35568
IRS1	missense_variant		748494649						P35568	Insulin receptor substrate 1	Homo sapiens	Encontrado	https://alphafold.ebi.ac.uk/entry/P35568
IRS1	missense_variant		748559100						P35568	Insulin receptor substrate 1	Homo sapiens	Encontrado	https://alphafold.ebi.ac.uk/entry/P35568
IRS1	missense_variant		748578334						P35568	Insulin receptor substrate 1	Homo sapiens	Encontrado	https://alphafold.ebi.ac.uk/entry/P35568
IRS1	missense_variant		748769427						P35568	Insulin receptor substrate 1	Homo sapiens	Encontrado	https://alphafold.ebi.ac.uk/entry/P35568
IRS1	missense_variant		748803544						P35568	Insulin receptor substrate 1	Homo sapiens	Encontrado	https://alphafold.ebi.ac.uk/entry/P35568
IRS1	missense_variant		748841175						P35568	Insulin receptor substrate 1	Homo sapiens	Encontrado	https://alphafold.ebi.ac.uk/entry/P35568
IRS1	missense_variant		748859206						P35568	Insulin receptor substrate 1	Homo sapiens	Encontrado	https://alphafold.ebi.ac.uk/entry/P35568
IRS1	missense_variant		749092822						P35568	Insulin receptor substrate 1	Homo sapiens	Encontrado	https://alphafold.ebi.ac.uk/entry/P35568
IRS1	missense_variant	uncertain significance	749277845	P35568	rs749277845	F220Y	0.01		P35568	Insulin receptor substrate 1	Homo sapiens	Encontrado	https://alphafold.ebi.ac.uk/entry/P35568
IRS1	missense_variant		749309744						P35568	Insulin receptor substrate 1	Homo sapiens	Encontrado	https://alphafold.ebi.ac.uk/entry/P35568
IRS1	missense_variant		749331932						P35568	Insulin receptor substrate 1	Homo sapiens	Encontrado	https://alphafold.ebi.ac.uk/entry/P35568
IRS1	missense_variant		749374811						P35568	Insulin receptor substrate 1	Homo sapiens	Encontrado	https://alphafold.ebi.ac.uk/entry/P35568
IRS1	missense_variant		749548805						P35568	Insulin receptor substrate 1	Homo sapiens	Encontrado	https://alphafold.ebi.ac.uk/entry/P35568
IRS1	missense_variant		749719080						P35568	Insulin receptor substrate 1	Homo sapiens	Encontrado	https://alphafold.ebi.ac.uk/entry/P35568
IRS1	missense_variant		749733185						P35568	Insulin receptor substrate 1	Homo sapiens	Encontrado	https://alphafold.ebi.ac.uk/entry/P35568
IRS1	missense_variant		749967600						P35568	Insulin receptor substrate 1	Homo sapiens	Encontrado	https://alphafold.ebi.ac.uk/entry/P35568
IRS1	missense_variant		750069378						P35568	Insulin receptor substrate 1	Homo sapiens	Encontrado	https://alphafold.ebi.ac.uk/entry/P35568
IRS1	missense_variant		750186385						P35568	Insulin receptor substrate 1	Homo sapiens	Encontrado	https://alphafold.ebi.ac.uk/entry/P35568
IRS1	missense_variant		750310834						P35568	Insulin receptor substrate 1	Homo sapiens	Encontrado	https://alphafold.ebi.ac.uk/entry/P35568
IRS1	missense_variant		750320720						P35568	Insulin receptor substrate 1	Homo sapiens	Encontrado	https://alphafold.ebi.ac.uk/entry/P35568
IRS1	missense_variant		750480850						P35568	Insulin receptor substrate 1	Homo sapiens	Encontrado	https://alphafold.ebi.ac.uk/entry/P35568
IRS1	missense_variant		750524416						P35568	Insulin receptor substrate 1	Homo sapiens	Encontrado	https://alphafold.ebi.ac.uk/entry/P35568
IRS1	missense_variant		750561476						P35568	Insulin receptor substrate 1	Homo sapiens	Encontrado	https://alphafold.ebi.ac.uk/entry/P35568
IRS1	missense_variant		750668066						P35568	Insulin receptor substrate 1	Homo sapiens	Encontrado	https://alphafold.ebi.ac.uk/entry/P35568
IRS1	missense_variant		750831376						P35568	Insulin receptor substrate 1	Homo sapiens	Encontrado	https://alphafold.ebi.ac.uk/entry/P35568
IRS1	missense_variant		751198979						P35568	Insulin receptor substrate 1	Homo sapiens	Encontrado	https://alphafold.ebi.ac.uk/entry/P35568
IRS1	missense_variant		751382526						P35568	Insulin receptor substrate 1	Homo sapiens	Encontrado	https://alphafold.ebi.ac.uk/entry/P35568
IRS1	missense_variant		751434622						P35568	Insulin receptor substrate 1	Homo sapiens	Encontrado	https://alphafold.ebi.ac.uk/entry/P35568
IRS1	missense_variant		751466820						P35568	Insulin receptor substrate 1	Homo sapiens	Encontrado	https://alphafold.ebi.ac.uk/entry/P35568
IRS1	missense_variant		751664998						P35568	Insulin receptor substrate 1	Homo sapiens	Encontrado	https://alphafold.ebi.ac.uk/entry/P35568
IRS1	missense_variant		751685762						P35568	Insulin receptor substrate 1	Homo sapiens	Encontrado	https://alphafold.ebi.ac.uk/entry/P35568
IRS1	missense_variant	uncertain significance	751826393	P35568	rs751826393	A1007T	0.15		P35568	Insulin receptor substrate 1	Homo sapiens	Encontrado	https://alphafold.ebi.ac.uk/entry/P35568
IRS1	missense_variant		75188112						P35568	Insulin receptor substrate 1	Homo sapiens	Encontrado	https://alphafold.ebi.ac.uk/entry/P35568
IRS1	missense_variant		751886962						P35568	Insulin receptor substrate 1	Homo sapiens	Encontrado	https://alphafold.ebi.ac.uk/entry/P35568
IRS1	missense_variant		752011391						P35568	Insulin receptor substrate 1	Homo sapiens	Encontrado	https://alphafold.ebi.ac.uk/entry/P35568
IRS1	missense_variant		752311272						P35568	Insulin receptor substrate 1	Homo sapiens	Encontrado	https://alphafold.ebi.ac.uk/entry/P35568
IRS1	missense_variant		752608556						P35568	Insulin receptor substrate 1	Homo sapiens	Encontrado	https://alphafold.ebi.ac.uk/entry/P35568
IRS1	missense_variant		752609655						P35568	Insulin receptor substrate 1	Homo sapiens	Encontrado	https://alphafold.ebi.ac.uk/entry/P35568
IRS1	missense_variant		752662327						P35568	Insulin receptor substrate 1	Homo sapiens	Encontrado	https://alphafold.ebi.ac.uk/entry/P35568
IRS1	missense_variant		752822640						P35568	Insulin receptor substrate 1	Homo sapiens	Encontrado	https://alphafold.ebi.ac.uk/entry/P35568
IRS1	missense_variant		752842091						P35568	Insulin receptor substrate 1	Homo sapiens	Encontrado	https://alphafold.ebi.ac.uk/entry/P35568
IRS1	missense_variant		752864956						P35568	Insulin receptor substrate 1	Homo sapiens	Encontrado	https://alphafold.ebi.ac.uk/entry/P35568
IRS1	missense_variant		752902060	P35568	rs752902060	G778R	0.416		P35568	Insulin receptor substrate 1	Homo sapiens	Encontrado	https://alphafold.ebi.ac.uk/entry/P35568
IRS1	missense_variant		752902060	P35568	rs752902060	G778R	0.09		P35568	Insulin receptor substrate 1	Homo sapiens	Encontrado	https://alphafold.ebi.ac.uk/entry/P35568
IRS1	missense_variant		752902060	P35568	rs752902060	G778R	0.04		P35568	Insulin receptor substrate 1	Homo sapiens	Encontrado	https://alphafold.ebi.ac.uk/entry/P35568
IRS1	missense_variant		752941663						P35568	Insulin receptor substrate 1	Homo sapiens	Encontrado	https://alphafold.ebi.ac.uk/entry/P35568
IRS1	missense_variant		752989640						P35568	Insulin receptor substrate 1	Homo sapiens	Encontrado	https://alphafold.ebi.ac.uk/entry/P35568
IRS1	missense_variant		753061916						P35568	Insulin receptor substrate 1	Homo sapiens	Encontrado	https://alphafold.ebi.ac.uk/entry/P35568
IRS1	missense_variant		753171647						P35568	Insulin receptor substrate 1	Homo sapiens	Encontrado	https://alphafold.ebi.ac.uk/entry/P35568
IRS1	missense_variant		753270746						P35568	Insulin receptor substrate 1	Homo sapiens	Encontrado	https://alphafold.ebi.ac.uk/entry/P35568
IRS1	missense_variant	uncertain significance	753351880						P35568	Insulin receptor substrate 1	Homo sapiens	Encontrado	https://alphafold.ebi.ac.uk/entry/P35568
IRS1	missense_variant		753720955						P35568	Insulin receptor substrate 1	Homo sapiens	Encontrado	https://alphafold.ebi.ac.uk/entry/P35568
IRS1	missense_variant	uncertain significance	753754028						P35568	Insulin receptor substrate 1	Homo sapiens	Encontrado	https://alphafold.ebi.ac.uk/entry/P35568
IRS1	missense_variant		753804742	P35568	rs753804742	R594C	0.109		P35568	Insulin receptor substrate 1	Homo sapiens	Encontrado	https://alphafold.ebi.ac.uk/entry/P35568
IRS1	missense_variant		753804742	P35568	rs753804742	R594C	0.05		P35568	Insulin receptor substrate 1	Homo sapiens	Encontrado	https://alphafold.ebi.ac.uk/entry/P35568
IRS1	missense_variant		753804742	P35568	rs753804742	R594C	0.05		P35568	Insulin receptor substrate 1	Homo sapiens	Encontrado	https://alphafold.ebi.ac.uk/entry/P35568
IRS1	missense_variant	uncertain significance	753900721	P35568	rs753900721	R54W	0.92		P35568	Insulin receptor substrate 1	Homo sapiens	Encontrado	https://alphafold.ebi.ac.uk/entry/P35568
IRS1	missense_variant	uncertain significance	753900721	P35568	rs753900721	R54W	0.03		P35568	Insulin receptor substrate 1	Homo sapiens	Encontrado	https://alphafold.ebi.ac.uk/entry/P35568
IRS1	missense_variant	uncertain significance	753900721	P35568	rs753900721	R54W	0.0		P35568	Insulin receptor substrate 1	Homo sapiens	Encontrado	https://alphafold.ebi.ac.uk/entry/P35568
IRS1	missense_variant	uncertain significance	753900721	P35568	rs753900721	R54W	0.02		P35568	Insulin receptor substrate 1	Homo sapiens	Encontrado	https://alphafold.ebi.ac.uk/entry/P35568
IRS1	missense_variant		754239320						P35568	Insulin receptor substrate 1	Homo sapiens	Encontrado	https://alphafold.ebi.ac.uk/entry/P35568
IRS1	missense_variant		754308954						P35568	Insulin receptor substrate 1	Homo sapiens	Encontrado	https://alphafold.ebi.ac.uk/entry/P35568
IRS1	missense_variant	uncertain significance	754509651	P35568	rs754509651	S721T	0.81		P35568	Insulin receptor substrate 1	Homo sapiens	Encontrado	https://alphafold.ebi.ac.uk/entry/P35568
IRS1	missense_variant		754638587						P35568	Insulin receptor substrate 1	Homo sapiens	Encontrado	https://alphafold.ebi.ac.uk/entry/P35568
IRS1	missense_variant		754786896						P35568	Insulin receptor substrate 1	Homo sapiens	Encontrado	https://alphafold.ebi.ac.uk/entry/P35568
IRS1	missense_variant		754853763						P35568	Insulin receptor substrate 1	Homo sapiens	Encontrado	https://alphafold.ebi.ac.uk/entry/P35568
IRS1	missense_variant		754949899						P35568	Insulin receptor substrate 1	Homo sapiens	Encontrado	https://alphafold.ebi.ac.uk/entry/P35568
IRS1	missense_variant	uncertain significance	754992737	P35568	rs754992737	R20H	0.993		P35568	Insulin receptor substrate 1	Homo sapiens	Encontrado	https://alphafold.ebi.ac.uk/entry/P35568
IRS1	missense_variant	uncertain significance	754992737	P35568	rs754992737	R20H	0.0		P35568	Insulin receptor substrate 1	Homo sapiens	Encontrado	https://alphafold.ebi.ac.uk/entry/P35568
IRS1	missense_variant	uncertain significance	754992737	P35568	rs754992737	R20H	0.997		P35568	Insulin receptor substrate 1	Homo sapiens	Encontrado	https://alphafold.ebi.ac.uk/entry/P35568
IRS1	missense_variant	uncertain significance	754992737	P35568	rs754992737	R20H	0.0		P35568	Insulin receptor substrate 1	Homo sapiens	Encontrado	https://alphafold.ebi.ac.uk/entry/P35568
IRS1	missense_variant	uncertain significance	754992737	P35568	rs754992737	R20L	0.992		P35568	Insulin receptor substrate 1	Homo sapiens	Encontrado	https://alphafold.ebi.ac.uk/entry/P35568
IRS1	missense_variant	uncertain significance	754992737	P35568	rs754992737	R20L	0.0		P35568	Insulin receptor substrate 1	Homo sapiens	Encontrado	https://alphafold.ebi.ac.uk/entry/P35568
IRS1	missense_variant		755078884						P35568	Insulin receptor substrate 1	Homo sapiens	Encontrado	https://alphafold.ebi.ac.uk/entry/P35568
IRS1	missense_variant		755313576						P35568	Insulin receptor substrate 1	Homo sapiens	Encontrado	https://alphafold.ebi.ac.uk/entry/P35568
IRS1	missense_variant		755496379						P35568	Insulin receptor substrate 1	Homo sapiens	Encontrado	https://alphafold.ebi.ac.uk/entry/P35568
IRS1	missense_variant		755583840	P35568	rs755583840	R457H	0.981		P35568	Insulin receptor substrate 1	Homo sapiens	Encontrado	https://alphafold.ebi.ac.uk/entry/P35568
IRS1	missense_variant		755583840	P35568	rs755583840	R457H	0.02		P35568	Insulin receptor substrate 1	Homo sapiens	Encontrado	https://alphafold.ebi.ac.uk/entry/P35568
IRS1	missense_variant		755583840	P35568	rs755583840	R457H	0.01		P35568	Insulin receptor substrate 1	Homo sapiens	Encontrado	https://alphafold.ebi.ac.uk/entry/P35568
IRS1	missense_variant	uncertain significance	755640481						P35568	Insulin receptor substrate 1	Homo sapiens	Encontrado	https://alphafold.ebi.ac.uk/entry/P35568
IRS1	missense_variant		755854149						P35568	Insulin receptor substrate 1	Homo sapiens	Encontrado	https://alphafold.ebi.ac.uk/entry/P35568
IRS1	missense_variant		755860091						P35568	Insulin receptor substrate 1	Homo sapiens	Encontrado	https://alphafold.ebi.ac.uk/entry/P35568
IRS1	missense_variant		755878633						P35568	Insulin receptor substrate 1	Homo sapiens	Encontrado	https://alphafold.ebi.ac.uk/entry/P35568
IRS1	missense_variant		755929423						P35568	Insulin receptor substrate 1	Homo sapiens	Encontrado	https://alphafold.ebi.ac.uk/entry/P35568
IRS1	missense_variant		756094077						P35568	Insulin receptor substrate 1	Homo sapiens	Encontrado	https://alphafold.ebi.ac.uk/entry/P35568
IRS1	missense_variant		756123938						P35568	Insulin receptor substrate 1	Homo sapiens	Encontrado	https://alphafold.ebi.ac.uk/entry/P35568
IRS1	missense_variant		756141063						P35568	Insulin receptor substrate 1	Homo sapiens	Encontrado	https://alphafold.ebi.ac.uk/entry/P35568
IRS1	missense_variant		756434990	P35568	rs756434990	T859M	0.988		P35568	Insulin receptor substrate 1	Homo sapiens	Encontrado	https://alphafold.ebi.ac.uk/entry/P35568
IRS1	missense_variant		756434990	P35568	rs756434990	T859M	0.0		P35568	Insulin receptor substrate 1	Homo sapiens	Encontrado	https://alphafold.ebi.ac.uk/entry/P35568
IRS1	missense_variant		756434990	P35568	rs756434990	T859M	0.0		P35568	Insulin receptor substrate 1	Homo sapiens	Encontrado	https://alphafold.ebi.ac.uk/entry/P35568
IRS1	missense_variant		756450695						P35568	Insulin receptor substrate 1	Homo sapiens	Encontrado	https://alphafold.ebi.ac.uk/entry/P35568
IRS1	missense_variant		756462316						P35568	Insulin receptor substrate 1	Homo sapiens	Encontrado	https://alphafold.ebi.ac.uk/entry/P35568
IRS1	missense_variant		756485509						P35568	Insulin receptor substrate 1	Homo sapiens	Encontrado	https://alphafold.ebi.ac.uk/entry/P35568
IRS1	missense_variant	uncertain significance	756650445	P35568	rs756650445	P1027S	0.03		P35568	Insulin receptor substrate 1	Homo sapiens	Encontrado	https://alphafold.ebi.ac.uk/entry/P35568
IRS1	missense_variant		756656794						P35568	Insulin receptor substrate 1	Homo sapiens	Encontrado	https://alphafold.ebi.ac.uk/entry/P35568
IRS1	missense_variant		756693698						P35568	Insulin receptor substrate 1	Homo sapiens	Encontrado	https://alphafold.ebi.ac.uk/entry/P35568
IRS1	missense_variant		756697376						P35568	Insulin receptor substrate 1	Homo sapiens	Encontrado	https://alphafold.ebi.ac.uk/entry/P35568
IRS1	missense_variant		756790900						P35568	Insulin receptor substrate 1	Homo sapiens	Encontrado	https://alphafold.ebi.ac.uk/entry/P35568
IRS1	missense_variant	uncertain significance	757008566						P35568	Insulin receptor substrate 1	Homo sapiens	Encontrado	https://alphafold.ebi.ac.uk/entry/P35568
IRS1	missense_variant		757021553	P35568	rs757021553	R652H	0.854		P35568	Insulin receptor substrate 1	Homo sapiens	Encontrado	https://alphafold.ebi.ac.uk/entry/P35568
IRS1	missense_variant		757021553	P35568	rs757021553	R652H	0.21		P35568	Insulin receptor substrate 1	Homo sapiens	Encontrado	https://alphafold.ebi.ac.uk/entry/P35568
IRS1	missense_variant		757021553	P35568	rs757021553	R652H	0.05		P35568	Insulin receptor substrate 1	Homo sapiens	Encontrado	https://alphafold.ebi.ac.uk/entry/P35568
IRS1	missense_variant		757138873						P35568	Insulin receptor substrate 1	Homo sapiens	Encontrado	https://alphafold.ebi.ac.uk/entry/P35568
IRS1	missense_variant		757182552						P35568	Insulin receptor substrate 1	Homo sapiens	Encontrado	https://alphafold.ebi.ac.uk/entry/P35568
IRS1	missense_variant		757274201						P35568	Insulin receptor substrate 1	Homo sapiens	Encontrado	https://alphafold.ebi.ac.uk/entry/P35568
IRS1	missense_variant		757550813						P35568	Insulin receptor substrate 1	Homo sapiens	Encontrado	https://alphafold.ebi.ac.uk/entry/P35568
IRS1	missense_variant		757847610						P35568	Insulin receptor substrate 1	Homo sapiens	Encontrado	https://alphafold.ebi.ac.uk/entry/P35568
IRS1	missense_variant		757859064						P35568	Insulin receptor substrate 1	Homo sapiens	Encontrado	https://alphafold.ebi.ac.uk/entry/P35568
IRS1	missense_variant		758065603						P35568	Insulin receptor substrate 1	Homo sapiens	Encontrado	https://alphafold.ebi.ac.uk/entry/P35568
IRS1	missense_variant		758177031						P35568	Insulin receptor substrate 1	Homo sapiens	Encontrado	https://alphafold.ebi.ac.uk/entry/P35568
IRS1	missense_variant		758241055						P35568	Insulin receptor substrate 1	Homo sapiens	Encontrado	https://alphafold.ebi.ac.uk/entry/P35568
IRS1	missense_variant		758292085						P35568	Insulin receptor substrate 1	Homo sapiens	Encontrado	https://alphafold.ebi.ac.uk/entry/P35568
IRS1	missense_variant		758293706						P35568	Insulin receptor substrate 1	Homo sapiens	Encontrado	https://alphafold.ebi.ac.uk/entry/P35568
IRS1	missense_variant		758347503						P35568	Insulin receptor substrate 1	Homo sapiens	Encontrado	https://alphafold.ebi.ac.uk/entry/P35568
IRS1	missense_variant		758369265						P35568	Insulin receptor substrate 1	Homo sapiens	Encontrado	https://alphafold.ebi.ac.uk/entry/P35568
IRS1	missense_variant		758617015						P35568	Insulin receptor substrate 1	Homo sapiens	Encontrado	https://alphafold.ebi.ac.uk/entry/P35568
IRS1	missense_variant		758786699						P35568	Insulin receptor substrate 1	Homo sapiens	Encontrado	https://alphafold.ebi.ac.uk/entry/P35568
IRS1	missense_variant		758947835						P35568	Insulin receptor substrate 1	Homo sapiens	Encontrado	https://alphafold.ebi.ac.uk/entry/P35568
IRS1	missense_variant		759134261						P35568	Insulin receptor substrate 1	Homo sapiens	Encontrado	https://alphafold.ebi.ac.uk/entry/P35568
IRS1	missense_variant		759331297						P35568	Insulin receptor substrate 1	Homo sapiens	Encontrado	https://alphafold.ebi.ac.uk/entry/P35568
IRS1	missense_variant		759374843						P35568	Insulin receptor substrate 1	Homo sapiens	Encontrado	https://alphafold.ebi.ac.uk/entry/P35568
IRS1	missense_variant		759434975						P35568	Insulin receptor substrate 1	Homo sapiens	Encontrado	https://alphafold.ebi.ac.uk/entry/P35568
IRS1	missense_variant		759693572						P35568	Insulin receptor substrate 1	Homo sapiens	Encontrado	https://alphafold.ebi.ac.uk/entry/P35568
IRS1	missense_variant		759822993						P35568	Insulin receptor substrate 1	Homo sapiens	Encontrado	https://alphafold.ebi.ac.uk/entry/P35568
IRS1	missense_variant		759844899						P35568	Insulin receptor substrate 1	Homo sapiens	Encontrado	https://alphafold.ebi.ac.uk/entry/P35568
IRS1	missense_variant		759960668						P35568	Insulin receptor substrate 1	Homo sapiens	Encontrado	https://alphafold.ebi.ac.uk/entry/P35568
IRS1	missense_variant		760035936						P35568	Insulin receptor substrate 1	Homo sapiens	Encontrado	https://alphafold.ebi.ac.uk/entry/P35568
IRS1	missense_variant		760049423						P35568	Insulin receptor substrate 1	Homo sapiens	Encontrado	https://alphafold.ebi.ac.uk/entry/P35568
IRS1	missense_variant		760127800						P35568	Insulin receptor substrate 1	Homo sapiens	Encontrado	https://alphafold.ebi.ac.uk/entry/P35568
IRS1	missense_variant		760281604						P35568	Insulin receptor substrate 1	Homo sapiens	Encontrado	https://alphafold.ebi.ac.uk/entry/P35568
IRS1	missense_variant		760337441						P35568	Insulin receptor substrate 1	Homo sapiens	Encontrado	https://alphafold.ebi.ac.uk/entry/P35568
IRS1	missense_variant		760459347						P35568	Insulin receptor substrate 1	Homo sapiens	Encontrado	https://alphafold.ebi.ac.uk/entry/P35568
IRS1	missense_variant		760535759						P35568	Insulin receptor substrate 1	Homo sapiens	Encontrado	https://alphafold.ebi.ac.uk/entry/P35568
IRS1	missense_variant		760657606						P35568	Insulin receptor substrate 1	Homo sapiens	Encontrado	https://alphafold.ebi.ac.uk/entry/P35568
IRS1	missense_variant		760756636						P35568	Insulin receptor substrate 1	Homo sapiens	Encontrado	https://alphafold.ebi.ac.uk/entry/P35568
IRS1	missense_variant		760834543						P35568	Insulin receptor substrate 1	Homo sapiens	Encontrado	https://alphafold.ebi.ac.uk/entry/P35568
IRS1	missense_variant		761035932						P35568	Insulin receptor substrate 1	Homo sapiens	Encontrado	https://alphafold.ebi.ac.uk/entry/P35568
IRS1	missense_variant		761036006						P35568	Insulin receptor substrate 1	Homo sapiens	Encontrado	https://alphafold.ebi.ac.uk/entry/P35568
IRS1	missense_variant		761257723						P35568	Insulin receptor substrate 1	Homo sapiens	Encontrado	https://alphafold.ebi.ac.uk/entry/P35568
IRS1	missense_variant		761390879						P35568	Insulin receptor substrate 1	Homo sapiens	Encontrado	https://alphafold.ebi.ac.uk/entry/P35568
IRS1	missense_variant		761408187						P35568	Insulin receptor substrate 1	Homo sapiens	Encontrado	https://alphafold.ebi.ac.uk/entry/P35568
IRS1	missense_variant		761880854						P35568	Insulin receptor substrate 1	Homo sapiens	Encontrado	https://alphafold.ebi.ac.uk/entry/P35568
IRS1	missense_variant		761927466						P35568	Insulin receptor substrate 1	Homo sapiens	Encontrado	https://alphafold.ebi.ac.uk/entry/P35568
IRS1	missense_variant		761980443						P35568	Insulin receptor substrate 1	Homo sapiens	Encontrado	https://alphafold.ebi.ac.uk/entry/P35568
IRS1	missense_variant		762160657						P35568	Insulin receptor substrate 1	Homo sapiens	Encontrado	https://alphafold.ebi.ac.uk/entry/P35568
IRS1	missense_variant		762174937						P35568	Insulin receptor substrate 1	Homo sapiens	Encontrado	https://alphafold.ebi.ac.uk/entry/P35568
IRS1	missense_variant		762233329						P35568	Insulin receptor substrate 1	Homo sapiens	Encontrado	https://alphafold.ebi.ac.uk/entry/P35568
IRS1	missense_variant		762564505						P35568	Insulin receptor substrate 1	Homo sapiens	Encontrado	https://alphafold.ebi.ac.uk/entry/P35568
IRS1	missense_variant		762719820						P35568	Insulin receptor substrate 1	Homo sapiens	Encontrado	https://alphafold.ebi.ac.uk/entry/P35568
IRS1	missense_variant		762737282						P35568	Insulin receptor substrate 1	Homo sapiens	Encontrado	https://alphafold.ebi.ac.uk/entry/P35568
IRS1	missense_variant	uncertain significance	762739828	P35568	rs762739828	R373H	0.02		P35568	Insulin receptor substrate 1	Homo sapiens	Encontrado	https://alphafold.ebi.ac.uk/entry/P35568
IRS1	missense_variant		762744077						P35568	Insulin receptor substrate 1	Homo sapiens	Encontrado	https://alphafold.ebi.ac.uk/entry/P35568
IRS1	missense_variant		762833254	P35568	rs762833254	R33C	0.998		P35568	Insulin receptor substrate 1	Homo sapiens	Encontrado	https://alphafold.ebi.ac.uk/entry/P35568
IRS1	missense_variant		762833254	P35568	rs762833254	R33C	0.0		P35568	Insulin receptor substrate 1	Homo sapiens	Encontrado	https://alphafold.ebi.ac.uk/entry/P35568
IRS1	missense_variant		762833254	P35568	rs762833254	R33C	0.997		P35568	Insulin receptor substrate 1	Homo sapiens	Encontrado	https://alphafold.ebi.ac.uk/entry/P35568
IRS1	missense_variant		762833254	P35568	rs762833254	R33C	0.0		P35568	Insulin receptor substrate 1	Homo sapiens	Encontrado	https://alphafold.ebi.ac.uk/entry/P35568
IRS1	missense_variant		762837886						P35568	Insulin receptor substrate 1	Homo sapiens	Encontrado	https://alphafold.ebi.ac.uk/entry/P35568
IRS1	missense_variant	uncertain significance	763074456						P35568	Insulin receptor substrate 1	Homo sapiens	Encontrado	https://alphafold.ebi.ac.uk/entry/P35568
IRS1	missense_variant		763120587						P35568	Insulin receptor substrate 1	Homo sapiens	Encontrado	https://alphafold.ebi.ac.uk/entry/P35568
IRS1	missense_variant		763232901						P35568	Insulin receptor substrate 1	Homo sapiens	Encontrado	https://alphafold.ebi.ac.uk/entry/P35568
IRS1	missense_variant		763236922						P35568	Insulin receptor substrate 1	Homo sapiens	Encontrado	https://alphafold.ebi.ac.uk/entry/P35568
IRS1	missense_variant	uncertain significance	763246616						P35568	Insulin receptor substrate 1	Homo sapiens	Encontrado	https://alphafold.ebi.ac.uk/entry/P35568
IRS1	missense_variant		763295813						P35568	Insulin receptor substrate 1	Homo sapiens	Encontrado	https://alphafold.ebi.ac.uk/entry/P35568
IRS1	missense_variant		763355412						P35568	Insulin receptor substrate 1	Homo sapiens	Encontrado	https://alphafold.ebi.ac.uk/entry/P35568
IRS1	missense_variant		763843262						P35568	Insulin receptor substrate 1	Homo sapiens	Encontrado	https://alphafold.ebi.ac.uk/entry/P35568
IRS1	missense_variant	uncertain significance	763911795						P35568	Insulin receptor substrate 1	Homo sapiens	Encontrado	https://alphafold.ebi.ac.uk/entry/P35568
IRS1	missense_variant		763913578						P35568	Insulin receptor substrate 1	Homo sapiens	Encontrado	https://alphafold.ebi.ac.uk/entry/P35568
IRS1	missense_variant		764021548						P35568	Insulin receptor substrate 1	Homo sapiens	Encontrado	https://alphafold.ebi.ac.uk/entry/P35568
IRS1	missense_variant	uncertain significance	764042365						P35568	Insulin receptor substrate 1	Homo sapiens	Encontrado	https://alphafold.ebi.ac.uk/entry/P35568
IRS1	missense_variant	uncertain significance	764111957	P35568	rs764111957	P65H	0.999		P35568	Insulin receptor substrate 1	Homo sapiens	Encontrado	https://alphafold.ebi.ac.uk/entry/P35568
IRS1	missense_variant	uncertain significance	764111957	P35568	rs764111957	P65H	0.03		P35568	Insulin receptor substrate 1	Homo sapiens	Encontrado	https://alphafold.ebi.ac.uk/entry/P35568
IRS1	missense_variant		764398926						P35568	Insulin receptor substrate 1	Homo sapiens	Encontrado	https://alphafold.ebi.ac.uk/entry/P35568
IRS1	missense_variant		764570043						P35568	Insulin receptor substrate 1	Homo sapiens	Encontrado	https://alphafold.ebi.ac.uk/entry/P35568
IRS1	missense_variant		764594875						P35568	Insulin receptor substrate 1	Homo sapiens	Encontrado	https://alphafold.ebi.ac.uk/entry/P35568
IRS1	missense_variant		764633017						P35568	Insulin receptor substrate 1	Homo sapiens	Encontrado	https://alphafold.ebi.ac.uk/entry/P35568
IRS1	missense_variant		764836359						P35568	Insulin receptor substrate 1	Homo sapiens	Encontrado	https://alphafold.ebi.ac.uk/entry/P35568
IRS1	missense_variant		764972527						P35568	Insulin receptor substrate 1	Homo sapiens	Encontrado	https://alphafold.ebi.ac.uk/entry/P35568
IRS1	missense_variant		764990052	P35568	rs764990052	R410W	0.999		P35568	Insulin receptor substrate 1	Homo sapiens	Encontrado	https://alphafold.ebi.ac.uk/entry/P35568
IRS1	missense_variant		764990052	P35568	rs764990052	R410W	0.02		P35568	Insulin receptor substrate 1	Homo sapiens	Encontrado	https://alphafold.ebi.ac.uk/entry/P35568
IRS1	missense_variant		764990052	P35568	rs764990052	R410W	0.0		P35568	Insulin receptor substrate 1	Homo sapiens	Encontrado	https://alphafold.ebi.ac.uk/entry/P35568
IRS1	missense_variant	uncertain significance	765137973						P35568	Insulin receptor substrate 1	Homo sapiens	Encontrado	https://alphafold.ebi.ac.uk/entry/P35568
IRS1	missense_variant		765162281						P35568	Insulin receptor substrate 1	Homo sapiens	Encontrado	https://alphafold.ebi.ac.uk/entry/P35568
IRS1	missense_variant		765204298	P35568	rs765204298	R285H	0.996		P35568	Insulin receptor substrate 1	Homo sapiens	Encontrado	https://alphafold.ebi.ac.uk/entry/P35568
IRS1	missense_variant		765204298	P35568	rs765204298	R285H	0.0		P35568	Insulin receptor substrate 1	Homo sapiens	Encontrado	https://alphafold.ebi.ac.uk/entry/P35568
IRS1	missense_variant		765204298	P35568	rs765204298	R285H	0.0		P35568	Insulin receptor substrate 1	Homo sapiens	Encontrado	https://alphafold.ebi.ac.uk/entry/P35568
IRS1	missense_variant		765349547						P35568	Insulin receptor substrate 1	Homo sapiens	Encontrado	https://alphafold.ebi.ac.uk/entry/P35568
IRS1	missense_variant		765447856						P35568	Insulin receptor substrate 1	Homo sapiens	Encontrado	https://alphafold.ebi.ac.uk/entry/P35568
IRS1	missense_variant		765622405						P35568	Insulin receptor substrate 1	Homo sapiens	Encontrado	https://alphafold.ebi.ac.uk/entry/P35568
IRS1	missense_variant		765623278						P35568	Insulin receptor substrate 1	Homo sapiens	Encontrado	https://alphafold.ebi.ac.uk/entry/P35568
IRS1	missense_variant		765722350						P35568	Insulin receptor substrate 1	Homo sapiens	Encontrado	https://alphafold.ebi.ac.uk/entry/P35568
IRS1	missense_variant		765744351						P35568	Insulin receptor substrate 1	Homo sapiens	Encontrado	https://alphafold.ebi.ac.uk/entry/P35568
IRS1	missense_variant		765846492						P35568	Insulin receptor substrate 1	Homo sapiens	Encontrado	https://alphafold.ebi.ac.uk/entry/P35568
IRS1	missense_variant		765919941						P35568	Insulin receptor substrate 1	Homo sapiens	Encontrado	https://alphafold.ebi.ac.uk/entry/P35568
IRS1	missense_variant		765949576						P35568	Insulin receptor substrate 1	Homo sapiens	Encontrado	https://alphafold.ebi.ac.uk/entry/P35568
IRS1	missense_variant		766308581						P35568	Insulin receptor substrate 1	Homo sapiens	Encontrado	https://alphafold.ebi.ac.uk/entry/P35568
IRS1	missense_variant		766674987						P35568	Insulin receptor substrate 1	Homo sapiens	Encontrado	https://alphafold.ebi.ac.uk/entry/P35568
IRS1	missense_variant		766694605						P35568	Insulin receptor substrate 1	Homo sapiens	Encontrado	https://alphafold.ebi.ac.uk/entry/P35568
IRS1	missense_variant		766758551						P35568	Insulin receptor substrate 1	Homo sapiens	Encontrado	https://alphafold.ebi.ac.uk/entry/P35568
IRS1	missense_variant		766903970						P35568	Insulin receptor substrate 1	Homo sapiens	Encontrado	https://alphafold.ebi.ac.uk/entry/P35568
IRS1	missense_variant		767081987						P35568	Insulin receptor substrate 1	Homo sapiens	Encontrado	https://alphafold.ebi.ac.uk/entry/P35568
IRS1	missense_variant		767082046						P35568	Insulin receptor substrate 1	Homo sapiens	Encontrado	https://alphafold.ebi.ac.uk/entry/P35568
IRS1	missense_variant	uncertain significance	767092986						P35568	Insulin receptor substrate 1	Homo sapiens	Encontrado	https://alphafold.ebi.ac.uk/entry/P35568
IRS1	missense_variant		767174986						P35568	Insulin receptor substrate 1	Homo sapiens	Encontrado	https://alphafold.ebi.ac.uk/entry/P35568
IRS1	missense_variant		767341553						P35568	Insulin receptor substrate 1	Homo sapiens	Encontrado	https://alphafold.ebi.ac.uk/entry/P35568
IRS1	missense_variant		767546323						P35568	Insulin receptor substrate 1	Homo sapiens	Encontrado	https://alphafold.ebi.ac.uk/entry/P35568
IRS1	missense_variant		767686104	P35568	rs767686104	R986W	0.425		P35568	Insulin receptor substrate 1	Homo sapiens	Encontrado	https://alphafold.ebi.ac.uk/entry/P35568
IRS1	missense_variant		767686104	P35568	rs767686104	R986W	0.01		P35568	Insulin receptor substrate 1	Homo sapiens	Encontrado	https://alphafold.ebi.ac.uk/entry/P35568
IRS1	missense_variant		767686104	P35568	rs767686104	R986W	0.0		P35568	Insulin receptor substrate 1	Homo sapiens	Encontrado	https://alphafold.ebi.ac.uk/entry/P35568
IRS1	missense_variant		767817629						P35568	Insulin receptor substrate 1	Homo sapiens	Encontrado	https://alphafold.ebi.ac.uk/entry/P35568
IRS1	missense_variant		768001552	P35568	rs768001552	A328T	0.106		P35568	Insulin receptor substrate 1	Homo sapiens	Encontrado	https://alphafold.ebi.ac.uk/entry/P35568
IRS1	missense_variant		768001552	P35568	rs768001552	A328T	1.0		P35568	Insulin receptor substrate 1	Homo sapiens	Encontrado	https://alphafold.ebi.ac.uk/entry/P35568
IRS1	missense_variant		768001552	P35568	rs768001552	A328T	0.57		P35568	Insulin receptor substrate 1	Homo sapiens	Encontrado	https://alphafold.ebi.ac.uk/entry/P35568
IRS1	missense_variant		768016050						P35568	Insulin receptor substrate 1	Homo sapiens	Encontrado	https://alphafold.ebi.ac.uk/entry/P35568
IRS1	missense_variant		768153308						P35568	Insulin receptor substrate 1	Homo sapiens	Encontrado	https://alphafold.ebi.ac.uk/entry/P35568
IRS1	missense_variant	uncertain significance	768273402	P35568	rs768273402	R785Q	0.67		P35568	Insulin receptor substrate 1	Homo sapiens	Encontrado	https://alphafold.ebi.ac.uk/entry/P35568
IRS1	missense_variant		768356298						P35568	Insulin receptor substrate 1	Homo sapiens	Encontrado	https://alphafold.ebi.ac.uk/entry/P35568
IRS1	missense_variant		768690706						P35568	Insulin receptor substrate 1	Homo sapiens	Encontrado	https://alphafold.ebi.ac.uk/entry/P35568
IRS1	missense_variant		768720270						P35568	Insulin receptor substrate 1	Homo sapiens	Encontrado	https://alphafold.ebi.ac.uk/entry/P35568
IRS1	missense_variant		768780393						P35568	Insulin receptor substrate 1	Homo sapiens	Encontrado	https://alphafold.ebi.ac.uk/entry/P35568
IRS1	missense_variant		768810160						P35568	Insulin receptor substrate 1	Homo sapiens	Encontrado	https://alphafold.ebi.ac.uk/entry/P35568
IRS1	missense_variant		768842504						P35568	Insulin receptor substrate 1	Homo sapiens	Encontrado	https://alphafold.ebi.ac.uk/entry/P35568
IRS1	missense_variant		768932529	P35568	rs768932529	G424S	0.981		P35568	Insulin receptor substrate 1	Homo sapiens	Encontrado	https://alphafold.ebi.ac.uk/entry/P35568
IRS1	missense_variant		768932529	P35568	rs768932529	G424S	0.05		P35568	Insulin receptor substrate 1	Homo sapiens	Encontrado	https://alphafold.ebi.ac.uk/entry/P35568
IRS1	missense_variant		768932529	P35568	rs768932529	G424S	0.02		P35568	Insulin receptor substrate 1	Homo sapiens	Encontrado	https://alphafold.ebi.ac.uk/entry/P35568
IRS1	missense_variant		768966933						P35568	Insulin receptor substrate 1	Homo sapiens	Encontrado	https://alphafold.ebi.ac.uk/entry/P35568
IRS1	missense_variant		769072759						P35568	Insulin receptor substrate 1	Homo sapiens	Encontrado	https://alphafold.ebi.ac.uk/entry/P35568
IRS1	missense_variant		769173923						P35568	Insulin receptor substrate 1	Homo sapiens	Encontrado	https://alphafold.ebi.ac.uk/entry/P35568
IRS1	missense_variant		769224709						P35568	Insulin receptor substrate 1	Homo sapiens	Encontrado	https://alphafold.ebi.ac.uk/entry/P35568
IRS1	missense_variant		769228929						P35568	Insulin receptor substrate 1	Homo sapiens	Encontrado	https://alphafold.ebi.ac.uk/entry/P35568
IRS1	missense_variant	uncertain significance	769250896	P35568	rs769250896	G596W	0.0		P35568	Insulin receptor substrate 1	Homo sapiens	Encontrado	https://alphafold.ebi.ac.uk/entry/P35568
IRS1	missense_variant		769318852						P35568	Insulin receptor substrate 1	Homo sapiens	Encontrado	https://alphafold.ebi.ac.uk/entry/P35568
IRS1	missense_variant		769425915						P35568	Insulin receptor substrate 1	Homo sapiens	Encontrado	https://alphafold.ebi.ac.uk/entry/P35568
IRS1	missense_variant		769456251						P35568	Insulin receptor substrate 1	Homo sapiens	Encontrado	https://alphafold.ebi.ac.uk/entry/P35568
IRS1	missense_variant	uncertain significance	769492524	P35568	rs769492524	H788Y	1.0		P35568	Insulin receptor substrate 1	Homo sapiens	Encontrado	https://alphafold.ebi.ac.uk/entry/P35568
IRS1	missense_variant		769578293						P35568	Insulin receptor substrate 1	Homo sapiens	Encontrado	https://alphafold.ebi.ac.uk/entry/P35568
IRS1	missense_variant		769578886						P35568	Insulin receptor substrate 1	Homo sapiens	Encontrado	https://alphafold.ebi.ac.uk/entry/P35568
IRS1	missense_variant		769620804						P35568	Insulin receptor substrate 1	Homo sapiens	Encontrado	https://alphafold.ebi.ac.uk/entry/P35568
IRS1	missense_variant		769889211						P35568	Insulin receptor substrate 1	Homo sapiens	Encontrado	https://alphafold.ebi.ac.uk/entry/P35568
IRS1	missense_variant		770026829						P35568	Insulin receptor substrate 1	Homo sapiens	Encontrado	https://alphafold.ebi.ac.uk/entry/P35568
IRS1	missense_variant		770051216						P35568	Insulin receptor substrate 1	Homo sapiens	Encontrado	https://alphafold.ebi.ac.uk/entry/P35568
IRS1	missense_variant	uncertain significance	770397566						P35568	Insulin receptor substrate 1	Homo sapiens	Encontrado	https://alphafold.ebi.ac.uk/entry/P35568
IRS1	missense_variant		770400020						P35568	Insulin receptor substrate 1	Homo sapiens	Encontrado	https://alphafold.ebi.ac.uk/entry/P35568
IRS1	missense_variant		770541402						P35568	Insulin receptor substrate 1	Homo sapiens	Encontrado	https://alphafold.ebi.ac.uk/entry/P35568
IRS1	missense_variant	uncertain significance	770740222						P35568	Insulin receptor substrate 1	Homo sapiens	Encontrado	https://alphafold.ebi.ac.uk/entry/P35568
IRS1	missense_variant		770781927						P35568	Insulin receptor substrate 1	Homo sapiens	Encontrado	https://alphafold.ebi.ac.uk/entry/P35568
IRS1	missense_variant		770949631						P35568	Insulin receptor substrate 1	Homo sapiens	Encontrado	https://alphafold.ebi.ac.uk/entry/P35568
IRS1	missense_variant		770993310						P35568	Insulin receptor substrate 1	Homo sapiens	Encontrado	https://alphafold.ebi.ac.uk/entry/P35568
IRS1	missense_variant	uncertain significance	770995196						P35568	Insulin receptor substrate 1	Homo sapiens	Encontrado	https://alphafold.ebi.ac.uk/entry/P35568
IRS1	missense_variant		771049966						P35568	Insulin receptor substrate 1	Homo sapiens	Encontrado	https://alphafold.ebi.ac.uk/entry/P35568
IRS1	missense_variant		771065217						P35568	Insulin receptor substrate 1	Homo sapiens	Encontrado	https://alphafold.ebi.ac.uk/entry/P35568
IRS1	missense_variant		771146954	P35568	rs771146954	R364W	0.989		P35568	Insulin receptor substrate 1	Homo sapiens	Encontrado	https://alphafold.ebi.ac.uk/entry/P35568
IRS1	missense_variant		771146954	P35568	rs771146954	R364W	0.01		P35568	Insulin receptor substrate 1	Homo sapiens	Encontrado	https://alphafold.ebi.ac.uk/entry/P35568
IRS1	missense_variant		771146954	P35568	rs771146954	R364W	0.0		P35568	Insulin receptor substrate 1	Homo sapiens	Encontrado	https://alphafold.ebi.ac.uk/entry/P35568
IRS1	missense_variant		771270167						P35568	Insulin receptor substrate 1	Homo sapiens	Encontrado	https://alphafold.ebi.ac.uk/entry/P35568
IRS1	missense_variant		771429209						P35568	Insulin receptor substrate 1	Homo sapiens	Encontrado	https://alphafold.ebi.ac.uk/entry/P35568
IRS1	missense_variant		771539785						P35568	Insulin receptor substrate 1	Homo sapiens	Encontrado	https://alphafold.ebi.ac.uk/entry/P35568
IRS1	missense_variant		771593061						P35568	Insulin receptor substrate 1	Homo sapiens	Encontrado	https://alphafold.ebi.ac.uk/entry/P35568
IRS1	missense_variant		771648318						P35568	Insulin receptor substrate 1	Homo sapiens	Encontrado	https://alphafold.ebi.ac.uk/entry/P35568
IRS1	missense_variant		771926934	P35568	rs771926934	V738A	0.0		P35568	Insulin receptor substrate 1	Homo sapiens	Encontrado	https://alphafold.ebi.ac.uk/entry/P35568
IRS1	missense_variant		771926934	P35568	rs771926934	V738A	0.87		P35568	Insulin receptor substrate 1	Homo sapiens	Encontrado	https://alphafold.ebi.ac.uk/entry/P35568
IRS1	missense_variant		771926934	P35568	rs771926934	V738A	1.0		P35568	Insulin receptor substrate 1	Homo sapiens	Encontrado	https://alphafold.ebi.ac.uk/entry/P35568
IRS1	missense_variant		772126823						P35568	Insulin receptor substrate 1	Homo sapiens	Encontrado	https://alphafold.ebi.ac.uk/entry/P35568
IRS1	missense_variant		772164561						P35568	Insulin receptor substrate 1	Homo sapiens	Encontrado	https://alphafold.ebi.ac.uk/entry/P35568
IRS1	missense_variant		772198497						P35568	Insulin receptor substrate 1	Homo sapiens	Encontrado	https://alphafold.ebi.ac.uk/entry/P35568
IRS1	missense_variant		772248279						P35568	Insulin receptor substrate 1	Homo sapiens	Encontrado	https://alphafold.ebi.ac.uk/entry/P35568
IRS1	missense_variant		772252366						P35568	Insulin receptor substrate 1	Homo sapiens	Encontrado	https://alphafold.ebi.ac.uk/entry/P35568
IRS1	missense_variant		772277263						P35568	Insulin receptor substrate 1	Homo sapiens	Encontrado	https://alphafold.ebi.ac.uk/entry/P35568
IRS1	missense_variant		772637039						P35568	Insulin receptor substrate 1	Homo sapiens	Encontrado	https://alphafold.ebi.ac.uk/entry/P35568
IRS1	missense_variant		772676919						P35568	Insulin receptor substrate 1	Homo sapiens	Encontrado	https://alphafold.ebi.ac.uk/entry/P35568
IRS1	missense_variant		772688088						P35568	Insulin receptor substrate 1	Homo sapiens	Encontrado	https://alphafold.ebi.ac.uk/entry/P35568
IRS1	missense_variant		772786636						P35568	Insulin receptor substrate 1	Homo sapiens	Encontrado	https://alphafold.ebi.ac.uk/entry/P35568
IRS1	missense_variant		772844464						P35568	Insulin receptor substrate 1	Homo sapiens	Encontrado	https://alphafold.ebi.ac.uk/entry/P35568
IRS1	missense_variant		772845560						P35568	Insulin receptor substrate 1	Homo sapiens	Encontrado	https://alphafold.ebi.ac.uk/entry/P35568
IRS1	missense_variant		773051389						P35568	Insulin receptor substrate 1	Homo sapiens	Encontrado	https://alphafold.ebi.ac.uk/entry/P35568
IRS1	missense_variant		773124039						P35568	Insulin receptor substrate 1	Homo sapiens	Encontrado	https://alphafold.ebi.ac.uk/entry/P35568
IRS1	missense_variant		773279403						P35568	Insulin receptor substrate 1	Homo sapiens	Encontrado	https://alphafold.ebi.ac.uk/entry/P35568
IRS1	missense_variant		773295903						P35568	Insulin receptor substrate 1	Homo sapiens	Encontrado	https://alphafold.ebi.ac.uk/entry/P35568
IRS1	missense_variant		773394157						P35568	Insulin receptor substrate 1	Homo sapiens	Encontrado	https://alphafold.ebi.ac.uk/entry/P35568
IRS1	missense_variant		773580430						P35568	Insulin receptor substrate 1	Homo sapiens	Encontrado	https://alphafold.ebi.ac.uk/entry/P35568
IRS1	missense_variant		773676793						P35568	Insulin receptor substrate 1	Homo sapiens	Encontrado	https://alphafold.ebi.ac.uk/entry/P35568
IRS1	missense_variant		773817315	P35568	rs773817315	A356T	0.015		P35568	Insulin receptor substrate 1	Homo sapiens	Encontrado	https://alphafold.ebi.ac.uk/entry/P35568
IRS1	missense_variant		773817315	P35568	rs773817315	A356T	0.7		P35568	Insulin receptor substrate 1	Homo sapiens	Encontrado	https://alphafold.ebi.ac.uk/entry/P35568
IRS1	missense_variant		773817315	P35568	rs773817315	A356T	0.89		P35568	Insulin receptor substrate 1	Homo sapiens	Encontrado	https://alphafold.ebi.ac.uk/entry/P35568
IRS1	missense_variant		773839567						P35568	Insulin receptor substrate 1	Homo sapiens	Encontrado	https://alphafold.ebi.ac.uk/entry/P35568
IRS1	missense_variant		774360966						P35568	Insulin receptor substrate 1	Homo sapiens	Encontrado	https://alphafold.ebi.ac.uk/entry/P35568
IRS1	missense_variant		774455090						P35568	Insulin receptor substrate 1	Homo sapiens	Encontrado	https://alphafold.ebi.ac.uk/entry/P35568
IRS1	missense_variant		774562245						P35568	Insulin receptor substrate 1	Homo sapiens	Encontrado	https://alphafold.ebi.ac.uk/entry/P35568
IRS1	missense_variant		774812399						P35568	Insulin receptor substrate 1	Homo sapiens	Encontrado	https://alphafold.ebi.ac.uk/entry/P35568
IRS1	missense_variant		775015069						P35568	Insulin receptor substrate 1	Homo sapiens	Encontrado	https://alphafold.ebi.ac.uk/entry/P35568
IRS1	missense_variant		775030251						P35568	Insulin receptor substrate 1	Homo sapiens	Encontrado	https://alphafold.ebi.ac.uk/entry/P35568
IRS1	missense_variant		775121566						P35568	Insulin receptor substrate 1	Homo sapiens	Encontrado	https://alphafold.ebi.ac.uk/entry/P35568
IRS1	missense_variant	uncertain significance	775194779	P35568	rs775194779	R360W	0.952		P35568	Insulin receptor substrate 1	Homo sapiens	Encontrado	https://alphafold.ebi.ac.uk/entry/P35568
IRS1	missense_variant	uncertain significance	775194779	P35568	rs775194779	R360W	0.0		P35568	Insulin receptor substrate 1	Homo sapiens	Encontrado	https://alphafold.ebi.ac.uk/entry/P35568
IRS1	missense_variant	uncertain significance	775194779	P35568	rs775194779	R360W	0.0		P35568	Insulin receptor substrate 1	Homo sapiens	Encontrado	https://alphafold.ebi.ac.uk/entry/P35568
IRS1	missense_variant		775198010						P35568	Insulin receptor substrate 1	Homo sapiens	Encontrado	https://alphafold.ebi.ac.uk/entry/P35568
IRS1	missense_variant		775603579						P35568	Insulin receptor substrate 1	Homo sapiens	Encontrado	https://alphafold.ebi.ac.uk/entry/P35568
IRS1	missense_variant		775717471						P35568	Insulin receptor substrate 1	Homo sapiens	Encontrado	https://alphafold.ebi.ac.uk/entry/P35568
IRS1	missense_variant		775770356						P35568	Insulin receptor substrate 1	Homo sapiens	Encontrado	https://alphafold.ebi.ac.uk/entry/P35568
IRS1	missense_variant		775805301						P35568	Insulin receptor substrate 1	Homo sapiens	Encontrado	https://alphafold.ebi.ac.uk/entry/P35568
IRS1	missense_variant		775881702						P35568	Insulin receptor substrate 1	Homo sapiens	Encontrado	https://alphafold.ebi.ac.uk/entry/P35568
IRS1	missense_variant		776071984						P35568	Insulin receptor substrate 1	Homo sapiens	Encontrado	https://alphafold.ebi.ac.uk/entry/P35568
IRS1	missense_variant		776143235						P35568	Insulin receptor substrate 1	Homo sapiens	Encontrado	https://alphafold.ebi.ac.uk/entry/P35568
IRS1	missense_variant		776250632						P35568	Insulin receptor substrate 1	Homo sapiens	Encontrado	https://alphafold.ebi.ac.uk/entry/P35568
IRS1	missense_variant		776263218						P35568	Insulin receptor substrate 1	Homo sapiens	Encontrado	https://alphafold.ebi.ac.uk/entry/P35568
IRS1	missense_variant		776281879						P35568	Insulin receptor substrate 1	Homo sapiens	Encontrado	https://alphafold.ebi.ac.uk/entry/P35568
IRS1	missense_variant		776343218						P35568	Insulin receptor substrate 1	Homo sapiens	Encontrado	https://alphafold.ebi.ac.uk/entry/P35568
IRS1	missense_variant		776626811						P35568	Insulin receptor substrate 1	Homo sapiens	Encontrado	https://alphafold.ebi.ac.uk/entry/P35568
IRS1	missense_variant		776664003						P35568	Insulin receptor substrate 1	Homo sapiens	Encontrado	https://alphafold.ebi.ac.uk/entry/P35568
IRS1	missense_variant		776841403						P35568	Insulin receptor substrate 1	Homo sapiens	Encontrado	https://alphafold.ebi.ac.uk/entry/P35568
IRS1	missense_variant		776903727						P35568	Insulin receptor substrate 1	Homo sapiens	Encontrado	https://alphafold.ebi.ac.uk/entry/P35568
IRS1	missense_variant		776939750						P35568	Insulin receptor substrate 1	Homo sapiens	Encontrado	https://alphafold.ebi.ac.uk/entry/P35568
IRS1	missense_variant	uncertain significance	777096116	P35568	rs777096116	S636N	0.0		P35568	Insulin receptor substrate 1	Homo sapiens	Encontrado	https://alphafold.ebi.ac.uk/entry/P35568
IRS1	missense_variant		777099124						P35568	Insulin receptor substrate 1	Homo sapiens	Encontrado	https://alphafold.ebi.ac.uk/entry/P35568
IRS1	missense_variant		777430126						P35568	Insulin receptor substrate 1	Homo sapiens	Encontrado	https://alphafold.ebi.ac.uk/entry/P35568
IRS1	missense_variant	uncertain significance	777548680	P35568	rs777548680	Q1235R	0.02		P35568	Insulin receptor substrate 1	Homo sapiens	Encontrado	https://alphafold.ebi.ac.uk/entry/P35568
IRS1	missense_variant		777666532						P35568	Insulin receptor substrate 1	Homo sapiens	Encontrado	https://alphafold.ebi.ac.uk/entry/P35568
IRS1	missense_variant		777756375						P35568	Insulin receptor substrate 1	Homo sapiens	Encontrado	https://alphafold.ebi.ac.uk/entry/P35568
IRS1	missense_variant	uncertain significance	777791193						P35568	Insulin receptor substrate 1	Homo sapiens	Encontrado	https://alphafold.ebi.ac.uk/entry/P35568
IRS1	missense_variant		777851974						P35568	Insulin receptor substrate 1	Homo sapiens	Encontrado	https://alphafold.ebi.ac.uk/entry/P35568
IRS1	missense_variant		777987963						P35568	Insulin receptor substrate 1	Homo sapiens	Encontrado	https://alphafold.ebi.ac.uk/entry/P35568
IRS1	missense_variant		778334322						P35568	Insulin receptor substrate 1	Homo sapiens	Encontrado	https://alphafold.ebi.ac.uk/entry/P35568
IRS1	missense_variant		778348940						P35568	Insulin receptor substrate 1	Homo sapiens	Encontrado	https://alphafold.ebi.ac.uk/entry/P35568
IRS1	missense_variant		778618825						P35568	Insulin receptor substrate 1	Homo sapiens	Encontrado	https://alphafold.ebi.ac.uk/entry/P35568
IRS1	missense_variant		778699204						P35568	Insulin receptor substrate 1	Homo sapiens	Encontrado	https://alphafold.ebi.ac.uk/entry/P35568
IRS1	missense_variant		778801905						P35568	Insulin receptor substrate 1	Homo sapiens	Encontrado	https://alphafold.ebi.ac.uk/entry/P35568
IRS1	missense_variant	uncertain significance	778839568	P35568	rs778839568	R790H	0.27		P35568	Insulin receptor substrate 1	Homo sapiens	Encontrado	https://alphafold.ebi.ac.uk/entry/P35568
IRS1	missense_variant		779252822						P35568	Insulin receptor substrate 1	Homo sapiens	Encontrado	https://alphafold.ebi.ac.uk/entry/P35568
IRS1	missense_variant		779385759						P35568	Insulin receptor substrate 1	Homo sapiens	Encontrado	https://alphafold.ebi.ac.uk/entry/P35568
IRS1	missense_variant		779453938						P35568	Insulin receptor substrate 1	Homo sapiens	Encontrado	https://alphafold.ebi.ac.uk/entry/P35568
IRS1	missense_variant		779491582						P35568	Insulin receptor substrate 1	Homo sapiens	Encontrado	https://alphafold.ebi.ac.uk/entry/P35568
IRS1	missense_variant		779584301						P35568	Insulin receptor substrate 1	Homo sapiens	Encontrado	https://alphafold.ebi.ac.uk/entry/P35568
IRS1	missense_variant		779660430						P35568	Insulin receptor substrate 1	Homo sapiens	Encontrado	https://alphafold.ebi.ac.uk/entry/P35568
IRS1	missense_variant		779691277						P35568	Insulin receptor substrate 1	Homo sapiens	Encontrado	https://alphafold.ebi.ac.uk/entry/P35568
IRS1	missense_variant	uncertain significance	779847464						P35568	Insulin receptor substrate 1	Homo sapiens	Encontrado	https://alphafold.ebi.ac.uk/entry/P35568
IRS1	missense_variant		779852070						P35568	Insulin receptor substrate 1	Homo sapiens	Encontrado	https://alphafold.ebi.ac.uk/entry/P35568
IRS1	missense_variant		779946052						P35568	Insulin receptor substrate 1	Homo sapiens	Encontrado	https://alphafold.ebi.ac.uk/entry/P35568
IRS1	missense_variant		780154777						P35568	Insulin receptor substrate 1	Homo sapiens	Encontrado	https://alphafold.ebi.ac.uk/entry/P35568
IRS1	missense_variant		780282946						P35568	Insulin receptor substrate 1	Homo sapiens	Encontrado	https://alphafold.ebi.ac.uk/entry/P35568
IRS1	missense_variant		780602110						P35568	Insulin receptor substrate 1	Homo sapiens	Encontrado	https://alphafold.ebi.ac.uk/entry/P35568
IRS1	missense_variant		780609564						P35568	Insulin receptor substrate 1	Homo sapiens	Encontrado	https://alphafold.ebi.ac.uk/entry/P35568
IRS1	missense_variant		780720173						P35568	Insulin receptor substrate 1	Homo sapiens	Encontrado	https://alphafold.ebi.ac.uk/entry/P35568
IRS1	missense_variant		780728690						P35568	Insulin receptor substrate 1	Homo sapiens	Encontrado	https://alphafold.ebi.ac.uk/entry/P35568
IRS1	missense_variant		780827968						P35568	Insulin receptor substrate 1	Homo sapiens	Encontrado	https://alphafold.ebi.ac.uk/entry/P35568
IRS1	missense_variant		780844591						P35568	Insulin receptor substrate 1	Homo sapiens	Encontrado	https://alphafold.ebi.ac.uk/entry/P35568
IRS1	missense_variant		780995783						P35568	Insulin receptor substrate 1	Homo sapiens	Encontrado	https://alphafold.ebi.ac.uk/entry/P35568
IRS1	missense_variant	uncertain significance	781090877	P35568	rs781090877	E961K	0.73		P35568	Insulin receptor substrate 1	Homo sapiens	Encontrado	https://alphafold.ebi.ac.uk/entry/P35568
IRS1	missense_variant		781283728						P35568	Insulin receptor substrate 1	Homo sapiens	Encontrado	https://alphafold.ebi.ac.uk/entry/P35568
IRS1	missense_variant		781289610						P35568	Insulin receptor substrate 1	Homo sapiens	Encontrado	https://alphafold.ebi.ac.uk/entry/P35568
IRS1	missense_variant	uncertain significance	781408207	P35568	rs781408207	R1089C	0.01		P35568	Insulin receptor substrate 1	Homo sapiens	Encontrado	https://alphafold.ebi.ac.uk/entry/P35568
IRS1	missense_variant	uncertain significance	781558518	P35568	rs781558518	S307G	0.0		P35568	Insulin receptor substrate 1	Homo sapiens	Encontrado	https://alphafold.ebi.ac.uk/entry/P35568
IRS1	missense_variant		781654199	P35568	rs781654199	R776C	0.897		P35568	Insulin receptor substrate 1	Homo sapiens	Encontrado	https://alphafold.ebi.ac.uk/entry/P35568
IRS1	missense_variant		781654199	P35568	rs781654199	R776C	0.0		P35568	Insulin receptor substrate 1	Homo sapiens	Encontrado	https://alphafold.ebi.ac.uk/entry/P35568
IRS1	missense_variant		781654199	P35568	rs781654199	R776C	0.0		P35568	Insulin receptor substrate 1	Homo sapiens	Encontrado	https://alphafold.ebi.ac.uk/entry/P35568
IRS1	missense_variant		781722234						P35568	Insulin receptor substrate 1	Homo sapiens	Encontrado	https://alphafold.ebi.ac.uk/entry/P35568
IRS1	missense_variant		78333894						P35568	Insulin receptor substrate 1	Homo sapiens	Encontrado	https://alphafold.ebi.ac.uk/entry/P35568
IRS1	missense_variant	benign	79966905						P35568	Insulin receptor substrate 1	Homo sapiens	Encontrado	https://alphafold.ebi.ac.uk/entry/P35568
IRS1	missense_variant		865937681						P35568	Insulin receptor substrate 1	Homo sapiens	Encontrado	https://alphafold.ebi.ac.uk/entry/P35568
IRS1	missense_variant		865939502						P35568	Insulin receptor substrate 1	Homo sapiens	Encontrado	https://alphafold.ebi.ac.uk/entry/P35568
IRS1	missense_variant		866242029						P35568	Insulin receptor substrate 1	Homo sapiens	Encontrado	https://alphafold.ebi.ac.uk/entry/P35568
IRS1	missense_variant		866580419	P35568	rs866580419	R258W	0.965		P35568	Insulin receptor substrate 1	Homo sapiens	Encontrado	https://alphafold.ebi.ac.uk/entry/P35568
IRS1	missense_variant		866580419	P35568	rs866580419	R258W	0.0		P35568	Insulin receptor substrate 1	Homo sapiens	Encontrado	https://alphafold.ebi.ac.uk/entry/P35568
IRS1	missense_variant		866580419	P35568	rs866580419	R258W	0.0		P35568	Insulin receptor substrate 1	Homo sapiens	Encontrado	https://alphafold.ebi.ac.uk/entry/P35568
IRS1	missense_variant		866672328						P35568	Insulin receptor substrate 1	Homo sapiens	Encontrado	https://alphafold.ebi.ac.uk/entry/P35568
IRS1	missense_variant		867742038						P35568	Insulin receptor substrate 1	Homo sapiens	Encontrado	https://alphafold.ebi.ac.uk/entry/P35568
IRS1	missense_variant		879145611						P35568	Insulin receptor substrate 1	Homo sapiens	Encontrado	https://alphafold.ebi.ac.uk/entry/P35568
IRS1	missense_variant		879391370						P35568	Insulin receptor substrate 1	Homo sapiens	Encontrado	https://alphafold.ebi.ac.uk/entry/P35568
IRS1	missense_variant		887876961						P35568	Insulin receptor substrate 1	Homo sapiens	Encontrado	https://alphafold.ebi.ac.uk/entry/P35568
IRS1	missense_variant		888520450						P35568	Insulin receptor substrate 1	Homo sapiens	Encontrado	https://alphafold.ebi.ac.uk/entry/P35568
IRS1	missense_variant		890981223						P35568	Insulin receptor substrate 1	Homo sapiens	Encontrado	https://alphafold.ebi.ac.uk/entry/P35568
IRS1	missense_variant		891382490						P35568	Insulin receptor substrate 1	Homo sapiens	Encontrado	https://alphafold.ebi.ac.uk/entry/P35568
IRS1	missense_variant		892218709						P35568	Insulin receptor substrate 1	Homo sapiens	Encontrado	https://alphafold.ebi.ac.uk/entry/P35568
IRS1	missense_variant		894163217						P35568	Insulin receptor substrate 1	Homo sapiens	Encontrado	https://alphafold.ebi.ac.uk/entry/P35568
IRS1	missense_variant		896026781	P35568	rs896026781	R457C	0.959		P35568	Insulin receptor substrate 1	Homo sapiens	Encontrado	https://alphafold.ebi.ac.uk/entry/P35568
IRS1	missense_variant		896026781	P35568	rs896026781	R457C	0.0		P35568	Insulin receptor substrate 1	Homo sapiens	Encontrado	https://alphafold.ebi.ac.uk/entry/P35568
IRS1	missense_variant		896026781	P35568	rs896026781	R457C	0.0		P35568	Insulin receptor substrate 1	Homo sapiens	Encontrado	https://alphafold.ebi.ac.uk/entry/P35568
IRS1	missense_variant		896347997	P35568	rs896347997	S862F	0.972		P35568	Insulin receptor substrate 1	Homo sapiens	Encontrado	https://alphafold.ebi.ac.uk/entry/P35568
IRS1	missense_variant		896347997	P35568	rs896347997	S862F	0.07		P35568	Insulin receptor substrate 1	Homo sapiens	Encontrado	https://alphafold.ebi.ac.uk/entry/P35568
IRS1	missense_variant		896347997	P35568	rs896347997	S862F	0.04		P35568	Insulin receptor substrate 1	Homo sapiens	Encontrado	https://alphafold.ebi.ac.uk/entry/P35568
IRS1	missense_variant		899984257						P35568	Insulin receptor substrate 1	Homo sapiens	Encontrado	https://alphafold.ebi.ac.uk/entry/P35568
IRS1	missense_variant		901827912						P35568	Insulin receptor substrate 1	Homo sapiens	Encontrado	https://alphafold.ebi.ac.uk/entry/P35568
IRS1	missense_variant	uncertain significance	910703300	P35568	rs910703300	R116C	0.99		P35568	Insulin receptor substrate 1	Homo sapiens	Encontrado	https://alphafold.ebi.ac.uk/entry/P35568
IRS1	missense_variant	uncertain significance	910703300	P35568	rs910703300	R116C	0.0		P35568	Insulin receptor substrate 1	Homo sapiens	Encontrado	https://alphafold.ebi.ac.uk/entry/P35568
IRS1	missense_variant		912749825						P35568	Insulin receptor substrate 1	Homo sapiens	Encontrado	https://alphafold.ebi.ac.uk/entry/P35568
IRS1	missense_variant		913198471						P35568	Insulin receptor substrate 1	Homo sapiens	Encontrado	https://alphafold.ebi.ac.uk/entry/P35568
IRS1	missense_variant		913264132						P35568	Insulin receptor substrate 1	Homo sapiens	Encontrado	https://alphafold.ebi.ac.uk/entry/P35568
IRS1	missense_variant		913587902						P35568	Insulin receptor substrate 1	Homo sapiens	Encontrado	https://alphafold.ebi.ac.uk/entry/P35568
IRS1	missense_variant		916393764						P35568	Insulin receptor substrate 1	Homo sapiens	Encontrado	https://alphafold.ebi.ac.uk/entry/P35568
IRS1	missense_variant		920191731						P35568	Insulin receptor substrate 1	Homo sapiens	Encontrado	https://alphafold.ebi.ac.uk/entry/P35568
IRS1	missense_variant		925143977						P35568	Insulin receptor substrate 1	Homo sapiens	Encontrado	https://alphafold.ebi.ac.uk/entry/P35568
IRS1	missense_variant		942813013	P35568	rs942813013	G234R	1.0		P35568	Insulin receptor substrate 1	Homo sapiens	Encontrado	https://alphafold.ebi.ac.uk/entry/P35568
IRS1	missense_variant		942813013	P35568	rs942813013	G234R	0.0		P35568	Insulin receptor substrate 1	Homo sapiens	Encontrado	https://alphafold.ebi.ac.uk/entry/P35568
IRS1	missense_variant		942813013	P35568	rs942813013	G234R	0.0		P35568	Insulin receptor substrate 1	Homo sapiens	Encontrado	https://alphafold.ebi.ac.uk/entry/P35568
IRS1	missense_variant		942929290						P35568	Insulin receptor substrate 1	Homo sapiens	Encontrado	https://alphafold.ebi.ac.uk/entry/P35568
IRS1	missense_variant		947989412						P35568	Insulin receptor substrate 1	Homo sapiens	Encontrado	https://alphafold.ebi.ac.uk/entry/P35568
IRS1	missense_variant		949833048						P35568	Insulin receptor substrate 1	Homo sapiens	Encontrado	https://alphafold.ebi.ac.uk/entry/P35568
IRS1	missense_variant		949863472	P35568	rs949863472	G298R	0.999		P35568	Insulin receptor substrate 1	Homo sapiens	Encontrado	https://alphafold.ebi.ac.uk/entry/P35568
IRS1	missense_variant		949863472	P35568	rs949863472	G298R	0.0		P35568	Insulin receptor substrate 1	Homo sapiens	Encontrado	https://alphafold.ebi.ac.uk/entry/P35568
IRS1	missense_variant		949863472	P35568	rs949863472	G298R	0.0		P35568	Insulin receptor substrate 1	Homo sapiens	Encontrado	https://alphafold.ebi.ac.uk/entry/P35568
IRS1	missense_variant		952094264						P35568	Insulin receptor substrate 1	Homo sapiens	Encontrado	https://alphafold.ebi.ac.uk/entry/P35568
IRS1	missense_variant		952873537						P35568	Insulin receptor substrate 1	Homo sapiens	Encontrado	https://alphafold.ebi.ac.uk/entry/P35568
IRS1	missense_variant		958582927						P35568	Insulin receptor substrate 1	Homo sapiens	Encontrado	https://alphafold.ebi.ac.uk/entry/P35568
IRS1	missense_variant		961243937						P35568	Insulin receptor substrate 1	Homo sapiens	Encontrado	https://alphafold.ebi.ac.uk/entry/P35568
IRS1	missense_variant		965317878						P35568	Insulin receptor substrate 1	Homo sapiens	Encontrado	https://alphafold.ebi.ac.uk/entry/P35568
IRS1	missense_variant		967777416						P35568	Insulin receptor substrate 1	Homo sapiens	Encontrado	https://alphafold.ebi.ac.uk/entry/P35568
IRS1	missense_variant		971687069						P35568	Insulin receptor substrate 1	Homo sapiens	Encontrado	https://alphafold.ebi.ac.uk/entry/P35568
IRS1	missense_variant	uncertain significance	973649983	P35568	rs973649983	G1212D	0.07		P35568	Insulin receptor substrate 1	Homo sapiens	Encontrado	https://alphafold.ebi.ac.uk/entry/P35568
IRS1	missense_variant	uncertain significance	974159919	P35568	rs974159919	V1117G	0.51		P35568	Insulin receptor substrate 1	Homo sapiens	Encontrado	https://alphafold.ebi.ac.uk/entry/P35568
IRS1	missense_variant		979216795						P35568	Insulin receptor substrate 1	Homo sapiens	Encontrado	https://alphafold.ebi.ac.uk/entry/P35568
IRS1	missense_variant		980309168	P35568	rs980309168	R797C	0.764		P35568	Insulin receptor substrate 1	Homo sapiens	Encontrado	https://alphafold.ebi.ac.uk/entry/P35568
IRS1	missense_variant		980309168	P35568	rs980309168	R797C	0.0		P35568	Insulin receptor substrate 1	Homo sapiens	Encontrado	https://alphafold.ebi.ac.uk/entry/P35568
IRS1	missense_variant		980309168	P35568	rs980309168	R797C	0.0		P35568	Insulin receptor substrate 1	Homo sapiens	Encontrado	https://alphafold.ebi.ac.uk/entry/P35568
IRS1	missense_variant		988057825						P35568	Insulin receptor substrate 1	Homo sapiens	Encontrado	https://alphafold.ebi.ac.uk/entry/P35568
IRS1	missense_variant		988225202						P35568	Insulin receptor substrate 1	Homo sapiens	Encontrado	https://alphafold.ebi.ac.uk/entry/P35568
IRS1	missense_variant		988443044						P35568	Insulin receptor substrate 1	Homo sapiens	Encontrado	https://alphafold.ebi.ac.uk/entry/P35568
IRS1	missense_variant		991578232						P35568	Insulin receptor substrate 1	Homo sapiens	Encontrado	https://alphafold.ebi.ac.uk/entry/P35568
IRS1	missense_variant		993965322						P35568	Insulin receptor substrate 1	Homo sapiens	Encontrado	https://alphafold.ebi.ac.uk/entry/P35568
