Gene	Consequencia	Significancia_Clinica	rs_key	UniProt_ID	rsID_dbSNP	Proteina_Mudanca	AlphaMissense_Score	AlphaMissense_Classificacao	ID_UniProt	Nome_Proteina	Organismo	Status	Link_AlphaFold
RPS6KB1	missense_variant		1007996112						P23443	Ribosomal protein S6 kinase beta-1	Homo sapiens	Encontrado	https://alphafold.ebi.ac.uk/entry/P23443
RPS6KB1	missense_variant		1011153223						P23443	Ribosomal protein S6 kinase beta-1	Homo sapiens	Encontrado	https://alphafold.ebi.ac.uk/entry/P23443
RPS6KB1	missense_variant		1021394659						P23443	Ribosomal protein S6 kinase beta-1	Homo sapiens	Encontrado	https://alphafold.ebi.ac.uk/entry/P23443
RPS6KB1	missense_variant		1033258409	P23443	rs1033258409	R517W	0.867		P23443	Ribosomal protein S6 kinase beta-1	Homo sapiens	Encontrado	https://alphafold.ebi.ac.uk/entry/P23443
RPS6KB1	missense_variant		1033258409	P23443	rs1033258409	R517W	0.04		P23443	Ribosomal protein S6 kinase beta-1	Homo sapiens	Encontrado	https://alphafold.ebi.ac.uk/entry/P23443
RPS6KB1	missense_variant		1033258409	P23443	rs1033258409	R517W	0.865		P23443	Ribosomal protein S6 kinase beta-1	Homo sapiens	Encontrado	https://alphafold.ebi.ac.uk/entry/P23443
RPS6KB1	missense_variant		1033258409	P23443	rs1033258409	R517W	0.03		P23443	Ribosomal protein S6 kinase beta-1	Homo sapiens	Encontrado	https://alphafold.ebi.ac.uk/entry/P23443
RPS6KB1	missense_variant		1036324867						P23443	Ribosomal protein S6 kinase beta-1	Homo sapiens	Encontrado	https://alphafold.ebi.ac.uk/entry/P23443
RPS6KB1	missense_variant		1039688609						P23443	Ribosomal protein S6 kinase beta-1	Homo sapiens	Encontrado	https://alphafold.ebi.ac.uk/entry/P23443
RPS6KB1	missense_variant		1040429813						P23443	Ribosomal protein S6 kinase beta-1	Homo sapiens	Encontrado	https://alphafold.ebi.ac.uk/entry/P23443
RPS6KB1	missense_variant	uncertain significance	1046902363						P23443	Ribosomal protein S6 kinase beta-1	Homo sapiens	Encontrado	https://alphafold.ebi.ac.uk/entry/P23443
RPS6KB1	missense_variant		1047107646						P23443	Ribosomal protein S6 kinase beta-1	Homo sapiens	Encontrado	https://alphafold.ebi.ac.uk/entry/P23443
RPS6KB1	missense_variant	uncertain significance	1055694079						P23443	Ribosomal protein S6 kinase beta-1	Homo sapiens	Encontrado	https://alphafold.ebi.ac.uk/entry/P23443
RPS6KB1	missense_variant	uncertain significance	112835092						P23443	Ribosomal protein S6 kinase beta-1	Homo sapiens	Encontrado	https://alphafold.ebi.ac.uk/entry/P23443
RPS6KB1	missense_variant		11368						P23443	Ribosomal protein S6 kinase beta-1	Homo sapiens	Encontrado	https://alphafold.ebi.ac.uk/entry/P23443
RPS6KB1	missense_variant		1157937026						P23443	Ribosomal protein S6 kinase beta-1	Homo sapiens	Encontrado	https://alphafold.ebi.ac.uk/entry/P23443
RPS6KB1	missense_variant		1158964070						P23443	Ribosomal protein S6 kinase beta-1	Homo sapiens	Encontrado	https://alphafold.ebi.ac.uk/entry/P23443
RPS6KB1	missense_variant		1159721037						P23443	Ribosomal protein S6 kinase beta-1	Homo sapiens	Encontrado	https://alphafold.ebi.ac.uk/entry/P23443
RPS6KB1	missense_variant		1160966767						P23443	Ribosomal protein S6 kinase beta-1	Homo sapiens	Encontrado	https://alphafold.ebi.ac.uk/entry/P23443
RPS6KB1	missense_variant		1164161052						P23443	Ribosomal protein S6 kinase beta-1	Homo sapiens	Encontrado	https://alphafold.ebi.ac.uk/entry/P23443
RPS6KB1	missense_variant		1164772111						P23443	Ribosomal protein S6 kinase beta-1	Homo sapiens	Encontrado	https://alphafold.ebi.ac.uk/entry/P23443
RPS6KB1	missense_variant		1166800965						P23443	Ribosomal protein S6 kinase beta-1	Homo sapiens	Encontrado	https://alphafold.ebi.ac.uk/entry/P23443
RPS6KB1	missense_variant		1166942732						P23443	Ribosomal protein S6 kinase beta-1	Homo sapiens	Encontrado	https://alphafold.ebi.ac.uk/entry/P23443
RPS6KB1	missense_variant		1167359257						P23443	Ribosomal protein S6 kinase beta-1	Homo sapiens	Encontrado	https://alphafold.ebi.ac.uk/entry/P23443
RPS6KB1	missense_variant		1167730594						P23443	Ribosomal protein S6 kinase beta-1	Homo sapiens	Encontrado	https://alphafold.ebi.ac.uk/entry/P23443
RPS6KB1	missense_variant		1168584076						P23443	Ribosomal protein S6 kinase beta-1	Homo sapiens	Encontrado	https://alphafold.ebi.ac.uk/entry/P23443
RPS6KB1	missense_variant		1170346394						P23443	Ribosomal protein S6 kinase beta-1	Homo sapiens	Encontrado	https://alphafold.ebi.ac.uk/entry/P23443
RPS6KB1	missense_variant		1178752439						P23443	Ribosomal protein S6 kinase beta-1	Homo sapiens	Encontrado	https://alphafold.ebi.ac.uk/entry/P23443
RPS6KB1	missense_variant		1180746023						P23443	Ribosomal protein S6 kinase beta-1	Homo sapiens	Encontrado	https://alphafold.ebi.ac.uk/entry/P23443
RPS6KB1	missense_variant		1181565268	P23443	rs1181565268	R388H	0.738		P23443	Ribosomal protein S6 kinase beta-1	Homo sapiens	Encontrado	https://alphafold.ebi.ac.uk/entry/P23443
RPS6KB1	missense_variant		1181565268	P23443	rs1181565268	R388H	0.04		P23443	Ribosomal protein S6 kinase beta-1	Homo sapiens	Encontrado	https://alphafold.ebi.ac.uk/entry/P23443
RPS6KB1	missense_variant		1181565268	P23443	rs1181565268	R388H	0.734		P23443	Ribosomal protein S6 kinase beta-1	Homo sapiens	Encontrado	https://alphafold.ebi.ac.uk/entry/P23443
RPS6KB1	missense_variant		1181565268	P23443	rs1181565268	R388H	0.04		P23443	Ribosomal protein S6 kinase beta-1	Homo sapiens	Encontrado	https://alphafold.ebi.ac.uk/entry/P23443
RPS6KB1	missense_variant		1181698649						P23443	Ribosomal protein S6 kinase beta-1	Homo sapiens	Encontrado	https://alphafold.ebi.ac.uk/entry/P23443
RPS6KB1	missense_variant		1189222736						P23443	Ribosomal protein S6 kinase beta-1	Homo sapiens	Encontrado	https://alphafold.ebi.ac.uk/entry/P23443
RPS6KB1	missense_variant		1189772213						P23443	Ribosomal protein S6 kinase beta-1	Homo sapiens	Encontrado	https://alphafold.ebi.ac.uk/entry/P23443
RPS6KB1	missense_variant		1193386245						P23443	Ribosomal protein S6 kinase beta-1	Homo sapiens	Encontrado	https://alphafold.ebi.ac.uk/entry/P23443
RPS6KB1	missense_variant		1193606004						P23443	Ribosomal protein S6 kinase beta-1	Homo sapiens	Encontrado	https://alphafold.ebi.ac.uk/entry/P23443
RPS6KB1	missense_variant		1195506832						P23443	Ribosomal protein S6 kinase beta-1	Homo sapiens	Encontrado	https://alphafold.ebi.ac.uk/entry/P23443
RPS6KB1	missense_variant		1196667792						P23443	Ribosomal protein S6 kinase beta-1	Homo sapiens	Encontrado	https://alphafold.ebi.ac.uk/entry/P23443
RPS6KB1	missense_variant		1198888317						P23443	Ribosomal protein S6 kinase beta-1	Homo sapiens	Encontrado	https://alphafold.ebi.ac.uk/entry/P23443
RPS6KB1	missense_variant		1201063165						P23443	Ribosomal protein S6 kinase beta-1	Homo sapiens	Encontrado	https://alphafold.ebi.ac.uk/entry/P23443
RPS6KB1	missense_variant		1201747604						P23443	Ribosomal protein S6 kinase beta-1	Homo sapiens	Encontrado	https://alphafold.ebi.ac.uk/entry/P23443
RPS6KB1	missense_variant		1206216387						P23443	Ribosomal protein S6 kinase beta-1	Homo sapiens	Encontrado	https://alphafold.ebi.ac.uk/entry/P23443
RPS6KB1	missense_variant		1206996344						P23443	Ribosomal protein S6 kinase beta-1	Homo sapiens	Encontrado	https://alphafold.ebi.ac.uk/entry/P23443
RPS6KB1	missense_variant		1212126307						P23443	Ribosomal protein S6 kinase beta-1	Homo sapiens	Encontrado	https://alphafold.ebi.ac.uk/entry/P23443
RPS6KB1	missense_variant		1212876275						P23443	Ribosomal protein S6 kinase beta-1	Homo sapiens	Encontrado	https://alphafold.ebi.ac.uk/entry/P23443
RPS6KB1	missense_variant		1217202042						P23443	Ribosomal protein S6 kinase beta-1	Homo sapiens	Encontrado	https://alphafold.ebi.ac.uk/entry/P23443
RPS6KB1	missense_variant		1220336638						P23443	Ribosomal protein S6 kinase beta-1	Homo sapiens	Encontrado	https://alphafold.ebi.ac.uk/entry/P23443
RPS6KB1	missense_variant		1222867548						P23443	Ribosomal protein S6 kinase beta-1	Homo sapiens	Encontrado	https://alphafold.ebi.ac.uk/entry/P23443
RPS6KB1	missense_variant		1223791841						P23443	Ribosomal protein S6 kinase beta-1	Homo sapiens	Encontrado	https://alphafold.ebi.ac.uk/entry/P23443
RPS6KB1	missense_variant		1226172830						P23443	Ribosomal protein S6 kinase beta-1	Homo sapiens	Encontrado	https://alphafold.ebi.ac.uk/entry/P23443
RPS6KB1	missense_variant		1228058375						P23443	Ribosomal protein S6 kinase beta-1	Homo sapiens	Encontrado	https://alphafold.ebi.ac.uk/entry/P23443
RPS6KB1	missense_variant		1230089539						P23443	Ribosomal protein S6 kinase beta-1	Homo sapiens	Encontrado	https://alphafold.ebi.ac.uk/entry/P23443
RPS6KB1	missense_variant		1230336574						P23443	Ribosomal protein S6 kinase beta-1	Homo sapiens	Encontrado	https://alphafold.ebi.ac.uk/entry/P23443
RPS6KB1	missense_variant		1231119934						P23443	Ribosomal protein S6 kinase beta-1	Homo sapiens	Encontrado	https://alphafold.ebi.ac.uk/entry/P23443
RPS6KB1	missense_variant		1231140351						P23443	Ribosomal protein S6 kinase beta-1	Homo sapiens	Encontrado	https://alphafold.ebi.ac.uk/entry/P23443
RPS6KB1	missense_variant		1231526670						P23443	Ribosomal protein S6 kinase beta-1	Homo sapiens	Encontrado	https://alphafold.ebi.ac.uk/entry/P23443
RPS6KB1	missense_variant		1232388015	P23443	rs1232388015	P314L	0.329		P23443	Ribosomal protein S6 kinase beta-1	Homo sapiens	Encontrado	https://alphafold.ebi.ac.uk/entry/P23443
RPS6KB1	missense_variant		1232388015	P23443	rs1232388015	P314L	0.07		P23443	Ribosomal protein S6 kinase beta-1	Homo sapiens	Encontrado	https://alphafold.ebi.ac.uk/entry/P23443
RPS6KB1	missense_variant		1232388015	P23443	rs1232388015	P314L	0.338		P23443	Ribosomal protein S6 kinase beta-1	Homo sapiens	Encontrado	https://alphafold.ebi.ac.uk/entry/P23443
RPS6KB1	missense_variant		1232388015	P23443	rs1232388015	P314L	0.01		P23443	Ribosomal protein S6 kinase beta-1	Homo sapiens	Encontrado	https://alphafold.ebi.ac.uk/entry/P23443
RPS6KB1	missense_variant		1234773348						P23443	Ribosomal protein S6 kinase beta-1	Homo sapiens	Encontrado	https://alphafold.ebi.ac.uk/entry/P23443
RPS6KB1	missense_variant		1236587996						P23443	Ribosomal protein S6 kinase beta-1	Homo sapiens	Encontrado	https://alphafold.ebi.ac.uk/entry/P23443
RPS6KB1	missense_variant		1236732025						P23443	Ribosomal protein S6 kinase beta-1	Homo sapiens	Encontrado	https://alphafold.ebi.ac.uk/entry/P23443
RPS6KB1	missense_variant		1238870402						P23443	Ribosomal protein S6 kinase beta-1	Homo sapiens	Encontrado	https://alphafold.ebi.ac.uk/entry/P23443
RPS6KB1	missense_variant		1242329117						P23443	Ribosomal protein S6 kinase beta-1	Homo sapiens	Encontrado	https://alphafold.ebi.ac.uk/entry/P23443
RPS6KB1	missense_variant		1249841846						P23443	Ribosomal protein S6 kinase beta-1	Homo sapiens	Encontrado	https://alphafold.ebi.ac.uk/entry/P23443
RPS6KB1	missense_variant		1255393635						P23443	Ribosomal protein S6 kinase beta-1	Homo sapiens	Encontrado	https://alphafold.ebi.ac.uk/entry/P23443
RPS6KB1	missense_variant		1255672718						P23443	Ribosomal protein S6 kinase beta-1	Homo sapiens	Encontrado	https://alphafold.ebi.ac.uk/entry/P23443
RPS6KB1	missense_variant		1255679788						P23443	Ribosomal protein S6 kinase beta-1	Homo sapiens	Encontrado	https://alphafold.ebi.ac.uk/entry/P23443
RPS6KB1	missense_variant		1256976213						P23443	Ribosomal protein S6 kinase beta-1	Homo sapiens	Encontrado	https://alphafold.ebi.ac.uk/entry/P23443
RPS6KB1	missense_variant		1258952299						P23443	Ribosomal protein S6 kinase beta-1	Homo sapiens	Encontrado	https://alphafold.ebi.ac.uk/entry/P23443
RPS6KB1	missense_variant		1259284409						P23443	Ribosomal protein S6 kinase beta-1	Homo sapiens	Encontrado	https://alphafold.ebi.ac.uk/entry/P23443
RPS6KB1	missense_variant		1259908500						P23443	Ribosomal protein S6 kinase beta-1	Homo sapiens	Encontrado	https://alphafold.ebi.ac.uk/entry/P23443
RPS6KB1	missense_variant		1266244602						P23443	Ribosomal protein S6 kinase beta-1	Homo sapiens	Encontrado	https://alphafold.ebi.ac.uk/entry/P23443
RPS6KB1	missense_variant		1267717751						P23443	Ribosomal protein S6 kinase beta-1	Homo sapiens	Encontrado	https://alphafold.ebi.ac.uk/entry/P23443
RPS6KB1	missense_variant		1272384443						P23443	Ribosomal protein S6 kinase beta-1	Homo sapiens	Encontrado	https://alphafold.ebi.ac.uk/entry/P23443
RPS6KB1	missense_variant		1275660024						P23443	Ribosomal protein S6 kinase beta-1	Homo sapiens	Encontrado	https://alphafold.ebi.ac.uk/entry/P23443
RPS6KB1	missense_variant		1278546261						P23443	Ribosomal protein S6 kinase beta-1	Homo sapiens	Encontrado	https://alphafold.ebi.ac.uk/entry/P23443
RPS6KB1	missense_variant		1278779632						P23443	Ribosomal protein S6 kinase beta-1	Homo sapiens	Encontrado	https://alphafold.ebi.ac.uk/entry/P23443
RPS6KB1	missense_variant		1279200685						P23443	Ribosomal protein S6 kinase beta-1	Homo sapiens	Encontrado	https://alphafold.ebi.ac.uk/entry/P23443
RPS6KB1	missense_variant		1282641870						P23443	Ribosomal protein S6 kinase beta-1	Homo sapiens	Encontrado	https://alphafold.ebi.ac.uk/entry/P23443
RPS6KB1	missense_variant		1295366485						P23443	Ribosomal protein S6 kinase beta-1	Homo sapiens	Encontrado	https://alphafold.ebi.ac.uk/entry/P23443
RPS6KB1	missense_variant		1295474347						P23443	Ribosomal protein S6 kinase beta-1	Homo sapiens	Encontrado	https://alphafold.ebi.ac.uk/entry/P23443
RPS6KB1	missense_variant		1300072589						P23443	Ribosomal protein S6 kinase beta-1	Homo sapiens	Encontrado	https://alphafold.ebi.ac.uk/entry/P23443
RPS6KB1	missense_variant		1300969840						P23443	Ribosomal protein S6 kinase beta-1	Homo sapiens	Encontrado	https://alphafold.ebi.ac.uk/entry/P23443
RPS6KB1	missense_variant		1304242590						P23443	Ribosomal protein S6 kinase beta-1	Homo sapiens	Encontrado	https://alphafold.ebi.ac.uk/entry/P23443
RPS6KB1	missense_variant		1304644578						P23443	Ribosomal protein S6 kinase beta-1	Homo sapiens	Encontrado	https://alphafold.ebi.ac.uk/entry/P23443
RPS6KB1	missense_variant		1306881654						P23443	Ribosomal protein S6 kinase beta-1	Homo sapiens	Encontrado	https://alphafold.ebi.ac.uk/entry/P23443
RPS6KB1	missense_variant		1307024670						P23443	Ribosomal protein S6 kinase beta-1	Homo sapiens	Encontrado	https://alphafold.ebi.ac.uk/entry/P23443
RPS6KB1	missense_variant		1307279204						P23443	Ribosomal protein S6 kinase beta-1	Homo sapiens	Encontrado	https://alphafold.ebi.ac.uk/entry/P23443
RPS6KB1	missense_variant		1307667887						P23443	Ribosomal protein S6 kinase beta-1	Homo sapiens	Encontrado	https://alphafold.ebi.ac.uk/entry/P23443
RPS6KB1	missense_variant		1308356090						P23443	Ribosomal protein S6 kinase beta-1	Homo sapiens	Encontrado	https://alphafold.ebi.ac.uk/entry/P23443
RPS6KB1	missense_variant		1310819944						P23443	Ribosomal protein S6 kinase beta-1	Homo sapiens	Encontrado	https://alphafold.ebi.ac.uk/entry/P23443
RPS6KB1	missense_variant		1310960425						P23443	Ribosomal protein S6 kinase beta-1	Homo sapiens	Encontrado	https://alphafold.ebi.ac.uk/entry/P23443
RPS6KB1	missense_variant		1312663232						P23443	Ribosomal protein S6 kinase beta-1	Homo sapiens	Encontrado	https://alphafold.ebi.ac.uk/entry/P23443
RPS6KB1	missense_variant		1312790624						P23443	Ribosomal protein S6 kinase beta-1	Homo sapiens	Encontrado	https://alphafold.ebi.ac.uk/entry/P23443
RPS6KB1	missense_variant		1319301853						P23443	Ribosomal protein S6 kinase beta-1	Homo sapiens	Encontrado	https://alphafold.ebi.ac.uk/entry/P23443
RPS6KB1	missense_variant		1320301030						P23443	Ribosomal protein S6 kinase beta-1	Homo sapiens	Encontrado	https://alphafold.ebi.ac.uk/entry/P23443
RPS6KB1	missense_variant		1320851494						P23443	Ribosomal protein S6 kinase beta-1	Homo sapiens	Encontrado	https://alphafold.ebi.ac.uk/entry/P23443
RPS6KB1	missense_variant		1323291838						P23443	Ribosomal protein S6 kinase beta-1	Homo sapiens	Encontrado	https://alphafold.ebi.ac.uk/entry/P23443
RPS6KB1	missense_variant		1327241777						P23443	Ribosomal protein S6 kinase beta-1	Homo sapiens	Encontrado	https://alphafold.ebi.ac.uk/entry/P23443
RPS6KB1	missense_variant		1327621597						P23443	Ribosomal protein S6 kinase beta-1	Homo sapiens	Encontrado	https://alphafold.ebi.ac.uk/entry/P23443
RPS6KB1	missense_variant		1328655426						P23443	Ribosomal protein S6 kinase beta-1	Homo sapiens	Encontrado	https://alphafold.ebi.ac.uk/entry/P23443
RPS6KB1	missense_variant		1328723452						P23443	Ribosomal protein S6 kinase beta-1	Homo sapiens	Encontrado	https://alphafold.ebi.ac.uk/entry/P23443
RPS6KB1	missense_variant		1331453119						P23443	Ribosomal protein S6 kinase beta-1	Homo sapiens	Encontrado	https://alphafold.ebi.ac.uk/entry/P23443
RPS6KB1	missense_variant		1332846171						P23443	Ribosomal protein S6 kinase beta-1	Homo sapiens	Encontrado	https://alphafold.ebi.ac.uk/entry/P23443
RPS6KB1	missense_variant		1339950914						P23443	Ribosomal protein S6 kinase beta-1	Homo sapiens	Encontrado	https://alphafold.ebi.ac.uk/entry/P23443
RPS6KB1	missense_variant		1340316796						P23443	Ribosomal protein S6 kinase beta-1	Homo sapiens	Encontrado	https://alphafold.ebi.ac.uk/entry/P23443
RPS6KB1	missense_variant		1341855672						P23443	Ribosomal protein S6 kinase beta-1	Homo sapiens	Encontrado	https://alphafold.ebi.ac.uk/entry/P23443
RPS6KB1	missense_variant		1342376918						P23443	Ribosomal protein S6 kinase beta-1	Homo sapiens	Encontrado	https://alphafold.ebi.ac.uk/entry/P23443
RPS6KB1	missense_variant		1343200946						P23443	Ribosomal protein S6 kinase beta-1	Homo sapiens	Encontrado	https://alphafold.ebi.ac.uk/entry/P23443
RPS6KB1	missense_variant		1344949638						P23443	Ribosomal protein S6 kinase beta-1	Homo sapiens	Encontrado	https://alphafold.ebi.ac.uk/entry/P23443
RPS6KB1	missense_variant		1346438176						P23443	Ribosomal protein S6 kinase beta-1	Homo sapiens	Encontrado	https://alphafold.ebi.ac.uk/entry/P23443
RPS6KB1	missense_variant		1351224052						P23443	Ribosomal protein S6 kinase beta-1	Homo sapiens	Encontrado	https://alphafold.ebi.ac.uk/entry/P23443
RPS6KB1	missense_variant		1351611367						P23443	Ribosomal protein S6 kinase beta-1	Homo sapiens	Encontrado	https://alphafold.ebi.ac.uk/entry/P23443
RPS6KB1	missense_variant		1351800084	P23443	rs1351800084	K304N	0.652		P23443	Ribosomal protein S6 kinase beta-1	Homo sapiens	Encontrado	https://alphafold.ebi.ac.uk/entry/P23443
RPS6KB1	missense_variant		1351800084	P23443	rs1351800084	K304N	0.03		P23443	Ribosomal protein S6 kinase beta-1	Homo sapiens	Encontrado	https://alphafold.ebi.ac.uk/entry/P23443
RPS6KB1	missense_variant		1351800084	P23443	rs1351800084	K304N	0.661		P23443	Ribosomal protein S6 kinase beta-1	Homo sapiens	Encontrado	https://alphafold.ebi.ac.uk/entry/P23443
RPS6KB1	missense_variant		1351800084	P23443	rs1351800084	K304N	0.0		P23443	Ribosomal protein S6 kinase beta-1	Homo sapiens	Encontrado	https://alphafold.ebi.ac.uk/entry/P23443
RPS6KB1	missense_variant		1353369885						P23443	Ribosomal protein S6 kinase beta-1	Homo sapiens	Encontrado	https://alphafold.ebi.ac.uk/entry/P23443
RPS6KB1	missense_variant		1353972737						P23443	Ribosomal protein S6 kinase beta-1	Homo sapiens	Encontrado	https://alphafold.ebi.ac.uk/entry/P23443
RPS6KB1	missense_variant		1355015141						P23443	Ribosomal protein S6 kinase beta-1	Homo sapiens	Encontrado	https://alphafold.ebi.ac.uk/entry/P23443
RPS6KB1	missense_variant		1355281106						P23443	Ribosomal protein S6 kinase beta-1	Homo sapiens	Encontrado	https://alphafold.ebi.ac.uk/entry/P23443
RPS6KB1	missense_variant		1355645776						P23443	Ribosomal protein S6 kinase beta-1	Homo sapiens	Encontrado	https://alphafold.ebi.ac.uk/entry/P23443
RPS6KB1	missense_variant		1356718539						P23443	Ribosomal protein S6 kinase beta-1	Homo sapiens	Encontrado	https://alphafold.ebi.ac.uk/entry/P23443
RPS6KB1	missense_variant		1358596989						P23443	Ribosomal protein S6 kinase beta-1	Homo sapiens	Encontrado	https://alphafold.ebi.ac.uk/entry/P23443
RPS6KB1	missense_variant		1363698745						P23443	Ribosomal protein S6 kinase beta-1	Homo sapiens	Encontrado	https://alphafold.ebi.ac.uk/entry/P23443
RPS6KB1	missense_variant		1367692163						P23443	Ribosomal protein S6 kinase beta-1	Homo sapiens	Encontrado	https://alphafold.ebi.ac.uk/entry/P23443
RPS6KB1	missense_variant		1370325140						P23443	Ribosomal protein S6 kinase beta-1	Homo sapiens	Encontrado	https://alphafold.ebi.ac.uk/entry/P23443
RPS6KB1	missense_variant		1370678363						P23443	Ribosomal protein S6 kinase beta-1	Homo sapiens	Encontrado	https://alphafold.ebi.ac.uk/entry/P23443
RPS6KB1	missense_variant		1371594128						P23443	Ribosomal protein S6 kinase beta-1	Homo sapiens	Encontrado	https://alphafold.ebi.ac.uk/entry/P23443
RPS6KB1	missense_variant	uncertain significance	1374471317						P23443	Ribosomal protein S6 kinase beta-1	Homo sapiens	Encontrado	https://alphafold.ebi.ac.uk/entry/P23443
RPS6KB1	missense_variant		1374813056						P23443	Ribosomal protein S6 kinase beta-1	Homo sapiens	Encontrado	https://alphafold.ebi.ac.uk/entry/P23443
RPS6KB1	missense_variant	uncertain significance	1375627575						P23443	Ribosomal protein S6 kinase beta-1	Homo sapiens	Encontrado	https://alphafold.ebi.ac.uk/entry/P23443
RPS6KB1	missense_variant		1377606156						P23443	Ribosomal protein S6 kinase beta-1	Homo sapiens	Encontrado	https://alphafold.ebi.ac.uk/entry/P23443
RPS6KB1	missense_variant		137873345						P23443	Ribosomal protein S6 kinase beta-1	Homo sapiens	Encontrado	https://alphafold.ebi.ac.uk/entry/P23443
RPS6KB1	missense_variant		1382700879						P23443	Ribosomal protein S6 kinase beta-1	Homo sapiens	Encontrado	https://alphafold.ebi.ac.uk/entry/P23443
RPS6KB1	missense_variant		1383341543						P23443	Ribosomal protein S6 kinase beta-1	Homo sapiens	Encontrado	https://alphafold.ebi.ac.uk/entry/P23443
RPS6KB1	missense_variant		1385738398						P23443	Ribosomal protein S6 kinase beta-1	Homo sapiens	Encontrado	https://alphafold.ebi.ac.uk/entry/P23443
RPS6KB1	missense_variant		138794420						P23443	Ribosomal protein S6 kinase beta-1	Homo sapiens	Encontrado	https://alphafold.ebi.ac.uk/entry/P23443
RPS6KB1	missense_variant		1390279753						P23443	Ribosomal protein S6 kinase beta-1	Homo sapiens	Encontrado	https://alphafold.ebi.ac.uk/entry/P23443
RPS6KB1	missense_variant		1391022471						P23443	Ribosomal protein S6 kinase beta-1	Homo sapiens	Encontrado	https://alphafold.ebi.ac.uk/entry/P23443
RPS6KB1	missense_variant		1393188992						P23443	Ribosomal protein S6 kinase beta-1	Homo sapiens	Encontrado	https://alphafold.ebi.ac.uk/entry/P23443
RPS6KB1	missense_variant		139462395						P23443	Ribosomal protein S6 kinase beta-1	Homo sapiens	Encontrado	https://alphafold.ebi.ac.uk/entry/P23443
RPS6KB1	missense_variant		1395231513						P23443	Ribosomal protein S6 kinase beta-1	Homo sapiens	Encontrado	https://alphafold.ebi.ac.uk/entry/P23443
RPS6KB1	missense_variant		139530428						P23443	Ribosomal protein S6 kinase beta-1	Homo sapiens	Encontrado	https://alphafold.ebi.ac.uk/entry/P23443
RPS6KB1	missense_variant		1399609387						P23443	Ribosomal protein S6 kinase beta-1	Homo sapiens	Encontrado	https://alphafold.ebi.ac.uk/entry/P23443
RPS6KB1	missense_variant		1404397597						P23443	Ribosomal protein S6 kinase beta-1	Homo sapiens	Encontrado	https://alphafold.ebi.ac.uk/entry/P23443
RPS6KB1	missense_variant		1410441205						P23443	Ribosomal protein S6 kinase beta-1	Homo sapiens	Encontrado	https://alphafold.ebi.ac.uk/entry/P23443
RPS6KB1	missense_variant		1410557496	P23443	rs1410557496	A494T	0.388		P23443	Ribosomal protein S6 kinase beta-1	Homo sapiens	Encontrado	https://alphafold.ebi.ac.uk/entry/P23443
RPS6KB1	missense_variant		1410557496	P23443	rs1410557496	A494T	0.01		P23443	Ribosomal protein S6 kinase beta-1	Homo sapiens	Encontrado	https://alphafold.ebi.ac.uk/entry/P23443
RPS6KB1	missense_variant		1410557496	P23443	rs1410557496	A494T	0.398		P23443	Ribosomal protein S6 kinase beta-1	Homo sapiens	Encontrado	https://alphafold.ebi.ac.uk/entry/P23443
RPS6KB1	missense_variant		1410557496	P23443	rs1410557496	A494T	0.0		P23443	Ribosomal protein S6 kinase beta-1	Homo sapiens	Encontrado	https://alphafold.ebi.ac.uk/entry/P23443
RPS6KB1	missense_variant		1411844093						P23443	Ribosomal protein S6 kinase beta-1	Homo sapiens	Encontrado	https://alphafold.ebi.ac.uk/entry/P23443
RPS6KB1	missense_variant		141254111						P23443	Ribosomal protein S6 kinase beta-1	Homo sapiens	Encontrado	https://alphafold.ebi.ac.uk/entry/P23443
RPS6KB1	missense_variant		1412625707						P23443	Ribosomal protein S6 kinase beta-1	Homo sapiens	Encontrado	https://alphafold.ebi.ac.uk/entry/P23443
RPS6KB1	missense_variant		1413068542						P23443	Ribosomal protein S6 kinase beta-1	Homo sapiens	Encontrado	https://alphafold.ebi.ac.uk/entry/P23443
RPS6KB1	missense_variant		1414134583						P23443	Ribosomal protein S6 kinase beta-1	Homo sapiens	Encontrado	https://alphafold.ebi.ac.uk/entry/P23443
RPS6KB1	missense_variant		1415700586						P23443	Ribosomal protein S6 kinase beta-1	Homo sapiens	Encontrado	https://alphafold.ebi.ac.uk/entry/P23443
RPS6KB1	missense_variant	uncertain significance	1415771859	P23443	rs1415771859	R443Q	0.013		P23443	Ribosomal protein S6 kinase beta-1	Homo sapiens	Encontrado	https://alphafold.ebi.ac.uk/entry/P23443
RPS6KB1	missense_variant	uncertain significance	1415771859	P23443	rs1415771859	R443Q	0.02		P23443	Ribosomal protein S6 kinase beta-1	Homo sapiens	Encontrado	https://alphafold.ebi.ac.uk/entry/P23443
RPS6KB1	missense_variant		1418112814						P23443	Ribosomal protein S6 kinase beta-1	Homo sapiens	Encontrado	https://alphafold.ebi.ac.uk/entry/P23443
RPS6KB1	missense_variant		1419564659						P23443	Ribosomal protein S6 kinase beta-1	Homo sapiens	Encontrado	https://alphafold.ebi.ac.uk/entry/P23443
RPS6KB1	missense_variant		1420875776						P23443	Ribosomal protein S6 kinase beta-1	Homo sapiens	Encontrado	https://alphafold.ebi.ac.uk/entry/P23443
RPS6KB1	missense_variant		1421811183						P23443	Ribosomal protein S6 kinase beta-1	Homo sapiens	Encontrado	https://alphafold.ebi.ac.uk/entry/P23443
RPS6KB1	missense_variant		1423417423						P23443	Ribosomal protein S6 kinase beta-1	Homo sapiens	Encontrado	https://alphafold.ebi.ac.uk/entry/P23443
RPS6KB1	missense_variant	uncertain significance	142393490						P23443	Ribosomal protein S6 kinase beta-1	Homo sapiens	Encontrado	https://alphafold.ebi.ac.uk/entry/P23443
RPS6KB1	missense_variant		142855919						P23443	Ribosomal protein S6 kinase beta-1	Homo sapiens	Encontrado	https://alphafold.ebi.ac.uk/entry/P23443
RPS6KB1	missense_variant		1429523526						P23443	Ribosomal protein S6 kinase beta-1	Homo sapiens	Encontrado	https://alphafold.ebi.ac.uk/entry/P23443
RPS6KB1	missense_variant		1434672946						P23443	Ribosomal protein S6 kinase beta-1	Homo sapiens	Encontrado	https://alphafold.ebi.ac.uk/entry/P23443
RPS6KB1	missense_variant		1434727329						P23443	Ribosomal protein S6 kinase beta-1	Homo sapiens	Encontrado	https://alphafold.ebi.ac.uk/entry/P23443
RPS6KB1	missense_variant		1436560081						P23443	Ribosomal protein S6 kinase beta-1	Homo sapiens	Encontrado	https://alphafold.ebi.ac.uk/entry/P23443
RPS6KB1	missense_variant		1439361012						P23443	Ribosomal protein S6 kinase beta-1	Homo sapiens	Encontrado	https://alphafold.ebi.ac.uk/entry/P23443
RPS6KB1	missense_variant		1443518745						P23443	Ribosomal protein S6 kinase beta-1	Homo sapiens	Encontrado	https://alphafold.ebi.ac.uk/entry/P23443
RPS6KB1	missense_variant		1444241232						P23443	Ribosomal protein S6 kinase beta-1	Homo sapiens	Encontrado	https://alphafold.ebi.ac.uk/entry/P23443
RPS6KB1	missense_variant		1445839180						P23443	Ribosomal protein S6 kinase beta-1	Homo sapiens	Encontrado	https://alphafold.ebi.ac.uk/entry/P23443
RPS6KB1	missense_variant		1446143670						P23443	Ribosomal protein S6 kinase beta-1	Homo sapiens	Encontrado	https://alphafold.ebi.ac.uk/entry/P23443
RPS6KB1	missense_variant	uncertain significance	1448948778						P23443	Ribosomal protein S6 kinase beta-1	Homo sapiens	Encontrado	https://alphafold.ebi.ac.uk/entry/P23443
RPS6KB1	missense_variant		1452006324						P23443	Ribosomal protein S6 kinase beta-1	Homo sapiens	Encontrado	https://alphafold.ebi.ac.uk/entry/P23443
RPS6KB1	missense_variant		1455802572						P23443	Ribosomal protein S6 kinase beta-1	Homo sapiens	Encontrado	https://alphafold.ebi.ac.uk/entry/P23443
RPS6KB1	missense_variant		1456168166						P23443	Ribosomal protein S6 kinase beta-1	Homo sapiens	Encontrado	https://alphafold.ebi.ac.uk/entry/P23443
RPS6KB1	missense_variant		1458468810						P23443	Ribosomal protein S6 kinase beta-1	Homo sapiens	Encontrado	https://alphafold.ebi.ac.uk/entry/P23443
RPS6KB1	missense_variant	uncertain significance	146036461						P23443	Ribosomal protein S6 kinase beta-1	Homo sapiens	Encontrado	https://alphafold.ebi.ac.uk/entry/P23443
RPS6KB1	missense_variant		146256947						P23443	Ribosomal protein S6 kinase beta-1	Homo sapiens	Encontrado	https://alphafold.ebi.ac.uk/entry/P23443
RPS6KB1	missense_variant		1463062966	P23443	rs1463062966	M523I	0.045		P23443	Ribosomal protein S6 kinase beta-1	Homo sapiens	Encontrado	https://alphafold.ebi.ac.uk/entry/P23443
RPS6KB1	missense_variant		1463062966	P23443	rs1463062966	M523I	0.04		P23443	Ribosomal protein S6 kinase beta-1	Homo sapiens	Encontrado	https://alphafold.ebi.ac.uk/entry/P23443
RPS6KB1	missense_variant		1463062966	P23443	rs1463062966	M523I	0.047		P23443	Ribosomal protein S6 kinase beta-1	Homo sapiens	Encontrado	https://alphafold.ebi.ac.uk/entry/P23443
RPS6KB1	missense_variant		1463062966	P23443	rs1463062966	M523I	0.04		P23443	Ribosomal protein S6 kinase beta-1	Homo sapiens	Encontrado	https://alphafold.ebi.ac.uk/entry/P23443
RPS6KB1	missense_variant		1464382089						P23443	Ribosomal protein S6 kinase beta-1	Homo sapiens	Encontrado	https://alphafold.ebi.ac.uk/entry/P23443
RPS6KB1	missense_variant		1465279456						P23443	Ribosomal protein S6 kinase beta-1	Homo sapiens	Encontrado	https://alphafold.ebi.ac.uk/entry/P23443
RPS6KB1	missense_variant		1467731056						P23443	Ribosomal protein S6 kinase beta-1	Homo sapiens	Encontrado	https://alphafold.ebi.ac.uk/entry/P23443
RPS6KB1	missense_variant	uncertain significance	146927684	P23443	rs146927684	V446L	0.0		P23443	Ribosomal protein S6 kinase beta-1	Homo sapiens	Encontrado	https://alphafold.ebi.ac.uk/entry/P23443
RPS6KB1	missense_variant	uncertain significance	146927684	P23443	rs146927684	V446L	0.3		P23443	Ribosomal protein S6 kinase beta-1	Homo sapiens	Encontrado	https://alphafold.ebi.ac.uk/entry/P23443
RPS6KB1	missense_variant		146980146						P23443	Ribosomal protein S6 kinase beta-1	Homo sapiens	Encontrado	https://alphafold.ebi.ac.uk/entry/P23443
RPS6KB1	missense_variant		1473609822						P23443	Ribosomal protein S6 kinase beta-1	Homo sapiens	Encontrado	https://alphafold.ebi.ac.uk/entry/P23443
RPS6KB1	missense_variant	uncertain significance	147639974						P23443	Ribosomal protein S6 kinase beta-1	Homo sapiens	Encontrado	https://alphafold.ebi.ac.uk/entry/P23443
RPS6KB1	missense_variant	uncertain significance	1477154765						P23443	Ribosomal protein S6 kinase beta-1	Homo sapiens	Encontrado	https://alphafold.ebi.ac.uk/entry/P23443
RPS6KB1	missense_variant		1479012824						P23443	Ribosomal protein S6 kinase beta-1	Homo sapiens	Encontrado	https://alphafold.ebi.ac.uk/entry/P23443
RPS6KB1	missense_variant		147955400						P23443	Ribosomal protein S6 kinase beta-1	Homo sapiens	Encontrado	https://alphafold.ebi.ac.uk/entry/P23443
RPS6KB1	missense_variant		1480020529						P23443	Ribosomal protein S6 kinase beta-1	Homo sapiens	Encontrado	https://alphafold.ebi.ac.uk/entry/P23443
RPS6KB1	missense_variant		1482009927						P23443	Ribosomal protein S6 kinase beta-1	Homo sapiens	Encontrado	https://alphafold.ebi.ac.uk/entry/P23443
RPS6KB1	missense_variant		1482169997						P23443	Ribosomal protein S6 kinase beta-1	Homo sapiens	Encontrado	https://alphafold.ebi.ac.uk/entry/P23443
RPS6KB1	missense_variant		1483907789						P23443	Ribosomal protein S6 kinase beta-1	Homo sapiens	Encontrado	https://alphafold.ebi.ac.uk/entry/P23443
RPS6KB1	missense_variant		1484827586						P23443	Ribosomal protein S6 kinase beta-1	Homo sapiens	Encontrado	https://alphafold.ebi.ac.uk/entry/P23443
RPS6KB1	missense_variant		1486316993						P23443	Ribosomal protein S6 kinase beta-1	Homo sapiens	Encontrado	https://alphafold.ebi.ac.uk/entry/P23443
RPS6KB1	missense_variant		1487608284						P23443	Ribosomal protein S6 kinase beta-1	Homo sapiens	Encontrado	https://alphafold.ebi.ac.uk/entry/P23443
RPS6KB1	missense_variant		1487717712						P23443	Ribosomal protein S6 kinase beta-1	Homo sapiens	Encontrado	https://alphafold.ebi.ac.uk/entry/P23443
RPS6KB1	missense_variant		1488886621						P23443	Ribosomal protein S6 kinase beta-1	Homo sapiens	Encontrado	https://alphafold.ebi.ac.uk/entry/P23443
RPS6KB1	missense_variant	uncertain significance	149985376						P23443	Ribosomal protein S6 kinase beta-1	Homo sapiens	Encontrado	https://alphafold.ebi.ac.uk/entry/P23443
RPS6KB1	missense_variant		1568484527						P23443	Ribosomal protein S6 kinase beta-1	Homo sapiens	Encontrado	https://alphafold.ebi.ac.uk/entry/P23443
RPS6KB1	missense_variant		1568519206						P23443	Ribosomal protein S6 kinase beta-1	Homo sapiens	Encontrado	https://alphafold.ebi.ac.uk/entry/P23443
RPS6KB1	missense_variant		1568542736						P23443	Ribosomal protein S6 kinase beta-1	Homo sapiens	Encontrado	https://alphafold.ebi.ac.uk/entry/P23443
RPS6KB1	missense_variant		1568542798						P23443	Ribosomal protein S6 kinase beta-1	Homo sapiens	Encontrado	https://alphafold.ebi.ac.uk/entry/P23443
RPS6KB1	missense_variant		1598604302						P23443	Ribosomal protein S6 kinase beta-1	Homo sapiens	Encontrado	https://alphafold.ebi.ac.uk/entry/P23443
RPS6KB1	missense_variant		1598806787						P23443	Ribosomal protein S6 kinase beta-1	Homo sapiens	Encontrado	https://alphafold.ebi.ac.uk/entry/P23443
RPS6KB1	missense_variant		1598808033						P23443	Ribosomal protein S6 kinase beta-1	Homo sapiens	Encontrado	https://alphafold.ebi.ac.uk/entry/P23443
RPS6KB1	missense_variant		1598844554						P23443	Ribosomal protein S6 kinase beta-1	Homo sapiens	Encontrado	https://alphafold.ebi.ac.uk/entry/P23443
RPS6KB1	missense_variant		1598848397						P23443	Ribosomal protein S6 kinase beta-1	Homo sapiens	Encontrado	https://alphafold.ebi.ac.uk/entry/P23443
RPS6KB1	missense_variant		1598862477						P23443	Ribosomal protein S6 kinase beta-1	Homo sapiens	Encontrado	https://alphafold.ebi.ac.uk/entry/P23443
RPS6KB1	missense_variant		1598863920						P23443	Ribosomal protein S6 kinase beta-1	Homo sapiens	Encontrado	https://alphafold.ebi.ac.uk/entry/P23443
RPS6KB1	missense_variant		1598867100						P23443	Ribosomal protein S6 kinase beta-1	Homo sapiens	Encontrado	https://alphafold.ebi.ac.uk/entry/P23443
RPS6KB1	missense_variant	uncertain significance	183590386	P23443	rs183590386	N145S	0.266		P23443	Ribosomal protein S6 kinase beta-1	Homo sapiens	Encontrado	https://alphafold.ebi.ac.uk/entry/P23443
RPS6KB1	missense_variant	uncertain significance	183590386	P23443	rs183590386	N145S	0.18		P23443	Ribosomal protein S6 kinase beta-1	Homo sapiens	Encontrado	https://alphafold.ebi.ac.uk/entry/P23443
RPS6KB1	missense_variant		188842766						P23443	Ribosomal protein S6 kinase beta-1	Homo sapiens	Encontrado	https://alphafold.ebi.ac.uk/entry/P23443
RPS6KB1	missense_variant		190355625						P23443	Ribosomal protein S6 kinase beta-1	Homo sapiens	Encontrado	https://alphafold.ebi.ac.uk/entry/P23443
RPS6KB1	missense_variant		192496107						P23443	Ribosomal protein S6 kinase beta-1	Homo sapiens	Encontrado	https://alphafold.ebi.ac.uk/entry/P23443
RPS6KB1	missense_variant		199530443						P23443	Ribosomal protein S6 kinase beta-1	Homo sapiens	Encontrado	https://alphafold.ebi.ac.uk/entry/P23443
RPS6KB1	missense_variant		200047998						P23443	Ribosomal protein S6 kinase beta-1	Homo sapiens	Encontrado	https://alphafold.ebi.ac.uk/entry/P23443
RPS6KB1	missense_variant		200282847						P23443	Ribosomal protein S6 kinase beta-1	Homo sapiens	Encontrado	https://alphafold.ebi.ac.uk/entry/P23443
RPS6KB1	missense_variant	uncertain significance	200320106						P23443	Ribosomal protein S6 kinase beta-1	Homo sapiens	Encontrado	https://alphafold.ebi.ac.uk/entry/P23443
RPS6KB1	missense_variant		200443093						P23443	Ribosomal protein S6 kinase beta-1	Homo sapiens	Encontrado	https://alphafold.ebi.ac.uk/entry/P23443
RPS6KB1	missense_variant		200452189						P23443	Ribosomal protein S6 kinase beta-1	Homo sapiens	Encontrado	https://alphafold.ebi.ac.uk/entry/P23443
RPS6KB1	missense_variant	uncertain significance	200572570						P23443	Ribosomal protein S6 kinase beta-1	Homo sapiens	Encontrado	https://alphafold.ebi.ac.uk/entry/P23443
RPS6KB1	missense_variant		200661534						P23443	Ribosomal protein S6 kinase beta-1	Homo sapiens	Encontrado	https://alphafold.ebi.ac.uk/entry/P23443
RPS6KB1	missense_variant		201316437						P23443	Ribosomal protein S6 kinase beta-1	Homo sapiens	Encontrado	https://alphafold.ebi.ac.uk/entry/P23443
RPS6KB1	missense_variant	uncertain significance	201329824						P23443	Ribosomal protein S6 kinase beta-1	Homo sapiens	Encontrado	https://alphafold.ebi.ac.uk/entry/P23443
RPS6KB1	missense_variant		201606773						P23443	Ribosomal protein S6 kinase beta-1	Homo sapiens	Encontrado	https://alphafold.ebi.ac.uk/entry/P23443
RPS6KB1	missense_variant		201664077						P23443	Ribosomal protein S6 kinase beta-1	Homo sapiens	Encontrado	https://alphafold.ebi.ac.uk/entry/P23443
RPS6KB1	missense_variant		201788760						P23443	Ribosomal protein S6 kinase beta-1	Homo sapiens	Encontrado	https://alphafold.ebi.ac.uk/entry/P23443
RPS6KB1	missense_variant		201932517						P23443	Ribosomal protein S6 kinase beta-1	Homo sapiens	Encontrado	https://alphafold.ebi.ac.uk/entry/P23443
RPS6KB1	missense_variant		201992757						P23443	Ribosomal protein S6 kinase beta-1	Homo sapiens	Encontrado	https://alphafold.ebi.ac.uk/entry/P23443
RPS6KB1	missense_variant		2041230350						P23443	Ribosomal protein S6 kinase beta-1	Homo sapiens	Encontrado	https://alphafold.ebi.ac.uk/entry/P23443
RPS6KB1	missense_variant		2041232221						P23443	Ribosomal protein S6 kinase beta-1	Homo sapiens	Encontrado	https://alphafold.ebi.ac.uk/entry/P23443
RPS6KB1	missense_variant		2041233533						P23443	Ribosomal protein S6 kinase beta-1	Homo sapiens	Encontrado	https://alphafold.ebi.ac.uk/entry/P23443
RPS6KB1	missense_variant		2041239809						P23443	Ribosomal protein S6 kinase beta-1	Homo sapiens	Encontrado	https://alphafold.ebi.ac.uk/entry/P23443
RPS6KB1	missense_variant		2042573202						P23443	Ribosomal protein S6 kinase beta-1	Homo sapiens	Encontrado	https://alphafold.ebi.ac.uk/entry/P23443
RPS6KB1	missense_variant		2042573907						P23443	Ribosomal protein S6 kinase beta-1	Homo sapiens	Encontrado	https://alphafold.ebi.ac.uk/entry/P23443
RPS6KB1	missense_variant		2042575600						P23443	Ribosomal protein S6 kinase beta-1	Homo sapiens	Encontrado	https://alphafold.ebi.ac.uk/entry/P23443
RPS6KB1	missense_variant		2042720124						P23443	Ribosomal protein S6 kinase beta-1	Homo sapiens	Encontrado	https://alphafold.ebi.ac.uk/entry/P23443
RPS6KB1	missense_variant		2042720724						P23443	Ribosomal protein S6 kinase beta-1	Homo sapiens	Encontrado	https://alphafold.ebi.ac.uk/entry/P23443
RPS6KB1	missense_variant		2042723469						P23443	Ribosomal protein S6 kinase beta-1	Homo sapiens	Encontrado	https://alphafold.ebi.ac.uk/entry/P23443
RPS6KB1	missense_variant		2042723969						P23443	Ribosomal protein S6 kinase beta-1	Homo sapiens	Encontrado	https://alphafold.ebi.ac.uk/entry/P23443
RPS6KB1	missense_variant		2042837717						P23443	Ribosomal protein S6 kinase beta-1	Homo sapiens	Encontrado	https://alphafold.ebi.ac.uk/entry/P23443
RPS6KB1	missense_variant		2042838208						P23443	Ribosomal protein S6 kinase beta-1	Homo sapiens	Encontrado	https://alphafold.ebi.ac.uk/entry/P23443
RPS6KB1	missense_variant		2043614659						P23443	Ribosomal protein S6 kinase beta-1	Homo sapiens	Encontrado	https://alphafold.ebi.ac.uk/entry/P23443
RPS6KB1	missense_variant		2043616970						P23443	Ribosomal protein S6 kinase beta-1	Homo sapiens	Encontrado	https://alphafold.ebi.ac.uk/entry/P23443
RPS6KB1	missense_variant		2043617495						P23443	Ribosomal protein S6 kinase beta-1	Homo sapiens	Encontrado	https://alphafold.ebi.ac.uk/entry/P23443
RPS6KB1	missense_variant		2043853020						P23443	Ribosomal protein S6 kinase beta-1	Homo sapiens	Encontrado	https://alphafold.ebi.ac.uk/entry/P23443
RPS6KB1	missense_variant		2043853628						P23443	Ribosomal protein S6 kinase beta-1	Homo sapiens	Encontrado	https://alphafold.ebi.ac.uk/entry/P23443
RPS6KB1	missense_variant		2043929929						P23443	Ribosomal protein S6 kinase beta-1	Homo sapiens	Encontrado	https://alphafold.ebi.ac.uk/entry/P23443
RPS6KB1	missense_variant		2043930121						P23443	Ribosomal protein S6 kinase beta-1	Homo sapiens	Encontrado	https://alphafold.ebi.ac.uk/entry/P23443
RPS6KB1	missense_variant		2043930629						P23443	Ribosomal protein S6 kinase beta-1	Homo sapiens	Encontrado	https://alphafold.ebi.ac.uk/entry/P23443
RPS6KB1	missense_variant		2043930875						P23443	Ribosomal protein S6 kinase beta-1	Homo sapiens	Encontrado	https://alphafold.ebi.ac.uk/entry/P23443
RPS6KB1	missense_variant		2043931072						P23443	Ribosomal protein S6 kinase beta-1	Homo sapiens	Encontrado	https://alphafold.ebi.ac.uk/entry/P23443
RPS6KB1	missense_variant		2043931409						P23443	Ribosomal protein S6 kinase beta-1	Homo sapiens	Encontrado	https://alphafold.ebi.ac.uk/entry/P23443
RPS6KB1	missense_variant		2043932394						P23443	Ribosomal protein S6 kinase beta-1	Homo sapiens	Encontrado	https://alphafold.ebi.ac.uk/entry/P23443
RPS6KB1	missense_variant		2043932753						P23443	Ribosomal protein S6 kinase beta-1	Homo sapiens	Encontrado	https://alphafold.ebi.ac.uk/entry/P23443
RPS6KB1	missense_variant		2043932913						P23443	Ribosomal protein S6 kinase beta-1	Homo sapiens	Encontrado	https://alphafold.ebi.ac.uk/entry/P23443
RPS6KB1	missense_variant		2044122575						P23443	Ribosomal protein S6 kinase beta-1	Homo sapiens	Encontrado	https://alphafold.ebi.ac.uk/entry/P23443
RPS6KB1	missense_variant		2044159778						P23443	Ribosomal protein S6 kinase beta-1	Homo sapiens	Encontrado	https://alphafold.ebi.ac.uk/entry/P23443
RPS6KB1	missense_variant		2044160271						P23443	Ribosomal protein S6 kinase beta-1	Homo sapiens	Encontrado	https://alphafold.ebi.ac.uk/entry/P23443
RPS6KB1	missense_variant		2044232265						P23443	Ribosomal protein S6 kinase beta-1	Homo sapiens	Encontrado	https://alphafold.ebi.ac.uk/entry/P23443
RPS6KB1	missense_variant		2044233788						P23443	Ribosomal protein S6 kinase beta-1	Homo sapiens	Encontrado	https://alphafold.ebi.ac.uk/entry/P23443
RPS6KB1	missense_variant		2044234009						P23443	Ribosomal protein S6 kinase beta-1	Homo sapiens	Encontrado	https://alphafold.ebi.ac.uk/entry/P23443
RPS6KB1	missense_variant		2044253298						P23443	Ribosomal protein S6 kinase beta-1	Homo sapiens	Encontrado	https://alphafold.ebi.ac.uk/entry/P23443
RPS6KB1	missense_variant		2044254477						P23443	Ribosomal protein S6 kinase beta-1	Homo sapiens	Encontrado	https://alphafold.ebi.ac.uk/entry/P23443
RPS6KB1	missense_variant		2044538868						P23443	Ribosomal protein S6 kinase beta-1	Homo sapiens	Encontrado	https://alphafold.ebi.ac.uk/entry/P23443
RPS6KB1	missense_variant		2044865225						P23443	Ribosomal protein S6 kinase beta-1	Homo sapiens	Encontrado	https://alphafold.ebi.ac.uk/entry/P23443
RPS6KB1	missense_variant		2044866200						P23443	Ribosomal protein S6 kinase beta-1	Homo sapiens	Encontrado	https://alphafold.ebi.ac.uk/entry/P23443
RPS6KB1	missense_variant		2044866589						P23443	Ribosomal protein S6 kinase beta-1	Homo sapiens	Encontrado	https://alphafold.ebi.ac.uk/entry/P23443
RPS6KB1	missense_variant		2044869330						P23443	Ribosomal protein S6 kinase beta-1	Homo sapiens	Encontrado	https://alphafold.ebi.ac.uk/entry/P23443
RPS6KB1	missense_variant	uncertain significance	2044939292	P23443	rs2044939292	S462P	0.0		P23443	Ribosomal protein S6 kinase beta-1	Homo sapiens	Encontrado	https://alphafold.ebi.ac.uk/entry/P23443
RPS6KB1	missense_variant	uncertain significance	2044939292	P23443	rs2044939292	S462P	0.35		P23443	Ribosomal protein S6 kinase beta-1	Homo sapiens	Encontrado	https://alphafold.ebi.ac.uk/entry/P23443
RPS6KB1	missense_variant		2044940126						P23443	Ribosomal protein S6 kinase beta-1	Homo sapiens	Encontrado	https://alphafold.ebi.ac.uk/entry/P23443
RPS6KB1	missense_variant		2044940781						P23443	Ribosomal protein S6 kinase beta-1	Homo sapiens	Encontrado	https://alphafold.ebi.ac.uk/entry/P23443
RPS6KB1	missense_variant		2044940957						P23443	Ribosomal protein S6 kinase beta-1	Homo sapiens	Encontrado	https://alphafold.ebi.ac.uk/entry/P23443
RPS6KB1	missense_variant		2044941748						P23443	Ribosomal protein S6 kinase beta-1	Homo sapiens	Encontrado	https://alphafold.ebi.ac.uk/entry/P23443
RPS6KB1	missense_variant		2044941925						P23443	Ribosomal protein S6 kinase beta-1	Homo sapiens	Encontrado	https://alphafold.ebi.ac.uk/entry/P23443
RPS6KB1	missense_variant		2044942119						P23443	Ribosomal protein S6 kinase beta-1	Homo sapiens	Encontrado	https://alphafold.ebi.ac.uk/entry/P23443
RPS6KB1	missense_variant		2044942352						P23443	Ribosomal protein S6 kinase beta-1	Homo sapiens	Encontrado	https://alphafold.ebi.ac.uk/entry/P23443
RPS6KB1	missense_variant		2044943006						P23443	Ribosomal protein S6 kinase beta-1	Homo sapiens	Encontrado	https://alphafold.ebi.ac.uk/entry/P23443
RPS6KB1	missense_variant		2044943578						P23443	Ribosomal protein S6 kinase beta-1	Homo sapiens	Encontrado	https://alphafold.ebi.ac.uk/entry/P23443
RPS6KB1	missense_variant		2044946785						P23443	Ribosomal protein S6 kinase beta-1	Homo sapiens	Encontrado	https://alphafold.ebi.ac.uk/entry/P23443
RPS6KB1	missense_variant		2044948789						P23443	Ribosomal protein S6 kinase beta-1	Homo sapiens	Encontrado	https://alphafold.ebi.ac.uk/entry/P23443
RPS6KB1	missense_variant		2044949199						P23443	Ribosomal protein S6 kinase beta-1	Homo sapiens	Encontrado	https://alphafold.ebi.ac.uk/entry/P23443
RPS6KB1	missense_variant		2044950617						P23443	Ribosomal protein S6 kinase beta-1	Homo sapiens	Encontrado	https://alphafold.ebi.ac.uk/entry/P23443
RPS6KB1	missense_variant		2045230698						P23443	Ribosomal protein S6 kinase beta-1	Homo sapiens	Encontrado	https://alphafold.ebi.ac.uk/entry/P23443
RPS6KB1	missense_variant		2045230771						P23443	Ribosomal protein S6 kinase beta-1	Homo sapiens	Encontrado	https://alphafold.ebi.ac.uk/entry/P23443
RPS6KB1	missense_variant		2045231123						P23443	Ribosomal protein S6 kinase beta-1	Homo sapiens	Encontrado	https://alphafold.ebi.ac.uk/entry/P23443
RPS6KB1	missense_variant		2045231143						P23443	Ribosomal protein S6 kinase beta-1	Homo sapiens	Encontrado	https://alphafold.ebi.ac.uk/entry/P23443
RPS6KB1	missense_variant		2045231306						P23443	Ribosomal protein S6 kinase beta-1	Homo sapiens	Encontrado	https://alphafold.ebi.ac.uk/entry/P23443
RPS6KB1	missense_variant		2045231370						P23443	Ribosomal protein S6 kinase beta-1	Homo sapiens	Encontrado	https://alphafold.ebi.ac.uk/entry/P23443
RPS6KB1	missense_variant		2045231575						P23443	Ribosomal protein S6 kinase beta-1	Homo sapiens	Encontrado	https://alphafold.ebi.ac.uk/entry/P23443
RPS6KB1	missense_variant		2045231702						P23443	Ribosomal protein S6 kinase beta-1	Homo sapiens	Encontrado	https://alphafold.ebi.ac.uk/entry/P23443
RPS6KB1	missense_variant		2045239027						P23443	Ribosomal protein S6 kinase beta-1	Homo sapiens	Encontrado	https://alphafold.ebi.ac.uk/entry/P23443
RPS6KB1	missense_variant		2045239630						P23443	Ribosomal protein S6 kinase beta-1	Homo sapiens	Encontrado	https://alphafold.ebi.ac.uk/entry/P23443
RPS6KB1	missense_variant		2045239724						P23443	Ribosomal protein S6 kinase beta-1	Homo sapiens	Encontrado	https://alphafold.ebi.ac.uk/entry/P23443
RPS6KB1	missense_variant		2045239786						P23443	Ribosomal protein S6 kinase beta-1	Homo sapiens	Encontrado	https://alphafold.ebi.ac.uk/entry/P23443
RPS6KB1	missense_variant		2045255101						P23443	Ribosomal protein S6 kinase beta-1	Homo sapiens	Encontrado	https://alphafold.ebi.ac.uk/entry/P23443
RPS6KB1	missense_variant		2045255366						P23443	Ribosomal protein S6 kinase beta-1	Homo sapiens	Encontrado	https://alphafold.ebi.ac.uk/entry/P23443
RPS6KB1	missense_variant		2045259897						P23443	Ribosomal protein S6 kinase beta-1	Homo sapiens	Encontrado	https://alphafold.ebi.ac.uk/entry/P23443
RPS6KB1	missense_variant		2045259992						P23443	Ribosomal protein S6 kinase beta-1	Homo sapiens	Encontrado	https://alphafold.ebi.ac.uk/entry/P23443
RPS6KB1	missense_variant		2045260033						P23443	Ribosomal protein S6 kinase beta-1	Homo sapiens	Encontrado	https://alphafold.ebi.ac.uk/entry/P23443
RPS6KB1	missense_variant		2045260082						P23443	Ribosomal protein S6 kinase beta-1	Homo sapiens	Encontrado	https://alphafold.ebi.ac.uk/entry/P23443
RPS6KB1	missense_variant		2045260394						P23443	Ribosomal protein S6 kinase beta-1	Homo sapiens	Encontrado	https://alphafold.ebi.ac.uk/entry/P23443
RPS6KB1	missense_variant		2045260410						P23443	Ribosomal protein S6 kinase beta-1	Homo sapiens	Encontrado	https://alphafold.ebi.ac.uk/entry/P23443
RPS6KB1	missense_variant		2045260424						P23443	Ribosomal protein S6 kinase beta-1	Homo sapiens	Encontrado	https://alphafold.ebi.ac.uk/entry/P23443
RPS6KB1	missense_variant		2045260635						P23443	Ribosomal protein S6 kinase beta-1	Homo sapiens	Encontrado	https://alphafold.ebi.ac.uk/entry/P23443
RPS6KB1	missense_variant		2045266517						P23443	Ribosomal protein S6 kinase beta-1	Homo sapiens	Encontrado	https://alphafold.ebi.ac.uk/entry/P23443
RPS6KB1	missense_variant		2045266592						P23443	Ribosomal protein S6 kinase beta-1	Homo sapiens	Encontrado	https://alphafold.ebi.ac.uk/entry/P23443
RPS6KB1	missense_variant		2045266616						P23443	Ribosomal protein S6 kinase beta-1	Homo sapiens	Encontrado	https://alphafold.ebi.ac.uk/entry/P23443
RPS6KB1	missense_variant		2045266662						P23443	Ribosomal protein S6 kinase beta-1	Homo sapiens	Encontrado	https://alphafold.ebi.ac.uk/entry/P23443
RPS6KB1	missense_variant		2045266723						P23443	Ribosomal protein S6 kinase beta-1	Homo sapiens	Encontrado	https://alphafold.ebi.ac.uk/entry/P23443
RPS6KB1	missense_variant	uncertain significance	2045266882						P23443	Ribosomal protein S6 kinase beta-1	Homo sapiens	Encontrado	https://alphafold.ebi.ac.uk/entry/P23443
RPS6KB1	missense_variant		2045266943						P23443	Ribosomal protein S6 kinase beta-1	Homo sapiens	Encontrado	https://alphafold.ebi.ac.uk/entry/P23443
RPS6KB1	missense_variant		2045267271						P23443	Ribosomal protein S6 kinase beta-1	Homo sapiens	Encontrado	https://alphafold.ebi.ac.uk/entry/P23443
RPS6KB1	missense_variant		2045267642						P23443	Ribosomal protein S6 kinase beta-1	Homo sapiens	Encontrado	https://alphafold.ebi.ac.uk/entry/P23443
RPS6KB1	missense_variant		2045267666						P23443	Ribosomal protein S6 kinase beta-1	Homo sapiens	Encontrado	https://alphafold.ebi.ac.uk/entry/P23443
RPS6KB1	missense_variant		2045278665						P23443	Ribosomal protein S6 kinase beta-1	Homo sapiens	Encontrado	https://alphafold.ebi.ac.uk/entry/P23443
RPS6KB1	missense_variant		2045278803						P23443	Ribosomal protein S6 kinase beta-1	Homo sapiens	Encontrado	https://alphafold.ebi.ac.uk/entry/P23443
RPS6KB1	missense_variant		2045278824						P23443	Ribosomal protein S6 kinase beta-1	Homo sapiens	Encontrado	https://alphafold.ebi.ac.uk/entry/P23443
RPS6KB1	missense_variant		2045278888						P23443	Ribosomal protein S6 kinase beta-1	Homo sapiens	Encontrado	https://alphafold.ebi.ac.uk/entry/P23443
RPS6KB1	missense_variant	uncertain significance	2045279439						P23443	Ribosomal protein S6 kinase beta-1	Homo sapiens	Encontrado	https://alphafold.ebi.ac.uk/entry/P23443
RPS6KB1	missense_variant		2045279585						P23443	Ribosomal protein S6 kinase beta-1	Homo sapiens	Encontrado	https://alphafold.ebi.ac.uk/entry/P23443
RPS6KB1	missense_variant		2045301364						P23443	Ribosomal protein S6 kinase beta-1	Homo sapiens	Encontrado	https://alphafold.ebi.ac.uk/entry/P23443
RPS6KB1	missense_variant		2045301542						P23443	Ribosomal protein S6 kinase beta-1	Homo sapiens	Encontrado	https://alphafold.ebi.ac.uk/entry/P23443
RPS6KB1	missense_variant		2045301674						P23443	Ribosomal protein S6 kinase beta-1	Homo sapiens	Encontrado	https://alphafold.ebi.ac.uk/entry/P23443
RPS6KB1	missense_variant		2045301895						P23443	Ribosomal protein S6 kinase beta-1	Homo sapiens	Encontrado	https://alphafold.ebi.ac.uk/entry/P23443
RPS6KB1	missense_variant		2045302082						P23443	Ribosomal protein S6 kinase beta-1	Homo sapiens	Encontrado	https://alphafold.ebi.ac.uk/entry/P23443
RPS6KB1	missense_variant		2045302352						P23443	Ribosomal protein S6 kinase beta-1	Homo sapiens	Encontrado	https://alphafold.ebi.ac.uk/entry/P23443
RPS6KB1	missense_variant		2045302376						P23443	Ribosomal protein S6 kinase beta-1	Homo sapiens	Encontrado	https://alphafold.ebi.ac.uk/entry/P23443
RPS6KB1	missense_variant		2045304809						P23443	Ribosomal protein S6 kinase beta-1	Homo sapiens	Encontrado	https://alphafold.ebi.ac.uk/entry/P23443
RPS6KB1	missense_variant		2045305029						P23443	Ribosomal protein S6 kinase beta-1	Homo sapiens	Encontrado	https://alphafold.ebi.ac.uk/entry/P23443
RPS6KB1	missense_variant		2045305321						P23443	Ribosomal protein S6 kinase beta-1	Homo sapiens	Encontrado	https://alphafold.ebi.ac.uk/entry/P23443
RPS6KB1	missense_variant		2045305342						P23443	Ribosomal protein S6 kinase beta-1	Homo sapiens	Encontrado	https://alphafold.ebi.ac.uk/entry/P23443
RPS6KB1	missense_variant		2045305360						P23443	Ribosomal protein S6 kinase beta-1	Homo sapiens	Encontrado	https://alphafold.ebi.ac.uk/entry/P23443
RPS6KB1	missense_variant		2045306266						P23443	Ribosomal protein S6 kinase beta-1	Homo sapiens	Encontrado	https://alphafold.ebi.ac.uk/entry/P23443
RPS6KB1	missense_variant		2045306425						P23443	Ribosomal protein S6 kinase beta-1	Homo sapiens	Encontrado	https://alphafold.ebi.ac.uk/entry/P23443
RPS6KB1	missense_variant		2045306547						P23443	Ribosomal protein S6 kinase beta-1	Homo sapiens	Encontrado	https://alphafold.ebi.ac.uk/entry/P23443
RPS6KB1	missense_variant		2045306768						P23443	Ribosomal protein S6 kinase beta-1	Homo sapiens	Encontrado	https://alphafold.ebi.ac.uk/entry/P23443
RPS6KB1	missense_variant		2045307316						P23443	Ribosomal protein S6 kinase beta-1	Homo sapiens	Encontrado	https://alphafold.ebi.ac.uk/entry/P23443
RPS6KB1	missense_variant		2045307574						P23443	Ribosomal protein S6 kinase beta-1	Homo sapiens	Encontrado	https://alphafold.ebi.ac.uk/entry/P23443
RPS6KB1	missense_variant		2045307905						P23443	Ribosomal protein S6 kinase beta-1	Homo sapiens	Encontrado	https://alphafold.ebi.ac.uk/entry/P23443
RPS6KB1	missense_variant	uncertain significance	2045308249						P23443	Ribosomal protein S6 kinase beta-1	Homo sapiens	Encontrado	https://alphafold.ebi.ac.uk/entry/P23443
RPS6KB1	missense_variant		2045308292						P23443	Ribosomal protein S6 kinase beta-1	Homo sapiens	Encontrado	https://alphafold.ebi.ac.uk/entry/P23443
RPS6KB1	missense_variant		2045308374						P23443	Ribosomal protein S6 kinase beta-1	Homo sapiens	Encontrado	https://alphafold.ebi.ac.uk/entry/P23443
RPS6KB1	missense_variant		2045308408						P23443	Ribosomal protein S6 kinase beta-1	Homo sapiens	Encontrado	https://alphafold.ebi.ac.uk/entry/P23443
RPS6KB1	missense_variant		2045308506						P23443	Ribosomal protein S6 kinase beta-1	Homo sapiens	Encontrado	https://alphafold.ebi.ac.uk/entry/P23443
RPS6KB1	missense_variant		2045308905						P23443	Ribosomal protein S6 kinase beta-1	Homo sapiens	Encontrado	https://alphafold.ebi.ac.uk/entry/P23443
RPS6KB1	missense_variant		2045308932						P23443	Ribosomal protein S6 kinase beta-1	Homo sapiens	Encontrado	https://alphafold.ebi.ac.uk/entry/P23443
RPS6KB1	missense_variant		2045308967						P23443	Ribosomal protein S6 kinase beta-1	Homo sapiens	Encontrado	https://alphafold.ebi.ac.uk/entry/P23443
RPS6KB1	missense_variant		2045309134						P23443	Ribosomal protein S6 kinase beta-1	Homo sapiens	Encontrado	https://alphafold.ebi.ac.uk/entry/P23443
RPS6KB1	missense_variant		2045309266						P23443	Ribosomal protein S6 kinase beta-1	Homo sapiens	Encontrado	https://alphafold.ebi.ac.uk/entry/P23443
RPS6KB1	missense_variant		2045309421						P23443	Ribosomal protein S6 kinase beta-1	Homo sapiens	Encontrado	https://alphafold.ebi.ac.uk/entry/P23443
RPS6KB1	missense_variant		2047632940						P23443	Ribosomal protein S6 kinase beta-1	Homo sapiens	Encontrado	https://alphafold.ebi.ac.uk/entry/P23443
RPS6KB1	missense_variant		2047891944						P23443	Ribosomal protein S6 kinase beta-1	Homo sapiens	Encontrado	https://alphafold.ebi.ac.uk/entry/P23443
RPS6KB1	missense_variant		2144617574						P23443	Ribosomal protein S6 kinase beta-1	Homo sapiens	Encontrado	https://alphafold.ebi.ac.uk/entry/P23443
RPS6KB1	missense_variant		2144793474						P23443	Ribosomal protein S6 kinase beta-1	Homo sapiens	Encontrado	https://alphafold.ebi.ac.uk/entry/P23443
RPS6KB1	missense_variant		2144793558						P23443	Ribosomal protein S6 kinase beta-1	Homo sapiens	Encontrado	https://alphafold.ebi.ac.uk/entry/P23443
RPS6KB1	missense_variant		2144793683						P23443	Ribosomal protein S6 kinase beta-1	Homo sapiens	Encontrado	https://alphafold.ebi.ac.uk/entry/P23443
RPS6KB1	missense_variant		2144793731						P23443	Ribosomal protein S6 kinase beta-1	Homo sapiens	Encontrado	https://alphafold.ebi.ac.uk/entry/P23443
RPS6KB1	missense_variant		2144793748						P23443	Ribosomal protein S6 kinase beta-1	Homo sapiens	Encontrado	https://alphafold.ebi.ac.uk/entry/P23443
RPS6KB1	missense_variant		2144793816						P23443	Ribosomal protein S6 kinase beta-1	Homo sapiens	Encontrado	https://alphafold.ebi.ac.uk/entry/P23443
RPS6KB1	missense_variant		2144793873						P23443	Ribosomal protein S6 kinase beta-1	Homo sapiens	Encontrado	https://alphafold.ebi.ac.uk/entry/P23443
RPS6KB1	missense_variant		2144793920						P23443	Ribosomal protein S6 kinase beta-1	Homo sapiens	Encontrado	https://alphafold.ebi.ac.uk/entry/P23443
RPS6KB1	missense_variant		2144793984						P23443	Ribosomal protein S6 kinase beta-1	Homo sapiens	Encontrado	https://alphafold.ebi.ac.uk/entry/P23443
RPS6KB1	missense_variant		2144794016						P23443	Ribosomal protein S6 kinase beta-1	Homo sapiens	Encontrado	https://alphafold.ebi.ac.uk/entry/P23443
RPS6KB1	missense_variant		2144794069						P23443	Ribosomal protein S6 kinase beta-1	Homo sapiens	Encontrado	https://alphafold.ebi.ac.uk/entry/P23443
RPS6KB1	missense_variant		2144794178						P23443	Ribosomal protein S6 kinase beta-1	Homo sapiens	Encontrado	https://alphafold.ebi.ac.uk/entry/P23443
RPS6KB1	missense_variant		2144794216						P23443	Ribosomal protein S6 kinase beta-1	Homo sapiens	Encontrado	https://alphafold.ebi.ac.uk/entry/P23443
RPS6KB1	missense_variant		2144794235						P23443	Ribosomal protein S6 kinase beta-1	Homo sapiens	Encontrado	https://alphafold.ebi.ac.uk/entry/P23443
RPS6KB1	missense_variant		2144794425						P23443	Ribosomal protein S6 kinase beta-1	Homo sapiens	Encontrado	https://alphafold.ebi.ac.uk/entry/P23443
RPS6KB1	missense_variant		2144794478						P23443	Ribosomal protein S6 kinase beta-1	Homo sapiens	Encontrado	https://alphafold.ebi.ac.uk/entry/P23443
RPS6KB1	missense_variant		2144794491						P23443	Ribosomal protein S6 kinase beta-1	Homo sapiens	Encontrado	https://alphafold.ebi.ac.uk/entry/P23443
RPS6KB1	missense_variant		2144794580						P23443	Ribosomal protein S6 kinase beta-1	Homo sapiens	Encontrado	https://alphafold.ebi.ac.uk/entry/P23443
RPS6KB1	missense_variant		2144794598						P23443	Ribosomal protein S6 kinase beta-1	Homo sapiens	Encontrado	https://alphafold.ebi.ac.uk/entry/P23443
RPS6KB1	missense_variant		2144794625						P23443	Ribosomal protein S6 kinase beta-1	Homo sapiens	Encontrado	https://alphafold.ebi.ac.uk/entry/P23443
RPS6KB1	missense_variant		2144794656						P23443	Ribosomal protein S6 kinase beta-1	Homo sapiens	Encontrado	https://alphafold.ebi.ac.uk/entry/P23443
RPS6KB1	missense_variant		2144794740						P23443	Ribosomal protein S6 kinase beta-1	Homo sapiens	Encontrado	https://alphafold.ebi.ac.uk/entry/P23443
RPS6KB1	missense_variant		2144794785						P23443	Ribosomal protein S6 kinase beta-1	Homo sapiens	Encontrado	https://alphafold.ebi.ac.uk/entry/P23443
RPS6KB1	missense_variant		2144794886						P23443	Ribosomal protein S6 kinase beta-1	Homo sapiens	Encontrado	https://alphafold.ebi.ac.uk/entry/P23443
RPS6KB1	missense_variant		2144795031						P23443	Ribosomal protein S6 kinase beta-1	Homo sapiens	Encontrado	https://alphafold.ebi.ac.uk/entry/P23443
RPS6KB1	missense_variant		2144795059						P23443	Ribosomal protein S6 kinase beta-1	Homo sapiens	Encontrado	https://alphafold.ebi.ac.uk/entry/P23443
RPS6KB1	missense_variant		2144795095						P23443	Ribosomal protein S6 kinase beta-1	Homo sapiens	Encontrado	https://alphafold.ebi.ac.uk/entry/P23443
RPS6KB1	missense_variant		2144795154						P23443	Ribosomal protein S6 kinase beta-1	Homo sapiens	Encontrado	https://alphafold.ebi.ac.uk/entry/P23443
RPS6KB1	missense_variant		2144795206						P23443	Ribosomal protein S6 kinase beta-1	Homo sapiens	Encontrado	https://alphafold.ebi.ac.uk/entry/P23443
RPS6KB1	missense_variant		2144795344						P23443	Ribosomal protein S6 kinase beta-1	Homo sapiens	Encontrado	https://alphafold.ebi.ac.uk/entry/P23443
RPS6KB1	missense_variant		2144795366						P23443	Ribosomal protein S6 kinase beta-1	Homo sapiens	Encontrado	https://alphafold.ebi.ac.uk/entry/P23443
RPS6KB1	missense_variant		2144795426						P23443	Ribosomal protein S6 kinase beta-1	Homo sapiens	Encontrado	https://alphafold.ebi.ac.uk/entry/P23443
RPS6KB1	missense_variant		2144795522						P23443	Ribosomal protein S6 kinase beta-1	Homo sapiens	Encontrado	https://alphafold.ebi.ac.uk/entry/P23443
RPS6KB1	missense_variant		2144795579						P23443	Ribosomal protein S6 kinase beta-1	Homo sapiens	Encontrado	https://alphafold.ebi.ac.uk/entry/P23443
RPS6KB1	missense_variant		2144795603						P23443	Ribosomal protein S6 kinase beta-1	Homo sapiens	Encontrado	https://alphafold.ebi.ac.uk/entry/P23443
RPS6KB1	missense_variant		2144795671						P23443	Ribosomal protein S6 kinase beta-1	Homo sapiens	Encontrado	https://alphafold.ebi.ac.uk/entry/P23443
RPS6KB1	missense_variant		2144795707						P23443	Ribosomal protein S6 kinase beta-1	Homo sapiens	Encontrado	https://alphafold.ebi.ac.uk/entry/P23443
RPS6KB1	missense_variant		2144795740						P23443	Ribosomal protein S6 kinase beta-1	Homo sapiens	Encontrado	https://alphafold.ebi.ac.uk/entry/P23443
RPS6KB1	missense_variant		2144795780						P23443	Ribosomal protein S6 kinase beta-1	Homo sapiens	Encontrado	https://alphafold.ebi.ac.uk/entry/P23443
RPS6KB1	missense_variant		2144795810						P23443	Ribosomal protein S6 kinase beta-1	Homo sapiens	Encontrado	https://alphafold.ebi.ac.uk/entry/P23443
RPS6KB1	missense_variant		2144795879						P23443	Ribosomal protein S6 kinase beta-1	Homo sapiens	Encontrado	https://alphafold.ebi.ac.uk/entry/P23443
RPS6KB1	missense_variant		2144796032						P23443	Ribosomal protein S6 kinase beta-1	Homo sapiens	Encontrado	https://alphafold.ebi.ac.uk/entry/P23443
RPS6KB1	missense_variant		2144796092						P23443	Ribosomal protein S6 kinase beta-1	Homo sapiens	Encontrado	https://alphafold.ebi.ac.uk/entry/P23443
RPS6KB1	missense_variant		2144963365						P23443	Ribosomal protein S6 kinase beta-1	Homo sapiens	Encontrado	https://alphafold.ebi.ac.uk/entry/P23443
RPS6KB1	missense_variant		2144984725						P23443	Ribosomal protein S6 kinase beta-1	Homo sapiens	Encontrado	https://alphafold.ebi.ac.uk/entry/P23443
RPS6KB1	missense_variant		2144984882						P23443	Ribosomal protein S6 kinase beta-1	Homo sapiens	Encontrado	https://alphafold.ebi.ac.uk/entry/P23443
RPS6KB1	missense_variant		2144992304						P23443	Ribosomal protein S6 kinase beta-1	Homo sapiens	Encontrado	https://alphafold.ebi.ac.uk/entry/P23443
RPS6KB1	missense_variant		2144992324						P23443	Ribosomal protein S6 kinase beta-1	Homo sapiens	Encontrado	https://alphafold.ebi.ac.uk/entry/P23443
RPS6KB1	missense_variant		2144992785						P23443	Ribosomal protein S6 kinase beta-1	Homo sapiens	Encontrado	https://alphafold.ebi.ac.uk/entry/P23443
RPS6KB1	missense_variant		2144992808						P23443	Ribosomal protein S6 kinase beta-1	Homo sapiens	Encontrado	https://alphafold.ebi.ac.uk/entry/P23443
RPS6KB1	missense_variant		2145000571						P23443	Ribosomal protein S6 kinase beta-1	Homo sapiens	Encontrado	https://alphafold.ebi.ac.uk/entry/P23443
RPS6KB1	missense_variant		2145040980						P23443	Ribosomal protein S6 kinase beta-1	Homo sapiens	Encontrado	https://alphafold.ebi.ac.uk/entry/P23443
RPS6KB1	missense_variant		2145085260						P23443	Ribosomal protein S6 kinase beta-1	Homo sapiens	Encontrado	https://alphafold.ebi.ac.uk/entry/P23443
RPS6KB1	missense_variant		2145085288						P23443	Ribosomal protein S6 kinase beta-1	Homo sapiens	Encontrado	https://alphafold.ebi.ac.uk/entry/P23443
RPS6KB1	missense_variant		2145085395						P23443	Ribosomal protein S6 kinase beta-1	Homo sapiens	Encontrado	https://alphafold.ebi.ac.uk/entry/P23443
RPS6KB1	missense_variant		2145085428						P23443	Ribosomal protein S6 kinase beta-1	Homo sapiens	Encontrado	https://alphafold.ebi.ac.uk/entry/P23443
RPS6KB1	missense_variant	uncertain significance	2145085447						P23443	Ribosomal protein S6 kinase beta-1	Homo sapiens	Encontrado	https://alphafold.ebi.ac.uk/entry/P23443
RPS6KB1	missense_variant		2145085492						P23443	Ribosomal protein S6 kinase beta-1	Homo sapiens	Encontrado	https://alphafold.ebi.ac.uk/entry/P23443
RPS6KB1	missense_variant		2145085512						P23443	Ribosomal protein S6 kinase beta-1	Homo sapiens	Encontrado	https://alphafold.ebi.ac.uk/entry/P23443
RPS6KB1	missense_variant		2145085835						P23443	Ribosomal protein S6 kinase beta-1	Homo sapiens	Encontrado	https://alphafold.ebi.ac.uk/entry/P23443
RPS6KB1	missense_variant		2145085845						P23443	Ribosomal protein S6 kinase beta-1	Homo sapiens	Encontrado	https://alphafold.ebi.ac.uk/entry/P23443
RPS6KB1	missense_variant		2145085890						P23443	Ribosomal protein S6 kinase beta-1	Homo sapiens	Encontrado	https://alphafold.ebi.ac.uk/entry/P23443
RPS6KB1	missense_variant		2145085925						P23443	Ribosomal protein S6 kinase beta-1	Homo sapiens	Encontrado	https://alphafold.ebi.ac.uk/entry/P23443
RPS6KB1	missense_variant		2145085936						P23443	Ribosomal protein S6 kinase beta-1	Homo sapiens	Encontrado	https://alphafold.ebi.ac.uk/entry/P23443
RPS6KB1	missense_variant		2145085946						P23443	Ribosomal protein S6 kinase beta-1	Homo sapiens	Encontrado	https://alphafold.ebi.ac.uk/entry/P23443
RPS6KB1	missense_variant		2145086015						P23443	Ribosomal protein S6 kinase beta-1	Homo sapiens	Encontrado	https://alphafold.ebi.ac.uk/entry/P23443
RPS6KB1	missense_variant		2145086059						P23443	Ribosomal protein S6 kinase beta-1	Homo sapiens	Encontrado	https://alphafold.ebi.ac.uk/entry/P23443
RPS6KB1	missense_variant		2145086156						P23443	Ribosomal protein S6 kinase beta-1	Homo sapiens	Encontrado	https://alphafold.ebi.ac.uk/entry/P23443
RPS6KB1	missense_variant		2145086351						P23443	Ribosomal protein S6 kinase beta-1	Homo sapiens	Encontrado	https://alphafold.ebi.ac.uk/entry/P23443
RPS6KB1	missense_variant		2145086399						P23443	Ribosomal protein S6 kinase beta-1	Homo sapiens	Encontrado	https://alphafold.ebi.ac.uk/entry/P23443
RPS6KB1	missense_variant		2145086410						P23443	Ribosomal protein S6 kinase beta-1	Homo sapiens	Encontrado	https://alphafold.ebi.ac.uk/entry/P23443
RPS6KB1	missense_variant		2145086661						P23443	Ribosomal protein S6 kinase beta-1	Homo sapiens	Encontrado	https://alphafold.ebi.ac.uk/entry/P23443
RPS6KB1	missense_variant		2145086692						P23443	Ribosomal protein S6 kinase beta-1	Homo sapiens	Encontrado	https://alphafold.ebi.ac.uk/entry/P23443
RPS6KB1	missense_variant		2145086727						P23443	Ribosomal protein S6 kinase beta-1	Homo sapiens	Encontrado	https://alphafold.ebi.ac.uk/entry/P23443
RPS6KB1	missense_variant		2145113291						P23443	Ribosomal protein S6 kinase beta-1	Homo sapiens	Encontrado	https://alphafold.ebi.ac.uk/entry/P23443
RPS6KB1	missense_variant		2145117157						P23443	Ribosomal protein S6 kinase beta-1	Homo sapiens	Encontrado	https://alphafold.ebi.ac.uk/entry/P23443
RPS6KB1	missense_variant		2145118250						P23443	Ribosomal protein S6 kinase beta-1	Homo sapiens	Encontrado	https://alphafold.ebi.ac.uk/entry/P23443
RPS6KB1	missense_variant		2145120635						P23443	Ribosomal protein S6 kinase beta-1	Homo sapiens	Encontrado	https://alphafold.ebi.ac.uk/entry/P23443
RPS6KB1	missense_variant		2145120797						P23443	Ribosomal protein S6 kinase beta-1	Homo sapiens	Encontrado	https://alphafold.ebi.ac.uk/entry/P23443
RPS6KB1	missense_variant		2145120813						P23443	Ribosomal protein S6 kinase beta-1	Homo sapiens	Encontrado	https://alphafold.ebi.ac.uk/entry/P23443
RPS6KB1	missense_variant		2145120905						P23443	Ribosomal protein S6 kinase beta-1	Homo sapiens	Encontrado	https://alphafold.ebi.ac.uk/entry/P23443
RPS6KB1	missense_variant	uncertain significance	2509325123						P23443	Ribosomal protein S6 kinase beta-1	Homo sapiens	Encontrado	https://alphafold.ebi.ac.uk/entry/P23443
RPS6KB1	missense_variant	uncertain significance	2509325279						P23443	Ribosomal protein S6 kinase beta-1	Homo sapiens	Encontrado	https://alphafold.ebi.ac.uk/entry/P23443
RPS6KB1	missense_variant	uncertain significance	2509617682						P23443	Ribosomal protein S6 kinase beta-1	Homo sapiens	Encontrado	https://alphafold.ebi.ac.uk/entry/P23443
RPS6KB1	missense_variant	uncertain significance	2509636020						P23443	Ribosomal protein S6 kinase beta-1	Homo sapiens	Encontrado	https://alphafold.ebi.ac.uk/entry/P23443
RPS6KB1	missense_variant	uncertain significance	367607184						P23443	Ribosomal protein S6 kinase beta-1	Homo sapiens	Encontrado	https://alphafold.ebi.ac.uk/entry/P23443
RPS6KB1	missense_variant		367762054						P23443	Ribosomal protein S6 kinase beta-1	Homo sapiens	Encontrado	https://alphafold.ebi.ac.uk/entry/P23443
RPS6KB1	missense_variant		368407775						P23443	Ribosomal protein S6 kinase beta-1	Homo sapiens	Encontrado	https://alphafold.ebi.ac.uk/entry/P23443
RPS6KB1	missense_variant		369251713						P23443	Ribosomal protein S6 kinase beta-1	Homo sapiens	Encontrado	https://alphafold.ebi.ac.uk/entry/P23443
RPS6KB1	missense_variant		369331866						P23443	Ribosomal protein S6 kinase beta-1	Homo sapiens	Encontrado	https://alphafold.ebi.ac.uk/entry/P23443
RPS6KB1	missense_variant		369549123						P23443	Ribosomal protein S6 kinase beta-1	Homo sapiens	Encontrado	https://alphafold.ebi.ac.uk/entry/P23443
RPS6KB1	missense_variant	uncertain significance	370354835						P23443	Ribosomal protein S6 kinase beta-1	Homo sapiens	Encontrado	https://alphafold.ebi.ac.uk/entry/P23443
RPS6KB1	missense_variant		370573890						P23443	Ribosomal protein S6 kinase beta-1	Homo sapiens	Encontrado	https://alphafold.ebi.ac.uk/entry/P23443
RPS6KB1	missense_variant		371239209						P23443	Ribosomal protein S6 kinase beta-1	Homo sapiens	Encontrado	https://alphafold.ebi.ac.uk/entry/P23443
RPS6KB1	missense_variant		373016769						P23443	Ribosomal protein S6 kinase beta-1	Homo sapiens	Encontrado	https://alphafold.ebi.ac.uk/entry/P23443
RPS6KB1	missense_variant		373201580						P23443	Ribosomal protein S6 kinase beta-1	Homo sapiens	Encontrado	https://alphafold.ebi.ac.uk/entry/P23443
RPS6KB1	missense_variant	uncertain significance	373282555						P23443	Ribosomal protein S6 kinase beta-1	Homo sapiens	Encontrado	https://alphafold.ebi.ac.uk/entry/P23443
RPS6KB1	missense_variant		374047009						P23443	Ribosomal protein S6 kinase beta-1	Homo sapiens	Encontrado	https://alphafold.ebi.ac.uk/entry/P23443
RPS6KB1	missense_variant		375346435						P23443	Ribosomal protein S6 kinase beta-1	Homo sapiens	Encontrado	https://alphafold.ebi.ac.uk/entry/P23443
RPS6KB1	missense_variant		376198298						P23443	Ribosomal protein S6 kinase beta-1	Homo sapiens	Encontrado	https://alphafold.ebi.ac.uk/entry/P23443
RPS6KB1	missense_variant		376215881						P23443	Ribosomal protein S6 kinase beta-1	Homo sapiens	Encontrado	https://alphafold.ebi.ac.uk/entry/P23443
RPS6KB1	missense_variant		376278427						P23443	Ribosomal protein S6 kinase beta-1	Homo sapiens	Encontrado	https://alphafold.ebi.ac.uk/entry/P23443
RPS6KB1	missense_variant		376390460						P23443	Ribosomal protein S6 kinase beta-1	Homo sapiens	Encontrado	https://alphafold.ebi.ac.uk/entry/P23443
RPS6KB1	missense_variant		376898864						P23443	Ribosomal protein S6 kinase beta-1	Homo sapiens	Encontrado	https://alphafold.ebi.ac.uk/entry/P23443
RPS6KB1	missense_variant		377332462						P23443	Ribosomal protein S6 kinase beta-1	Homo sapiens	Encontrado	https://alphafold.ebi.ac.uk/entry/P23443
RPS6KB1	missense_variant	uncertain significance	533421595						P23443	Ribosomal protein S6 kinase beta-1	Homo sapiens	Encontrado	https://alphafold.ebi.ac.uk/entry/P23443
RPS6KB1	missense_variant		535213123						P23443	Ribosomal protein S6 kinase beta-1	Homo sapiens	Encontrado	https://alphafold.ebi.ac.uk/entry/P23443
RPS6KB1	missense_variant		544648803						P23443	Ribosomal protein S6 kinase beta-1	Homo sapiens	Encontrado	https://alphafold.ebi.ac.uk/entry/P23443
RPS6KB1	missense_variant		545176136						P23443	Ribosomal protein S6 kinase beta-1	Homo sapiens	Encontrado	https://alphafold.ebi.ac.uk/entry/P23443
RPS6KB1	missense_variant		548013831						P23443	Ribosomal protein S6 kinase beta-1	Homo sapiens	Encontrado	https://alphafold.ebi.ac.uk/entry/P23443
RPS6KB1	missense_variant		561028562						P23443	Ribosomal protein S6 kinase beta-1	Homo sapiens	Encontrado	https://alphafold.ebi.ac.uk/entry/P23443
RPS6KB1	missense_variant		561995422						P23443	Ribosomal protein S6 kinase beta-1	Homo sapiens	Encontrado	https://alphafold.ebi.ac.uk/entry/P23443
RPS6KB1	missense_variant		563223522						P23443	Ribosomal protein S6 kinase beta-1	Homo sapiens	Encontrado	https://alphafold.ebi.ac.uk/entry/P23443
RPS6KB1	missense_variant		564335135						P23443	Ribosomal protein S6 kinase beta-1	Homo sapiens	Encontrado	https://alphafold.ebi.ac.uk/entry/P23443
RPS6KB1	missense_variant	uncertain significance	571226737						P23443	Ribosomal protein S6 kinase beta-1	Homo sapiens	Encontrado	https://alphafold.ebi.ac.uk/entry/P23443
RPS6KB1	missense_variant		578242191						P23443	Ribosomal protein S6 kinase beta-1	Homo sapiens	Encontrado	https://alphafold.ebi.ac.uk/entry/P23443
RPS6KB1	missense_variant	uncertain significance	61752305						P23443	Ribosomal protein S6 kinase beta-1	Homo sapiens	Encontrado	https://alphafold.ebi.ac.uk/entry/P23443
RPS6KB1	missense_variant		73318983						P23443	Ribosomal protein S6 kinase beta-1	Homo sapiens	Encontrado	https://alphafold.ebi.ac.uk/entry/P23443
RPS6KB1	missense_variant		745362088						P23443	Ribosomal protein S6 kinase beta-1	Homo sapiens	Encontrado	https://alphafold.ebi.ac.uk/entry/P23443
RPS6KB1	missense_variant		745450937						P23443	Ribosomal protein S6 kinase beta-1	Homo sapiens	Encontrado	https://alphafold.ebi.ac.uk/entry/P23443
RPS6KB1	missense_variant		745629253						P23443	Ribosomal protein S6 kinase beta-1	Homo sapiens	Encontrado	https://alphafold.ebi.ac.uk/entry/P23443
RPS6KB1	missense_variant		745681533						P23443	Ribosomal protein S6 kinase beta-1	Homo sapiens	Encontrado	https://alphafold.ebi.ac.uk/entry/P23443
RPS6KB1	missense_variant		745723563						P23443	Ribosomal protein S6 kinase beta-1	Homo sapiens	Encontrado	https://alphafold.ebi.ac.uk/entry/P23443
RPS6KB1	missense_variant		745840803						P23443	Ribosomal protein S6 kinase beta-1	Homo sapiens	Encontrado	https://alphafold.ebi.ac.uk/entry/P23443
RPS6KB1	missense_variant		745916710						P23443	Ribosomal protein S6 kinase beta-1	Homo sapiens	Encontrado	https://alphafold.ebi.ac.uk/entry/P23443
RPS6KB1	missense_variant		746643734						P23443	Ribosomal protein S6 kinase beta-1	Homo sapiens	Encontrado	https://alphafold.ebi.ac.uk/entry/P23443
RPS6KB1	missense_variant		747068367						P23443	Ribosomal protein S6 kinase beta-1	Homo sapiens	Encontrado	https://alphafold.ebi.ac.uk/entry/P23443
RPS6KB1	missense_variant		747344879						P23443	Ribosomal protein S6 kinase beta-1	Homo sapiens	Encontrado	https://alphafold.ebi.ac.uk/entry/P23443
RPS6KB1	missense_variant	uncertain significance	747544806						P23443	Ribosomal protein S6 kinase beta-1	Homo sapiens	Encontrado	https://alphafold.ebi.ac.uk/entry/P23443
RPS6KB1	missense_variant		747867363						P23443	Ribosomal protein S6 kinase beta-1	Homo sapiens	Encontrado	https://alphafold.ebi.ac.uk/entry/P23443
RPS6KB1	missense_variant		748211939						P23443	Ribosomal protein S6 kinase beta-1	Homo sapiens	Encontrado	https://alphafold.ebi.ac.uk/entry/P23443
RPS6KB1	missense_variant		748499116						P23443	Ribosomal protein S6 kinase beta-1	Homo sapiens	Encontrado	https://alphafold.ebi.ac.uk/entry/P23443
RPS6KB1	missense_variant		748857449						P23443	Ribosomal protein S6 kinase beta-1	Homo sapiens	Encontrado	https://alphafold.ebi.ac.uk/entry/P23443
RPS6KB1	missense_variant		748931984						P23443	Ribosomal protein S6 kinase beta-1	Homo sapiens	Encontrado	https://alphafold.ebi.ac.uk/entry/P23443
RPS6KB1	missense_variant		749019062						P23443	Ribosomal protein S6 kinase beta-1	Homo sapiens	Encontrado	https://alphafold.ebi.ac.uk/entry/P23443
RPS6KB1	missense_variant		749112766						P23443	Ribosomal protein S6 kinase beta-1	Homo sapiens	Encontrado	https://alphafold.ebi.ac.uk/entry/P23443
RPS6KB1	missense_variant		749416565						P23443	Ribosomal protein S6 kinase beta-1	Homo sapiens	Encontrado	https://alphafold.ebi.ac.uk/entry/P23443
RPS6KB1	missense_variant		749435991						P23443	Ribosomal protein S6 kinase beta-1	Homo sapiens	Encontrado	https://alphafold.ebi.ac.uk/entry/P23443
RPS6KB1	missense_variant		749969685						P23443	Ribosomal protein S6 kinase beta-1	Homo sapiens	Encontrado	https://alphafold.ebi.ac.uk/entry/P23443
RPS6KB1	missense_variant		750651147						P23443	Ribosomal protein S6 kinase beta-1	Homo sapiens	Encontrado	https://alphafold.ebi.ac.uk/entry/P23443
RPS6KB1	missense_variant		750980793						P23443	Ribosomal protein S6 kinase beta-1	Homo sapiens	Encontrado	https://alphafold.ebi.ac.uk/entry/P23443
RPS6KB1	missense_variant	uncertain significance	751116466						P23443	Ribosomal protein S6 kinase beta-1	Homo sapiens	Encontrado	https://alphafold.ebi.ac.uk/entry/P23443
RPS6KB1	missense_variant		751489954	P23443	rs751489954	S462L	0.0		P23443	Ribosomal protein S6 kinase beta-1	Homo sapiens	Encontrado	https://alphafold.ebi.ac.uk/entry/P23443
RPS6KB1	missense_variant		751489954	P23443	rs751489954	S462L	0.4		P23443	Ribosomal protein S6 kinase beta-1	Homo sapiens	Encontrado	https://alphafold.ebi.ac.uk/entry/P23443
RPS6KB1	missense_variant		751489954	P23443	rs751489954	S462L	0.0		P23443	Ribosomal protein S6 kinase beta-1	Homo sapiens	Encontrado	https://alphafold.ebi.ac.uk/entry/P23443
RPS6KB1	missense_variant		751489954	P23443	rs751489954	S462L	0.44		P23443	Ribosomal protein S6 kinase beta-1	Homo sapiens	Encontrado	https://alphafold.ebi.ac.uk/entry/P23443
RPS6KB1	missense_variant		751621827						P23443	Ribosomal protein S6 kinase beta-1	Homo sapiens	Encontrado	https://alphafold.ebi.ac.uk/entry/P23443
RPS6KB1	missense_variant		751790687						P23443	Ribosomal protein S6 kinase beta-1	Homo sapiens	Encontrado	https://alphafold.ebi.ac.uk/entry/P23443
RPS6KB1	missense_variant	uncertain significance	752123845						P23443	Ribosomal protein S6 kinase beta-1	Homo sapiens	Encontrado	https://alphafold.ebi.ac.uk/entry/P23443
RPS6KB1	missense_variant	uncertain significance	752208915						P23443	Ribosomal protein S6 kinase beta-1	Homo sapiens	Encontrado	https://alphafold.ebi.ac.uk/entry/P23443
RPS6KB1	missense_variant		752693194						P23443	Ribosomal protein S6 kinase beta-1	Homo sapiens	Encontrado	https://alphafold.ebi.ac.uk/entry/P23443
RPS6KB1	missense_variant		752780303						P23443	Ribosomal protein S6 kinase beta-1	Homo sapiens	Encontrado	https://alphafold.ebi.ac.uk/entry/P23443
RPS6KB1	missense_variant		752890788						P23443	Ribosomal protein S6 kinase beta-1	Homo sapiens	Encontrado	https://alphafold.ebi.ac.uk/entry/P23443
RPS6KB1	missense_variant		753015687						P23443	Ribosomal protein S6 kinase beta-1	Homo sapiens	Encontrado	https://alphafold.ebi.ac.uk/entry/P23443
RPS6KB1	missense_variant		753045601						P23443	Ribosomal protein S6 kinase beta-1	Homo sapiens	Encontrado	https://alphafold.ebi.ac.uk/entry/P23443
RPS6KB1	missense_variant	likely benign	753236208						P23443	Ribosomal protein S6 kinase beta-1	Homo sapiens	Encontrado	https://alphafold.ebi.ac.uk/entry/P23443
RPS6KB1	missense_variant		754270633						P23443	Ribosomal protein S6 kinase beta-1	Homo sapiens	Encontrado	https://alphafold.ebi.ac.uk/entry/P23443
RPS6KB1	missense_variant		754312922						P23443	Ribosomal protein S6 kinase beta-1	Homo sapiens	Encontrado	https://alphafold.ebi.ac.uk/entry/P23443
RPS6KB1	missense_variant		755211761						P23443	Ribosomal protein S6 kinase beta-1	Homo sapiens	Encontrado	https://alphafold.ebi.ac.uk/entry/P23443
RPS6KB1	missense_variant		755360113						P23443	Ribosomal protein S6 kinase beta-1	Homo sapiens	Encontrado	https://alphafold.ebi.ac.uk/entry/P23443
RPS6KB1	missense_variant		755465759						P23443	Ribosomal protein S6 kinase beta-1	Homo sapiens	Encontrado	https://alphafold.ebi.ac.uk/entry/P23443
RPS6KB1	missense_variant		755957295						P23443	Ribosomal protein S6 kinase beta-1	Homo sapiens	Encontrado	https://alphafold.ebi.ac.uk/entry/P23443
RPS6KB1	missense_variant	uncertain significance	756132794	P23443	rs756132794	D18N	0.001		P23443	Ribosomal protein S6 kinase beta-1	Homo sapiens	Encontrado	https://alphafold.ebi.ac.uk/entry/P23443
RPS6KB1	missense_variant	uncertain significance	756132794	P23443	rs756132794	D18N	0.05		P23443	Ribosomal protein S6 kinase beta-1	Homo sapiens	Encontrado	https://alphafold.ebi.ac.uk/entry/P23443
RPS6KB1	missense_variant		756296066						P23443	Ribosomal protein S6 kinase beta-1	Homo sapiens	Encontrado	https://alphafold.ebi.ac.uk/entry/P23443
RPS6KB1	missense_variant		756594255						P23443	Ribosomal protein S6 kinase beta-1	Homo sapiens	Encontrado	https://alphafold.ebi.ac.uk/entry/P23443
RPS6KB1	missense_variant		756820769						P23443	Ribosomal protein S6 kinase beta-1	Homo sapiens	Encontrado	https://alphafold.ebi.ac.uk/entry/P23443
RPS6KB1	missense_variant		756990650						P23443	Ribosomal protein S6 kinase beta-1	Homo sapiens	Encontrado	https://alphafold.ebi.ac.uk/entry/P23443
RPS6KB1	missense_variant		757406435						P23443	Ribosomal protein S6 kinase beta-1	Homo sapiens	Encontrado	https://alphafold.ebi.ac.uk/entry/P23443
RPS6KB1	missense_variant		757540470						P23443	Ribosomal protein S6 kinase beta-1	Homo sapiens	Encontrado	https://alphafold.ebi.ac.uk/entry/P23443
RPS6KB1	missense_variant		757691849						P23443	Ribosomal protein S6 kinase beta-1	Homo sapiens	Encontrado	https://alphafold.ebi.ac.uk/entry/P23443
RPS6KB1	missense_variant		757920434						P23443	Ribosomal protein S6 kinase beta-1	Homo sapiens	Encontrado	https://alphafold.ebi.ac.uk/entry/P23443
RPS6KB1	missense_variant	uncertain significance	758068692						P23443	Ribosomal protein S6 kinase beta-1	Homo sapiens	Encontrado	https://alphafold.ebi.ac.uk/entry/P23443
RPS6KB1	missense_variant		758122913						P23443	Ribosomal protein S6 kinase beta-1	Homo sapiens	Encontrado	https://alphafold.ebi.ac.uk/entry/P23443
RPS6KB1	missense_variant		758392709						P23443	Ribosomal protein S6 kinase beta-1	Homo sapiens	Encontrado	https://alphafold.ebi.ac.uk/entry/P23443
RPS6KB1	missense_variant		758953978						P23443	Ribosomal protein S6 kinase beta-1	Homo sapiens	Encontrado	https://alphafold.ebi.ac.uk/entry/P23443
RPS6KB1	missense_variant		759260685						P23443	Ribosomal protein S6 kinase beta-1	Homo sapiens	Encontrado	https://alphafold.ebi.ac.uk/entry/P23443
RPS6KB1	missense_variant	uncertain significance	759325052						P23443	Ribosomal protein S6 kinase beta-1	Homo sapiens	Encontrado	https://alphafold.ebi.ac.uk/entry/P23443
RPS6KB1	missense_variant		759415083						P23443	Ribosomal protein S6 kinase beta-1	Homo sapiens	Encontrado	https://alphafold.ebi.ac.uk/entry/P23443
RPS6KB1	missense_variant		759504757						P23443	Ribosomal protein S6 kinase beta-1	Homo sapiens	Encontrado	https://alphafold.ebi.ac.uk/entry/P23443
RPS6KB1	missense_variant		759865603						P23443	Ribosomal protein S6 kinase beta-1	Homo sapiens	Encontrado	https://alphafold.ebi.ac.uk/entry/P23443
RPS6KB1	missense_variant		760347973						P23443	Ribosomal protein S6 kinase beta-1	Homo sapiens	Encontrado	https://alphafold.ebi.ac.uk/entry/P23443
RPS6KB1	missense_variant	uncertain significance	760407176						P23443	Ribosomal protein S6 kinase beta-1	Homo sapiens	Encontrado	https://alphafold.ebi.ac.uk/entry/P23443
RPS6KB1	missense_variant		760585468						P23443	Ribosomal protein S6 kinase beta-1	Homo sapiens	Encontrado	https://alphafold.ebi.ac.uk/entry/P23443
RPS6KB1	missense_variant		761115438						P23443	Ribosomal protein S6 kinase beta-1	Homo sapiens	Encontrado	https://alphafold.ebi.ac.uk/entry/P23443
RPS6KB1	missense_variant	uncertain significance	761445008						P23443	Ribosomal protein S6 kinase beta-1	Homo sapiens	Encontrado	https://alphafold.ebi.ac.uk/entry/P23443
RPS6KB1	missense_variant		762048699						P23443	Ribosomal protein S6 kinase beta-1	Homo sapiens	Encontrado	https://alphafold.ebi.ac.uk/entry/P23443
RPS6KB1	missense_variant		762067640						P23443	Ribosomal protein S6 kinase beta-1	Homo sapiens	Encontrado	https://alphafold.ebi.ac.uk/entry/P23443
RPS6KB1	missense_variant		762342327						P23443	Ribosomal protein S6 kinase beta-1	Homo sapiens	Encontrado	https://alphafold.ebi.ac.uk/entry/P23443
RPS6KB1	missense_variant		762344908						P23443	Ribosomal protein S6 kinase beta-1	Homo sapiens	Encontrado	https://alphafold.ebi.ac.uk/entry/P23443
RPS6KB1	missense_variant		762689295						P23443	Ribosomal protein S6 kinase beta-1	Homo sapiens	Encontrado	https://alphafold.ebi.ac.uk/entry/P23443
RPS6KB1	missense_variant		762824413						P23443	Ribosomal protein S6 kinase beta-1	Homo sapiens	Encontrado	https://alphafold.ebi.ac.uk/entry/P23443
RPS6KB1	missense_variant		762843401						P23443	Ribosomal protein S6 kinase beta-1	Homo sapiens	Encontrado	https://alphafold.ebi.ac.uk/entry/P23443
RPS6KB1	missense_variant	uncertain significance	762904326						P23443	Ribosomal protein S6 kinase beta-1	Homo sapiens	Encontrado	https://alphafold.ebi.ac.uk/entry/P23443
RPS6KB1	missense_variant		763367511	P23443	rs763367511	R363Q	0.1		P23443	Ribosomal protein S6 kinase beta-1	Homo sapiens	Encontrado	https://alphafold.ebi.ac.uk/entry/P23443
RPS6KB1	missense_variant		763367511	P23443	rs763367511	R363Q	0.02		P23443	Ribosomal protein S6 kinase beta-1	Homo sapiens	Encontrado	https://alphafold.ebi.ac.uk/entry/P23443
RPS6KB1	missense_variant		763367511	P23443	rs763367511	R363Q	0.098		P23443	Ribosomal protein S6 kinase beta-1	Homo sapiens	Encontrado	https://alphafold.ebi.ac.uk/entry/P23443
RPS6KB1	missense_variant		763367511	P23443	rs763367511	R363Q	0.01		P23443	Ribosomal protein S6 kinase beta-1	Homo sapiens	Encontrado	https://alphafold.ebi.ac.uk/entry/P23443
RPS6KB1	missense_variant	uncertain significance	763484257	P23443	rs763484257	E41D	0.0		P23443	Ribosomal protein S6 kinase beta-1	Homo sapiens	Encontrado	https://alphafold.ebi.ac.uk/entry/P23443
RPS6KB1	missense_variant	uncertain significance	763484257	P23443	rs763484257	E41D	1.0		P23443	Ribosomal protein S6 kinase beta-1	Homo sapiens	Encontrado	https://alphafold.ebi.ac.uk/entry/P23443
RPS6KB1	missense_variant	uncertain significance	763484257	P23443	rs763484257	E41D	0.0		P23443	Ribosomal protein S6 kinase beta-1	Homo sapiens	Encontrado	https://alphafold.ebi.ac.uk/entry/P23443
RPS6KB1	missense_variant	uncertain significance	763484257	P23443	rs763484257	E41D	1.0		P23443	Ribosomal protein S6 kinase beta-1	Homo sapiens	Encontrado	https://alphafold.ebi.ac.uk/entry/P23443
RPS6KB1	missense_variant		764447891						P23443	Ribosomal protein S6 kinase beta-1	Homo sapiens	Encontrado	https://alphafold.ebi.ac.uk/entry/P23443
RPS6KB1	missense_variant		764576299						P23443	Ribosomal protein S6 kinase beta-1	Homo sapiens	Encontrado	https://alphafold.ebi.ac.uk/entry/P23443
RPS6KB1	missense_variant	likely benign	764930051						P23443	Ribosomal protein S6 kinase beta-1	Homo sapiens	Encontrado	https://alphafold.ebi.ac.uk/entry/P23443
RPS6KB1	missense_variant		765062518						P23443	Ribosomal protein S6 kinase beta-1	Homo sapiens	Encontrado	https://alphafold.ebi.ac.uk/entry/P23443
RPS6KB1	missense_variant		765593493						P23443	Ribosomal protein S6 kinase beta-1	Homo sapiens	Encontrado	https://alphafold.ebi.ac.uk/entry/P23443
RPS6KB1	missense_variant		765900698						P23443	Ribosomal protein S6 kinase beta-1	Homo sapiens	Encontrado	https://alphafold.ebi.ac.uk/entry/P23443
RPS6KB1	missense_variant		765926024						P23443	Ribosomal protein S6 kinase beta-1	Homo sapiens	Encontrado	https://alphafold.ebi.ac.uk/entry/P23443
RPS6KB1	missense_variant		765945008						P23443	Ribosomal protein S6 kinase beta-1	Homo sapiens	Encontrado	https://alphafold.ebi.ac.uk/entry/P23443
RPS6KB1	missense_variant		766253181						P23443	Ribosomal protein S6 kinase beta-1	Homo sapiens	Encontrado	https://alphafold.ebi.ac.uk/entry/P23443
RPS6KB1	missense_variant		766645749						P23443	Ribosomal protein S6 kinase beta-1	Homo sapiens	Encontrado	https://alphafold.ebi.ac.uk/entry/P23443
RPS6KB1	missense_variant		766770547						P23443	Ribosomal protein S6 kinase beta-1	Homo sapiens	Encontrado	https://alphafold.ebi.ac.uk/entry/P23443
RPS6KB1	missense_variant		767058583						P23443	Ribosomal protein S6 kinase beta-1	Homo sapiens	Encontrado	https://alphafold.ebi.ac.uk/entry/P23443
RPS6KB1	missense_variant		767111740						P23443	Ribosomal protein S6 kinase beta-1	Homo sapiens	Encontrado	https://alphafold.ebi.ac.uk/entry/P23443
RPS6KB1	missense_variant		767347823						P23443	Ribosomal protein S6 kinase beta-1	Homo sapiens	Encontrado	https://alphafold.ebi.ac.uk/entry/P23443
RPS6KB1	missense_variant		767506821						P23443	Ribosomal protein S6 kinase beta-1	Homo sapiens	Encontrado	https://alphafold.ebi.ac.uk/entry/P23443
RPS6KB1	missense_variant		767780996						P23443	Ribosomal protein S6 kinase beta-1	Homo sapiens	Encontrado	https://alphafold.ebi.ac.uk/entry/P23443
RPS6KB1	missense_variant		767839581						P23443	Ribosomal protein S6 kinase beta-1	Homo sapiens	Encontrado	https://alphafold.ebi.ac.uk/entry/P23443
RPS6KB1	missense_variant		767976996						P23443	Ribosomal protein S6 kinase beta-1	Homo sapiens	Encontrado	https://alphafold.ebi.ac.uk/entry/P23443
RPS6KB1	missense_variant		768495617						P23443	Ribosomal protein S6 kinase beta-1	Homo sapiens	Encontrado	https://alphafold.ebi.ac.uk/entry/P23443
RPS6KB1	missense_variant		768597776						P23443	Ribosomal protein S6 kinase beta-1	Homo sapiens	Encontrado	https://alphafold.ebi.ac.uk/entry/P23443
RPS6KB1	missense_variant	likely benign	768994695						P23443	Ribosomal protein S6 kinase beta-1	Homo sapiens	Encontrado	https://alphafold.ebi.ac.uk/entry/P23443
RPS6KB1	missense_variant	uncertain significance	769152306	P23443	rs769152306	G39C	0.322		P23443	Ribosomal protein S6 kinase beta-1	Homo sapiens	Encontrado	https://alphafold.ebi.ac.uk/entry/P23443
RPS6KB1	missense_variant	uncertain significance	769152306	P23443	rs769152306	G39C	0.19		P23443	Ribosomal protein S6 kinase beta-1	Homo sapiens	Encontrado	https://alphafold.ebi.ac.uk/entry/P23443
RPS6KB1	missense_variant		769289034						P23443	Ribosomal protein S6 kinase beta-1	Homo sapiens	Encontrado	https://alphafold.ebi.ac.uk/entry/P23443
RPS6KB1	missense_variant		769735104						P23443	Ribosomal protein S6 kinase beta-1	Homo sapiens	Encontrado	https://alphafold.ebi.ac.uk/entry/P23443
RPS6KB1	missense_variant		769786318						P23443	Ribosomal protein S6 kinase beta-1	Homo sapiens	Encontrado	https://alphafold.ebi.ac.uk/entry/P23443
RPS6KB1	missense_variant		770155911						P23443	Ribosomal protein S6 kinase beta-1	Homo sapiens	Encontrado	https://alphafold.ebi.ac.uk/entry/P23443
RPS6KB1	missense_variant		770364465	P23443	rs770364465	K507R	0.107		P23443	Ribosomal protein S6 kinase beta-1	Homo sapiens	Encontrado	https://alphafold.ebi.ac.uk/entry/P23443
RPS6KB1	missense_variant		770364465	P23443	rs770364465	K507R	0.11		P23443	Ribosomal protein S6 kinase beta-1	Homo sapiens	Encontrado	https://alphafold.ebi.ac.uk/entry/P23443
RPS6KB1	missense_variant		770364465	P23443	rs770364465	K507R	0.111		P23443	Ribosomal protein S6 kinase beta-1	Homo sapiens	Encontrado	https://alphafold.ebi.ac.uk/entry/P23443
RPS6KB1	missense_variant		770364465	P23443	rs770364465	K507R	0.03		P23443	Ribosomal protein S6 kinase beta-1	Homo sapiens	Encontrado	https://alphafold.ebi.ac.uk/entry/P23443
RPS6KB1	missense_variant		770443593						P23443	Ribosomal protein S6 kinase beta-1	Homo sapiens	Encontrado	https://alphafold.ebi.ac.uk/entry/P23443
RPS6KB1	missense_variant	uncertain significance	771005046	P23443	rs771005046	G48C	0.006		P23443	Ribosomal protein S6 kinase beta-1	Homo sapiens	Encontrado	https://alphafold.ebi.ac.uk/entry/P23443
RPS6KB1	missense_variant	uncertain significance	771005046	P23443	rs771005046	G48C	0.14		P23443	Ribosomal protein S6 kinase beta-1	Homo sapiens	Encontrado	https://alphafold.ebi.ac.uk/entry/P23443
RPS6KB1	missense_variant		771304642						P23443	Ribosomal protein S6 kinase beta-1	Homo sapiens	Encontrado	https://alphafold.ebi.ac.uk/entry/P23443
RPS6KB1	missense_variant		771526006						P23443	Ribosomal protein S6 kinase beta-1	Homo sapiens	Encontrado	https://alphafold.ebi.ac.uk/entry/P23443
RPS6KB1	missense_variant		771959807						P23443	Ribosomal protein S6 kinase beta-1	Homo sapiens	Encontrado	https://alphafold.ebi.ac.uk/entry/P23443
RPS6KB1	missense_variant		772154437						P23443	Ribosomal protein S6 kinase beta-1	Homo sapiens	Encontrado	https://alphafold.ebi.ac.uk/entry/P23443
RPS6KB1	missense_variant		772635440						P23443	Ribosomal protein S6 kinase beta-1	Homo sapiens	Encontrado	https://alphafold.ebi.ac.uk/entry/P23443
RPS6KB1	missense_variant		772708702						P23443	Ribosomal protein S6 kinase beta-1	Homo sapiens	Encontrado	https://alphafold.ebi.ac.uk/entry/P23443
RPS6KB1	missense_variant		772798588						P23443	Ribosomal protein S6 kinase beta-1	Homo sapiens	Encontrado	https://alphafold.ebi.ac.uk/entry/P23443
RPS6KB1	missense_variant	uncertain significance	773013562	P23443	rs773013562	R5S	0.598		P23443	Ribosomal protein S6 kinase beta-1	Homo sapiens	Encontrado	https://alphafold.ebi.ac.uk/entry/P23443
RPS6KB1	missense_variant	uncertain significance	773013562	P23443	rs773013562	R5S	0.12		P23443	Ribosomal protein S6 kinase beta-1	Homo sapiens	Encontrado	https://alphafold.ebi.ac.uk/entry/P23443
RPS6KB1	missense_variant		773378191						P23443	Ribosomal protein S6 kinase beta-1	Homo sapiens	Encontrado	https://alphafold.ebi.ac.uk/entry/P23443
RPS6KB1	missense_variant		773561530						P23443	Ribosomal protein S6 kinase beta-1	Homo sapiens	Encontrado	https://alphafold.ebi.ac.uk/entry/P23443
RPS6KB1	missense_variant		773788066						P23443	Ribosomal protein S6 kinase beta-1	Homo sapiens	Encontrado	https://alphafold.ebi.ac.uk/entry/P23443
RPS6KB1	missense_variant		773920494						P23443	Ribosomal protein S6 kinase beta-1	Homo sapiens	Encontrado	https://alphafold.ebi.ac.uk/entry/P23443
RPS6KB1	missense_variant		774417798						P23443	Ribosomal protein S6 kinase beta-1	Homo sapiens	Encontrado	https://alphafold.ebi.ac.uk/entry/P23443
RPS6KB1	missense_variant		774592527						P23443	Ribosomal protein S6 kinase beta-1	Homo sapiens	Encontrado	https://alphafold.ebi.ac.uk/entry/P23443
RPS6KB1	missense_variant		774681501						P23443	Ribosomal protein S6 kinase beta-1	Homo sapiens	Encontrado	https://alphafold.ebi.ac.uk/entry/P23443
RPS6KB1	missense_variant		774803147						P23443	Ribosomal protein S6 kinase beta-1	Homo sapiens	Encontrado	https://alphafold.ebi.ac.uk/entry/P23443
RPS6KB1	missense_variant		77495043						P23443	Ribosomal protein S6 kinase beta-1	Homo sapiens	Encontrado	https://alphafold.ebi.ac.uk/entry/P23443
RPS6KB1	missense_variant		775559789						P23443	Ribosomal protein S6 kinase beta-1	Homo sapiens	Encontrado	https://alphafold.ebi.ac.uk/entry/P23443
RPS6KB1	missense_variant		775567916						P23443	Ribosomal protein S6 kinase beta-1	Homo sapiens	Encontrado	https://alphafold.ebi.ac.uk/entry/P23443
RPS6KB1	missense_variant		775831949						P23443	Ribosomal protein S6 kinase beta-1	Homo sapiens	Encontrado	https://alphafold.ebi.ac.uk/entry/P23443
RPS6KB1	missense_variant		775874180						P23443	Ribosomal protein S6 kinase beta-1	Homo sapiens	Encontrado	https://alphafold.ebi.ac.uk/entry/P23443
RPS6KB1	missense_variant		775964365						P23443	Ribosomal protein S6 kinase beta-1	Homo sapiens	Encontrado	https://alphafold.ebi.ac.uk/entry/P23443
RPS6KB1	missense_variant		776419041						P23443	Ribosomal protein S6 kinase beta-1	Homo sapiens	Encontrado	https://alphafold.ebi.ac.uk/entry/P23443
RPS6KB1	missense_variant		776820480						P23443	Ribosomal protein S6 kinase beta-1	Homo sapiens	Encontrado	https://alphafold.ebi.ac.uk/entry/P23443
RPS6KB1	missense_variant		777117173						P23443	Ribosomal protein S6 kinase beta-1	Homo sapiens	Encontrado	https://alphafold.ebi.ac.uk/entry/P23443
RPS6KB1	missense_variant		777366933						P23443	Ribosomal protein S6 kinase beta-1	Homo sapiens	Encontrado	https://alphafold.ebi.ac.uk/entry/P23443
RPS6KB1	missense_variant		777855381						P23443	Ribosomal protein S6 kinase beta-1	Homo sapiens	Encontrado	https://alphafold.ebi.ac.uk/entry/P23443
RPS6KB1	missense_variant		778417580						P23443	Ribosomal protein S6 kinase beta-1	Homo sapiens	Encontrado	https://alphafold.ebi.ac.uk/entry/P23443
RPS6KB1	missense_variant		778507419						P23443	Ribosomal protein S6 kinase beta-1	Homo sapiens	Encontrado	https://alphafold.ebi.ac.uk/entry/P23443
RPS6KB1	missense_variant		778507676						P23443	Ribosomal protein S6 kinase beta-1	Homo sapiens	Encontrado	https://alphafold.ebi.ac.uk/entry/P23443
RPS6KB1	missense_variant		778713054						P23443	Ribosomal protein S6 kinase beta-1	Homo sapiens	Encontrado	https://alphafold.ebi.ac.uk/entry/P23443
RPS6KB1	missense_variant	uncertain significance	778998844						P23443	Ribosomal protein S6 kinase beta-1	Homo sapiens	Encontrado	https://alphafold.ebi.ac.uk/entry/P23443
RPS6KB1	missense_variant		779032288						P23443	Ribosomal protein S6 kinase beta-1	Homo sapiens	Encontrado	https://alphafold.ebi.ac.uk/entry/P23443
RPS6KB1	missense_variant		779444337						P23443	Ribosomal protein S6 kinase beta-1	Homo sapiens	Encontrado	https://alphafold.ebi.ac.uk/entry/P23443
RPS6KB1	missense_variant		779532384	P23443	rs779532384	P501L	0.37		P23443	Ribosomal protein S6 kinase beta-1	Homo sapiens	Encontrado	https://alphafold.ebi.ac.uk/entry/P23443
RPS6KB1	missense_variant		779532384	P23443	rs779532384	P501L	0.0		P23443	Ribosomal protein S6 kinase beta-1	Homo sapiens	Encontrado	https://alphafold.ebi.ac.uk/entry/P23443
RPS6KB1	missense_variant		779532384	P23443	rs779532384	P501L	0.366		P23443	Ribosomal protein S6 kinase beta-1	Homo sapiens	Encontrado	https://alphafold.ebi.ac.uk/entry/P23443
RPS6KB1	missense_variant		779532384	P23443	rs779532384	P501L	0.0		P23443	Ribosomal protein S6 kinase beta-1	Homo sapiens	Encontrado	https://alphafold.ebi.ac.uk/entry/P23443
RPS6KB1	missense_variant		779733197						P23443	Ribosomal protein S6 kinase beta-1	Homo sapiens	Encontrado	https://alphafold.ebi.ac.uk/entry/P23443
RPS6KB1	missense_variant		780040800						P23443	Ribosomal protein S6 kinase beta-1	Homo sapiens	Encontrado	https://alphafold.ebi.ac.uk/entry/P23443
RPS6KB1	missense_variant		780595729						P23443	Ribosomal protein S6 kinase beta-1	Homo sapiens	Encontrado	https://alphafold.ebi.ac.uk/entry/P23443
RPS6KB1	missense_variant		781068987						P23443	Ribosomal protein S6 kinase beta-1	Homo sapiens	Encontrado	https://alphafold.ebi.ac.uk/entry/P23443
RPS6KB1	missense_variant		781156171						P23443	Ribosomal protein S6 kinase beta-1	Homo sapiens	Encontrado	https://alphafold.ebi.ac.uk/entry/P23443
RPS6KB1	missense_variant		781242995						P23443	Ribosomal protein S6 kinase beta-1	Homo sapiens	Encontrado	https://alphafold.ebi.ac.uk/entry/P23443
RPS6KB1	missense_variant		781480128						P23443	Ribosomal protein S6 kinase beta-1	Homo sapiens	Encontrado	https://alphafold.ebi.ac.uk/entry/P23443
RPS6KB1	missense_variant		781691875						P23443	Ribosomal protein S6 kinase beta-1	Homo sapiens	Encontrado	https://alphafold.ebi.ac.uk/entry/P23443
RPS6KB1	missense_variant		796087301						P23443	Ribosomal protein S6 kinase beta-1	Homo sapiens	Encontrado	https://alphafold.ebi.ac.uk/entry/P23443
RPS6KB1	missense_variant		868796726						P23443	Ribosomal protein S6 kinase beta-1	Homo sapiens	Encontrado	https://alphafold.ebi.ac.uk/entry/P23443
RPS6KB1	missense_variant		906127932						P23443	Ribosomal protein S6 kinase beta-1	Homo sapiens	Encontrado	https://alphafold.ebi.ac.uk/entry/P23443
RPS6KB1	missense_variant	uncertain significance	910862562						P23443	Ribosomal protein S6 kinase beta-1	Homo sapiens	Encontrado	https://alphafold.ebi.ac.uk/entry/P23443
RPS6KB1	missense_variant		918528897						P23443	Ribosomal protein S6 kinase beta-1	Homo sapiens	Encontrado	https://alphafold.ebi.ac.uk/entry/P23443
RPS6KB1	missense_variant	uncertain significance	921235824						P23443	Ribosomal protein S6 kinase beta-1	Homo sapiens	Encontrado	https://alphafold.ebi.ac.uk/entry/P23443
RPS6KB1	missense_variant		930082055						P23443	Ribosomal protein S6 kinase beta-1	Homo sapiens	Encontrado	https://alphafold.ebi.ac.uk/entry/P23443
RPS6KB1	missense_variant		930974401						P23443	Ribosomal protein S6 kinase beta-1	Homo sapiens	Encontrado	https://alphafold.ebi.ac.uk/entry/P23443
RPS6KB1	missense_variant		932504496						P23443	Ribosomal protein S6 kinase beta-1	Homo sapiens	Encontrado	https://alphafold.ebi.ac.uk/entry/P23443
RPS6KB1	missense_variant		944521053						P23443	Ribosomal protein S6 kinase beta-1	Homo sapiens	Encontrado	https://alphafold.ebi.ac.uk/entry/P23443
RPS6KB1	missense_variant		951553081	P23443	rs951553081	R95W	0.968		P23443	Ribosomal protein S6 kinase beta-1	Homo sapiens	Encontrado	https://alphafold.ebi.ac.uk/entry/P23443
RPS6KB1	missense_variant		951553081	P23443	rs951553081	R95W	0.0		P23443	Ribosomal protein S6 kinase beta-1	Homo sapiens	Encontrado	https://alphafold.ebi.ac.uk/entry/P23443
RPS6KB1	missense_variant		951553081	P23443	rs951553081	R95W	0.967		P23443	Ribosomal protein S6 kinase beta-1	Homo sapiens	Encontrado	https://alphafold.ebi.ac.uk/entry/P23443
RPS6KB1	missense_variant		951553081	P23443	rs951553081	R95W	0.0		P23443	Ribosomal protein S6 kinase beta-1	Homo sapiens	Encontrado	https://alphafold.ebi.ac.uk/entry/P23443
RPS6KB1	missense_variant	likely benign	952428753						P23443	Ribosomal protein S6 kinase beta-1	Homo sapiens	Encontrado	https://alphafold.ebi.ac.uk/entry/P23443
RPS6KB1	missense_variant		953997166						P23443	Ribosomal protein S6 kinase beta-1	Homo sapiens	Encontrado	https://alphafold.ebi.ac.uk/entry/P23443
RPS6KB1	missense_variant	uncertain significance	967994179						P23443	Ribosomal protein S6 kinase beta-1	Homo sapiens	Encontrado	https://alphafold.ebi.ac.uk/entry/P23443
RPS6KB1	missense_variant		975291099						P23443	Ribosomal protein S6 kinase beta-1	Homo sapiens	Encontrado	https://alphafold.ebi.ac.uk/entry/P23443
RPS6KB1	missense_variant	uncertain significance	981099001						P23443	Ribosomal protein S6 kinase beta-1	Homo sapiens	Encontrado	https://alphafold.ebi.ac.uk/entry/P23443
