Gene	Consequencia	Significancia_Clinica	rs_key	UniProt_ID	rsID_dbSNP	Proteina_Mudanca	AlphaMissense_Score	AlphaMissense_Classificacao	ID_UniProt	Nome_Proteina	Organismo	Status	Link_AlphaFold
PGK1	missense_variant	likely benign	1002928416						P00558	Phosphoglycerate kinase 1	Homo sapiens	Encontrado	https://alphafold.ebi.ac.uk/entry/P00558
PGK1	missense_variant	uncertain significance, benign	1004861034						P00558	Phosphoglycerate kinase 1	Homo sapiens	Encontrado	https://alphafold.ebi.ac.uk/entry/P00558
PGK1	missense_variant		1006834208						P00558	Phosphoglycerate kinase 1	Homo sapiens	Encontrado	https://alphafold.ebi.ac.uk/entry/P00558
PGK1	missense_variant	uncertain significance	1007021919	P00558	rs1007021919	A296T	0.966		P00558	Phosphoglycerate kinase 1	Homo sapiens	Encontrado	https://alphafold.ebi.ac.uk/entry/P00558
PGK1	missense_variant	uncertain significance	1007021919	P00558	rs1007021919	A296T	0.04		P00558	Phosphoglycerate kinase 1	Homo sapiens	Encontrado	https://alphafold.ebi.ac.uk/entry/P00558
PGK1	missense_variant		1012006202						P00558	Phosphoglycerate kinase 1	Homo sapiens	Encontrado	https://alphafold.ebi.ac.uk/entry/P00558
PGK1	missense_variant		1018629893						P00558	Phosphoglycerate kinase 1	Homo sapiens	Encontrado	https://alphafold.ebi.ac.uk/entry/P00558
PGK1	missense_variant		1019291946						P00558	Phosphoglycerate kinase 1	Homo sapiens	Encontrado	https://alphafold.ebi.ac.uk/entry/P00558
PGK1	missense_variant	uncertain significance	1020034878						P00558	Phosphoglycerate kinase 1	Homo sapiens	Encontrado	https://alphafold.ebi.ac.uk/entry/P00558
PGK1	missense_variant	likely benign	1021686980						P00558	Phosphoglycerate kinase 1	Homo sapiens	Encontrado	https://alphafold.ebi.ac.uk/entry/P00558
PGK1	missense_variant	benign	1023683992						P00558	Phosphoglycerate kinase 1	Homo sapiens	Encontrado	https://alphafold.ebi.ac.uk/entry/P00558
PGK1	missense_variant	uncertain significance	1030215501						P00558	Phosphoglycerate kinase 1	Homo sapiens	Encontrado	https://alphafold.ebi.ac.uk/entry/P00558
PGK1	missense_variant	uncertain significance, likely benign	1039952708						P00558	Phosphoglycerate kinase 1	Homo sapiens	Encontrado	https://alphafold.ebi.ac.uk/entry/P00558
PGK1	missense_variant	uncertain significance	1045428290	P00558	rs1045428290	N26S	0.506		P00558	Phosphoglycerate kinase 1	Homo sapiens	Encontrado	https://alphafold.ebi.ac.uk/entry/P00558
PGK1	missense_variant	uncertain significance	1045428290	P00558	rs1045428290	N26S	0.05		P00558	Phosphoglycerate kinase 1	Homo sapiens	Encontrado	https://alphafold.ebi.ac.uk/entry/P00558
PGK1	missense_variant	uncertain significance, likely benign	1050354930						P00558	Phosphoglycerate kinase 1	Homo sapiens	Encontrado	https://alphafold.ebi.ac.uk/entry/P00558
PGK1	missense_variant		1051880585						P00558	Phosphoglycerate kinase 1	Homo sapiens	Encontrado	https://alphafold.ebi.ac.uk/entry/P00558
PGK1	missense_variant	uncertain significance	1056666156						P00558	Phosphoglycerate kinase 1	Homo sapiens	Encontrado	https://alphafold.ebi.ac.uk/entry/P00558
PGK1	missense_variant	likely benign	1057520234						P00558	Phosphoglycerate kinase 1	Homo sapiens	Encontrado	https://alphafold.ebi.ac.uk/entry/P00558
PGK1	missense_variant	uncertain significance	1057522517						P00558	Phosphoglycerate kinase 1	Homo sapiens	Encontrado	https://alphafold.ebi.ac.uk/entry/P00558
PGK1	missense_variant	uncertain significance	1057522925						P00558	Phosphoglycerate kinase 1	Homo sapiens	Encontrado	https://alphafold.ebi.ac.uk/entry/P00558
PGK1	missense_variant	uncertain significance	1057523112						P00558	Phosphoglycerate kinase 1	Homo sapiens	Encontrado	https://alphafold.ebi.ac.uk/entry/P00558
PGK1	missense_variant	uncertain significance	1057523512						P00558	Phosphoglycerate kinase 1	Homo sapiens	Encontrado	https://alphafold.ebi.ac.uk/entry/P00558
PGK1	missense_variant	likely pathogenic	1057524140	P00558	rs1057524140	S62N	0.129		P00558	Phosphoglycerate kinase 1	Homo sapiens	Encontrado	https://alphafold.ebi.ac.uk/entry/P00558
PGK1	missense_variant	likely pathogenic	1057524140	P00558	rs1057524140	S62N	0.02		P00558	Phosphoglycerate kinase 1	Homo sapiens	Encontrado	https://alphafold.ebi.ac.uk/entry/P00558
PGK1	missense_variant	uncertain significance	1057524455						P00558	Phosphoglycerate kinase 1	Homo sapiens	Encontrado	https://alphafold.ebi.ac.uk/entry/P00558
PGK1	missense_variant	uncertain significance	1060499671	P00558	rs1060499671	G306V	0.996		P00558	Phosphoglycerate kinase 1	Homo sapiens	Encontrado	https://alphafold.ebi.ac.uk/entry/P00558
PGK1	missense_variant	uncertain significance	1060499671	P00558	rs1060499671	G306V	0.0		P00558	Phosphoglycerate kinase 1	Homo sapiens	Encontrado	https://alphafold.ebi.ac.uk/entry/P00558
PGK1	missense_variant	likely pathogenic	1064796648						P00558	Phosphoglycerate kinase 1	Homo sapiens	Encontrado	https://alphafold.ebi.ac.uk/entry/P00558
PGK1	missense_variant	uncertain significance	1064797375						P00558	Phosphoglycerate kinase 1	Homo sapiens	Encontrado	https://alphafold.ebi.ac.uk/entry/P00558
PGK1	missense_variant	benign	1139445						P00558	Phosphoglycerate kinase 1	Homo sapiens	Encontrado	https://alphafold.ebi.ac.uk/entry/P00558
PGK1	missense_variant	benign	11541568						P00558	Phosphoglycerate kinase 1	Homo sapiens	Encontrado	https://alphafold.ebi.ac.uk/entry/P00558
PGK1	missense_variant		11541570						P00558	Phosphoglycerate kinase 1	Homo sapiens	Encontrado	https://alphafold.ebi.ac.uk/entry/P00558
PGK1	missense_variant		11541572						P00558	Phosphoglycerate kinase 1	Homo sapiens	Encontrado	https://alphafold.ebi.ac.uk/entry/P00558
PGK1	missense_variant		11541574						P00558	Phosphoglycerate kinase 1	Homo sapiens	Encontrado	https://alphafold.ebi.ac.uk/entry/P00558
PGK1	missense_variant	likely benign	1157086859						P00558	Phosphoglycerate kinase 1	Homo sapiens	Encontrado	https://alphafold.ebi.ac.uk/entry/P00558
PGK1	missense_variant		1160528346						P00558	Phosphoglycerate kinase 1	Homo sapiens	Encontrado	https://alphafold.ebi.ac.uk/entry/P00558
PGK1	missense_variant	uncertain significance	1161966279	P00558	rs1161966279	A109D	0.448		P00558	Phosphoglycerate kinase 1	Homo sapiens	Encontrado	https://alphafold.ebi.ac.uk/entry/P00558
PGK1	missense_variant	uncertain significance	1161966279	P00558	rs1161966279	A109D	0.0		P00558	Phosphoglycerate kinase 1	Homo sapiens	Encontrado	https://alphafold.ebi.ac.uk/entry/P00558
PGK1	missense_variant	uncertain significance	1161966279	P00558	rs1161966279	A109V	0.043		P00558	Phosphoglycerate kinase 1	Homo sapiens	Encontrado	https://alphafold.ebi.ac.uk/entry/P00558
PGK1	missense_variant	uncertain significance	1161966279	P00558	rs1161966279	A109V	0.0		P00558	Phosphoglycerate kinase 1	Homo sapiens	Encontrado	https://alphafold.ebi.ac.uk/entry/P00558
PGK1	missense_variant		1162709154						P00558	Phosphoglycerate kinase 1	Homo sapiens	Encontrado	https://alphafold.ebi.ac.uk/entry/P00558
PGK1	missense_variant	uncertain significance	1163453293						P00558	Phosphoglycerate kinase 1	Homo sapiens	Encontrado	https://alphafold.ebi.ac.uk/entry/P00558
PGK1	missense_variant	uncertain significance	1164298315						P00558	Phosphoglycerate kinase 1	Homo sapiens	Encontrado	https://alphafold.ebi.ac.uk/entry/P00558
PGK1	missense_variant		1164453165						P00558	Phosphoglycerate kinase 1	Homo sapiens	Encontrado	https://alphafold.ebi.ac.uk/entry/P00558
PGK1	missense_variant		1165096042						P00558	Phosphoglycerate kinase 1	Homo sapiens	Encontrado	https://alphafold.ebi.ac.uk/entry/P00558
PGK1	missense_variant		1169304458						P00558	Phosphoglycerate kinase 1	Homo sapiens	Encontrado	https://alphafold.ebi.ac.uk/entry/P00558
PGK1	missense_variant		1173503036						P00558	Phosphoglycerate kinase 1	Homo sapiens	Encontrado	https://alphafold.ebi.ac.uk/entry/P00558
PGK1	missense_variant	uncertain significance	1186296000						P00558	Phosphoglycerate kinase 1	Homo sapiens	Encontrado	https://alphafold.ebi.ac.uk/entry/P00558
PGK1	missense_variant		1186800358						P00558	Phosphoglycerate kinase 1	Homo sapiens	Encontrado	https://alphafold.ebi.ac.uk/entry/P00558
PGK1	missense_variant		1187044284						P00558	Phosphoglycerate kinase 1	Homo sapiens	Encontrado	https://alphafold.ebi.ac.uk/entry/P00558
PGK1	missense_variant	uncertain significance	1187663822	P00558	rs1187663822	K291R	0.795		P00558	Phosphoglycerate kinase 1	Homo sapiens	Encontrado	https://alphafold.ebi.ac.uk/entry/P00558
PGK1	missense_variant	uncertain significance	1187663822	P00558	rs1187663822	K291R	0.02		P00558	Phosphoglycerate kinase 1	Homo sapiens	Encontrado	https://alphafold.ebi.ac.uk/entry/P00558
PGK1	missense_variant	uncertain significance	1189381967						P00558	Phosphoglycerate kinase 1	Homo sapiens	Encontrado	https://alphafold.ebi.ac.uk/entry/P00558
PGK1	missense_variant	uncertain significance, likely benign	1189996419						P00558	Phosphoglycerate kinase 1	Homo sapiens	Encontrado	https://alphafold.ebi.ac.uk/entry/P00558
PGK1	missense_variant	uncertain significance	1193696385						P00558	Phosphoglycerate kinase 1	Homo sapiens	Encontrado	https://alphafold.ebi.ac.uk/entry/P00558
PGK1	missense_variant		1195024554						P00558	Phosphoglycerate kinase 1	Homo sapiens	Encontrado	https://alphafold.ebi.ac.uk/entry/P00558
PGK1	missense_variant		1197116516						P00558	Phosphoglycerate kinase 1	Homo sapiens	Encontrado	https://alphafold.ebi.ac.uk/entry/P00558
PGK1	missense_variant		1199204144						P00558	Phosphoglycerate kinase 1	Homo sapiens	Encontrado	https://alphafold.ebi.ac.uk/entry/P00558
PGK1	missense_variant		1201807902						P00558	Phosphoglycerate kinase 1	Homo sapiens	Encontrado	https://alphafold.ebi.ac.uk/entry/P00558
PGK1	missense_variant	uncertain significance	1204475767						P00558	Phosphoglycerate kinase 1	Homo sapiens	Encontrado	https://alphafold.ebi.ac.uk/entry/P00558
PGK1	missense_variant	uncertain significance	1206734459						P00558	Phosphoglycerate kinase 1	Homo sapiens	Encontrado	https://alphafold.ebi.ac.uk/entry/P00558
PGK1	missense_variant		1206811726						P00558	Phosphoglycerate kinase 1	Homo sapiens	Encontrado	https://alphafold.ebi.ac.uk/entry/P00558
PGK1	missense_variant		1208847909						P00558	Phosphoglycerate kinase 1	Homo sapiens	Encontrado	https://alphafold.ebi.ac.uk/entry/P00558
PGK1	missense_variant	uncertain significance	1209949067						P00558	Phosphoglycerate kinase 1	Homo sapiens	Encontrado	https://alphafold.ebi.ac.uk/entry/P00558
PGK1	missense_variant		1210830905						P00558	Phosphoglycerate kinase 1	Homo sapiens	Encontrado	https://alphafold.ebi.ac.uk/entry/P00558
PGK1	missense_variant		1215961611						P00558	Phosphoglycerate kinase 1	Homo sapiens	Encontrado	https://alphafold.ebi.ac.uk/entry/P00558
PGK1	missense_variant		1216439284						P00558	Phosphoglycerate kinase 1	Homo sapiens	Encontrado	https://alphafold.ebi.ac.uk/entry/P00558
PGK1	missense_variant	uncertain significance	1223126237						P00558	Phosphoglycerate kinase 1	Homo sapiens	Encontrado	https://alphafold.ebi.ac.uk/entry/P00558
PGK1	missense_variant	uncertain significance, likely benign	1227094533						P00558	Phosphoglycerate kinase 1	Homo sapiens	Encontrado	https://alphafold.ebi.ac.uk/entry/P00558
PGK1	missense_variant		1228198574	P00558	rs1228198574	E358D	0.0		P00558	Phosphoglycerate kinase 1	Homo sapiens	Encontrado	https://alphafold.ebi.ac.uk/entry/P00558
PGK1	missense_variant		1228198574	P00558	rs1228198574	E358D	0.11		P00558	Phosphoglycerate kinase 1	Homo sapiens	Encontrado	https://alphafold.ebi.ac.uk/entry/P00558
PGK1	missense_variant		1228198574	P00558	rs1228198574	E358D	0.001		P00558	Phosphoglycerate kinase 1	Homo sapiens	Encontrado	https://alphafold.ebi.ac.uk/entry/P00558
PGK1	missense_variant		1228198574	P00558	rs1228198574	E358D	0.29		P00558	Phosphoglycerate kinase 1	Homo sapiens	Encontrado	https://alphafold.ebi.ac.uk/entry/P00558
PGK1	missense_variant	likely benign	1231396067						P00558	Phosphoglycerate kinase 1	Homo sapiens	Encontrado	https://alphafold.ebi.ac.uk/entry/P00558
PGK1	missense_variant		1231465600						P00558	Phosphoglycerate kinase 1	Homo sapiens	Encontrado	https://alphafold.ebi.ac.uk/entry/P00558
PGK1	missense_variant		1231825385						P00558	Phosphoglycerate kinase 1	Homo sapiens	Encontrado	https://alphafold.ebi.ac.uk/entry/P00558
PGK1	missense_variant		1234055817						P00558	Phosphoglycerate kinase 1	Homo sapiens	Encontrado	https://alphafold.ebi.ac.uk/entry/P00558
PGK1	missense_variant	uncertain significance, likely benign	1234971496						P00558	Phosphoglycerate kinase 1	Homo sapiens	Encontrado	https://alphafold.ebi.ac.uk/entry/P00558
PGK1	missense_variant		1235731231						P00558	Phosphoglycerate kinase 1	Homo sapiens	Encontrado	https://alphafold.ebi.ac.uk/entry/P00558
PGK1	missense_variant	uncertain significance	1242124261	P00558	rs1242124261	Q300H	0.0		P00558	Phosphoglycerate kinase 1	Homo sapiens	Encontrado	https://alphafold.ebi.ac.uk/entry/P00558
PGK1	missense_variant	uncertain significance	1242124261	P00558	rs1242124261	Q300H	0.09		P00558	Phosphoglycerate kinase 1	Homo sapiens	Encontrado	https://alphafold.ebi.ac.uk/entry/P00558
PGK1	missense_variant	likely benign	1243982560						P00558	Phosphoglycerate kinase 1	Homo sapiens	Encontrado	https://alphafold.ebi.ac.uk/entry/P00558
PGK1	missense_variant	uncertain significance	1246689922						P00558	Phosphoglycerate kinase 1	Homo sapiens	Encontrado	https://alphafold.ebi.ac.uk/entry/P00558
PGK1	missense_variant		1246736632						P00558	Phosphoglycerate kinase 1	Homo sapiens	Encontrado	https://alphafold.ebi.ac.uk/entry/P00558
PGK1	missense_variant	uncertain significance, likely benign	1249256780						P00558	Phosphoglycerate kinase 1	Homo sapiens	Encontrado	https://alphafold.ebi.ac.uk/entry/P00558
PGK1	missense_variant	uncertain significance	1250288679						P00558	Phosphoglycerate kinase 1	Homo sapiens	Encontrado	https://alphafold.ebi.ac.uk/entry/P00558
PGK1	missense_variant	uncertain significance, likely benign	1250703588						P00558	Phosphoglycerate kinase 1	Homo sapiens	Encontrado	https://alphafold.ebi.ac.uk/entry/P00558
PGK1	missense_variant	uncertain significance	1253495703						P00558	Phosphoglycerate kinase 1	Homo sapiens	Encontrado	https://alphafold.ebi.ac.uk/entry/P00558
PGK1	missense_variant		1254496256						P00558	Phosphoglycerate kinase 1	Homo sapiens	Encontrado	https://alphafold.ebi.ac.uk/entry/P00558
PGK1	missense_variant		1255752801						P00558	Phosphoglycerate kinase 1	Homo sapiens	Encontrado	https://alphafold.ebi.ac.uk/entry/P00558
PGK1	missense_variant		1257837291						P00558	Phosphoglycerate kinase 1	Homo sapiens	Encontrado	https://alphafold.ebi.ac.uk/entry/P00558
PGK1	missense_variant		1262330370						P00558	Phosphoglycerate kinase 1	Homo sapiens	Encontrado	https://alphafold.ebi.ac.uk/entry/P00558
PGK1	missense_variant	uncertain significance, likely benign	1264242478						P00558	Phosphoglycerate kinase 1	Homo sapiens	Encontrado	https://alphafold.ebi.ac.uk/entry/P00558
PGK1	missense_variant	uncertain significance	1265476474						P00558	Phosphoglycerate kinase 1	Homo sapiens	Encontrado	https://alphafold.ebi.ac.uk/entry/P00558
PGK1	missense_variant		1266721621						P00558	Phosphoglycerate kinase 1	Homo sapiens	Encontrado	https://alphafold.ebi.ac.uk/entry/P00558
PGK1	missense_variant	uncertain significance	1267460544						P00558	Phosphoglycerate kinase 1	Homo sapiens	Encontrado	https://alphafold.ebi.ac.uk/entry/P00558
PGK1	missense_variant		1274998983						P00558	Phosphoglycerate kinase 1	Homo sapiens	Encontrado	https://alphafold.ebi.ac.uk/entry/P00558
PGK1	missense_variant		1275482552	P00558	rs1275482552	N138D	0.006		P00558	Phosphoglycerate kinase 1	Homo sapiens	Encontrado	https://alphafold.ebi.ac.uk/entry/P00558
PGK1	missense_variant		1275482552	P00558	rs1275482552	N138D	0.08		P00558	Phosphoglycerate kinase 1	Homo sapiens	Encontrado	https://alphafold.ebi.ac.uk/entry/P00558
PGK1	missense_variant		1275482552	P00558	rs1275482552	N138D	0.014		P00558	Phosphoglycerate kinase 1	Homo sapiens	Encontrado	https://alphafold.ebi.ac.uk/entry/P00558
PGK1	missense_variant		1275482552	P00558	rs1275482552	N138D	0.02		P00558	Phosphoglycerate kinase 1	Homo sapiens	Encontrado	https://alphafold.ebi.ac.uk/entry/P00558
PGK1	missense_variant		1276011157						P00558	Phosphoglycerate kinase 1	Homo sapiens	Encontrado	https://alphafold.ebi.ac.uk/entry/P00558
PGK1	missense_variant	uncertain significance	1277842658						P00558	Phosphoglycerate kinase 1	Homo sapiens	Encontrado	https://alphafold.ebi.ac.uk/entry/P00558
PGK1	missense_variant		1278079985						P00558	Phosphoglycerate kinase 1	Homo sapiens	Encontrado	https://alphafold.ebi.ac.uk/entry/P00558
PGK1	missense_variant		1279903148						P00558	Phosphoglycerate kinase 1	Homo sapiens	Encontrado	https://alphafold.ebi.ac.uk/entry/P00558
PGK1	missense_variant	uncertain significance, likely benign	1280037924						P00558	Phosphoglycerate kinase 1	Homo sapiens	Encontrado	https://alphafold.ebi.ac.uk/entry/P00558
PGK1	missense_variant	uncertain significance, likely benign	1283120002						P00558	Phosphoglycerate kinase 1	Homo sapiens	Encontrado	https://alphafold.ebi.ac.uk/entry/P00558
PGK1	missense_variant	uncertain significance	1288867080						P00558	Phosphoglycerate kinase 1	Homo sapiens	Encontrado	https://alphafold.ebi.ac.uk/entry/P00558
PGK1	missense_variant	uncertain significance	1289167773						P00558	Phosphoglycerate kinase 1	Homo sapiens	Encontrado	https://alphafold.ebi.ac.uk/entry/P00558
PGK1	missense_variant		1291648498						P00558	Phosphoglycerate kinase 1	Homo sapiens	Encontrado	https://alphafold.ebi.ac.uk/entry/P00558
PGK1	missense_variant	uncertain significance	1293902838						P00558	Phosphoglycerate kinase 1	Homo sapiens	Encontrado	https://alphafold.ebi.ac.uk/entry/P00558
PGK1	missense_variant		1298169813						P00558	Phosphoglycerate kinase 1	Homo sapiens	Encontrado	https://alphafold.ebi.ac.uk/entry/P00558
PGK1	missense_variant		1298535610						P00558	Phosphoglycerate kinase 1	Homo sapiens	Encontrado	https://alphafold.ebi.ac.uk/entry/P00558
PGK1	missense_variant	uncertain significance	1300080642						P00558	Phosphoglycerate kinase 1	Homo sapiens	Encontrado	https://alphafold.ebi.ac.uk/entry/P00558
PGK1	missense_variant		1303040500						P00558	Phosphoglycerate kinase 1	Homo sapiens	Encontrado	https://alphafold.ebi.ac.uk/entry/P00558
PGK1	missense_variant		1306929652						P00558	Phosphoglycerate kinase 1	Homo sapiens	Encontrado	https://alphafold.ebi.ac.uk/entry/P00558
PGK1	missense_variant	benign	1308442670						P00558	Phosphoglycerate kinase 1	Homo sapiens	Encontrado	https://alphafold.ebi.ac.uk/entry/P00558
PGK1	missense_variant	uncertain significance	1308670071						P00558	Phosphoglycerate kinase 1	Homo sapiens	Encontrado	https://alphafold.ebi.ac.uk/entry/P00558
PGK1	missense_variant		1308695517						P00558	Phosphoglycerate kinase 1	Homo sapiens	Encontrado	https://alphafold.ebi.ac.uk/entry/P00558
PGK1	missense_variant	uncertain significance	1310556137	P00558	rs1310556137	R39K	0.993		P00558	Phosphoglycerate kinase 1	Homo sapiens	Encontrado	https://alphafold.ebi.ac.uk/entry/P00558
PGK1	missense_variant	uncertain significance	1310556137	P00558	rs1310556137	R39K	0.01		P00558	Phosphoglycerate kinase 1	Homo sapiens	Encontrado	https://alphafold.ebi.ac.uk/entry/P00558
PGK1	missense_variant		1310971407						P00558	Phosphoglycerate kinase 1	Homo sapiens	Encontrado	https://alphafold.ebi.ac.uk/entry/P00558
PGK1	missense_variant		1311006173						P00558	Phosphoglycerate kinase 1	Homo sapiens	Encontrado	https://alphafold.ebi.ac.uk/entry/P00558
PGK1	missense_variant	uncertain significance, likely benign	1313711010						P00558	Phosphoglycerate kinase 1	Homo sapiens	Encontrado	https://alphafold.ebi.ac.uk/entry/P00558
PGK1	missense_variant		1317495505						P00558	Phosphoglycerate kinase 1	Homo sapiens	Encontrado	https://alphafold.ebi.ac.uk/entry/P00558
PGK1	missense_variant	likely benign	1318638094						P00558	Phosphoglycerate kinase 1	Homo sapiens	Encontrado	https://alphafold.ebi.ac.uk/entry/P00558
PGK1	missense_variant	uncertain significance	1324162252						P00558	Phosphoglycerate kinase 1	Homo sapiens	Encontrado	https://alphafold.ebi.ac.uk/entry/P00558
PGK1	missense_variant		1328878411						P00558	Phosphoglycerate kinase 1	Homo sapiens	Encontrado	https://alphafold.ebi.ac.uk/entry/P00558
PGK1	missense_variant	uncertain significance	1331470313						P00558	Phosphoglycerate kinase 1	Homo sapiens	Encontrado	https://alphafold.ebi.ac.uk/entry/P00558
PGK1	missense_variant		1331504402						P00558	Phosphoglycerate kinase 1	Homo sapiens	Encontrado	https://alphafold.ebi.ac.uk/entry/P00558
PGK1	missense_variant		1336852468						P00558	Phosphoglycerate kinase 1	Homo sapiens	Encontrado	https://alphafold.ebi.ac.uk/entry/P00558
PGK1	missense_variant		1339598325						P00558	Phosphoglycerate kinase 1	Homo sapiens	Encontrado	https://alphafold.ebi.ac.uk/entry/P00558
PGK1	missense_variant	uncertain significance	1341604631						P00558	Phosphoglycerate kinase 1	Homo sapiens	Encontrado	https://alphafold.ebi.ac.uk/entry/P00558
PGK1	missense_variant		1343693994						P00558	Phosphoglycerate kinase 1	Homo sapiens	Encontrado	https://alphafold.ebi.ac.uk/entry/P00558
PGK1	missense_variant		1344780479						P00558	Phosphoglycerate kinase 1	Homo sapiens	Encontrado	https://alphafold.ebi.ac.uk/entry/P00558
PGK1	missense_variant	uncertain significance	1345066409						P00558	Phosphoglycerate kinase 1	Homo sapiens	Encontrado	https://alphafold.ebi.ac.uk/entry/P00558
PGK1	missense_variant		1346787224						P00558	Phosphoglycerate kinase 1	Homo sapiens	Encontrado	https://alphafold.ebi.ac.uk/entry/P00558
PGK1	missense_variant	uncertain significance, likely benign	1349223430						P00558	Phosphoglycerate kinase 1	Homo sapiens	Encontrado	https://alphafold.ebi.ac.uk/entry/P00558
PGK1	missense_variant		1351630777						P00558	Phosphoglycerate kinase 1	Homo sapiens	Encontrado	https://alphafold.ebi.ac.uk/entry/P00558
PGK1	missense_variant	uncertain significance	1353488746						P00558	Phosphoglycerate kinase 1	Homo sapiens	Encontrado	https://alphafold.ebi.ac.uk/entry/P00558
PGK1	missense_variant	likely benign	1354455601						P00558	Phosphoglycerate kinase 1	Homo sapiens	Encontrado	https://alphafold.ebi.ac.uk/entry/P00558
PGK1	missense_variant		1355482117						P00558	Phosphoglycerate kinase 1	Homo sapiens	Encontrado	https://alphafold.ebi.ac.uk/entry/P00558
PGK1	missense_variant		1355900700						P00558	Phosphoglycerate kinase 1	Homo sapiens	Encontrado	https://alphafold.ebi.ac.uk/entry/P00558
PGK1	missense_variant		1356037235						P00558	Phosphoglycerate kinase 1	Homo sapiens	Encontrado	https://alphafold.ebi.ac.uk/entry/P00558
PGK1	missense_variant	uncertain significance	1356535025						P00558	Phosphoglycerate kinase 1	Homo sapiens	Encontrado	https://alphafold.ebi.ac.uk/entry/P00558
PGK1	missense_variant	likely benign	1363235909						P00558	Phosphoglycerate kinase 1	Homo sapiens	Encontrado	https://alphafold.ebi.ac.uk/entry/P00558
PGK1	missense_variant	uncertain significance	1364658474	P00558	rs1364658474	L181Q	0.995		P00558	Phosphoglycerate kinase 1	Homo sapiens	Encontrado	https://alphafold.ebi.ac.uk/entry/P00558
PGK1	missense_variant	uncertain significance	1364658474	P00558	rs1364658474	L181Q	0.0		P00558	Phosphoglycerate kinase 1	Homo sapiens	Encontrado	https://alphafold.ebi.ac.uk/entry/P00558
PGK1	missense_variant		1366929561						P00558	Phosphoglycerate kinase 1	Homo sapiens	Encontrado	https://alphafold.ebi.ac.uk/entry/P00558
PGK1	missense_variant	benign	1367140209						P00558	Phosphoglycerate kinase 1	Homo sapiens	Encontrado	https://alphafold.ebi.ac.uk/entry/P00558
PGK1	missense_variant		1371664314						P00558	Phosphoglycerate kinase 1	Homo sapiens	Encontrado	https://alphafold.ebi.ac.uk/entry/P00558
PGK1	missense_variant		1372374796						P00558	Phosphoglycerate kinase 1	Homo sapiens	Encontrado	https://alphafold.ebi.ac.uk/entry/P00558
PGK1	missense_variant		1372577709						P00558	Phosphoglycerate kinase 1	Homo sapiens	Encontrado	https://alphafold.ebi.ac.uk/entry/P00558
PGK1	missense_variant	uncertain significance, likely benign	1374099672						P00558	Phosphoglycerate kinase 1	Homo sapiens	Encontrado	https://alphafold.ebi.ac.uk/entry/P00558
PGK1	missense_variant	uncertain significance	1377636628						P00558	Phosphoglycerate kinase 1	Homo sapiens	Encontrado	https://alphafold.ebi.ac.uk/entry/P00558
PGK1	missense_variant	pathogenic	137852528						P00558	Phosphoglycerate kinase 1	Homo sapiens	Encontrado	https://alphafold.ebi.ac.uk/entry/P00558
PGK1	missense_variant	pathogenic	137852529						P00558	Phosphoglycerate kinase 1	Homo sapiens	Encontrado	https://alphafold.ebi.ac.uk/entry/P00558
PGK1	missense_variant	other	137852530						P00558	Phosphoglycerate kinase 1	Homo sapiens	Encontrado	https://alphafold.ebi.ac.uk/entry/P00558
PGK1	missense_variant	pathogenic	137852531						P00558	Phosphoglycerate kinase 1	Homo sapiens	Encontrado	https://alphafold.ebi.ac.uk/entry/P00558
PGK1	missense_variant	pathogenic	137852532						P00558	Phosphoglycerate kinase 1	Homo sapiens	Encontrado	https://alphafold.ebi.ac.uk/entry/P00558
PGK1	missense_variant	pathogenic	137852533						P00558	Phosphoglycerate kinase 1	Homo sapiens	Encontrado	https://alphafold.ebi.ac.uk/entry/P00558
PGK1	missense_variant	uncertain significance	137852534	P00558	rs137852534	I253T	0.976		P00558	Phosphoglycerate kinase 1	Homo sapiens	Encontrado	https://alphafold.ebi.ac.uk/entry/P00558
PGK1	missense_variant	uncertain significance	137852534	P00558	rs137852534	I253T	0.01		P00558	Phosphoglycerate kinase 1	Homo sapiens	Encontrado	https://alphafold.ebi.ac.uk/entry/P00558
PGK1	missense_variant	pathogenic	137852535						P00558	Phosphoglycerate kinase 1	Homo sapiens	Encontrado	https://alphafold.ebi.ac.uk/entry/P00558
PGK1	missense_variant	pathogenic	137852536	P00558	rs137852536	I47N	0.999		P00558	Phosphoglycerate kinase 1	Homo sapiens	Encontrado	https://alphafold.ebi.ac.uk/entry/P00558
PGK1	missense_variant	pathogenic	137852536	P00558	rs137852536	I47N	0.0		P00558	Phosphoglycerate kinase 1	Homo sapiens	Encontrado	https://alphafold.ebi.ac.uk/entry/P00558
PGK1	missense_variant	pathogenic	137852537	P00558	rs137852537	S320N	0.36		P00558	Phosphoglycerate kinase 1	Homo sapiens	Encontrado	https://alphafold.ebi.ac.uk/entry/P00558
PGK1	missense_variant	pathogenic	137852537	P00558	rs137852537	S320N	0.0		P00558	Phosphoglycerate kinase 1	Homo sapiens	Encontrado	https://alphafold.ebi.ac.uk/entry/P00558
PGK1	missense_variant	pathogenic	137852538						P00558	Phosphoglycerate kinase 1	Homo sapiens	Encontrado	https://alphafold.ebi.ac.uk/entry/P00558
PGK1	missense_variant	pathogenic	137852539	P00558	rs137852539	T378P	0.919		P00558	Phosphoglycerate kinase 1	Homo sapiens	Encontrado	https://alphafold.ebi.ac.uk/entry/P00558
PGK1	missense_variant	pathogenic	137852539	P00558	rs137852539	T378P	0.0		P00558	Phosphoglycerate kinase 1	Homo sapiens	Encontrado	https://alphafold.ebi.ac.uk/entry/P00558
PGK1	missense_variant	uncertain significance	1379216329						P00558	Phosphoglycerate kinase 1	Homo sapiens	Encontrado	https://alphafold.ebi.ac.uk/entry/P00558
PGK1	missense_variant	benign, likely benign	138039591						P00558	Phosphoglycerate kinase 1	Homo sapiens	Encontrado	https://alphafold.ebi.ac.uk/entry/P00558
PGK1	missense_variant	uncertain significance, likely benign	138154934						P00558	Phosphoglycerate kinase 1	Homo sapiens	Encontrado	https://alphafold.ebi.ac.uk/entry/P00558
PGK1	missense_variant		138178131						P00558	Phosphoglycerate kinase 1	Homo sapiens	Encontrado	https://alphafold.ebi.ac.uk/entry/P00558
PGK1	missense_variant	uncertain significance	1382569560						P00558	Phosphoglycerate kinase 1	Homo sapiens	Encontrado	https://alphafold.ebi.ac.uk/entry/P00558
PGK1	missense_variant	uncertain significance	1382938061						P00558	Phosphoglycerate kinase 1	Homo sapiens	Encontrado	https://alphafold.ebi.ac.uk/entry/P00558
PGK1	missense_variant		1383797516						P00558	Phosphoglycerate kinase 1	Homo sapiens	Encontrado	https://alphafold.ebi.ac.uk/entry/P00558
PGK1	missense_variant		1384339304						P00558	Phosphoglycerate kinase 1	Homo sapiens	Encontrado	https://alphafold.ebi.ac.uk/entry/P00558
PGK1	missense_variant	uncertain significance, likely benign	1384495572						P00558	Phosphoglycerate kinase 1	Homo sapiens	Encontrado	https://alphafold.ebi.ac.uk/entry/P00558
PGK1	missense_variant	uncertain significance	1384601697						P00558	Phosphoglycerate kinase 1	Homo sapiens	Encontrado	https://alphafold.ebi.ac.uk/entry/P00558
PGK1	missense_variant	uncertain significance, likely benign	1385333276						P00558	Phosphoglycerate kinase 1	Homo sapiens	Encontrado	https://alphafold.ebi.ac.uk/entry/P00558
PGK1	missense_variant		1386383495						P00558	Phosphoglycerate kinase 1	Homo sapiens	Encontrado	https://alphafold.ebi.ac.uk/entry/P00558
PGK1	missense_variant		1387124157						P00558	Phosphoglycerate kinase 1	Homo sapiens	Encontrado	https://alphafold.ebi.ac.uk/entry/P00558
PGK1	missense_variant	uncertain significance	1388072052	P00558	rs1388072052	K264T	0.471		P00558	Phosphoglycerate kinase 1	Homo sapiens	Encontrado	https://alphafold.ebi.ac.uk/entry/P00558
PGK1	missense_variant	uncertain significance	1388072052	P00558	rs1388072052	K264T	0.01		P00558	Phosphoglycerate kinase 1	Homo sapiens	Encontrado	https://alphafold.ebi.ac.uk/entry/P00558
PGK1	missense_variant	uncertain significance	138851144	P00558	rs138851144	V83A	0.021		P00558	Phosphoglycerate kinase 1	Homo sapiens	Encontrado	https://alphafold.ebi.ac.uk/entry/P00558
PGK1	missense_variant	uncertain significance	138851144	P00558	rs138851144	V83A	1.0		P00558	Phosphoglycerate kinase 1	Homo sapiens	Encontrado	https://alphafold.ebi.ac.uk/entry/P00558
PGK1	missense_variant	uncertain significance, benign, likely benign	138958687						P00558	Phosphoglycerate kinase 1	Homo sapiens	Encontrado	https://alphafold.ebi.ac.uk/entry/P00558
PGK1	missense_variant	uncertain significance	1390691165	P00558	rs1390691165	V100I	0.071		P00558	Phosphoglycerate kinase 1	Homo sapiens	Encontrado	https://alphafold.ebi.ac.uk/entry/P00558
PGK1	missense_variant	uncertain significance	1390691165	P00558	rs1390691165	V100I	0.03		P00558	Phosphoglycerate kinase 1	Homo sapiens	Encontrado	https://alphafold.ebi.ac.uk/entry/P00558
PGK1	missense_variant		1392108795						P00558	Phosphoglycerate kinase 1	Homo sapiens	Encontrado	https://alphafold.ebi.ac.uk/entry/P00558
PGK1	missense_variant	uncertain significance	1392373580						P00558	Phosphoglycerate kinase 1	Homo sapiens	Encontrado	https://alphafold.ebi.ac.uk/entry/P00558
PGK1	missense_variant		1395797775						P00558	Phosphoglycerate kinase 1	Homo sapiens	Encontrado	https://alphafold.ebi.ac.uk/entry/P00558
PGK1	missense_variant	uncertain significance, benign, likely benign	139781067						P00558	Phosphoglycerate kinase 1	Homo sapiens	Encontrado	https://alphafold.ebi.ac.uk/entry/P00558
PGK1	missense_variant		139880677						P00558	Phosphoglycerate kinase 1	Homo sapiens	Encontrado	https://alphafold.ebi.ac.uk/entry/P00558
PGK1	missense_variant	uncertain significance, likely benign	139902461						P00558	Phosphoglycerate kinase 1	Homo sapiens	Encontrado	https://alphafold.ebi.ac.uk/entry/P00558
PGK1	missense_variant	uncertain significance	1399879043						P00558	Phosphoglycerate kinase 1	Homo sapiens	Encontrado	https://alphafold.ebi.ac.uk/entry/P00558
PGK1	missense_variant		140031139						P00558	Phosphoglycerate kinase 1	Homo sapiens	Encontrado	https://alphafold.ebi.ac.uk/entry/P00558
PGK1	missense_variant		140293138						P00558	Phosphoglycerate kinase 1	Homo sapiens	Encontrado	https://alphafold.ebi.ac.uk/entry/P00558
PGK1	missense_variant	uncertain significance	1403003177						P00558	Phosphoglycerate kinase 1	Homo sapiens	Encontrado	https://alphafold.ebi.ac.uk/entry/P00558
PGK1	missense_variant		1405904840						P00558	Phosphoglycerate kinase 1	Homo sapiens	Encontrado	https://alphafold.ebi.ac.uk/entry/P00558
PGK1	missense_variant		1410483316	P00558	rs1410483316	V58A	0.919		P00558	Phosphoglycerate kinase 1	Homo sapiens	Encontrado	https://alphafold.ebi.ac.uk/entry/P00558
PGK1	missense_variant		1410483316	P00558	rs1410483316	V58A	0.01		P00558	Phosphoglycerate kinase 1	Homo sapiens	Encontrado	https://alphafold.ebi.ac.uk/entry/P00558
PGK1	missense_variant		1410483316	P00558	rs1410483316	V58A	0.995		P00558	Phosphoglycerate kinase 1	Homo sapiens	Encontrado	https://alphafold.ebi.ac.uk/entry/P00558
PGK1	missense_variant		1410483316	P00558	rs1410483316	V58A	0.03		P00558	Phosphoglycerate kinase 1	Homo sapiens	Encontrado	https://alphafold.ebi.ac.uk/entry/P00558
PGK1	missense_variant		1410554079						P00558	Phosphoglycerate kinase 1	Homo sapiens	Encontrado	https://alphafold.ebi.ac.uk/entry/P00558
PGK1	missense_variant		1412159345						P00558	Phosphoglycerate kinase 1	Homo sapiens	Encontrado	https://alphafold.ebi.ac.uk/entry/P00558
PGK1	missense_variant		1412397651						P00558	Phosphoglycerate kinase 1	Homo sapiens	Encontrado	https://alphafold.ebi.ac.uk/entry/P00558
PGK1	missense_variant	uncertain significance	1413043733						P00558	Phosphoglycerate kinase 1	Homo sapiens	Encontrado	https://alphafold.ebi.ac.uk/entry/P00558
PGK1	missense_variant	uncertain significance	141397576	P00558	rs141397576	N36T	0.907		P00558	Phosphoglycerate kinase 1	Homo sapiens	Encontrado	https://alphafold.ebi.ac.uk/entry/P00558
PGK1	missense_variant	uncertain significance	141397576	P00558	rs141397576	N36T	0.03		P00558	Phosphoglycerate kinase 1	Homo sapiens	Encontrado	https://alphafold.ebi.ac.uk/entry/P00558
PGK1	missense_variant	uncertain significance	141397576	P00558	rs141397576	N36T	0.773		P00558	Phosphoglycerate kinase 1	Homo sapiens	Encontrado	https://alphafold.ebi.ac.uk/entry/P00558
PGK1	missense_variant	uncertain significance	141397576	P00558	rs141397576	N36T	0.01		P00558	Phosphoglycerate kinase 1	Homo sapiens	Encontrado	https://alphafold.ebi.ac.uk/entry/P00558
PGK1	missense_variant		1417263979						P00558	Phosphoglycerate kinase 1	Homo sapiens	Encontrado	https://alphafold.ebi.ac.uk/entry/P00558
PGK1	missense_variant		141834933						P00558	Phosphoglycerate kinase 1	Homo sapiens	Encontrado	https://alphafold.ebi.ac.uk/entry/P00558
PGK1	missense_variant		141856989						P00558	Phosphoglycerate kinase 1	Homo sapiens	Encontrado	https://alphafold.ebi.ac.uk/entry/P00558
PGK1	missense_variant	uncertain significance	1418864306	P00558	rs1418864306	K275T	0.887		P00558	Phosphoglycerate kinase 1	Homo sapiens	Encontrado	https://alphafold.ebi.ac.uk/entry/P00558
PGK1	missense_variant	uncertain significance	1418864306	P00558	rs1418864306	K275T	0.03		P00558	Phosphoglycerate kinase 1	Homo sapiens	Encontrado	https://alphafold.ebi.ac.uk/entry/P00558
PGK1	missense_variant	uncertain significance, likely benign	142134146	P00558	rs142134146	H125Q	0.746		P00558	Phosphoglycerate kinase 1	Homo sapiens	Encontrado	https://alphafold.ebi.ac.uk/entry/P00558
PGK1	missense_variant	uncertain significance, likely benign	142134146	P00558	rs142134146	H125Q	0.01		P00558	Phosphoglycerate kinase 1	Homo sapiens	Encontrado	https://alphafold.ebi.ac.uk/entry/P00558
PGK1	missense_variant	uncertain significance, likely benign	1423719687						P00558	Phosphoglycerate kinase 1	Homo sapiens	Encontrado	https://alphafold.ebi.ac.uk/entry/P00558
PGK1	missense_variant		1424861143	P00558	rs1424861143	A200V	0.173		P00558	Phosphoglycerate kinase 1	Homo sapiens	Encontrado	https://alphafold.ebi.ac.uk/entry/P00558
PGK1	missense_variant		1424861143	P00558	rs1424861143	A200V	0.21		P00558	Phosphoglycerate kinase 1	Homo sapiens	Encontrado	https://alphafold.ebi.ac.uk/entry/P00558
PGK1	missense_variant		1424861143	P00558	rs1424861143	A200V	0.068		P00558	Phosphoglycerate kinase 1	Homo sapiens	Encontrado	https://alphafold.ebi.ac.uk/entry/P00558
PGK1	missense_variant		1424861143	P00558	rs1424861143	A200V	0.06		P00558	Phosphoglycerate kinase 1	Homo sapiens	Encontrado	https://alphafold.ebi.ac.uk/entry/P00558
PGK1	missense_variant	uncertain significance, likely benign	1427317043						P00558	Phosphoglycerate kinase 1	Homo sapiens	Encontrado	https://alphafold.ebi.ac.uk/entry/P00558
PGK1	missense_variant		142919670						P00558	Phosphoglycerate kinase 1	Homo sapiens	Encontrado	https://alphafold.ebi.ac.uk/entry/P00558
PGK1	missense_variant		1429914345						P00558	Phosphoglycerate kinase 1	Homo sapiens	Encontrado	https://alphafold.ebi.ac.uk/entry/P00558
PGK1	missense_variant	uncertain significance, benign, likely benign	142998552						P00558	Phosphoglycerate kinase 1	Homo sapiens	Encontrado	https://alphafold.ebi.ac.uk/entry/P00558
PGK1	missense_variant	benign, likely benign	143031509	P00558	rs143031509	N225S	0.003		P00558	Phosphoglycerate kinase 1	Homo sapiens	Encontrado	https://alphafold.ebi.ac.uk/entry/P00558
PGK1	missense_variant	benign, likely benign	143031509	P00558	rs143031509	N225S	0.21		P00558	Phosphoglycerate kinase 1	Homo sapiens	Encontrado	https://alphafold.ebi.ac.uk/entry/P00558
PGK1	missense_variant		1431953674						P00558	Phosphoglycerate kinase 1	Homo sapiens	Encontrado	https://alphafold.ebi.ac.uk/entry/P00558
PGK1	missense_variant	uncertain significance, benign, likely benign	143214563						P00558	Phosphoglycerate kinase 1	Homo sapiens	Encontrado	https://alphafold.ebi.ac.uk/entry/P00558
PGK1	missense_variant		1436377217						P00558	Phosphoglycerate kinase 1	Homo sapiens	Encontrado	https://alphafold.ebi.ac.uk/entry/P00558
PGK1	missense_variant	uncertain significance, benign, likely benign	143907597						P00558	Phosphoglycerate kinase 1	Homo sapiens	Encontrado	https://alphafold.ebi.ac.uk/entry/P00558
PGK1	missense_variant	uncertain significance	1440450844						P00558	Phosphoglycerate kinase 1	Homo sapiens	Encontrado	https://alphafold.ebi.ac.uk/entry/P00558
PGK1	missense_variant	uncertain significance	1440539287						P00558	Phosphoglycerate kinase 1	Homo sapiens	Encontrado	https://alphafold.ebi.ac.uk/entry/P00558
PGK1	missense_variant		1441106617						P00558	Phosphoglycerate kinase 1	Homo sapiens	Encontrado	https://alphafold.ebi.ac.uk/entry/P00558
PGK1	missense_variant		1441911642						P00558	Phosphoglycerate kinase 1	Homo sapiens	Encontrado	https://alphafold.ebi.ac.uk/entry/P00558
PGK1	missense_variant	uncertain significance	144319596						P00558	Phosphoglycerate kinase 1	Homo sapiens	Encontrado	https://alphafold.ebi.ac.uk/entry/P00558
PGK1	missense_variant	uncertain significance	1443224391	P00558	rs1443224391	W311G	0.938		P00558	Phosphoglycerate kinase 1	Homo sapiens	Encontrado	https://alphafold.ebi.ac.uk/entry/P00558
PGK1	missense_variant	uncertain significance	1443224391	P00558	rs1443224391	W311G	0.0		P00558	Phosphoglycerate kinase 1	Homo sapiens	Encontrado	https://alphafold.ebi.ac.uk/entry/P00558
PGK1	missense_variant	uncertain significance, likely benign	1443260520						P00558	Phosphoglycerate kinase 1	Homo sapiens	Encontrado	https://alphafold.ebi.ac.uk/entry/P00558
PGK1	missense_variant	uncertain significance, likely benign	144399762	P00558	rs144399762	K246E	0.939		P00558	Phosphoglycerate kinase 1	Homo sapiens	Encontrado	https://alphafold.ebi.ac.uk/entry/P00558
PGK1	missense_variant	uncertain significance, likely benign	144399762	P00558	rs144399762	K246E	0.01		P00558	Phosphoglycerate kinase 1	Homo sapiens	Encontrado	https://alphafold.ebi.ac.uk/entry/P00558
PGK1	missense_variant		1446161225						P00558	Phosphoglycerate kinase 1	Homo sapiens	Encontrado	https://alphafold.ebi.ac.uk/entry/P00558
PGK1	missense_variant	benign	144655617						P00558	Phosphoglycerate kinase 1	Homo sapiens	Encontrado	https://alphafold.ebi.ac.uk/entry/P00558
PGK1	missense_variant		144693831						P00558	Phosphoglycerate kinase 1	Homo sapiens	Encontrado	https://alphafold.ebi.ac.uk/entry/P00558
PGK1	missense_variant	benign	144966822						P00558	Phosphoglycerate kinase 1	Homo sapiens	Encontrado	https://alphafold.ebi.ac.uk/entry/P00558
PGK1	missense_variant		1452870245						P00558	Phosphoglycerate kinase 1	Homo sapiens	Encontrado	https://alphafold.ebi.ac.uk/entry/P00558
PGK1	missense_variant	likely benign	145406974						P00558	Phosphoglycerate kinase 1	Homo sapiens	Encontrado	https://alphafold.ebi.ac.uk/entry/P00558
PGK1	missense_variant		1455729252						P00558	Phosphoglycerate kinase 1	Homo sapiens	Encontrado	https://alphafold.ebi.ac.uk/entry/P00558
PGK1	missense_variant		1455822281						P00558	Phosphoglycerate kinase 1	Homo sapiens	Encontrado	https://alphafold.ebi.ac.uk/entry/P00558
PGK1	missense_variant		1456159759						P00558	Phosphoglycerate kinase 1	Homo sapiens	Encontrado	https://alphafold.ebi.ac.uk/entry/P00558
PGK1	missense_variant		1457106927						P00558	Phosphoglycerate kinase 1	Homo sapiens	Encontrado	https://alphafold.ebi.ac.uk/entry/P00558
PGK1	missense_variant	uncertain significance, likely benign	1457236338						P00558	Phosphoglycerate kinase 1	Homo sapiens	Encontrado	https://alphafold.ebi.ac.uk/entry/P00558
PGK1	missense_variant		1459557267						P00558	Phosphoglycerate kinase 1	Homo sapiens	Encontrado	https://alphafold.ebi.ac.uk/entry/P00558
PGK1	missense_variant	uncertain significance, likely benign	146119866						P00558	Phosphoglycerate kinase 1	Homo sapiens	Encontrado	https://alphafold.ebi.ac.uk/entry/P00558
PGK1	missense_variant		1462953350						P00558	Phosphoglycerate kinase 1	Homo sapiens	Encontrado	https://alphafold.ebi.ac.uk/entry/P00558
PGK1	missense_variant		1463019091						P00558	Phosphoglycerate kinase 1	Homo sapiens	Encontrado	https://alphafold.ebi.ac.uk/entry/P00558
PGK1	missense_variant	uncertain significance, likely benign	146392305						P00558	Phosphoglycerate kinase 1	Homo sapiens	Encontrado	https://alphafold.ebi.ac.uk/entry/P00558
PGK1	missense_variant		1463929975						P00558	Phosphoglycerate kinase 1	Homo sapiens	Encontrado	https://alphafold.ebi.ac.uk/entry/P00558
PGK1	missense_variant	uncertain significance	1464678343						P00558	Phosphoglycerate kinase 1	Homo sapiens	Encontrado	https://alphafold.ebi.ac.uk/entry/P00558
PGK1	missense_variant	uncertain significance	1464866762						P00558	Phosphoglycerate kinase 1	Homo sapiens	Encontrado	https://alphafold.ebi.ac.uk/entry/P00558
PGK1	missense_variant	uncertain significance, benign, likely benign	146651049						P00558	Phosphoglycerate kinase 1	Homo sapiens	Encontrado	https://alphafold.ebi.ac.uk/entry/P00558
PGK1	missense_variant	uncertain significance, benign, likely pathogenic	146887876						P00558	Phosphoglycerate kinase 1	Homo sapiens	Encontrado	https://alphafold.ebi.ac.uk/entry/P00558
PGK1	missense_variant		147047527						P00558	Phosphoglycerate kinase 1	Homo sapiens	Encontrado	https://alphafold.ebi.ac.uk/entry/P00558
PGK1	missense_variant	uncertain significance	1471996737						P00558	Phosphoglycerate kinase 1	Homo sapiens	Encontrado	https://alphafold.ebi.ac.uk/entry/P00558
PGK1	missense_variant	uncertain significance, likely benign	1472178956						P00558	Phosphoglycerate kinase 1	Homo sapiens	Encontrado	https://alphafold.ebi.ac.uk/entry/P00558
PGK1	missense_variant	uncertain significance	1474064335	P00558	rs1474064335	A413T	0.02		P00558	Phosphoglycerate kinase 1	Homo sapiens	Encontrado	https://alphafold.ebi.ac.uk/entry/P00558
PGK1	missense_variant	uncertain significance	1474064335	P00558	rs1474064335	A413T	0.03		P00558	Phosphoglycerate kinase 1	Homo sapiens	Encontrado	https://alphafold.ebi.ac.uk/entry/P00558
PGK1	missense_variant		1474684758						P00558	Phosphoglycerate kinase 1	Homo sapiens	Encontrado	https://alphafold.ebi.ac.uk/entry/P00558
PGK1	missense_variant	benign	147478494						P00558	Phosphoglycerate kinase 1	Homo sapiens	Encontrado	https://alphafold.ebi.ac.uk/entry/P00558
PGK1	missense_variant		147487697						P00558	Phosphoglycerate kinase 1	Homo sapiens	Encontrado	https://alphafold.ebi.ac.uk/entry/P00558
PGK1	missense_variant		1475264020						P00558	Phosphoglycerate kinase 1	Homo sapiens	Encontrado	https://alphafold.ebi.ac.uk/entry/P00558
PGK1	missense_variant		147812216						P00558	Phosphoglycerate kinase 1	Homo sapiens	Encontrado	https://alphafold.ebi.ac.uk/entry/P00558
PGK1	missense_variant	uncertain significance, benign, likely benign	147848649						P00558	Phosphoglycerate kinase 1	Homo sapiens	Encontrado	https://alphafold.ebi.ac.uk/entry/P00558
PGK1	missense_variant	uncertain significance	1480388236						P00558	Phosphoglycerate kinase 1	Homo sapiens	Encontrado	https://alphafold.ebi.ac.uk/entry/P00558
PGK1	missense_variant		148072662						P00558	Phosphoglycerate kinase 1	Homo sapiens	Encontrado	https://alphafold.ebi.ac.uk/entry/P00558
PGK1	missense_variant	uncertain significance	148077298	P00558	rs148077298	P73S	0.223		P00558	Phosphoglycerate kinase 1	Homo sapiens	Encontrado	https://alphafold.ebi.ac.uk/entry/P00558
PGK1	missense_variant	uncertain significance	148077298	P00558	rs148077298	P73S	0.03		P00558	Phosphoglycerate kinase 1	Homo sapiens	Encontrado	https://alphafold.ebi.ac.uk/entry/P00558
PGK1	missense_variant	uncertain significance	1481920266						P00558	Phosphoglycerate kinase 1	Homo sapiens	Encontrado	https://alphafold.ebi.ac.uk/entry/P00558
PGK1	missense_variant	uncertain significance	1482832333						P00558	Phosphoglycerate kinase 1	Homo sapiens	Encontrado	https://alphafold.ebi.ac.uk/entry/P00558
PGK1	missense_variant	uncertain significance, likely benign	148399096	P00558	rs148399096	G254A	0.647		P00558	Phosphoglycerate kinase 1	Homo sapiens	Encontrado	https://alphafold.ebi.ac.uk/entry/P00558
PGK1	missense_variant	uncertain significance, likely benign	148399096	P00558	rs148399096	G254A	0.0		P00558	Phosphoglycerate kinase 1	Homo sapiens	Encontrado	https://alphafold.ebi.ac.uk/entry/P00558
PGK1	missense_variant	uncertain significance	1486140106						P00558	Phosphoglycerate kinase 1	Homo sapiens	Encontrado	https://alphafold.ebi.ac.uk/entry/P00558
PGK1	missense_variant	benign	148765730						P00558	Phosphoglycerate kinase 1	Homo sapiens	Encontrado	https://alphafold.ebi.ac.uk/entry/P00558
PGK1	missense_variant	uncertain significance, benign, likely benign	149079962						P00558	Phosphoglycerate kinase 1	Homo sapiens	Encontrado	https://alphafold.ebi.ac.uk/entry/P00558
PGK1	missense_variant	benign	149229909						P00558	Phosphoglycerate kinase 1	Homo sapiens	Encontrado	https://alphafold.ebi.ac.uk/entry/P00558
PGK1	missense_variant	uncertain significance, benign, likely benign	149523862						P00558	Phosphoglycerate kinase 1	Homo sapiens	Encontrado	https://alphafold.ebi.ac.uk/entry/P00558
PGK1	missense_variant	likely benign	149576827						P00558	Phosphoglycerate kinase 1	Homo sapiens	Encontrado	https://alphafold.ebi.ac.uk/entry/P00558
PGK1	missense_variant	uncertain significance	150212804	P00558	rs150212804	V81G	0.997		P00558	Phosphoglycerate kinase 1	Homo sapiens	Encontrado	https://alphafold.ebi.ac.uk/entry/P00558
PGK1	missense_variant	uncertain significance	150212804	P00558	rs150212804	V81G	0.0		P00558	Phosphoglycerate kinase 1	Homo sapiens	Encontrado	https://alphafold.ebi.ac.uk/entry/P00558
PGK1	missense_variant	uncertain significance, benign, likely benign	150526992						P00558	Phosphoglycerate kinase 1	Homo sapiens	Encontrado	https://alphafold.ebi.ac.uk/entry/P00558
PGK1	missense_variant	uncertain significance	150956842	P00558	rs150956842	G366R	0.998		P00558	Phosphoglycerate kinase 1	Homo sapiens	Encontrado	https://alphafold.ebi.ac.uk/entry/P00558
PGK1	missense_variant	uncertain significance	150956842	P00558	rs150956842	G366R	0.0		P00558	Phosphoglycerate kinase 1	Homo sapiens	Encontrado	https://alphafold.ebi.ac.uk/entry/P00558
PGK1	missense_variant	uncertain significance, pathogenic	151340632						P00558	Phosphoglycerate kinase 1	Homo sapiens	Encontrado	https://alphafold.ebi.ac.uk/entry/P00558
PGK1	missense_variant		1557229127						P00558	Phosphoglycerate kinase 1	Homo sapiens	Encontrado	https://alphafold.ebi.ac.uk/entry/P00558
PGK1	missense_variant		1557229151						P00558	Phosphoglycerate kinase 1	Homo sapiens	Encontrado	https://alphafold.ebi.ac.uk/entry/P00558
PGK1	missense_variant		1557229154						P00558	Phosphoglycerate kinase 1	Homo sapiens	Encontrado	https://alphafold.ebi.ac.uk/entry/P00558
PGK1	missense_variant		1557229156						P00558	Phosphoglycerate kinase 1	Homo sapiens	Encontrado	https://alphafold.ebi.ac.uk/entry/P00558
PGK1	missense_variant		1557229181						P00558	Phosphoglycerate kinase 1	Homo sapiens	Encontrado	https://alphafold.ebi.ac.uk/entry/P00558
PGK1	missense_variant		1557229184						P00558	Phosphoglycerate kinase 1	Homo sapiens	Encontrado	https://alphafold.ebi.ac.uk/entry/P00558
PGK1	missense_variant		1557229188						P00558	Phosphoglycerate kinase 1	Homo sapiens	Encontrado	https://alphafold.ebi.ac.uk/entry/P00558
PGK1	missense_variant		1557229196						P00558	Phosphoglycerate kinase 1	Homo sapiens	Encontrado	https://alphafold.ebi.ac.uk/entry/P00558
PGK1	missense_variant		1557229200						P00558	Phosphoglycerate kinase 1	Homo sapiens	Encontrado	https://alphafold.ebi.ac.uk/entry/P00558
PGK1	missense_variant		1557229202						P00558	Phosphoglycerate kinase 1	Homo sapiens	Encontrado	https://alphafold.ebi.ac.uk/entry/P00558
PGK1	missense_variant		1557229206						P00558	Phosphoglycerate kinase 1	Homo sapiens	Encontrado	https://alphafold.ebi.ac.uk/entry/P00558
PGK1	missense_variant		1557229214						P00558	Phosphoglycerate kinase 1	Homo sapiens	Encontrado	https://alphafold.ebi.ac.uk/entry/P00558
PGK1	missense_variant		1557229216						P00558	Phosphoglycerate kinase 1	Homo sapiens	Encontrado	https://alphafold.ebi.ac.uk/entry/P00558
PGK1	missense_variant		1557229222						P00558	Phosphoglycerate kinase 1	Homo sapiens	Encontrado	https://alphafold.ebi.ac.uk/entry/P00558
PGK1	missense_variant		1557229249						P00558	Phosphoglycerate kinase 1	Homo sapiens	Encontrado	https://alphafold.ebi.ac.uk/entry/P00558
PGK1	missense_variant		1557229265						P00558	Phosphoglycerate kinase 1	Homo sapiens	Encontrado	https://alphafold.ebi.ac.uk/entry/P00558
PGK1	missense_variant		1557229266						P00558	Phosphoglycerate kinase 1	Homo sapiens	Encontrado	https://alphafold.ebi.ac.uk/entry/P00558
PGK1	missense_variant		1557229267						P00558	Phosphoglycerate kinase 1	Homo sapiens	Encontrado	https://alphafold.ebi.ac.uk/entry/P00558
PGK1	missense_variant		1557229283						P00558	Phosphoglycerate kinase 1	Homo sapiens	Encontrado	https://alphafold.ebi.ac.uk/entry/P00558
PGK1	missense_variant		1557229285						P00558	Phosphoglycerate kinase 1	Homo sapiens	Encontrado	https://alphafold.ebi.ac.uk/entry/P00558
PGK1	missense_variant		1557229293						P00558	Phosphoglycerate kinase 1	Homo sapiens	Encontrado	https://alphafold.ebi.ac.uk/entry/P00558
PGK1	missense_variant	uncertain significance	1557229298						P00558	Phosphoglycerate kinase 1	Homo sapiens	Encontrado	https://alphafold.ebi.ac.uk/entry/P00558
PGK1	missense_variant		1557229303						P00558	Phosphoglycerate kinase 1	Homo sapiens	Encontrado	https://alphafold.ebi.ac.uk/entry/P00558
PGK1	missense_variant		1557229305						P00558	Phosphoglycerate kinase 1	Homo sapiens	Encontrado	https://alphafold.ebi.ac.uk/entry/P00558
PGK1	missense_variant		1557229307						P00558	Phosphoglycerate kinase 1	Homo sapiens	Encontrado	https://alphafold.ebi.ac.uk/entry/P00558
PGK1	missense_variant		1557229310						P00558	Phosphoglycerate kinase 1	Homo sapiens	Encontrado	https://alphafold.ebi.ac.uk/entry/P00558
PGK1	missense_variant		1557229313						P00558	Phosphoglycerate kinase 1	Homo sapiens	Encontrado	https://alphafold.ebi.ac.uk/entry/P00558
PGK1	missense_variant		1557229354						P00558	Phosphoglycerate kinase 1	Homo sapiens	Encontrado	https://alphafold.ebi.ac.uk/entry/P00558
PGK1	missense_variant		1557229373						P00558	Phosphoglycerate kinase 1	Homo sapiens	Encontrado	https://alphafold.ebi.ac.uk/entry/P00558
PGK1	missense_variant		1557229381						P00558	Phosphoglycerate kinase 1	Homo sapiens	Encontrado	https://alphafold.ebi.ac.uk/entry/P00558
PGK1	missense_variant	likely benign	1557229679						P00558	Phosphoglycerate kinase 1	Homo sapiens	Encontrado	https://alphafold.ebi.ac.uk/entry/P00558
PGK1	missense_variant		1557229681						P00558	Phosphoglycerate kinase 1	Homo sapiens	Encontrado	https://alphafold.ebi.ac.uk/entry/P00558
PGK1	missense_variant	uncertain significance	1557229686						P00558	Phosphoglycerate kinase 1	Homo sapiens	Encontrado	https://alphafold.ebi.ac.uk/entry/P00558
PGK1	missense_variant	likely benign	1557229693						P00558	Phosphoglycerate kinase 1	Homo sapiens	Encontrado	https://alphafold.ebi.ac.uk/entry/P00558
PGK1	missense_variant		1557231558						P00558	Phosphoglycerate kinase 1	Homo sapiens	Encontrado	https://alphafold.ebi.ac.uk/entry/P00558
PGK1	missense_variant		1557231560						P00558	Phosphoglycerate kinase 1	Homo sapiens	Encontrado	https://alphafold.ebi.ac.uk/entry/P00558
PGK1	missense_variant	uncertain significance, benign	1557231562						P00558	Phosphoglycerate kinase 1	Homo sapiens	Encontrado	https://alphafold.ebi.ac.uk/entry/P00558
PGK1	missense_variant		1557231564						P00558	Phosphoglycerate kinase 1	Homo sapiens	Encontrado	https://alphafold.ebi.ac.uk/entry/P00558
PGK1	missense_variant		1557231567						P00558	Phosphoglycerate kinase 1	Homo sapiens	Encontrado	https://alphafold.ebi.ac.uk/entry/P00558
PGK1	missense_variant		1557231579						P00558	Phosphoglycerate kinase 1	Homo sapiens	Encontrado	https://alphafold.ebi.ac.uk/entry/P00558
PGK1	missense_variant		1557231588						P00558	Phosphoglycerate kinase 1	Homo sapiens	Encontrado	https://alphafold.ebi.ac.uk/entry/P00558
PGK1	missense_variant	uncertain significance, likely benign	1557231591						P00558	Phosphoglycerate kinase 1	Homo sapiens	Encontrado	https://alphafold.ebi.ac.uk/entry/P00558
PGK1	missense_variant		1557231594						P00558	Phosphoglycerate kinase 1	Homo sapiens	Encontrado	https://alphafold.ebi.ac.uk/entry/P00558
PGK1	missense_variant	likely benign	1557231597						P00558	Phosphoglycerate kinase 1	Homo sapiens	Encontrado	https://alphafold.ebi.ac.uk/entry/P00558
PGK1	missense_variant	benign	1557231611						P00558	Phosphoglycerate kinase 1	Homo sapiens	Encontrado	https://alphafold.ebi.ac.uk/entry/P00558
PGK1	missense_variant	likely benign	1557231613						P00558	Phosphoglycerate kinase 1	Homo sapiens	Encontrado	https://alphafold.ebi.ac.uk/entry/P00558
PGK1	missense_variant	benign	1557231620						P00558	Phosphoglycerate kinase 1	Homo sapiens	Encontrado	https://alphafold.ebi.ac.uk/entry/P00558
PGK1	missense_variant	uncertain significance, likely benign	1557231629						P00558	Phosphoglycerate kinase 1	Homo sapiens	Encontrado	https://alphafold.ebi.ac.uk/entry/P00558
PGK1	missense_variant		1557231632						P00558	Phosphoglycerate kinase 1	Homo sapiens	Encontrado	https://alphafold.ebi.ac.uk/entry/P00558
PGK1	missense_variant	uncertain significance, likely benign	1557231656						P00558	Phosphoglycerate kinase 1	Homo sapiens	Encontrado	https://alphafold.ebi.ac.uk/entry/P00558
PGK1	missense_variant	likely benign	1557231670						P00558	Phosphoglycerate kinase 1	Homo sapiens	Encontrado	https://alphafold.ebi.ac.uk/entry/P00558
PGK1	missense_variant	likely benign	1557231734						P00558	Phosphoglycerate kinase 1	Homo sapiens	Encontrado	https://alphafold.ebi.ac.uk/entry/P00558
PGK1	missense_variant		1557231735						P00558	Phosphoglycerate kinase 1	Homo sapiens	Encontrado	https://alphafold.ebi.ac.uk/entry/P00558
PGK1	missense_variant		1557231745						P00558	Phosphoglycerate kinase 1	Homo sapiens	Encontrado	https://alphafold.ebi.ac.uk/entry/P00558
PGK1	missense_variant		1557231748						P00558	Phosphoglycerate kinase 1	Homo sapiens	Encontrado	https://alphafold.ebi.ac.uk/entry/P00558
PGK1	missense_variant	uncertain significance	1557231750						P00558	Phosphoglycerate kinase 1	Homo sapiens	Encontrado	https://alphafold.ebi.ac.uk/entry/P00558
PGK1	missense_variant		1557231753						P00558	Phosphoglycerate kinase 1	Homo sapiens	Encontrado	https://alphafold.ebi.ac.uk/entry/P00558
PGK1	missense_variant		1557231763						P00558	Phosphoglycerate kinase 1	Homo sapiens	Encontrado	https://alphafold.ebi.ac.uk/entry/P00558
PGK1	missense_variant	likely benign	1557231780						P00558	Phosphoglycerate kinase 1	Homo sapiens	Encontrado	https://alphafold.ebi.ac.uk/entry/P00558
PGK1	missense_variant		1557231782						P00558	Phosphoglycerate kinase 1	Homo sapiens	Encontrado	https://alphafold.ebi.ac.uk/entry/P00558
PGK1	missense_variant	uncertain significance	1557231787						P00558	Phosphoglycerate kinase 1	Homo sapiens	Encontrado	https://alphafold.ebi.ac.uk/entry/P00558
PGK1	missense_variant		1557231810						P00558	Phosphoglycerate kinase 1	Homo sapiens	Encontrado	https://alphafold.ebi.ac.uk/entry/P00558
PGK1	missense_variant		1557231836						P00558	Phosphoglycerate kinase 1	Homo sapiens	Encontrado	https://alphafold.ebi.ac.uk/entry/P00558
PGK1	missense_variant	uncertain significance, likely benign	1557231840						P00558	Phosphoglycerate kinase 1	Homo sapiens	Encontrado	https://alphafold.ebi.ac.uk/entry/P00558
PGK1	missense_variant	uncertain significance, likely benign	1557231845						P00558	Phosphoglycerate kinase 1	Homo sapiens	Encontrado	https://alphafold.ebi.ac.uk/entry/P00558
PGK1	missense_variant	uncertain significance, likely benign	1557231859						P00558	Phosphoglycerate kinase 1	Homo sapiens	Encontrado	https://alphafold.ebi.ac.uk/entry/P00558
PGK1	missense_variant		1557231860						P00558	Phosphoglycerate kinase 1	Homo sapiens	Encontrado	https://alphafold.ebi.ac.uk/entry/P00558
PGK1	missense_variant		1557231862						P00558	Phosphoglycerate kinase 1	Homo sapiens	Encontrado	https://alphafold.ebi.ac.uk/entry/P00558
PGK1	missense_variant	uncertain significance, likely benign	1557231866						P00558	Phosphoglycerate kinase 1	Homo sapiens	Encontrado	https://alphafold.ebi.ac.uk/entry/P00558
PGK1	missense_variant	likely benign	1557231872						P00558	Phosphoglycerate kinase 1	Homo sapiens	Encontrado	https://alphafold.ebi.ac.uk/entry/P00558
PGK1	missense_variant	uncertain significance	1557231879						P00558	Phosphoglycerate kinase 1	Homo sapiens	Encontrado	https://alphafold.ebi.ac.uk/entry/P00558
PGK1	missense_variant	uncertain significance	1557231883						P00558	Phosphoglycerate kinase 1	Homo sapiens	Encontrado	https://alphafold.ebi.ac.uk/entry/P00558
PGK1	missense_variant	likely benign	1557231890						P00558	Phosphoglycerate kinase 1	Homo sapiens	Encontrado	https://alphafold.ebi.ac.uk/entry/P00558
PGK1	missense_variant	likely benign	1557231893						P00558	Phosphoglycerate kinase 1	Homo sapiens	Encontrado	https://alphafold.ebi.ac.uk/entry/P00558
PGK1	missense_variant	uncertain significance	1557231895						P00558	Phosphoglycerate kinase 1	Homo sapiens	Encontrado	https://alphafold.ebi.ac.uk/entry/P00558
PGK1	missense_variant		1557231901						P00558	Phosphoglycerate kinase 1	Homo sapiens	Encontrado	https://alphafold.ebi.ac.uk/entry/P00558
PGK1	missense_variant		1557231906						P00558	Phosphoglycerate kinase 1	Homo sapiens	Encontrado	https://alphafold.ebi.ac.uk/entry/P00558
PGK1	missense_variant	likely benign	1557231909						P00558	Phosphoglycerate kinase 1	Homo sapiens	Encontrado	https://alphafold.ebi.ac.uk/entry/P00558
PGK1	missense_variant	likely benign	1557231929						P00558	Phosphoglycerate kinase 1	Homo sapiens	Encontrado	https://alphafold.ebi.ac.uk/entry/P00558
PGK1	missense_variant		1557231937						P00558	Phosphoglycerate kinase 1	Homo sapiens	Encontrado	https://alphafold.ebi.ac.uk/entry/P00558
PGK1	missense_variant	likely benign	1557232773						P00558	Phosphoglycerate kinase 1	Homo sapiens	Encontrado	https://alphafold.ebi.ac.uk/entry/P00558
PGK1	missense_variant	likely benign	1557232782						P00558	Phosphoglycerate kinase 1	Homo sapiens	Encontrado	https://alphafold.ebi.ac.uk/entry/P00558
PGK1	missense_variant	uncertain significance, likely benign	1557232786						P00558	Phosphoglycerate kinase 1	Homo sapiens	Encontrado	https://alphafold.ebi.ac.uk/entry/P00558
PGK1	missense_variant	uncertain significance, likely benign	1557232788						P00558	Phosphoglycerate kinase 1	Homo sapiens	Encontrado	https://alphafold.ebi.ac.uk/entry/P00558
PGK1	missense_variant		1557232795						P00558	Phosphoglycerate kinase 1	Homo sapiens	Encontrado	https://alphafold.ebi.ac.uk/entry/P00558
PGK1	missense_variant		1557232798						P00558	Phosphoglycerate kinase 1	Homo sapiens	Encontrado	https://alphafold.ebi.ac.uk/entry/P00558
PGK1	missense_variant	likely benign	1557232810						P00558	Phosphoglycerate kinase 1	Homo sapiens	Encontrado	https://alphafold.ebi.ac.uk/entry/P00558
PGK1	missense_variant		1557232816						P00558	Phosphoglycerate kinase 1	Homo sapiens	Encontrado	https://alphafold.ebi.ac.uk/entry/P00558
PGK1	missense_variant	likely benign	1557233359						P00558	Phosphoglycerate kinase 1	Homo sapiens	Encontrado	https://alphafold.ebi.ac.uk/entry/P00558
PGK1	missense_variant		1557233373						P00558	Phosphoglycerate kinase 1	Homo sapiens	Encontrado	https://alphafold.ebi.ac.uk/entry/P00558
PGK1	missense_variant	uncertain significance	1557233382						P00558	Phosphoglycerate kinase 1	Homo sapiens	Encontrado	https://alphafold.ebi.ac.uk/entry/P00558
PGK1	missense_variant		1557233389						P00558	Phosphoglycerate kinase 1	Homo sapiens	Encontrado	https://alphafold.ebi.ac.uk/entry/P00558
PGK1	missense_variant	likely benign	1557233398						P00558	Phosphoglycerate kinase 1	Homo sapiens	Encontrado	https://alphafold.ebi.ac.uk/entry/P00558
PGK1	missense_variant	uncertain significance	1557234099						P00558	Phosphoglycerate kinase 1	Homo sapiens	Encontrado	https://alphafold.ebi.ac.uk/entry/P00558
PGK1	missense_variant		1557234110						P00558	Phosphoglycerate kinase 1	Homo sapiens	Encontrado	https://alphafold.ebi.ac.uk/entry/P00558
PGK1	missense_variant		1557234400						P00558	Phosphoglycerate kinase 1	Homo sapiens	Encontrado	https://alphafold.ebi.ac.uk/entry/P00558
PGK1	missense_variant		1557234403						P00558	Phosphoglycerate kinase 1	Homo sapiens	Encontrado	https://alphafold.ebi.ac.uk/entry/P00558
PGK1	missense_variant	likely benign	1557234408						P00558	Phosphoglycerate kinase 1	Homo sapiens	Encontrado	https://alphafold.ebi.ac.uk/entry/P00558
PGK1	missense_variant	uncertain significance, likely benign	1557234412						P00558	Phosphoglycerate kinase 1	Homo sapiens	Encontrado	https://alphafold.ebi.ac.uk/entry/P00558
PGK1	missense_variant	likely benign, pathogenic	1557234510						P00558	Phosphoglycerate kinase 1	Homo sapiens	Encontrado	https://alphafold.ebi.ac.uk/entry/P00558
PGK1	missense_variant	uncertain significance, likely benign	1557234537						P00558	Phosphoglycerate kinase 1	Homo sapiens	Encontrado	https://alphafold.ebi.ac.uk/entry/P00558
PGK1	missense_variant		1557234540						P00558	Phosphoglycerate kinase 1	Homo sapiens	Encontrado	https://alphafold.ebi.ac.uk/entry/P00558
PGK1	missense_variant	uncertain significance, likely benign	1557234543						P00558	Phosphoglycerate kinase 1	Homo sapiens	Encontrado	https://alphafold.ebi.ac.uk/entry/P00558
PGK1	missense_variant		1557234721						P00558	Phosphoglycerate kinase 1	Homo sapiens	Encontrado	https://alphafold.ebi.ac.uk/entry/P00558
PGK1	missense_variant	likely benign	1557234739						P00558	Phosphoglycerate kinase 1	Homo sapiens	Encontrado	https://alphafold.ebi.ac.uk/entry/P00558
PGK1	missense_variant		1557234744						P00558	Phosphoglycerate kinase 1	Homo sapiens	Encontrado	https://alphafold.ebi.ac.uk/entry/P00558
PGK1	missense_variant	likely benign	1557234761						P00558	Phosphoglycerate kinase 1	Homo sapiens	Encontrado	https://alphafold.ebi.ac.uk/entry/P00558
PGK1	missense_variant	uncertain significance, likely benign	1557234931						P00558	Phosphoglycerate kinase 1	Homo sapiens	Encontrado	https://alphafold.ebi.ac.uk/entry/P00558
PGK1	missense_variant	likely benign	1557234937						P00558	Phosphoglycerate kinase 1	Homo sapiens	Encontrado	https://alphafold.ebi.ac.uk/entry/P00558
PGK1	missense_variant	uncertain significance	1557234938						P00558	Phosphoglycerate kinase 1	Homo sapiens	Encontrado	https://alphafold.ebi.ac.uk/entry/P00558
PGK1	missense_variant		1557234940						P00558	Phosphoglycerate kinase 1	Homo sapiens	Encontrado	https://alphafold.ebi.ac.uk/entry/P00558
PGK1	missense_variant		1557234944						P00558	Phosphoglycerate kinase 1	Homo sapiens	Encontrado	https://alphafold.ebi.ac.uk/entry/P00558
PGK1	missense_variant	likely benign	1557234945						P00558	Phosphoglycerate kinase 1	Homo sapiens	Encontrado	https://alphafold.ebi.ac.uk/entry/P00558
PGK1	missense_variant		1557234955						P00558	Phosphoglycerate kinase 1	Homo sapiens	Encontrado	https://alphafold.ebi.ac.uk/entry/P00558
PGK1	missense_variant		1557235082						P00558	Phosphoglycerate kinase 1	Homo sapiens	Encontrado	https://alphafold.ebi.ac.uk/entry/P00558
PGK1	missense_variant		1557235087						P00558	Phosphoglycerate kinase 1	Homo sapiens	Encontrado	https://alphafold.ebi.ac.uk/entry/P00558
PGK1	missense_variant		1557235091						P00558	Phosphoglycerate kinase 1	Homo sapiens	Encontrado	https://alphafold.ebi.ac.uk/entry/P00558
PGK1	missense_variant		1557235096						P00558	Phosphoglycerate kinase 1	Homo sapiens	Encontrado	https://alphafold.ebi.ac.uk/entry/P00558
PGK1	missense_variant	likely benign	1557235593						P00558	Phosphoglycerate kinase 1	Homo sapiens	Encontrado	https://alphafold.ebi.ac.uk/entry/P00558
PGK1	missense_variant		1557235601						P00558	Phosphoglycerate kinase 1	Homo sapiens	Encontrado	https://alphafold.ebi.ac.uk/entry/P00558
PGK1	missense_variant		1557235603						P00558	Phosphoglycerate kinase 1	Homo sapiens	Encontrado	https://alphafold.ebi.ac.uk/entry/P00558
PGK1	missense_variant	uncertain significance	1557235625						P00558	Phosphoglycerate kinase 1	Homo sapiens	Encontrado	https://alphafold.ebi.ac.uk/entry/P00558
PGK1	missense_variant	uncertain significance	1557235711						P00558	Phosphoglycerate kinase 1	Homo sapiens	Encontrado	https://alphafold.ebi.ac.uk/entry/P00558
PGK1	missense_variant		1557235712						P00558	Phosphoglycerate kinase 1	Homo sapiens	Encontrado	https://alphafold.ebi.ac.uk/entry/P00558
PGK1	missense_variant	uncertain significance	1557235719						P00558	Phosphoglycerate kinase 1	Homo sapiens	Encontrado	https://alphafold.ebi.ac.uk/entry/P00558
PGK1	missense_variant		1557235725						P00558	Phosphoglycerate kinase 1	Homo sapiens	Encontrado	https://alphafold.ebi.ac.uk/entry/P00558
PGK1	missense_variant		1557235732						P00558	Phosphoglycerate kinase 1	Homo sapiens	Encontrado	https://alphafold.ebi.ac.uk/entry/P00558
PGK1	missense_variant	likely benign	1557235734						P00558	Phosphoglycerate kinase 1	Homo sapiens	Encontrado	https://alphafold.ebi.ac.uk/entry/P00558
PGK1	missense_variant	uncertain significance	1557235740						P00558	Phosphoglycerate kinase 1	Homo sapiens	Encontrado	https://alphafold.ebi.ac.uk/entry/P00558
PGK1	missense_variant	likely benign	1557236695						P00558	Phosphoglycerate kinase 1	Homo sapiens	Encontrado	https://alphafold.ebi.ac.uk/entry/P00558
PGK1	missense_variant	uncertain significance, likely benign	1557236698						P00558	Phosphoglycerate kinase 1	Homo sapiens	Encontrado	https://alphafold.ebi.ac.uk/entry/P00558
PGK1	missense_variant		1557236724						P00558	Phosphoglycerate kinase 1	Homo sapiens	Encontrado	https://alphafold.ebi.ac.uk/entry/P00558
PGK1	missense_variant	likely pathogenic	1557236729						P00558	Phosphoglycerate kinase 1	Homo sapiens	Encontrado	https://alphafold.ebi.ac.uk/entry/P00558
PGK1	missense_variant	uncertain significance	1557236745						P00558	Phosphoglycerate kinase 1	Homo sapiens	Encontrado	https://alphafold.ebi.ac.uk/entry/P00558
PGK1	missense_variant	uncertain significance	1557236747						P00558	Phosphoglycerate kinase 1	Homo sapiens	Encontrado	https://alphafold.ebi.ac.uk/entry/P00558
PGK1	missense_variant	likely pathogenic	1557236754						P00558	Phosphoglycerate kinase 1	Homo sapiens	Encontrado	https://alphafold.ebi.ac.uk/entry/P00558
PGK1	missense_variant	likely pathogenic	1557237050						P00558	Phosphoglycerate kinase 1	Homo sapiens	Encontrado	https://alphafold.ebi.ac.uk/entry/P00558
PGK1	missense_variant		1557237056						P00558	Phosphoglycerate kinase 1	Homo sapiens	Encontrado	https://alphafold.ebi.ac.uk/entry/P00558
PGK1	missense_variant	uncertain significance, likely pathogenic	1557237081						P00558	Phosphoglycerate kinase 1	Homo sapiens	Encontrado	https://alphafold.ebi.ac.uk/entry/P00558
PGK1	missense_variant		1557237413						P00558	Phosphoglycerate kinase 1	Homo sapiens	Encontrado	https://alphafold.ebi.ac.uk/entry/P00558
PGK1	missense_variant		1557237420						P00558	Phosphoglycerate kinase 1	Homo sapiens	Encontrado	https://alphafold.ebi.ac.uk/entry/P00558
PGK1	missense_variant		1557237423						P00558	Phosphoglycerate kinase 1	Homo sapiens	Encontrado	https://alphafold.ebi.ac.uk/entry/P00558
PGK1	missense_variant	uncertain significance, benign, likely benign	1557237441						P00558	Phosphoglycerate kinase 1	Homo sapiens	Encontrado	https://alphafold.ebi.ac.uk/entry/P00558
PGK1	missense_variant		1557237446						P00558	Phosphoglycerate kinase 1	Homo sapiens	Encontrado	https://alphafold.ebi.ac.uk/entry/P00558
PGK1	missense_variant		1557237449						P00558	Phosphoglycerate kinase 1	Homo sapiens	Encontrado	https://alphafold.ebi.ac.uk/entry/P00558
PGK1	missense_variant	uncertain significance	1557237452						P00558	Phosphoglycerate kinase 1	Homo sapiens	Encontrado	https://alphafold.ebi.ac.uk/entry/P00558
PGK1	missense_variant	likely benign	1557237458						P00558	Phosphoglycerate kinase 1	Homo sapiens	Encontrado	https://alphafold.ebi.ac.uk/entry/P00558
PGK1	missense_variant	likely benign	1557237460						P00558	Phosphoglycerate kinase 1	Homo sapiens	Encontrado	https://alphafold.ebi.ac.uk/entry/P00558
PGK1	missense_variant		1557237464						P00558	Phosphoglycerate kinase 1	Homo sapiens	Encontrado	https://alphafold.ebi.ac.uk/entry/P00558
PGK1	missense_variant		1557237465						P00558	Phosphoglycerate kinase 1	Homo sapiens	Encontrado	https://alphafold.ebi.ac.uk/entry/P00558
PGK1	missense_variant		1557237992						P00558	Phosphoglycerate kinase 1	Homo sapiens	Encontrado	https://alphafold.ebi.ac.uk/entry/P00558
PGK1	missense_variant	uncertain significance	1557237993						P00558	Phosphoglycerate kinase 1	Homo sapiens	Encontrado	https://alphafold.ebi.ac.uk/entry/P00558
PGK1	missense_variant	uncertain significance, likely benign	1557238006						P00558	Phosphoglycerate kinase 1	Homo sapiens	Encontrado	https://alphafold.ebi.ac.uk/entry/P00558
PGK1	missense_variant	uncertain significance	1557238250						P00558	Phosphoglycerate kinase 1	Homo sapiens	Encontrado	https://alphafold.ebi.ac.uk/entry/P00558
PGK1	missense_variant		1557238253						P00558	Phosphoglycerate kinase 1	Homo sapiens	Encontrado	https://alphafold.ebi.ac.uk/entry/P00558
PGK1	missense_variant	uncertain significance, likely benign	1557238254						P00558	Phosphoglycerate kinase 1	Homo sapiens	Encontrado	https://alphafold.ebi.ac.uk/entry/P00558
PGK1	missense_variant	uncertain significance	1557238258						P00558	Phosphoglycerate kinase 1	Homo sapiens	Encontrado	https://alphafold.ebi.ac.uk/entry/P00558
PGK1	missense_variant		1557238259						P00558	Phosphoglycerate kinase 1	Homo sapiens	Encontrado	https://alphafold.ebi.ac.uk/entry/P00558
PGK1	missense_variant		1557238261						P00558	Phosphoglycerate kinase 1	Homo sapiens	Encontrado	https://alphafold.ebi.ac.uk/entry/P00558
PGK1	missense_variant		1557238263						P00558	Phosphoglycerate kinase 1	Homo sapiens	Encontrado	https://alphafold.ebi.ac.uk/entry/P00558
PGK1	missense_variant	likely benign	1557238272						P00558	Phosphoglycerate kinase 1	Homo sapiens	Encontrado	https://alphafold.ebi.ac.uk/entry/P00558
PGK1	missense_variant		1557238571						P00558	Phosphoglycerate kinase 1	Homo sapiens	Encontrado	https://alphafold.ebi.ac.uk/entry/P00558
PGK1	missense_variant	uncertain significance, likely pathogenic	1557238588						P00558	Phosphoglycerate kinase 1	Homo sapiens	Encontrado	https://alphafold.ebi.ac.uk/entry/P00558
PGK1	missense_variant		1557238604						P00558	Phosphoglycerate kinase 1	Homo sapiens	Encontrado	https://alphafold.ebi.ac.uk/entry/P00558
PGK1	missense_variant		1557238670						P00558	Phosphoglycerate kinase 1	Homo sapiens	Encontrado	https://alphafold.ebi.ac.uk/entry/P00558
PGK1	missense_variant		1557238674						P00558	Phosphoglycerate kinase 1	Homo sapiens	Encontrado	https://alphafold.ebi.ac.uk/entry/P00558
PGK1	missense_variant		1557238679						P00558	Phosphoglycerate kinase 1	Homo sapiens	Encontrado	https://alphafold.ebi.ac.uk/entry/P00558
PGK1	missense_variant	uncertain significance	1557238686						P00558	Phosphoglycerate kinase 1	Homo sapiens	Encontrado	https://alphafold.ebi.ac.uk/entry/P00558
PGK1	missense_variant		1557238691						P00558	Phosphoglycerate kinase 1	Homo sapiens	Encontrado	https://alphafold.ebi.ac.uk/entry/P00558
PGK1	missense_variant		1557238695						P00558	Phosphoglycerate kinase 1	Homo sapiens	Encontrado	https://alphafold.ebi.ac.uk/entry/P00558
PGK1	missense_variant		1557238988						P00558	Phosphoglycerate kinase 1	Homo sapiens	Encontrado	https://alphafold.ebi.ac.uk/entry/P00558
PGK1	missense_variant	uncertain significance	1557238990						P00558	Phosphoglycerate kinase 1	Homo sapiens	Encontrado	https://alphafold.ebi.ac.uk/entry/P00558
PGK1	missense_variant		1557238993						P00558	Phosphoglycerate kinase 1	Homo sapiens	Encontrado	https://alphafold.ebi.ac.uk/entry/P00558
PGK1	missense_variant	likely benign	1557238998						P00558	Phosphoglycerate kinase 1	Homo sapiens	Encontrado	https://alphafold.ebi.ac.uk/entry/P00558
PGK1	missense_variant	uncertain significance	1557239007						P00558	Phosphoglycerate kinase 1	Homo sapiens	Encontrado	https://alphafold.ebi.ac.uk/entry/P00558
PGK1	missense_variant		1557239101						P00558	Phosphoglycerate kinase 1	Homo sapiens	Encontrado	https://alphafold.ebi.ac.uk/entry/P00558
PGK1	missense_variant	likely benign	1557239102						P00558	Phosphoglycerate kinase 1	Homo sapiens	Encontrado	https://alphafold.ebi.ac.uk/entry/P00558
PGK1	missense_variant	uncertain significance, likely benign	1557239111						P00558	Phosphoglycerate kinase 1	Homo sapiens	Encontrado	https://alphafold.ebi.ac.uk/entry/P00558
PGK1	missense_variant	likely benign	1557239117						P00558	Phosphoglycerate kinase 1	Homo sapiens	Encontrado	https://alphafold.ebi.ac.uk/entry/P00558
PGK1	missense_variant		1557239123						P00558	Phosphoglycerate kinase 1	Homo sapiens	Encontrado	https://alphafold.ebi.ac.uk/entry/P00558
PGK1	missense_variant		1557239131						P00558	Phosphoglycerate kinase 1	Homo sapiens	Encontrado	https://alphafold.ebi.ac.uk/entry/P00558
PGK1	missense_variant	uncertain significance	1557239142						P00558	Phosphoglycerate kinase 1	Homo sapiens	Encontrado	https://alphafold.ebi.ac.uk/entry/P00558
PGK1	missense_variant	uncertain significance, likely benign	1557239144						P00558	Phosphoglycerate kinase 1	Homo sapiens	Encontrado	https://alphafold.ebi.ac.uk/entry/P00558
PGK1	missense_variant	uncertain significance	1557239147						P00558	Phosphoglycerate kinase 1	Homo sapiens	Encontrado	https://alphafold.ebi.ac.uk/entry/P00558
PGK1	missense_variant	uncertain significance	1557239152						P00558	Phosphoglycerate kinase 1	Homo sapiens	Encontrado	https://alphafold.ebi.ac.uk/entry/P00558
PGK1	missense_variant		1557245934						P00558	Phosphoglycerate kinase 1	Homo sapiens	Encontrado	https://alphafold.ebi.ac.uk/entry/P00558
PGK1	missense_variant	uncertain significance	1557246703						P00558	Phosphoglycerate kinase 1	Homo sapiens	Encontrado	https://alphafold.ebi.ac.uk/entry/P00558
PGK1	missense_variant	uncertain significance	1557247111	P00558	rs1557247111	N53S	0.037		P00558	Phosphoglycerate kinase 1	Homo sapiens	Encontrado	https://alphafold.ebi.ac.uk/entry/P00558
PGK1	missense_variant	uncertain significance	1557247111	P00558	rs1557247111	N53S	0.02		P00558	Phosphoglycerate kinase 1	Homo sapiens	Encontrado	https://alphafold.ebi.ac.uk/entry/P00558
PGK1	missense_variant		1557247119	P00558	rs1557247119	R66Q	0.538		P00558	Phosphoglycerate kinase 1	Homo sapiens	Encontrado	https://alphafold.ebi.ac.uk/entry/P00558
PGK1	missense_variant		1557247119	P00558	rs1557247119	R66Q	0.03		P00558	Phosphoglycerate kinase 1	Homo sapiens	Encontrado	https://alphafold.ebi.ac.uk/entry/P00558
PGK1	missense_variant		1557247119	P00558	rs1557247119	R66Q	0.852		P00558	Phosphoglycerate kinase 1	Homo sapiens	Encontrado	https://alphafold.ebi.ac.uk/entry/P00558
PGK1	missense_variant		1557247119	P00558	rs1557247119	R66Q	0.1		P00558	Phosphoglycerate kinase 1	Homo sapiens	Encontrado	https://alphafold.ebi.ac.uk/entry/P00558
PGK1	missense_variant		1557247126						P00558	Phosphoglycerate kinase 1	Homo sapiens	Encontrado	https://alphafold.ebi.ac.uk/entry/P00558
PGK1	missense_variant		1557247139						P00558	Phosphoglycerate kinase 1	Homo sapiens	Encontrado	https://alphafold.ebi.ac.uk/entry/P00558
PGK1	missense_variant		1557247142						P00558	Phosphoglycerate kinase 1	Homo sapiens	Encontrado	https://alphafold.ebi.ac.uk/entry/P00558
PGK1	missense_variant		1557247181						P00558	Phosphoglycerate kinase 1	Homo sapiens	Encontrado	https://alphafold.ebi.ac.uk/entry/P00558
PGK1	missense_variant		1557247186						P00558	Phosphoglycerate kinase 1	Homo sapiens	Encontrado	https://alphafold.ebi.ac.uk/entry/P00558
PGK1	missense_variant	uncertain significance	1557247192	P00558	rs1557247192	N110T	0.009		P00558	Phosphoglycerate kinase 1	Homo sapiens	Encontrado	https://alphafold.ebi.ac.uk/entry/P00558
PGK1	missense_variant	uncertain significance	1557247192	P00558	rs1557247192	N110T	0.03		P00558	Phosphoglycerate kinase 1	Homo sapiens	Encontrado	https://alphafold.ebi.ac.uk/entry/P00558
PGK1	missense_variant		1557247203						P00558	Phosphoglycerate kinase 1	Homo sapiens	Encontrado	https://alphafold.ebi.ac.uk/entry/P00558
PGK1	missense_variant		1557247205						P00558	Phosphoglycerate kinase 1	Homo sapiens	Encontrado	https://alphafold.ebi.ac.uk/entry/P00558
PGK1	missense_variant	uncertain significance	1557247213						P00558	Phosphoglycerate kinase 1	Homo sapiens	Encontrado	https://alphafold.ebi.ac.uk/entry/P00558
PGK1	missense_variant		1557247214						P00558	Phosphoglycerate kinase 1	Homo sapiens	Encontrado	https://alphafold.ebi.ac.uk/entry/P00558
PGK1	missense_variant	likely benign	1557247222						P00558	Phosphoglycerate kinase 1	Homo sapiens	Encontrado	https://alphafold.ebi.ac.uk/entry/P00558
PGK1	missense_variant		1557247228						P00558	Phosphoglycerate kinase 1	Homo sapiens	Encontrado	https://alphafold.ebi.ac.uk/entry/P00558
PGK1	missense_variant		1557247547						P00558	Phosphoglycerate kinase 1	Homo sapiens	Encontrado	https://alphafold.ebi.ac.uk/entry/P00558
PGK1	missense_variant		1557247551						P00558	Phosphoglycerate kinase 1	Homo sapiens	Encontrado	https://alphafold.ebi.ac.uk/entry/P00558
PGK1	missense_variant	uncertain significance	1557247552	P00558	rs1557247552	R151Q	0.094		P00558	Phosphoglycerate kinase 1	Homo sapiens	Encontrado	https://alphafold.ebi.ac.uk/entry/P00558
PGK1	missense_variant	uncertain significance	1557247552	P00558	rs1557247552	R151Q	0.21		P00558	Phosphoglycerate kinase 1	Homo sapiens	Encontrado	https://alphafold.ebi.ac.uk/entry/P00558
PGK1	missense_variant		1557247554						P00558	Phosphoglycerate kinase 1	Homo sapiens	Encontrado	https://alphafold.ebi.ac.uk/entry/P00558
PGK1	missense_variant	uncertain significance, pathogenic	1557247556	P00558	rs1557247556	L154P	1.0		P00558	Phosphoglycerate kinase 1	Homo sapiens	Encontrado	https://alphafold.ebi.ac.uk/entry/P00558
PGK1	missense_variant	uncertain significance, pathogenic	1557247556	P00558	rs1557247556	L154P	0.0		P00558	Phosphoglycerate kinase 1	Homo sapiens	Encontrado	https://alphafold.ebi.ac.uk/entry/P00558
PGK1	missense_variant	uncertain significance	1557247558	P00558	rs1557247558	L157I	0.698		P00558	Phosphoglycerate kinase 1	Homo sapiens	Encontrado	https://alphafold.ebi.ac.uk/entry/P00558
PGK1	missense_variant	uncertain significance	1557247558	P00558	rs1557247558	L157I	0.01		P00558	Phosphoglycerate kinase 1	Homo sapiens	Encontrado	https://alphafold.ebi.ac.uk/entry/P00558
PGK1	missense_variant	uncertain significance	1557247562	P00558	rs1557247562	D159N	0.711		P00558	Phosphoglycerate kinase 1	Homo sapiens	Encontrado	https://alphafold.ebi.ac.uk/entry/P00558
PGK1	missense_variant	uncertain significance	1557247562	P00558	rs1557247562	D159N	0.01		P00558	Phosphoglycerate kinase 1	Homo sapiens	Encontrado	https://alphafold.ebi.ac.uk/entry/P00558
PGK1	missense_variant		1557247566						P00558	Phosphoglycerate kinase 1	Homo sapiens	Encontrado	https://alphafold.ebi.ac.uk/entry/P00558
PGK1	missense_variant		1557247569						P00558	Phosphoglycerate kinase 1	Homo sapiens	Encontrado	https://alphafold.ebi.ac.uk/entry/P00558
PGK1	missense_variant		1557247639						P00558	Phosphoglycerate kinase 1	Homo sapiens	Encontrado	https://alphafold.ebi.ac.uk/entry/P00558
PGK1	missense_variant		1557247643						P00558	Phosphoglycerate kinase 1	Homo sapiens	Encontrado	https://alphafold.ebi.ac.uk/entry/P00558
PGK1	missense_variant		1557247645						P00558	Phosphoglycerate kinase 1	Homo sapiens	Encontrado	https://alphafold.ebi.ac.uk/entry/P00558
PGK1	missense_variant		1557247646						P00558	Phosphoglycerate kinase 1	Homo sapiens	Encontrado	https://alphafold.ebi.ac.uk/entry/P00558
PGK1	missense_variant		1557247647						P00558	Phosphoglycerate kinase 1	Homo sapiens	Encontrado	https://alphafold.ebi.ac.uk/entry/P00558
PGK1	missense_variant		1557247651						P00558	Phosphoglycerate kinase 1	Homo sapiens	Encontrado	https://alphafold.ebi.ac.uk/entry/P00558
PGK1	missense_variant		1557247654						P00558	Phosphoglycerate kinase 1	Homo sapiens	Encontrado	https://alphafold.ebi.ac.uk/entry/P00558
PGK1	missense_variant		1557247656						P00558	Phosphoglycerate kinase 1	Homo sapiens	Encontrado	https://alphafold.ebi.ac.uk/entry/P00558
PGK1	missense_variant		1557248186						P00558	Phosphoglycerate kinase 1	Homo sapiens	Encontrado	https://alphafold.ebi.ac.uk/entry/P00558
PGK1	missense_variant		1557248242						P00558	Phosphoglycerate kinase 1	Homo sapiens	Encontrado	https://alphafold.ebi.ac.uk/entry/P00558
PGK1	missense_variant		1557248250						P00558	Phosphoglycerate kinase 1	Homo sapiens	Encontrado	https://alphafold.ebi.ac.uk/entry/P00558
PGK1	missense_variant		1557248252						P00558	Phosphoglycerate kinase 1	Homo sapiens	Encontrado	https://alphafold.ebi.ac.uk/entry/P00558
PGK1	missense_variant	uncertain significance	1557248258						P00558	Phosphoglycerate kinase 1	Homo sapiens	Encontrado	https://alphafold.ebi.ac.uk/entry/P00558
PGK1	missense_variant		1557248458						P00558	Phosphoglycerate kinase 1	Homo sapiens	Encontrado	https://alphafold.ebi.ac.uk/entry/P00558
PGK1	missense_variant		1557248465						P00558	Phosphoglycerate kinase 1	Homo sapiens	Encontrado	https://alphafold.ebi.ac.uk/entry/P00558
PGK1	missense_variant		1557248476						P00558	Phosphoglycerate kinase 1	Homo sapiens	Encontrado	https://alphafold.ebi.ac.uk/entry/P00558
PGK1	missense_variant		1557248477						P00558	Phosphoglycerate kinase 1	Homo sapiens	Encontrado	https://alphafold.ebi.ac.uk/entry/P00558
PGK1	missense_variant		1557248496						P00558	Phosphoglycerate kinase 1	Homo sapiens	Encontrado	https://alphafold.ebi.ac.uk/entry/P00558
PGK1	missense_variant		1557248500						P00558	Phosphoglycerate kinase 1	Homo sapiens	Encontrado	https://alphafold.ebi.ac.uk/entry/P00558
PGK1	missense_variant		1557248507						P00558	Phosphoglycerate kinase 1	Homo sapiens	Encontrado	https://alphafold.ebi.ac.uk/entry/P00558
PGK1	missense_variant	uncertain significance	1557248513	P00558	rs1557248513	I371V	0.678		P00558	Phosphoglycerate kinase 1	Homo sapiens	Encontrado	https://alphafold.ebi.ac.uk/entry/P00558
PGK1	missense_variant	uncertain significance	1557248513	P00558	rs1557248513	I371V	0.06		P00558	Phosphoglycerate kinase 1	Homo sapiens	Encontrado	https://alphafold.ebi.ac.uk/entry/P00558
PGK1	missense_variant		1557249461						P00558	Phosphoglycerate kinase 1	Homo sapiens	Encontrado	https://alphafold.ebi.ac.uk/entry/P00558
PGK1	missense_variant	uncertain significance	1557249477						P00558	Phosphoglycerate kinase 1	Homo sapiens	Encontrado	https://alphafold.ebi.ac.uk/entry/P00558
PGK1	missense_variant		1557249482						P00558	Phosphoglycerate kinase 1	Homo sapiens	Encontrado	https://alphafold.ebi.ac.uk/entry/P00558
PGK1	missense_variant		1557249484						P00558	Phosphoglycerate kinase 1	Homo sapiens	Encontrado	https://alphafold.ebi.ac.uk/entry/P00558
PGK1	missense_variant		1557249497						P00558	Phosphoglycerate kinase 1	Homo sapiens	Encontrado	https://alphafold.ebi.ac.uk/entry/P00558
PGK1	missense_variant		1557249507						P00558	Phosphoglycerate kinase 1	Homo sapiens	Encontrado	https://alphafold.ebi.ac.uk/entry/P00558
PGK1	missense_variant		1557249508						P00558	Phosphoglycerate kinase 1	Homo sapiens	Encontrado	https://alphafold.ebi.ac.uk/entry/P00558
PGK1	missense_variant		1557249510						P00558	Phosphoglycerate kinase 1	Homo sapiens	Encontrado	https://alphafold.ebi.ac.uk/entry/P00558
PGK1	missense_variant		1557249511						P00558	Phosphoglycerate kinase 1	Homo sapiens	Encontrado	https://alphafold.ebi.ac.uk/entry/P00558
PGK1	missense_variant		1569549328						P00558	Phosphoglycerate kinase 1	Homo sapiens	Encontrado	https://alphafold.ebi.ac.uk/entry/P00558
PGK1	missense_variant		1569549338						P00558	Phosphoglycerate kinase 1	Homo sapiens	Encontrado	https://alphafold.ebi.ac.uk/entry/P00558
PGK1	missense_variant		1569549339						P00558	Phosphoglycerate kinase 1	Homo sapiens	Encontrado	https://alphafold.ebi.ac.uk/entry/P00558
PGK1	missense_variant		1569549340						P00558	Phosphoglycerate kinase 1	Homo sapiens	Encontrado	https://alphafold.ebi.ac.uk/entry/P00558
PGK1	missense_variant	uncertain significance	1569549378						P00558	Phosphoglycerate kinase 1	Homo sapiens	Encontrado	https://alphafold.ebi.ac.uk/entry/P00558
PGK1	missense_variant	uncertain significance	1569549379						P00558	Phosphoglycerate kinase 1	Homo sapiens	Encontrado	https://alphafold.ebi.ac.uk/entry/P00558
PGK1	missense_variant		1569549569						P00558	Phosphoglycerate kinase 1	Homo sapiens	Encontrado	https://alphafold.ebi.ac.uk/entry/P00558
PGK1	missense_variant	uncertain significance	1569549582						P00558	Phosphoglycerate kinase 1	Homo sapiens	Encontrado	https://alphafold.ebi.ac.uk/entry/P00558
PGK1	missense_variant		1569549592						P00558	Phosphoglycerate kinase 1	Homo sapiens	Encontrado	https://alphafold.ebi.ac.uk/entry/P00558
PGK1	missense_variant	uncertain significance	1569549600						P00558	Phosphoglycerate kinase 1	Homo sapiens	Encontrado	https://alphafold.ebi.ac.uk/entry/P00558
PGK1	missense_variant	uncertain significance	1569549834						P00558	Phosphoglycerate kinase 1	Homo sapiens	Encontrado	https://alphafold.ebi.ac.uk/entry/P00558
PGK1	missense_variant	uncertain significance, likely benign	1569549840						P00558	Phosphoglycerate kinase 1	Homo sapiens	Encontrado	https://alphafold.ebi.ac.uk/entry/P00558
PGK1	missense_variant	uncertain significance, likely benign	1569549841						P00558	Phosphoglycerate kinase 1	Homo sapiens	Encontrado	https://alphafold.ebi.ac.uk/entry/P00558
PGK1	missense_variant	uncertain significance	1569549892						P00558	Phosphoglycerate kinase 1	Homo sapiens	Encontrado	https://alphafold.ebi.ac.uk/entry/P00558
PGK1	missense_variant	uncertain significance	1569549929						P00558	Phosphoglycerate kinase 1	Homo sapiens	Encontrado	https://alphafold.ebi.ac.uk/entry/P00558
PGK1	missense_variant		1569549943						P00558	Phosphoglycerate kinase 1	Homo sapiens	Encontrado	https://alphafold.ebi.ac.uk/entry/P00558
PGK1	missense_variant	uncertain significance	1569550056						P00558	Phosphoglycerate kinase 1	Homo sapiens	Encontrado	https://alphafold.ebi.ac.uk/entry/P00558
PGK1	missense_variant	uncertain significance, likely pathogenic	1569550143						P00558	Phosphoglycerate kinase 1	Homo sapiens	Encontrado	https://alphafold.ebi.ac.uk/entry/P00558
PGK1	missense_variant		1569550144						P00558	Phosphoglycerate kinase 1	Homo sapiens	Encontrado	https://alphafold.ebi.ac.uk/entry/P00558
PGK1	missense_variant		1569550332						P00558	Phosphoglycerate kinase 1	Homo sapiens	Encontrado	https://alphafold.ebi.ac.uk/entry/P00558
PGK1	missense_variant	uncertain significance	1569550334						P00558	Phosphoglycerate kinase 1	Homo sapiens	Encontrado	https://alphafold.ebi.ac.uk/entry/P00558
PGK1	missense_variant	uncertain significance	1569550339						P00558	Phosphoglycerate kinase 1	Homo sapiens	Encontrado	https://alphafold.ebi.ac.uk/entry/P00558
PGK1	missense_variant	likely pathogenic	1569550773	P00558	rs1569550773	K30T	0.998		P00558	Phosphoglycerate kinase 1	Homo sapiens	Encontrado	https://alphafold.ebi.ac.uk/entry/P00558
PGK1	missense_variant	likely pathogenic	1569550773	P00558	rs1569550773	K30T	0.01		P00558	Phosphoglycerate kinase 1	Homo sapiens	Encontrado	https://alphafold.ebi.ac.uk/entry/P00558
PGK1	missense_variant		1569550805						P00558	Phosphoglycerate kinase 1	Homo sapiens	Encontrado	https://alphafold.ebi.ac.uk/entry/P00558
PGK1	missense_variant	uncertain significance	1569550806	P00558	rs1569550806	A107V	0.02		P00558	Phosphoglycerate kinase 1	Homo sapiens	Encontrado	https://alphafold.ebi.ac.uk/entry/P00558
PGK1	missense_variant	uncertain significance	1569550806	P00558	rs1569550806	A107V	0.05		P00558	Phosphoglycerate kinase 1	Homo sapiens	Encontrado	https://alphafold.ebi.ac.uk/entry/P00558
PGK1	missense_variant	uncertain significance	1569550806	P00558	rs1569550806	A107V	0.027		P00558	Phosphoglycerate kinase 1	Homo sapiens	Encontrado	https://alphafold.ebi.ac.uk/entry/P00558
PGK1	missense_variant	uncertain significance	1569550806	P00558	rs1569550806	A107V	0.06		P00558	Phosphoglycerate kinase 1	Homo sapiens	Encontrado	https://alphafold.ebi.ac.uk/entry/P00558
PGK1	missense_variant		1569550891						P00558	Phosphoglycerate kinase 1	Homo sapiens	Encontrado	https://alphafold.ebi.ac.uk/entry/P00558
PGK1	missense_variant		1603378277						P00558	Phosphoglycerate kinase 1	Homo sapiens	Encontrado	https://alphafold.ebi.ac.uk/entry/P00558
PGK1	missense_variant		1603378278						P00558	Phosphoglycerate kinase 1	Homo sapiens	Encontrado	https://alphafold.ebi.ac.uk/entry/P00558
PGK1	missense_variant	uncertain significance	1603378831						P00558	Phosphoglycerate kinase 1	Homo sapiens	Encontrado	https://alphafold.ebi.ac.uk/entry/P00558
PGK1	missense_variant	uncertain significance	1603381269						P00558	Phosphoglycerate kinase 1	Homo sapiens	Encontrado	https://alphafold.ebi.ac.uk/entry/P00558
PGK1	missense_variant		1603381502						P00558	Phosphoglycerate kinase 1	Homo sapiens	Encontrado	https://alphafold.ebi.ac.uk/entry/P00558
PGK1	missense_variant	uncertain significance	1603381546						P00558	Phosphoglycerate kinase 1	Homo sapiens	Encontrado	https://alphafold.ebi.ac.uk/entry/P00558
PGK1	missense_variant	likely benign	1603383823						P00558	Phosphoglycerate kinase 1	Homo sapiens	Encontrado	https://alphafold.ebi.ac.uk/entry/P00558
PGK1	missense_variant	uncertain significance, likely benign	1603384813						P00558	Phosphoglycerate kinase 1	Homo sapiens	Encontrado	https://alphafold.ebi.ac.uk/entry/P00558
PGK1	missense_variant		1603385258						P00558	Phosphoglycerate kinase 1	Homo sapiens	Encontrado	https://alphafold.ebi.ac.uk/entry/P00558
PGK1	missense_variant		1603385377						P00558	Phosphoglycerate kinase 1	Homo sapiens	Encontrado	https://alphafold.ebi.ac.uk/entry/P00558
PGK1	missense_variant	uncertain significance	1603386154						P00558	Phosphoglycerate kinase 1	Homo sapiens	Encontrado	https://alphafold.ebi.ac.uk/entry/P00558
PGK1	missense_variant		1603387262						P00558	Phosphoglycerate kinase 1	Homo sapiens	Encontrado	https://alphafold.ebi.ac.uk/entry/P00558
PGK1	missense_variant		1603389380						P00558	Phosphoglycerate kinase 1	Homo sapiens	Encontrado	https://alphafold.ebi.ac.uk/entry/P00558
PGK1	missense_variant	uncertain significance	1603389390						P00558	Phosphoglycerate kinase 1	Homo sapiens	Encontrado	https://alphafold.ebi.ac.uk/entry/P00558
PGK1	missense_variant	uncertain significance	1603390828						P00558	Phosphoglycerate kinase 1	Homo sapiens	Encontrado	https://alphafold.ebi.ac.uk/entry/P00558
PGK1	missense_variant	uncertain significance	1603390837						P00558	Phosphoglycerate kinase 1	Homo sapiens	Encontrado	https://alphafold.ebi.ac.uk/entry/P00558
PGK1	missense_variant	likely pathogenic	1603391127						P00558	Phosphoglycerate kinase 1	Homo sapiens	Encontrado	https://alphafold.ebi.ac.uk/entry/P00558
PGK1	missense_variant	uncertain significance, likely benign	1603391261						P00558	Phosphoglycerate kinase 1	Homo sapiens	Encontrado	https://alphafold.ebi.ac.uk/entry/P00558
PGK1	missense_variant	uncertain significance	1603391264						P00558	Phosphoglycerate kinase 1	Homo sapiens	Encontrado	https://alphafold.ebi.ac.uk/entry/P00558
PGK1	missense_variant		1603398512						P00558	Phosphoglycerate kinase 1	Homo sapiens	Encontrado	https://alphafold.ebi.ac.uk/entry/P00558
PGK1	missense_variant	uncertain significance	1603398532						P00558	Phosphoglycerate kinase 1	Homo sapiens	Encontrado	https://alphafold.ebi.ac.uk/entry/P00558
PGK1	missense_variant	uncertain significance	1603398740	P00558	rs1603398740	E358K	0.001		P00558	Phosphoglycerate kinase 1	Homo sapiens	Encontrado	https://alphafold.ebi.ac.uk/entry/P00558
PGK1	missense_variant	uncertain significance	1603398740	P00558	rs1603398740	E358K	0.55		P00558	Phosphoglycerate kinase 1	Homo sapiens	Encontrado	https://alphafold.ebi.ac.uk/entry/P00558
PGK1	missense_variant		1660688662						P00558	Phosphoglycerate kinase 1	Homo sapiens	Encontrado	https://alphafold.ebi.ac.uk/entry/P00558
PGK1	missense_variant		1750130262						P00558	Phosphoglycerate kinase 1	Homo sapiens	Encontrado	https://alphafold.ebi.ac.uk/entry/P00558
PGK1	missense_variant		1759597039						P00558	Phosphoglycerate kinase 1	Homo sapiens	Encontrado	https://alphafold.ebi.ac.uk/entry/P00558
PGK1	missense_variant		1769838973						P00558	Phosphoglycerate kinase 1	Homo sapiens	Encontrado	https://alphafold.ebi.ac.uk/entry/P00558
PGK1	missense_variant		1807341374						P00558	Phosphoglycerate kinase 1	Homo sapiens	Encontrado	https://alphafold.ebi.ac.uk/entry/P00558
PGK1	missense_variant	uncertain significance, likely benign	181435872						P00558	Phosphoglycerate kinase 1	Homo sapiens	Encontrado	https://alphafold.ebi.ac.uk/entry/P00558
PGK1	missense_variant		182803196						P00558	Phosphoglycerate kinase 1	Homo sapiens	Encontrado	https://alphafold.ebi.ac.uk/entry/P00558
PGK1	missense_variant		182964233						P00558	Phosphoglycerate kinase 1	Homo sapiens	Encontrado	https://alphafold.ebi.ac.uk/entry/P00558
PGK1	missense_variant	uncertain significance, likely benign	183087139	P00558	rs183087139	R350W	0.003		P00558	Phosphoglycerate kinase 1	Homo sapiens	Encontrado	https://alphafold.ebi.ac.uk/entry/P00558
PGK1	missense_variant	uncertain significance, likely benign	183087139	P00558	rs183087139	R350W	0.14		P00558	Phosphoglycerate kinase 1	Homo sapiens	Encontrado	https://alphafold.ebi.ac.uk/entry/P00558
PGK1	missense_variant	uncertain significance	1831643767						P00558	Phosphoglycerate kinase 1	Homo sapiens	Encontrado	https://alphafold.ebi.ac.uk/entry/P00558
PGK1	missense_variant	uncertain significance, likely benign	184646064						P00558	Phosphoglycerate kinase 1	Homo sapiens	Encontrado	https://alphafold.ebi.ac.uk/entry/P00558
PGK1	missense_variant	uncertain significance	185071030	P00558	rs185071030	N163S	0.304		P00558	Phosphoglycerate kinase 1	Homo sapiens	Encontrado	https://alphafold.ebi.ac.uk/entry/P00558
PGK1	missense_variant	uncertain significance	185071030	P00558	rs185071030	N163S	0.03		P00558	Phosphoglycerate kinase 1	Homo sapiens	Encontrado	https://alphafold.ebi.ac.uk/entry/P00558
PGK1	missense_variant	benign	188175511						P00558	Phosphoglycerate kinase 1	Homo sapiens	Encontrado	https://alphafold.ebi.ac.uk/entry/P00558
PGK1	missense_variant	benign, likely benign	188836609						P00558	Phosphoglycerate kinase 1	Homo sapiens	Encontrado	https://alphafold.ebi.ac.uk/entry/P00558
PGK1	missense_variant	uncertain significance, likely benign	189818149						P00558	Phosphoglycerate kinase 1	Homo sapiens	Encontrado	https://alphafold.ebi.ac.uk/entry/P00558
PGK1	missense_variant		191844393						P00558	Phosphoglycerate kinase 1	Homo sapiens	Encontrado	https://alphafold.ebi.ac.uk/entry/P00558
PGK1	missense_variant	benign	192424860						P00558	Phosphoglycerate kinase 1	Homo sapiens	Encontrado	https://alphafold.ebi.ac.uk/entry/P00558
PGK1	missense_variant		192861491						P00558	Phosphoglycerate kinase 1	Homo sapiens	Encontrado	https://alphafold.ebi.ac.uk/entry/P00558
PGK1	missense_variant	uncertain significance, likely benign	199571497	P00558	rs199571497	V278M	0.973		P00558	Phosphoglycerate kinase 1	Homo sapiens	Encontrado	https://alphafold.ebi.ac.uk/entry/P00558
PGK1	missense_variant	uncertain significance, likely benign	199571497	P00558	rs199571497	V278M	0.01		P00558	Phosphoglycerate kinase 1	Homo sapiens	Encontrado	https://alphafold.ebi.ac.uk/entry/P00558
PGK1	missense_variant	uncertain significance, likely benign	199644680	P00558	rs199644680	A398T	0.761		P00558	Phosphoglycerate kinase 1	Homo sapiens	Encontrado	https://alphafold.ebi.ac.uk/entry/P00558
PGK1	missense_variant	uncertain significance, likely benign	199644680	P00558	rs199644680	A398T	0.01		P00558	Phosphoglycerate kinase 1	Homo sapiens	Encontrado	https://alphafold.ebi.ac.uk/entry/P00558
PGK1	missense_variant		199888395						P00558	Phosphoglycerate kinase 1	Homo sapiens	Encontrado	https://alphafold.ebi.ac.uk/entry/P00558
PGK1	missense_variant		199995586						P00558	Phosphoglycerate kinase 1	Homo sapiens	Encontrado	https://alphafold.ebi.ac.uk/entry/P00558
PGK1	missense_variant		200132648	P00558	rs200132648	S57L	0.931		P00558	Phosphoglycerate kinase 1	Homo sapiens	Encontrado	https://alphafold.ebi.ac.uk/entry/P00558
PGK1	missense_variant		200132648	P00558	rs200132648	S57L	0.01		P00558	Phosphoglycerate kinase 1	Homo sapiens	Encontrado	https://alphafold.ebi.ac.uk/entry/P00558
PGK1	missense_variant		200132648	P00558	rs200132648	S57L	0.895		P00558	Phosphoglycerate kinase 1	Homo sapiens	Encontrado	https://alphafold.ebi.ac.uk/entry/P00558
PGK1	missense_variant		200132648	P00558	rs200132648	S57L	0.01		P00558	Phosphoglycerate kinase 1	Homo sapiens	Encontrado	https://alphafold.ebi.ac.uk/entry/P00558
PGK1	missense_variant	benign, likely benign	200351737	P00558	rs200351737	L119P	1.0		P00558	Phosphoglycerate kinase 1	Homo sapiens	Encontrado	https://alphafold.ebi.ac.uk/entry/P00558
PGK1	missense_variant	benign, likely benign	200351737	P00558	rs200351737	L119P	0.0		P00558	Phosphoglycerate kinase 1	Homo sapiens	Encontrado	https://alphafold.ebi.ac.uk/entry/P00558
PGK1	missense_variant	uncertain significance	200372952	P00558	rs200372952	K146I	0.955		P00558	Phosphoglycerate kinase 1	Homo sapiens	Encontrado	https://alphafold.ebi.ac.uk/entry/P00558
PGK1	missense_variant	uncertain significance	200372952	P00558	rs200372952	K146I	0.0		P00558	Phosphoglycerate kinase 1	Homo sapiens	Encontrado	https://alphafold.ebi.ac.uk/entry/P00558
PGK1	missense_variant	uncertain significance	200543437	P00558	rs200543437	A296V	0.939		P00558	Phosphoglycerate kinase 1	Homo sapiens	Encontrado	https://alphafold.ebi.ac.uk/entry/P00558
PGK1	missense_variant	uncertain significance	200543437	P00558	rs200543437	A296V	0.01		P00558	Phosphoglycerate kinase 1	Homo sapiens	Encontrado	https://alphafold.ebi.ac.uk/entry/P00558
PGK1	missense_variant	likely benign	200778983	P00558	rs200778983	S305C	0.585		P00558	Phosphoglycerate kinase 1	Homo sapiens	Encontrado	https://alphafold.ebi.ac.uk/entry/P00558
PGK1	missense_variant	likely benign	200778983	P00558	rs200778983	S305C	0.0		P00558	Phosphoglycerate kinase 1	Homo sapiens	Encontrado	https://alphafold.ebi.ac.uk/entry/P00558
PGK1	missense_variant		200869673						P00558	Phosphoglycerate kinase 1	Homo sapiens	Encontrado	https://alphafold.ebi.ac.uk/entry/P00558
PGK1	missense_variant	benign	201024012	P00558	rs201024012	V140I	0.0		P00558	Phosphoglycerate kinase 1	Homo sapiens	Encontrado	https://alphafold.ebi.ac.uk/entry/P00558
PGK1	missense_variant	benign	201024012	P00558	rs201024012	V140I	0.54		P00558	Phosphoglycerate kinase 1	Homo sapiens	Encontrado	https://alphafold.ebi.ac.uk/entry/P00558
PGK1	missense_variant	likely benign	201217519						P00558	Phosphoglycerate kinase 1	Homo sapiens	Encontrado	https://alphafold.ebi.ac.uk/entry/P00558
PGK1	missense_variant	benign, likely benign	201225704						P00558	Phosphoglycerate kinase 1	Homo sapiens	Encontrado	https://alphafold.ebi.ac.uk/entry/P00558
PGK1	missense_variant	uncertain significance	201238498	P00558	rs201238498	G310D	0.146		P00558	Phosphoglycerate kinase 1	Homo sapiens	Encontrado	https://alphafold.ebi.ac.uk/entry/P00558
PGK1	missense_variant	uncertain significance	201238498	P00558	rs201238498	G310D	0.05		P00558	Phosphoglycerate kinase 1	Homo sapiens	Encontrado	https://alphafold.ebi.ac.uk/entry/P00558
PGK1	missense_variant	benign	201707198						P00558	Phosphoglycerate kinase 1	Homo sapiens	Encontrado	https://alphafold.ebi.ac.uk/entry/P00558
PGK1	missense_variant	uncertain significance, likely benign	201763950						P00558	Phosphoglycerate kinase 1	Homo sapiens	Encontrado	https://alphafold.ebi.ac.uk/entry/P00558
PGK1	missense_variant	benign, likely benign	201788154						P00558	Phosphoglycerate kinase 1	Homo sapiens	Encontrado	https://alphafold.ebi.ac.uk/entry/P00558
PGK1	missense_variant	benign, likely benign	201833700	P00558	rs201833700	K48R	0.007		P00558	Phosphoglycerate kinase 1	Homo sapiens	Encontrado	https://alphafold.ebi.ac.uk/entry/P00558
PGK1	missense_variant	benign, likely benign	201833700	P00558	rs201833700	K48R	0.05		P00558	Phosphoglycerate kinase 1	Homo sapiens	Encontrado	https://alphafold.ebi.ac.uk/entry/P00558
PGK1	missense_variant	uncertain significance, likely benign	201999500						P00558	Phosphoglycerate kinase 1	Homo sapiens	Encontrado	https://alphafold.ebi.ac.uk/entry/P00558
PGK1	missense_variant	uncertain significance, benign	202138276	P00558	rs202138276	V81F	0.958		P00558	Phosphoglycerate kinase 1	Homo sapiens	Encontrado	https://alphafold.ebi.ac.uk/entry/P00558
PGK1	missense_variant	uncertain significance, benign	202138276	P00558	rs202138276	V81F	0.01		P00558	Phosphoglycerate kinase 1	Homo sapiens	Encontrado	https://alphafold.ebi.ac.uk/entry/P00558
PGK1	missense_variant		2039651064						P00558	Phosphoglycerate kinase 1	Homo sapiens	Encontrado	https://alphafold.ebi.ac.uk/entry/P00558
PGK1	missense_variant		2077525717						P00558	Phosphoglycerate kinase 1	Homo sapiens	Encontrado	https://alphafold.ebi.ac.uk/entry/P00558
PGK1	missense_variant		2077526277						P00558	Phosphoglycerate kinase 1	Homo sapiens	Encontrado	https://alphafold.ebi.ac.uk/entry/P00558
PGK1	missense_variant		2077526393						P00558	Phosphoglycerate kinase 1	Homo sapiens	Encontrado	https://alphafold.ebi.ac.uk/entry/P00558
PGK1	missense_variant		2077526466						P00558	Phosphoglycerate kinase 1	Homo sapiens	Encontrado	https://alphafold.ebi.ac.uk/entry/P00558
PGK1	missense_variant		2077526633						P00558	Phosphoglycerate kinase 1	Homo sapiens	Encontrado	https://alphafold.ebi.ac.uk/entry/P00558
PGK1	missense_variant		2077526755						P00558	Phosphoglycerate kinase 1	Homo sapiens	Encontrado	https://alphafold.ebi.ac.uk/entry/P00558
PGK1	missense_variant		2077527137						P00558	Phosphoglycerate kinase 1	Homo sapiens	Encontrado	https://alphafold.ebi.ac.uk/entry/P00558
PGK1	missense_variant	uncertain significance	2077527201						P00558	Phosphoglycerate kinase 1	Homo sapiens	Encontrado	https://alphafold.ebi.ac.uk/entry/P00558
PGK1	missense_variant		2077527702						P00558	Phosphoglycerate kinase 1	Homo sapiens	Encontrado	https://alphafold.ebi.ac.uk/entry/P00558
PGK1	missense_variant		2077527814						P00558	Phosphoglycerate kinase 1	Homo sapiens	Encontrado	https://alphafold.ebi.ac.uk/entry/P00558
PGK1	missense_variant		2077527856						P00558	Phosphoglycerate kinase 1	Homo sapiens	Encontrado	https://alphafold.ebi.ac.uk/entry/P00558
PGK1	missense_variant		2077528261						P00558	Phosphoglycerate kinase 1	Homo sapiens	Encontrado	https://alphafold.ebi.ac.uk/entry/P00558
PGK1	missense_variant		2077528294						P00558	Phosphoglycerate kinase 1	Homo sapiens	Encontrado	https://alphafold.ebi.ac.uk/entry/P00558
PGK1	missense_variant		2077528347						P00558	Phosphoglycerate kinase 1	Homo sapiens	Encontrado	https://alphafold.ebi.ac.uk/entry/P00558
PGK1	missense_variant		2077528858						P00558	Phosphoglycerate kinase 1	Homo sapiens	Encontrado	https://alphafold.ebi.ac.uk/entry/P00558
PGK1	missense_variant		2077528975						P00558	Phosphoglycerate kinase 1	Homo sapiens	Encontrado	https://alphafold.ebi.ac.uk/entry/P00558
PGK1	missense_variant	uncertain significance	2077529036						P00558	Phosphoglycerate kinase 1	Homo sapiens	Encontrado	https://alphafold.ebi.ac.uk/entry/P00558
PGK1	missense_variant		2077529194						P00558	Phosphoglycerate kinase 1	Homo sapiens	Encontrado	https://alphafold.ebi.ac.uk/entry/P00558
PGK1	missense_variant		2077529468						P00558	Phosphoglycerate kinase 1	Homo sapiens	Encontrado	https://alphafold.ebi.ac.uk/entry/P00558
PGK1	missense_variant		2077530095						P00558	Phosphoglycerate kinase 1	Homo sapiens	Encontrado	https://alphafold.ebi.ac.uk/entry/P00558
PGK1	missense_variant		2077530291						P00558	Phosphoglycerate kinase 1	Homo sapiens	Encontrado	https://alphafold.ebi.ac.uk/entry/P00558
PGK1	missense_variant		2077530354						P00558	Phosphoglycerate kinase 1	Homo sapiens	Encontrado	https://alphafold.ebi.ac.uk/entry/P00558
PGK1	missense_variant		2077530392						P00558	Phosphoglycerate kinase 1	Homo sapiens	Encontrado	https://alphafold.ebi.ac.uk/entry/P00558
PGK1	missense_variant		2077531426						P00558	Phosphoglycerate kinase 1	Homo sapiens	Encontrado	https://alphafold.ebi.ac.uk/entry/P00558
PGK1	missense_variant		2077531674						P00558	Phosphoglycerate kinase 1	Homo sapiens	Encontrado	https://alphafold.ebi.ac.uk/entry/P00558
PGK1	missense_variant		2077531878						P00558	Phosphoglycerate kinase 1	Homo sapiens	Encontrado	https://alphafold.ebi.ac.uk/entry/P00558
PGK1	missense_variant		2077532381						P00558	Phosphoglycerate kinase 1	Homo sapiens	Encontrado	https://alphafold.ebi.ac.uk/entry/P00558
PGK1	missense_variant		2077532652						P00558	Phosphoglycerate kinase 1	Homo sapiens	Encontrado	https://alphafold.ebi.ac.uk/entry/P00558
PGK1	missense_variant		2077533259						P00558	Phosphoglycerate kinase 1	Homo sapiens	Encontrado	https://alphafold.ebi.ac.uk/entry/P00558
PGK1	missense_variant		2077533774						P00558	Phosphoglycerate kinase 1	Homo sapiens	Encontrado	https://alphafold.ebi.ac.uk/entry/P00558
PGK1	missense_variant		2077534228						P00558	Phosphoglycerate kinase 1	Homo sapiens	Encontrado	https://alphafold.ebi.ac.uk/entry/P00558
PGK1	missense_variant	uncertain significance	2077547648						P00558	Phosphoglycerate kinase 1	Homo sapiens	Encontrado	https://alphafold.ebi.ac.uk/entry/P00558
PGK1	missense_variant	uncertain significance	2077547692						P00558	Phosphoglycerate kinase 1	Homo sapiens	Encontrado	https://alphafold.ebi.ac.uk/entry/P00558
PGK1	missense_variant	uncertain significance	2077547867						P00558	Phosphoglycerate kinase 1	Homo sapiens	Encontrado	https://alphafold.ebi.ac.uk/entry/P00558
PGK1	missense_variant		2077547898						P00558	Phosphoglycerate kinase 1	Homo sapiens	Encontrado	https://alphafold.ebi.ac.uk/entry/P00558
PGK1	missense_variant		2077547967						P00558	Phosphoglycerate kinase 1	Homo sapiens	Encontrado	https://alphafold.ebi.ac.uk/entry/P00558
PGK1	missense_variant	uncertain significance	2077548143						P00558	Phosphoglycerate kinase 1	Homo sapiens	Encontrado	https://alphafold.ebi.ac.uk/entry/P00558
PGK1	missense_variant	uncertain significance	2077548318						P00558	Phosphoglycerate kinase 1	Homo sapiens	Encontrado	https://alphafold.ebi.ac.uk/entry/P00558
PGK1	missense_variant	uncertain significance	2077548355						P00558	Phosphoglycerate kinase 1	Homo sapiens	Encontrado	https://alphafold.ebi.ac.uk/entry/P00558
PGK1	missense_variant		2077548384						P00558	Phosphoglycerate kinase 1	Homo sapiens	Encontrado	https://alphafold.ebi.ac.uk/entry/P00558
PGK1	missense_variant	likely benign	2077548761						P00558	Phosphoglycerate kinase 1	Homo sapiens	Encontrado	https://alphafold.ebi.ac.uk/entry/P00558
PGK1	missense_variant	uncertain significance	2077650482						P00558	Phosphoglycerate kinase 1	Homo sapiens	Encontrado	https://alphafold.ebi.ac.uk/entry/P00558
PGK1	missense_variant		2077650984						P00558	Phosphoglycerate kinase 1	Homo sapiens	Encontrado	https://alphafold.ebi.ac.uk/entry/P00558
PGK1	missense_variant	uncertain significance	2077651084						P00558	Phosphoglycerate kinase 1	Homo sapiens	Encontrado	https://alphafold.ebi.ac.uk/entry/P00558
PGK1	missense_variant		2077651454						P00558	Phosphoglycerate kinase 1	Homo sapiens	Encontrado	https://alphafold.ebi.ac.uk/entry/P00558
PGK1	missense_variant		2077651791						P00558	Phosphoglycerate kinase 1	Homo sapiens	Encontrado	https://alphafold.ebi.ac.uk/entry/P00558
PGK1	missense_variant		2077651932						P00558	Phosphoglycerate kinase 1	Homo sapiens	Encontrado	https://alphafold.ebi.ac.uk/entry/P00558
PGK1	missense_variant		2077652578						P00558	Phosphoglycerate kinase 1	Homo sapiens	Encontrado	https://alphafold.ebi.ac.uk/entry/P00558
PGK1	missense_variant	uncertain significance	2077652890						P00558	Phosphoglycerate kinase 1	Homo sapiens	Encontrado	https://alphafold.ebi.ac.uk/entry/P00558
PGK1	missense_variant		2077655918						P00558	Phosphoglycerate kinase 1	Homo sapiens	Encontrado	https://alphafold.ebi.ac.uk/entry/P00558
PGK1	missense_variant	uncertain significance	2077655994						P00558	Phosphoglycerate kinase 1	Homo sapiens	Encontrado	https://alphafold.ebi.ac.uk/entry/P00558
PGK1	missense_variant		2077656040						P00558	Phosphoglycerate kinase 1	Homo sapiens	Encontrado	https://alphafold.ebi.ac.uk/entry/P00558
PGK1	missense_variant		2077656221						P00558	Phosphoglycerate kinase 1	Homo sapiens	Encontrado	https://alphafold.ebi.ac.uk/entry/P00558
PGK1	missense_variant	uncertain significance	2077656290						P00558	Phosphoglycerate kinase 1	Homo sapiens	Encontrado	https://alphafold.ebi.ac.uk/entry/P00558
PGK1	missense_variant		2077656344						P00558	Phosphoglycerate kinase 1	Homo sapiens	Encontrado	https://alphafold.ebi.ac.uk/entry/P00558
PGK1	missense_variant	uncertain significance	2077656389						P00558	Phosphoglycerate kinase 1	Homo sapiens	Encontrado	https://alphafold.ebi.ac.uk/entry/P00558
PGK1	missense_variant	uncertain significance	2077656502						P00558	Phosphoglycerate kinase 1	Homo sapiens	Encontrado	https://alphafold.ebi.ac.uk/entry/P00558
PGK1	missense_variant	uncertain significance	2077656577						P00558	Phosphoglycerate kinase 1	Homo sapiens	Encontrado	https://alphafold.ebi.ac.uk/entry/P00558
PGK1	missense_variant	uncertain significance	2077656822						P00558	Phosphoglycerate kinase 1	Homo sapiens	Encontrado	https://alphafold.ebi.ac.uk/entry/P00558
PGK1	missense_variant		2077656948						P00558	Phosphoglycerate kinase 1	Homo sapiens	Encontrado	https://alphafold.ebi.ac.uk/entry/P00558
PGK1	missense_variant	likely benign	2077656976						P00558	Phosphoglycerate kinase 1	Homo sapiens	Encontrado	https://alphafold.ebi.ac.uk/entry/P00558
PGK1	missense_variant		2077657263						P00558	Phosphoglycerate kinase 1	Homo sapiens	Encontrado	https://alphafold.ebi.ac.uk/entry/P00558
PGK1	missense_variant	uncertain significance	2077657477						P00558	Phosphoglycerate kinase 1	Homo sapiens	Encontrado	https://alphafold.ebi.ac.uk/entry/P00558
PGK1	missense_variant	uncertain significance	2077657563						P00558	Phosphoglycerate kinase 1	Homo sapiens	Encontrado	https://alphafold.ebi.ac.uk/entry/P00558
PGK1	missense_variant		2077657711						P00558	Phosphoglycerate kinase 1	Homo sapiens	Encontrado	https://alphafold.ebi.ac.uk/entry/P00558
PGK1	missense_variant		2077657930						P00558	Phosphoglycerate kinase 1	Homo sapiens	Encontrado	https://alphafold.ebi.ac.uk/entry/P00558
PGK1	missense_variant	uncertain significance	2077658544						P00558	Phosphoglycerate kinase 1	Homo sapiens	Encontrado	https://alphafold.ebi.ac.uk/entry/P00558
PGK1	missense_variant		2077658649						P00558	Phosphoglycerate kinase 1	Homo sapiens	Encontrado	https://alphafold.ebi.ac.uk/entry/P00558
PGK1	missense_variant		2077658733						P00558	Phosphoglycerate kinase 1	Homo sapiens	Encontrado	https://alphafold.ebi.ac.uk/entry/P00558
PGK1	missense_variant	uncertain significance	2077659011						P00558	Phosphoglycerate kinase 1	Homo sapiens	Encontrado	https://alphafold.ebi.ac.uk/entry/P00558
PGK1	missense_variant		2077659481						P00558	Phosphoglycerate kinase 1	Homo sapiens	Encontrado	https://alphafold.ebi.ac.uk/entry/P00558
PGK1	missense_variant	uncertain significance	2077659603						P00558	Phosphoglycerate kinase 1	Homo sapiens	Encontrado	https://alphafold.ebi.ac.uk/entry/P00558
PGK1	missense_variant	uncertain significance	2077659809						P00558	Phosphoglycerate kinase 1	Homo sapiens	Encontrado	https://alphafold.ebi.ac.uk/entry/P00558
PGK1	missense_variant		2077660166						P00558	Phosphoglycerate kinase 1	Homo sapiens	Encontrado	https://alphafold.ebi.ac.uk/entry/P00558
PGK1	missense_variant	uncertain significance	2077660217						P00558	Phosphoglycerate kinase 1	Homo sapiens	Encontrado	https://alphafold.ebi.ac.uk/entry/P00558
PGK1	missense_variant		2077660418						P00558	Phosphoglycerate kinase 1	Homo sapiens	Encontrado	https://alphafold.ebi.ac.uk/entry/P00558
PGK1	missense_variant		2077660541						P00558	Phosphoglycerate kinase 1	Homo sapiens	Encontrado	https://alphafold.ebi.ac.uk/entry/P00558
PGK1	missense_variant		2077660659						P00558	Phosphoglycerate kinase 1	Homo sapiens	Encontrado	https://alphafold.ebi.ac.uk/entry/P00558
PGK1	missense_variant		2077660767						P00558	Phosphoglycerate kinase 1	Homo sapiens	Encontrado	https://alphafold.ebi.ac.uk/entry/P00558
PGK1	missense_variant		2077718693						P00558	Phosphoglycerate kinase 1	Homo sapiens	Encontrado	https://alphafold.ebi.ac.uk/entry/P00558
PGK1	missense_variant		2077718777						P00558	Phosphoglycerate kinase 1	Homo sapiens	Encontrado	https://alphafold.ebi.ac.uk/entry/P00558
PGK1	missense_variant		2077719270						P00558	Phosphoglycerate kinase 1	Homo sapiens	Encontrado	https://alphafold.ebi.ac.uk/entry/P00558
PGK1	missense_variant		2077719609						P00558	Phosphoglycerate kinase 1	Homo sapiens	Encontrado	https://alphafold.ebi.ac.uk/entry/P00558
PGK1	missense_variant	uncertain significance	2077719880						P00558	Phosphoglycerate kinase 1	Homo sapiens	Encontrado	https://alphafold.ebi.ac.uk/entry/P00558
PGK1	missense_variant		2077751461						P00558	Phosphoglycerate kinase 1	Homo sapiens	Encontrado	https://alphafold.ebi.ac.uk/entry/P00558
PGK1	missense_variant		2077751796						P00558	Phosphoglycerate kinase 1	Homo sapiens	Encontrado	https://alphafold.ebi.ac.uk/entry/P00558
PGK1	missense_variant		2077751981						P00558	Phosphoglycerate kinase 1	Homo sapiens	Encontrado	https://alphafold.ebi.ac.uk/entry/P00558
PGK1	missense_variant		2077752068						P00558	Phosphoglycerate kinase 1	Homo sapiens	Encontrado	https://alphafold.ebi.ac.uk/entry/P00558
PGK1	missense_variant	uncertain significance	2077752124						P00558	Phosphoglycerate kinase 1	Homo sapiens	Encontrado	https://alphafold.ebi.ac.uk/entry/P00558
PGK1	missense_variant	uncertain significance	2077752247						P00558	Phosphoglycerate kinase 1	Homo sapiens	Encontrado	https://alphafold.ebi.ac.uk/entry/P00558
PGK1	missense_variant	uncertain significance	2077752277						P00558	Phosphoglycerate kinase 1	Homo sapiens	Encontrado	https://alphafold.ebi.ac.uk/entry/P00558
PGK1	missense_variant		2077752370						P00558	Phosphoglycerate kinase 1	Homo sapiens	Encontrado	https://alphafold.ebi.ac.uk/entry/P00558
PGK1	missense_variant		2077752664						P00558	Phosphoglycerate kinase 1	Homo sapiens	Encontrado	https://alphafold.ebi.ac.uk/entry/P00558
PGK1	missense_variant		2077799211						P00558	Phosphoglycerate kinase 1	Homo sapiens	Encontrado	https://alphafold.ebi.ac.uk/entry/P00558
PGK1	missense_variant	uncertain significance	2077799245						P00558	Phosphoglycerate kinase 1	Homo sapiens	Encontrado	https://alphafold.ebi.ac.uk/entry/P00558
PGK1	missense_variant		2077799508						P00558	Phosphoglycerate kinase 1	Homo sapiens	Encontrado	https://alphafold.ebi.ac.uk/entry/P00558
PGK1	missense_variant	likely benign	2077800100						P00558	Phosphoglycerate kinase 1	Homo sapiens	Encontrado	https://alphafold.ebi.ac.uk/entry/P00558
PGK1	missense_variant		2077800156						P00558	Phosphoglycerate kinase 1	Homo sapiens	Encontrado	https://alphafold.ebi.ac.uk/entry/P00558
PGK1	missense_variant		2077800213						P00558	Phosphoglycerate kinase 1	Homo sapiens	Encontrado	https://alphafold.ebi.ac.uk/entry/P00558
PGK1	missense_variant		2077800311						P00558	Phosphoglycerate kinase 1	Homo sapiens	Encontrado	https://alphafold.ebi.ac.uk/entry/P00558
PGK1	missense_variant		2077822440						P00558	Phosphoglycerate kinase 1	Homo sapiens	Encontrado	https://alphafold.ebi.ac.uk/entry/P00558
PGK1	missense_variant	uncertain significance	2077822731						P00558	Phosphoglycerate kinase 1	Homo sapiens	Encontrado	https://alphafold.ebi.ac.uk/entry/P00558
PGK1	missense_variant	uncertain significance	2077822914						P00558	Phosphoglycerate kinase 1	Homo sapiens	Encontrado	https://alphafold.ebi.ac.uk/entry/P00558
PGK1	missense_variant	uncertain significance	2077825139						P00558	Phosphoglycerate kinase 1	Homo sapiens	Encontrado	https://alphafold.ebi.ac.uk/entry/P00558
PGK1	missense_variant		2077825539						P00558	Phosphoglycerate kinase 1	Homo sapiens	Encontrado	https://alphafold.ebi.ac.uk/entry/P00558
PGK1	missense_variant		2077825677						P00558	Phosphoglycerate kinase 1	Homo sapiens	Encontrado	https://alphafold.ebi.ac.uk/entry/P00558
PGK1	missense_variant		2077825808						P00558	Phosphoglycerate kinase 1	Homo sapiens	Encontrado	https://alphafold.ebi.ac.uk/entry/P00558
PGK1	missense_variant		2077826102						P00558	Phosphoglycerate kinase 1	Homo sapiens	Encontrado	https://alphafold.ebi.ac.uk/entry/P00558
PGK1	missense_variant		2077826264						P00558	Phosphoglycerate kinase 1	Homo sapiens	Encontrado	https://alphafold.ebi.ac.uk/entry/P00558
PGK1	missense_variant	uncertain significance	2077826335						P00558	Phosphoglycerate kinase 1	Homo sapiens	Encontrado	https://alphafold.ebi.ac.uk/entry/P00558
PGK1	missense_variant		2077826690						P00558	Phosphoglycerate kinase 1	Homo sapiens	Encontrado	https://alphafold.ebi.ac.uk/entry/P00558
PGK1	missense_variant	uncertain significance	2077837052						P00558	Phosphoglycerate kinase 1	Homo sapiens	Encontrado	https://alphafold.ebi.ac.uk/entry/P00558
PGK1	missense_variant	uncertain significance	2077837209						P00558	Phosphoglycerate kinase 1	Homo sapiens	Encontrado	https://alphafold.ebi.ac.uk/entry/P00558
PGK1	missense_variant	uncertain significance	2077837542						P00558	Phosphoglycerate kinase 1	Homo sapiens	Encontrado	https://alphafold.ebi.ac.uk/entry/P00558
PGK1	missense_variant		2077837570						P00558	Phosphoglycerate kinase 1	Homo sapiens	Encontrado	https://alphafold.ebi.ac.uk/entry/P00558
PGK1	missense_variant	uncertain significance, likely benign	2077837721						P00558	Phosphoglycerate kinase 1	Homo sapiens	Encontrado	https://alphafold.ebi.ac.uk/entry/P00558
PGK1	missense_variant	uncertain significance	2077837766						P00558	Phosphoglycerate kinase 1	Homo sapiens	Encontrado	https://alphafold.ebi.ac.uk/entry/P00558
PGK1	missense_variant		2077837952						P00558	Phosphoglycerate kinase 1	Homo sapiens	Encontrado	https://alphafold.ebi.ac.uk/entry/P00558
PGK1	missense_variant		2077838043						P00558	Phosphoglycerate kinase 1	Homo sapiens	Encontrado	https://alphafold.ebi.ac.uk/entry/P00558
PGK1	missense_variant		2077838075						P00558	Phosphoglycerate kinase 1	Homo sapiens	Encontrado	https://alphafold.ebi.ac.uk/entry/P00558
PGK1	missense_variant		2077838096						P00558	Phosphoglycerate kinase 1	Homo sapiens	Encontrado	https://alphafold.ebi.ac.uk/entry/P00558
PGK1	missense_variant		2077838121						P00558	Phosphoglycerate kinase 1	Homo sapiens	Encontrado	https://alphafold.ebi.ac.uk/entry/P00558
PGK1	missense_variant	uncertain significance, likely benign	2077838145						P00558	Phosphoglycerate kinase 1	Homo sapiens	Encontrado	https://alphafold.ebi.ac.uk/entry/P00558
PGK1	missense_variant	uncertain significance	2077838404						P00558	Phosphoglycerate kinase 1	Homo sapiens	Encontrado	https://alphafold.ebi.ac.uk/entry/P00558
PGK1	missense_variant	uncertain significance, likely pathogenic	2077838704						P00558	Phosphoglycerate kinase 1	Homo sapiens	Encontrado	https://alphafold.ebi.ac.uk/entry/P00558
PGK1	missense_variant	uncertain significance	2077849776						P00558	Phosphoglycerate kinase 1	Homo sapiens	Encontrado	https://alphafold.ebi.ac.uk/entry/P00558
PGK1	missense_variant	uncertain significance	2077858709						P00558	Phosphoglycerate kinase 1	Homo sapiens	Encontrado	https://alphafold.ebi.ac.uk/entry/P00558
PGK1	missense_variant		2077858754						P00558	Phosphoglycerate kinase 1	Homo sapiens	Encontrado	https://alphafold.ebi.ac.uk/entry/P00558
PGK1	missense_variant		2077858976						P00558	Phosphoglycerate kinase 1	Homo sapiens	Encontrado	https://alphafold.ebi.ac.uk/entry/P00558
PGK1	missense_variant	pathogenic	2077859082						P00558	Phosphoglycerate kinase 1	Homo sapiens	Encontrado	https://alphafold.ebi.ac.uk/entry/P00558
PGK1	missense_variant	uncertain significance	2077859225						P00558	Phosphoglycerate kinase 1	Homo sapiens	Encontrado	https://alphafold.ebi.ac.uk/entry/P00558
PGK1	missense_variant		2077859438						P00558	Phosphoglycerate kinase 1	Homo sapiens	Encontrado	https://alphafold.ebi.ac.uk/entry/P00558
PGK1	missense_variant		2077859477						P00558	Phosphoglycerate kinase 1	Homo sapiens	Encontrado	https://alphafold.ebi.ac.uk/entry/P00558
PGK1	missense_variant	uncertain significance	2077895767						P00558	Phosphoglycerate kinase 1	Homo sapiens	Encontrado	https://alphafold.ebi.ac.uk/entry/P00558
PGK1	missense_variant	uncertain significance	2077895902						P00558	Phosphoglycerate kinase 1	Homo sapiens	Encontrado	https://alphafold.ebi.ac.uk/entry/P00558
PGK1	missense_variant		2077896053						P00558	Phosphoglycerate kinase 1	Homo sapiens	Encontrado	https://alphafold.ebi.ac.uk/entry/P00558
PGK1	missense_variant		2077896511						P00558	Phosphoglycerate kinase 1	Homo sapiens	Encontrado	https://alphafold.ebi.ac.uk/entry/P00558
PGK1	missense_variant		2077896754						P00558	Phosphoglycerate kinase 1	Homo sapiens	Encontrado	https://alphafold.ebi.ac.uk/entry/P00558
PGK1	missense_variant	uncertain significance	2077896781						P00558	Phosphoglycerate kinase 1	Homo sapiens	Encontrado	https://alphafold.ebi.ac.uk/entry/P00558
PGK1	missense_variant	uncertain significance	2077896880						P00558	Phosphoglycerate kinase 1	Homo sapiens	Encontrado	https://alphafold.ebi.ac.uk/entry/P00558
PGK1	missense_variant	uncertain significance	2077901851						P00558	Phosphoglycerate kinase 1	Homo sapiens	Encontrado	https://alphafold.ebi.ac.uk/entry/P00558
PGK1	missense_variant		2077902086						P00558	Phosphoglycerate kinase 1	Homo sapiens	Encontrado	https://alphafold.ebi.ac.uk/entry/P00558
PGK1	missense_variant	uncertain significance	2077902236						P00558	Phosphoglycerate kinase 1	Homo sapiens	Encontrado	https://alphafold.ebi.ac.uk/entry/P00558
PGK1	missense_variant	uncertain significance	2077902319						P00558	Phosphoglycerate kinase 1	Homo sapiens	Encontrado	https://alphafold.ebi.ac.uk/entry/P00558
PGK1	missense_variant		2077902347						P00558	Phosphoglycerate kinase 1	Homo sapiens	Encontrado	https://alphafold.ebi.ac.uk/entry/P00558
PGK1	missense_variant		2077967407						P00558	Phosphoglycerate kinase 1	Homo sapiens	Encontrado	https://alphafold.ebi.ac.uk/entry/P00558
PGK1	missense_variant	uncertain significance	2077967548						P00558	Phosphoglycerate kinase 1	Homo sapiens	Encontrado	https://alphafold.ebi.ac.uk/entry/P00558
PGK1	missense_variant	uncertain significance	2077967805						P00558	Phosphoglycerate kinase 1	Homo sapiens	Encontrado	https://alphafold.ebi.ac.uk/entry/P00558
PGK1	missense_variant		2077968018						P00558	Phosphoglycerate kinase 1	Homo sapiens	Encontrado	https://alphafold.ebi.ac.uk/entry/P00558
PGK1	missense_variant	uncertain significance	2077968146						P00558	Phosphoglycerate kinase 1	Homo sapiens	Encontrado	https://alphafold.ebi.ac.uk/entry/P00558
PGK1	missense_variant		2077968299						P00558	Phosphoglycerate kinase 1	Homo sapiens	Encontrado	https://alphafold.ebi.ac.uk/entry/P00558
PGK1	missense_variant	uncertain significance, likely benign	2077968562						P00558	Phosphoglycerate kinase 1	Homo sapiens	Encontrado	https://alphafold.ebi.ac.uk/entry/P00558
PGK1	missense_variant	uncertain significance	2077983152						P00558	Phosphoglycerate kinase 1	Homo sapiens	Encontrado	https://alphafold.ebi.ac.uk/entry/P00558
PGK1	missense_variant	uncertain significance	2077983527						P00558	Phosphoglycerate kinase 1	Homo sapiens	Encontrado	https://alphafold.ebi.ac.uk/entry/P00558
PGK1	missense_variant		2077983789						P00558	Phosphoglycerate kinase 1	Homo sapiens	Encontrado	https://alphafold.ebi.ac.uk/entry/P00558
PGK1	missense_variant		2077995891						P00558	Phosphoglycerate kinase 1	Homo sapiens	Encontrado	https://alphafold.ebi.ac.uk/entry/P00558
PGK1	missense_variant	uncertain significance	2077995918						P00558	Phosphoglycerate kinase 1	Homo sapiens	Encontrado	https://alphafold.ebi.ac.uk/entry/P00558
PGK1	missense_variant	uncertain significance	2077996076						P00558	Phosphoglycerate kinase 1	Homo sapiens	Encontrado	https://alphafold.ebi.ac.uk/entry/P00558
PGK1	missense_variant		2077996141						P00558	Phosphoglycerate kinase 1	Homo sapiens	Encontrado	https://alphafold.ebi.ac.uk/entry/P00558
PGK1	missense_variant	uncertain significance	2077996609						P00558	Phosphoglycerate kinase 1	Homo sapiens	Encontrado	https://alphafold.ebi.ac.uk/entry/P00558
PGK1	missense_variant	uncertain significance, likely benign	2077996988						P00558	Phosphoglycerate kinase 1	Homo sapiens	Encontrado	https://alphafold.ebi.ac.uk/entry/P00558
PGK1	missense_variant		2078030921						P00558	Phosphoglycerate kinase 1	Homo sapiens	Encontrado	https://alphafold.ebi.ac.uk/entry/P00558
PGK1	missense_variant	uncertain significance	2078030949						P00558	Phosphoglycerate kinase 1	Homo sapiens	Encontrado	https://alphafold.ebi.ac.uk/entry/P00558
PGK1	missense_variant		2078031035						P00558	Phosphoglycerate kinase 1	Homo sapiens	Encontrado	https://alphafold.ebi.ac.uk/entry/P00558
PGK1	missense_variant		2078031063						P00558	Phosphoglycerate kinase 1	Homo sapiens	Encontrado	https://alphafold.ebi.ac.uk/entry/P00558
PGK1	missense_variant		2078041155						P00558	Phosphoglycerate kinase 1	Homo sapiens	Encontrado	https://alphafold.ebi.ac.uk/entry/P00558
PGK1	missense_variant		2078041283						P00558	Phosphoglycerate kinase 1	Homo sapiens	Encontrado	https://alphafold.ebi.ac.uk/entry/P00558
PGK1	missense_variant		2078041760						P00558	Phosphoglycerate kinase 1	Homo sapiens	Encontrado	https://alphafold.ebi.ac.uk/entry/P00558
PGK1	missense_variant	uncertain significance	2078041778						P00558	Phosphoglycerate kinase 1	Homo sapiens	Encontrado	https://alphafold.ebi.ac.uk/entry/P00558
PGK1	missense_variant	uncertain significance	2078042001						P00558	Phosphoglycerate kinase 1	Homo sapiens	Encontrado	https://alphafold.ebi.ac.uk/entry/P00558
PGK1	missense_variant	uncertain significance	2078057282						P00558	Phosphoglycerate kinase 1	Homo sapiens	Encontrado	https://alphafold.ebi.ac.uk/entry/P00558
PGK1	missense_variant		2078057423						P00558	Phosphoglycerate kinase 1	Homo sapiens	Encontrado	https://alphafold.ebi.ac.uk/entry/P00558
PGK1	missense_variant		2078057443						P00558	Phosphoglycerate kinase 1	Homo sapiens	Encontrado	https://alphafold.ebi.ac.uk/entry/P00558
PGK1	missense_variant		2078057747						P00558	Phosphoglycerate kinase 1	Homo sapiens	Encontrado	https://alphafold.ebi.ac.uk/entry/P00558
PGK1	missense_variant		2078058125						P00558	Phosphoglycerate kinase 1	Homo sapiens	Encontrado	https://alphafold.ebi.ac.uk/entry/P00558
PGK1	missense_variant		2078061992						P00558	Phosphoglycerate kinase 1	Homo sapiens	Encontrado	https://alphafold.ebi.ac.uk/entry/P00558
PGK1	missense_variant	uncertain significance	2078062220						P00558	Phosphoglycerate kinase 1	Homo sapiens	Encontrado	https://alphafold.ebi.ac.uk/entry/P00558
PGK1	missense_variant	uncertain significance, likely benign	2078062354						P00558	Phosphoglycerate kinase 1	Homo sapiens	Encontrado	https://alphafold.ebi.ac.uk/entry/P00558
PGK1	missense_variant		2078062398						P00558	Phosphoglycerate kinase 1	Homo sapiens	Encontrado	https://alphafold.ebi.ac.uk/entry/P00558
PGK1	missense_variant		2078062444						P00558	Phosphoglycerate kinase 1	Homo sapiens	Encontrado	https://alphafold.ebi.ac.uk/entry/P00558
PGK1	missense_variant	uncertain significance	2078077967						P00558	Phosphoglycerate kinase 1	Homo sapiens	Encontrado	https://alphafold.ebi.ac.uk/entry/P00558
PGK1	missense_variant	uncertain significance	2078083157						P00558	Phosphoglycerate kinase 1	Homo sapiens	Encontrado	https://alphafold.ebi.ac.uk/entry/P00558
PGK1	missense_variant	uncertain significance	2078083449						P00558	Phosphoglycerate kinase 1	Homo sapiens	Encontrado	https://alphafold.ebi.ac.uk/entry/P00558
PGK1	missense_variant		2078083726						P00558	Phosphoglycerate kinase 1	Homo sapiens	Encontrado	https://alphafold.ebi.ac.uk/entry/P00558
PGK1	missense_variant		2078083915						P00558	Phosphoglycerate kinase 1	Homo sapiens	Encontrado	https://alphafold.ebi.ac.uk/entry/P00558
PGK1	missense_variant		2078084684						P00558	Phosphoglycerate kinase 1	Homo sapiens	Encontrado	https://alphafold.ebi.ac.uk/entry/P00558
PGK1	missense_variant		2078257464						P00558	Phosphoglycerate kinase 1	Homo sapiens	Encontrado	https://alphafold.ebi.ac.uk/entry/P00558
PGK1	missense_variant	uncertain significance	2078257508	P00558	rs2078257508	S4F	0.003		P00558	Phosphoglycerate kinase 1	Homo sapiens	Encontrado	https://alphafold.ebi.ac.uk/entry/P00558
PGK1	missense_variant	uncertain significance	2078257508	P00558	rs2078257508	S4F	0.04		P00558	Phosphoglycerate kinase 1	Homo sapiens	Encontrado	https://alphafold.ebi.ac.uk/entry/P00558
PGK1	missense_variant		2078257534						P00558	Phosphoglycerate kinase 1	Homo sapiens	Encontrado	https://alphafold.ebi.ac.uk/entry/P00558
PGK1	missense_variant		2078257812						P00558	Phosphoglycerate kinase 1	Homo sapiens	Encontrado	https://alphafold.ebi.ac.uk/entry/P00558
PGK1	missense_variant	uncertain significance	2078257877	P00558	rs2078257877	K15R	0.006		P00558	Phosphoglycerate kinase 1	Homo sapiens	Encontrado	https://alphafold.ebi.ac.uk/entry/P00558
PGK1	missense_variant	uncertain significance	2078257877	P00558	rs2078257877	K15R	0.04		P00558	Phosphoglycerate kinase 1	Homo sapiens	Encontrado	https://alphafold.ebi.ac.uk/entry/P00558
PGK1	missense_variant	uncertain significance	2078291613	P00558	rs2078291613	V27I	0.288		P00558	Phosphoglycerate kinase 1	Homo sapiens	Encontrado	https://alphafold.ebi.ac.uk/entry/P00558
PGK1	missense_variant	uncertain significance	2078291613	P00558	rs2078291613	V27I	0.02		P00558	Phosphoglycerate kinase 1	Homo sapiens	Encontrado	https://alphafold.ebi.ac.uk/entry/P00558
PGK1	missense_variant		2078291805						P00558	Phosphoglycerate kinase 1	Homo sapiens	Encontrado	https://alphafold.ebi.ac.uk/entry/P00558
PGK1	missense_variant		2078312848						P00558	Phosphoglycerate kinase 1	Homo sapiens	Encontrado	https://alphafold.ebi.ac.uk/entry/P00558
PGK1	missense_variant		2078314161						P00558	Phosphoglycerate kinase 1	Homo sapiens	Encontrado	https://alphafold.ebi.ac.uk/entry/P00558
PGK1	missense_variant		2078314359						P00558	Phosphoglycerate kinase 1	Homo sapiens	Encontrado	https://alphafold.ebi.ac.uk/entry/P00558
PGK1	missense_variant		2078314437						P00558	Phosphoglycerate kinase 1	Homo sapiens	Encontrado	https://alphafold.ebi.ac.uk/entry/P00558
PGK1	missense_variant		2078314453						P00558	Phosphoglycerate kinase 1	Homo sapiens	Encontrado	https://alphafold.ebi.ac.uk/entry/P00558
PGK1	missense_variant	uncertain significance	2078314468						P00558	Phosphoglycerate kinase 1	Homo sapiens	Encontrado	https://alphafold.ebi.ac.uk/entry/P00558
PGK1	missense_variant		2078314632						P00558	Phosphoglycerate kinase 1	Homo sapiens	Encontrado	https://alphafold.ebi.ac.uk/entry/P00558
PGK1	missense_variant	uncertain significance	2078314832	P00558	rs2078314832	K131R	0.97		P00558	Phosphoglycerate kinase 1	Homo sapiens	Encontrado	https://alphafold.ebi.ac.uk/entry/P00558
PGK1	missense_variant	uncertain significance	2078314832	P00558	rs2078314832	K131R	0.0		P00558	Phosphoglycerate kinase 1	Homo sapiens	Encontrado	https://alphafold.ebi.ac.uk/entry/P00558
PGK1	missense_variant		2078315269						P00558	Phosphoglycerate kinase 1	Homo sapiens	Encontrado	https://alphafold.ebi.ac.uk/entry/P00558
PGK1	missense_variant		2078331470						P00558	Phosphoglycerate kinase 1	Homo sapiens	Encontrado	https://alphafold.ebi.ac.uk/entry/P00558
PGK1	missense_variant		2078331484						P00558	Phosphoglycerate kinase 1	Homo sapiens	Encontrado	https://alphafold.ebi.ac.uk/entry/P00558
PGK1	missense_variant		2078331652						P00558	Phosphoglycerate kinase 1	Homo sapiens	Encontrado	https://alphafold.ebi.ac.uk/entry/P00558
PGK1	missense_variant		2078331929						P00558	Phosphoglycerate kinase 1	Homo sapiens	Encontrado	https://alphafold.ebi.ac.uk/entry/P00558
PGK1	missense_variant		2078335376						P00558	Phosphoglycerate kinase 1	Homo sapiens	Encontrado	https://alphafold.ebi.ac.uk/entry/P00558
PGK1	missense_variant		2078335672						P00558	Phosphoglycerate kinase 1	Homo sapiens	Encontrado	https://alphafold.ebi.ac.uk/entry/P00558
PGK1	missense_variant		2078363054						P00558	Phosphoglycerate kinase 1	Homo sapiens	Encontrado	https://alphafold.ebi.ac.uk/entry/P00558
PGK1	missense_variant		2078363092						P00558	Phosphoglycerate kinase 1	Homo sapiens	Encontrado	https://alphafold.ebi.ac.uk/entry/P00558
PGK1	missense_variant		2078363200						P00558	Phosphoglycerate kinase 1	Homo sapiens	Encontrado	https://alphafold.ebi.ac.uk/entry/P00558
PGK1	missense_variant	uncertain significance, not provided	2078363321	P00558	rs2078363321	F244V	0.988		P00558	Phosphoglycerate kinase 1	Homo sapiens	Encontrado	https://alphafold.ebi.ac.uk/entry/P00558
PGK1	missense_variant	uncertain significance, not provided	2078363321	P00558	rs2078363321	F244V	0.0		P00558	Phosphoglycerate kinase 1	Homo sapiens	Encontrado	https://alphafold.ebi.ac.uk/entry/P00558
PGK1	missense_variant		2078363341						P00558	Phosphoglycerate kinase 1	Homo sapiens	Encontrado	https://alphafold.ebi.ac.uk/entry/P00558
PGK1	missense_variant	uncertain significance	2078363408	P00558	rs2078363408	V247A	0.681		P00558	Phosphoglycerate kinase 1	Homo sapiens	Encontrado	https://alphafold.ebi.ac.uk/entry/P00558
PGK1	missense_variant	uncertain significance	2078363408	P00558	rs2078363408	V247A	0.02		P00558	Phosphoglycerate kinase 1	Homo sapiens	Encontrado	https://alphafold.ebi.ac.uk/entry/P00558
PGK1	missense_variant		2078363425						P00558	Phosphoglycerate kinase 1	Homo sapiens	Encontrado	https://alphafold.ebi.ac.uk/entry/P00558
PGK1	missense_variant		2078365377						P00558	Phosphoglycerate kinase 1	Homo sapiens	Encontrado	https://alphafold.ebi.ac.uk/entry/P00558
PGK1	missense_variant	uncertain significance	2078365486	P00558	rs2078365486	L269R	0.509		P00558	Phosphoglycerate kinase 1	Homo sapiens	Encontrado	https://alphafold.ebi.ac.uk/entry/P00558
PGK1	missense_variant	uncertain significance	2078365486	P00558	rs2078365486	L269R	0.0		P00558	Phosphoglycerate kinase 1	Homo sapiens	Encontrado	https://alphafold.ebi.ac.uk/entry/P00558
PGK1	missense_variant		2078365936						P00558	Phosphoglycerate kinase 1	Homo sapiens	Encontrado	https://alphafold.ebi.ac.uk/entry/P00558
PGK1	missense_variant		2078366472						P00558	Phosphoglycerate kinase 1	Homo sapiens	Encontrado	https://alphafold.ebi.ac.uk/entry/P00558
PGK1	missense_variant		2078374566						P00558	Phosphoglycerate kinase 1	Homo sapiens	Encontrado	https://alphafold.ebi.ac.uk/entry/P00558
PGK1	missense_variant		2078374777						P00558	Phosphoglycerate kinase 1	Homo sapiens	Encontrado	https://alphafold.ebi.ac.uk/entry/P00558
PGK1	missense_variant		2078374953						P00558	Phosphoglycerate kinase 1	Homo sapiens	Encontrado	https://alphafold.ebi.ac.uk/entry/P00558
PGK1	missense_variant	uncertain significance	2078374986	P00558	rs2078374986	F343S	1.0		P00558	Phosphoglycerate kinase 1	Homo sapiens	Encontrado	https://alphafold.ebi.ac.uk/entry/P00558
PGK1	missense_variant	uncertain significance	2078374986	P00558	rs2078374986	F343S	0.0		P00558	Phosphoglycerate kinase 1	Homo sapiens	Encontrado	https://alphafold.ebi.ac.uk/entry/P00558
PGK1	missense_variant		2078375326						P00558	Phosphoglycerate kinase 1	Homo sapiens	Encontrado	https://alphafold.ebi.ac.uk/entry/P00558
PGK1	missense_variant		2078375450						P00558	Phosphoglycerate kinase 1	Homo sapiens	Encontrado	https://alphafold.ebi.ac.uk/entry/P00558
PGK1	missense_variant	uncertain significance	2078377909	P00558	rs2078377909	S399N	1.0		P00558	Phosphoglycerate kinase 1	Homo sapiens	Encontrado	https://alphafold.ebi.ac.uk/entry/P00558
PGK1	missense_variant	uncertain significance	2078377909	P00558	rs2078377909	S399N	0.0		P00558	Phosphoglycerate kinase 1	Homo sapiens	Encontrado	https://alphafold.ebi.ac.uk/entry/P00558
PGK1	missense_variant		2078377980						P00558	Phosphoglycerate kinase 1	Homo sapiens	Encontrado	https://alphafold.ebi.ac.uk/entry/P00558
PGK1	missense_variant		2078380604						P00558	Phosphoglycerate kinase 1	Homo sapiens	Encontrado	https://alphafold.ebi.ac.uk/entry/P00558
PGK1	missense_variant		2078412832						P00558	Phosphoglycerate kinase 1	Homo sapiens	Encontrado	https://alphafold.ebi.ac.uk/entry/P00558
PGK1	missense_variant		2078412939						P00558	Phosphoglycerate kinase 1	Homo sapiens	Encontrado	https://alphafold.ebi.ac.uk/entry/P00558
PGK1	missense_variant		2078413056						P00558	Phosphoglycerate kinase 1	Homo sapiens	Encontrado	https://alphafold.ebi.ac.uk/entry/P00558
PGK1	missense_variant		2078413477						P00558	Phosphoglycerate kinase 1	Homo sapiens	Encontrado	https://alphafold.ebi.ac.uk/entry/P00558
PGK1	missense_variant		2078413490						P00558	Phosphoglycerate kinase 1	Homo sapiens	Encontrado	https://alphafold.ebi.ac.uk/entry/P00558
PGK1	missense_variant		2078413630						P00558	Phosphoglycerate kinase 1	Homo sapiens	Encontrado	https://alphafold.ebi.ac.uk/entry/P00558
PGK1	missense_variant		2078413646						P00558	Phosphoglycerate kinase 1	Homo sapiens	Encontrado	https://alphafold.ebi.ac.uk/entry/P00558
PGK1	missense_variant		2078413836						P00558	Phosphoglycerate kinase 1	Homo sapiens	Encontrado	https://alphafold.ebi.ac.uk/entry/P00558
PGK1	missense_variant		2078414233						P00558	Phosphoglycerate kinase 1	Homo sapiens	Encontrado	https://alphafold.ebi.ac.uk/entry/P00558
PGK1	missense_variant		2078414269						P00558	Phosphoglycerate kinase 1	Homo sapiens	Encontrado	https://alphafold.ebi.ac.uk/entry/P00558
PGK1	missense_variant		2149071712						P00558	Phosphoglycerate kinase 1	Homo sapiens	Encontrado	https://alphafold.ebi.ac.uk/entry/P00558
PGK1	missense_variant		2149071781						P00558	Phosphoglycerate kinase 1	Homo sapiens	Encontrado	https://alphafold.ebi.ac.uk/entry/P00558
PGK1	missense_variant		2149071820						P00558	Phosphoglycerate kinase 1	Homo sapiens	Encontrado	https://alphafold.ebi.ac.uk/entry/P00558
PGK1	missense_variant		2149071875						P00558	Phosphoglycerate kinase 1	Homo sapiens	Encontrado	https://alphafold.ebi.ac.uk/entry/P00558
PGK1	missense_variant	uncertain significance	2149073867						P00558	Phosphoglycerate kinase 1	Homo sapiens	Encontrado	https://alphafold.ebi.ac.uk/entry/P00558
PGK1	missense_variant	uncertain significance, likely benign	2149073895						P00558	Phosphoglycerate kinase 1	Homo sapiens	Encontrado	https://alphafold.ebi.ac.uk/entry/P00558
PGK1	missense_variant	uncertain significance	2149082599						P00558	Phosphoglycerate kinase 1	Homo sapiens	Encontrado	https://alphafold.ebi.ac.uk/entry/P00558
PGK1	missense_variant		2149082621						P00558	Phosphoglycerate kinase 1	Homo sapiens	Encontrado	https://alphafold.ebi.ac.uk/entry/P00558
PGK1	missense_variant	uncertain significance, likely benign	2149082684						P00558	Phosphoglycerate kinase 1	Homo sapiens	Encontrado	https://alphafold.ebi.ac.uk/entry/P00558
PGK1	missense_variant	uncertain significance	2149082707						P00558	Phosphoglycerate kinase 1	Homo sapiens	Encontrado	https://alphafold.ebi.ac.uk/entry/P00558
PGK1	missense_variant	uncertain significance	2149083027						P00558	Phosphoglycerate kinase 1	Homo sapiens	Encontrado	https://alphafold.ebi.ac.uk/entry/P00558
PGK1	missense_variant	uncertain significance	2149083046						P00558	Phosphoglycerate kinase 1	Homo sapiens	Encontrado	https://alphafold.ebi.ac.uk/entry/P00558
PGK1	missense_variant	uncertain significance	2149083058						P00558	Phosphoglycerate kinase 1	Homo sapiens	Encontrado	https://alphafold.ebi.ac.uk/entry/P00558
PGK1	missense_variant		2149083113						P00558	Phosphoglycerate kinase 1	Homo sapiens	Encontrado	https://alphafold.ebi.ac.uk/entry/P00558
PGK1	missense_variant		2149083165						P00558	Phosphoglycerate kinase 1	Homo sapiens	Encontrado	https://alphafold.ebi.ac.uk/entry/P00558
PGK1	missense_variant	uncertain significance	2149083172						P00558	Phosphoglycerate kinase 1	Homo sapiens	Encontrado	https://alphafold.ebi.ac.uk/entry/P00558
PGK1	missense_variant	uncertain significance, likely benign	2149083198						P00558	Phosphoglycerate kinase 1	Homo sapiens	Encontrado	https://alphafold.ebi.ac.uk/entry/P00558
PGK1	missense_variant	uncertain significance	2149083216						P00558	Phosphoglycerate kinase 1	Homo sapiens	Encontrado	https://alphafold.ebi.ac.uk/entry/P00558
PGK1	missense_variant	likely benign	2149083223						P00558	Phosphoglycerate kinase 1	Homo sapiens	Encontrado	https://alphafold.ebi.ac.uk/entry/P00558
PGK1	missense_variant	uncertain significance	2149083240						P00558	Phosphoglycerate kinase 1	Homo sapiens	Encontrado	https://alphafold.ebi.ac.uk/entry/P00558
PGK1	missense_variant	uncertain significance	2149083331						P00558	Phosphoglycerate kinase 1	Homo sapiens	Encontrado	https://alphafold.ebi.ac.uk/entry/P00558
PGK1	missense_variant		2149083413						P00558	Phosphoglycerate kinase 1	Homo sapiens	Encontrado	https://alphafold.ebi.ac.uk/entry/P00558
PGK1	missense_variant	uncertain significance	2149083422						P00558	Phosphoglycerate kinase 1	Homo sapiens	Encontrado	https://alphafold.ebi.ac.uk/entry/P00558
PGK1	missense_variant	uncertain significance	2149083480						P00558	Phosphoglycerate kinase 1	Homo sapiens	Encontrado	https://alphafold.ebi.ac.uk/entry/P00558
PGK1	missense_variant	uncertain significance	2149087825						P00558	Phosphoglycerate kinase 1	Homo sapiens	Encontrado	https://alphafold.ebi.ac.uk/entry/P00558
PGK1	missense_variant		2149087873						P00558	Phosphoglycerate kinase 1	Homo sapiens	Encontrado	https://alphafold.ebi.ac.uk/entry/P00558
PGK1	missense_variant	uncertain significance	2149087878						P00558	Phosphoglycerate kinase 1	Homo sapiens	Encontrado	https://alphafold.ebi.ac.uk/entry/P00558
PGK1	missense_variant	uncertain significance	2149087885						P00558	Phosphoglycerate kinase 1	Homo sapiens	Encontrado	https://alphafold.ebi.ac.uk/entry/P00558
PGK1	missense_variant	uncertain significance	2149087902						P00558	Phosphoglycerate kinase 1	Homo sapiens	Encontrado	https://alphafold.ebi.ac.uk/entry/P00558
PGK1	missense_variant	uncertain significance	2149090232						P00558	Phosphoglycerate kinase 1	Homo sapiens	Encontrado	https://alphafold.ebi.ac.uk/entry/P00558
PGK1	missense_variant	likely benign	2149090300						P00558	Phosphoglycerate kinase 1	Homo sapiens	Encontrado	https://alphafold.ebi.ac.uk/entry/P00558
PGK1	missense_variant	uncertain significance	2149093499						P00558	Phosphoglycerate kinase 1	Homo sapiens	Encontrado	https://alphafold.ebi.ac.uk/entry/P00558
PGK1	missense_variant	uncertain significance	2149093524						P00558	Phosphoglycerate kinase 1	Homo sapiens	Encontrado	https://alphafold.ebi.ac.uk/entry/P00558
PGK1	missense_variant		2149093534						P00558	Phosphoglycerate kinase 1	Homo sapiens	Encontrado	https://alphafold.ebi.ac.uk/entry/P00558
PGK1	missense_variant	uncertain significance	2149093539						P00558	Phosphoglycerate kinase 1	Homo sapiens	Encontrado	https://alphafold.ebi.ac.uk/entry/P00558
PGK1	missense_variant	uncertain significance	2149093552						P00558	Phosphoglycerate kinase 1	Homo sapiens	Encontrado	https://alphafold.ebi.ac.uk/entry/P00558
PGK1	missense_variant	uncertain significance	2149094957						P00558	Phosphoglycerate kinase 1	Homo sapiens	Encontrado	https://alphafold.ebi.ac.uk/entry/P00558
PGK1	missense_variant	uncertain significance	2149094962						P00558	Phosphoglycerate kinase 1	Homo sapiens	Encontrado	https://alphafold.ebi.ac.uk/entry/P00558
PGK1	missense_variant	uncertain significance, likely benign	2149095258						P00558	Phosphoglycerate kinase 1	Homo sapiens	Encontrado	https://alphafold.ebi.ac.uk/entry/P00558
PGK1	missense_variant		2149095265						P00558	Phosphoglycerate kinase 1	Homo sapiens	Encontrado	https://alphafold.ebi.ac.uk/entry/P00558
PGK1	missense_variant		2149095292						P00558	Phosphoglycerate kinase 1	Homo sapiens	Encontrado	https://alphafold.ebi.ac.uk/entry/P00558
PGK1	missense_variant	likely pathogenic	2149095964						P00558	Phosphoglycerate kinase 1	Homo sapiens	Encontrado	https://alphafold.ebi.ac.uk/entry/P00558
PGK1	missense_variant	uncertain significance	2149095977						P00558	Phosphoglycerate kinase 1	Homo sapiens	Encontrado	https://alphafold.ebi.ac.uk/entry/P00558
PGK1	missense_variant		2149096017						P00558	Phosphoglycerate kinase 1	Homo sapiens	Encontrado	https://alphafold.ebi.ac.uk/entry/P00558
PGK1	missense_variant		2149096070						P00558	Phosphoglycerate kinase 1	Homo sapiens	Encontrado	https://alphafold.ebi.ac.uk/entry/P00558
PGK1	missense_variant	uncertain significance	2149096859						P00558	Phosphoglycerate kinase 1	Homo sapiens	Encontrado	https://alphafold.ebi.ac.uk/entry/P00558
PGK1	missense_variant	uncertain significance	2149097365						P00558	Phosphoglycerate kinase 1	Homo sapiens	Encontrado	https://alphafold.ebi.ac.uk/entry/P00558
PGK1	missense_variant	uncertain significance	2149097373						P00558	Phosphoglycerate kinase 1	Homo sapiens	Encontrado	https://alphafold.ebi.ac.uk/entry/P00558
PGK1	missense_variant	uncertain significance	2149097408						P00558	Phosphoglycerate kinase 1	Homo sapiens	Encontrado	https://alphafold.ebi.ac.uk/entry/P00558
PGK1	missense_variant		2149099628						P00558	Phosphoglycerate kinase 1	Homo sapiens	Encontrado	https://alphafold.ebi.ac.uk/entry/P00558
PGK1	missense_variant	uncertain significance	2149099646						P00558	Phosphoglycerate kinase 1	Homo sapiens	Encontrado	https://alphafold.ebi.ac.uk/entry/P00558
PGK1	missense_variant	uncertain significance	2149099719						P00558	Phosphoglycerate kinase 1	Homo sapiens	Encontrado	https://alphafold.ebi.ac.uk/entry/P00558
PGK1	missense_variant	uncertain significance	2149104863						P00558	Phosphoglycerate kinase 1	Homo sapiens	Encontrado	https://alphafold.ebi.ac.uk/entry/P00558
PGK1	missense_variant	uncertain significance	2149104906						P00558	Phosphoglycerate kinase 1	Homo sapiens	Encontrado	https://alphafold.ebi.ac.uk/entry/P00558
PGK1	missense_variant	uncertain significance	2149104921						P00558	Phosphoglycerate kinase 1	Homo sapiens	Encontrado	https://alphafold.ebi.ac.uk/entry/P00558
PGK1	missense_variant	uncertain significance	2149104943						P00558	Phosphoglycerate kinase 1	Homo sapiens	Encontrado	https://alphafold.ebi.ac.uk/entry/P00558
PGK1	missense_variant	uncertain significance	2149106147						P00558	Phosphoglycerate kinase 1	Homo sapiens	Encontrado	https://alphafold.ebi.ac.uk/entry/P00558
PGK1	missense_variant	uncertain significance	2149106178						P00558	Phosphoglycerate kinase 1	Homo sapiens	Encontrado	https://alphafold.ebi.ac.uk/entry/P00558
PGK1	missense_variant	uncertain significance	2149107157						P00558	Phosphoglycerate kinase 1	Homo sapiens	Encontrado	https://alphafold.ebi.ac.uk/entry/P00558
PGK1	missense_variant	uncertain significance	2149107164						P00558	Phosphoglycerate kinase 1	Homo sapiens	Encontrado	https://alphafold.ebi.ac.uk/entry/P00558
PGK1	missense_variant	uncertain significance	2149107203						P00558	Phosphoglycerate kinase 1	Homo sapiens	Encontrado	https://alphafold.ebi.ac.uk/entry/P00558
PGK1	missense_variant	uncertain significance	2149107206						P00558	Phosphoglycerate kinase 1	Homo sapiens	Encontrado	https://alphafold.ebi.ac.uk/entry/P00558
PGK1	missense_variant		2149109577						P00558	Phosphoglycerate kinase 1	Homo sapiens	Encontrado	https://alphafold.ebi.ac.uk/entry/P00558
PGK1	missense_variant	uncertain significance	2149109593						P00558	Phosphoglycerate kinase 1	Homo sapiens	Encontrado	https://alphafold.ebi.ac.uk/entry/P00558
PGK1	missense_variant	uncertain significance	2149110482						P00558	Phosphoglycerate kinase 1	Homo sapiens	Encontrado	https://alphafold.ebi.ac.uk/entry/P00558
PGK1	missense_variant		2149110501						P00558	Phosphoglycerate kinase 1	Homo sapiens	Encontrado	https://alphafold.ebi.ac.uk/entry/P00558
PGK1	missense_variant	uncertain significance	2149111723						P00558	Phosphoglycerate kinase 1	Homo sapiens	Encontrado	https://alphafold.ebi.ac.uk/entry/P00558
PGK1	missense_variant	likely pathogenic	2149111820						P00558	Phosphoglycerate kinase 1	Homo sapiens	Encontrado	https://alphafold.ebi.ac.uk/entry/P00558
PGK1	missense_variant	uncertain significance	2149111836						P00558	Phosphoglycerate kinase 1	Homo sapiens	Encontrado	https://alphafold.ebi.ac.uk/entry/P00558
PGK1	missense_variant	uncertain significance	2149111854						P00558	Phosphoglycerate kinase 1	Homo sapiens	Encontrado	https://alphafold.ebi.ac.uk/entry/P00558
PGK1	missense_variant		2149111864						P00558	Phosphoglycerate kinase 1	Homo sapiens	Encontrado	https://alphafold.ebi.ac.uk/entry/P00558
PGK1	missense_variant	uncertain significance	2149112223						P00558	Phosphoglycerate kinase 1	Homo sapiens	Encontrado	https://alphafold.ebi.ac.uk/entry/P00558
PGK1	missense_variant	uncertain significance	2149112238						P00558	Phosphoglycerate kinase 1	Homo sapiens	Encontrado	https://alphafold.ebi.ac.uk/entry/P00558
PGK1	missense_variant	likely pathogenic, pathogenic	2149112273						P00558	Phosphoglycerate kinase 1	Homo sapiens	Encontrado	https://alphafold.ebi.ac.uk/entry/P00558
PGK1	missense_variant	uncertain significance	2149113528						P00558	Phosphoglycerate kinase 1	Homo sapiens	Encontrado	https://alphafold.ebi.ac.uk/entry/P00558
PGK1	missense_variant	uncertain significance, likely pathogenic	2149113551						P00558	Phosphoglycerate kinase 1	Homo sapiens	Encontrado	https://alphafold.ebi.ac.uk/entry/P00558
PGK1	missense_variant	uncertain significance	2149113564						P00558	Phosphoglycerate kinase 1	Homo sapiens	Encontrado	https://alphafold.ebi.ac.uk/entry/P00558
PGK1	missense_variant	uncertain significance	2149113574						P00558	Phosphoglycerate kinase 1	Homo sapiens	Encontrado	https://alphafold.ebi.ac.uk/entry/P00558
PGK1	missense_variant	uncertain significance	2149113944						P00558	Phosphoglycerate kinase 1	Homo sapiens	Encontrado	https://alphafold.ebi.ac.uk/entry/P00558
PGK1	missense_variant	uncertain significance	2149113961						P00558	Phosphoglycerate kinase 1	Homo sapiens	Encontrado	https://alphafold.ebi.ac.uk/entry/P00558
PGK1	missense_variant	uncertain significance	2149113979						P00558	Phosphoglycerate kinase 1	Homo sapiens	Encontrado	https://alphafold.ebi.ac.uk/entry/P00558
PGK1	missense_variant	uncertain significance	2149113992						P00558	Phosphoglycerate kinase 1	Homo sapiens	Encontrado	https://alphafold.ebi.ac.uk/entry/P00558
PGK1	missense_variant	uncertain significance	2149113995						P00558	Phosphoglycerate kinase 1	Homo sapiens	Encontrado	https://alphafold.ebi.ac.uk/entry/P00558
PGK1	missense_variant	uncertain significance	2149114089						P00558	Phosphoglycerate kinase 1	Homo sapiens	Encontrado	https://alphafold.ebi.ac.uk/entry/P00558
PGK1	missense_variant	uncertain significance, likely benign	2149114100						P00558	Phosphoglycerate kinase 1	Homo sapiens	Encontrado	https://alphafold.ebi.ac.uk/entry/P00558
PGK1	missense_variant	uncertain significance	2149114118						P00558	Phosphoglycerate kinase 1	Homo sapiens	Encontrado	https://alphafold.ebi.ac.uk/entry/P00558
PGK1	missense_variant		2149114129						P00558	Phosphoglycerate kinase 1	Homo sapiens	Encontrado	https://alphafold.ebi.ac.uk/entry/P00558
PGK1	missense_variant	uncertain significance	2149114133						P00558	Phosphoglycerate kinase 1	Homo sapiens	Encontrado	https://alphafold.ebi.ac.uk/entry/P00558
PGK1	missense_variant	uncertain significance	2149132065	P00558	rs2149132065	I47M	0.997		P00558	Phosphoglycerate kinase 1	Homo sapiens	Encontrado	https://alphafold.ebi.ac.uk/entry/P00558
PGK1	missense_variant	uncertain significance	2149132065	P00558	rs2149132065	I47M	0.01		P00558	Phosphoglycerate kinase 1	Homo sapiens	Encontrado	https://alphafold.ebi.ac.uk/entry/P00558
PGK1	missense_variant	uncertain significance	2149132074	P00558	rs2149132074	C50G	0.971		P00558	Phosphoglycerate kinase 1	Homo sapiens	Encontrado	https://alphafold.ebi.ac.uk/entry/P00558
PGK1	missense_variant	uncertain significance	2149132074	P00558	rs2149132074	C50G	0.0		P00558	Phosphoglycerate kinase 1	Homo sapiens	Encontrado	https://alphafold.ebi.ac.uk/entry/P00558
PGK1	missense_variant	uncertain significance	2149132075	P00558	rs2149132075	C50S	0.936		P00558	Phosphoglycerate kinase 1	Homo sapiens	Encontrado	https://alphafold.ebi.ac.uk/entry/P00558
PGK1	missense_variant	uncertain significance	2149132075	P00558	rs2149132075	C50S	0.01		P00558	Phosphoglycerate kinase 1	Homo sapiens	Encontrado	https://alphafold.ebi.ac.uk/entry/P00558
PGK1	missense_variant	likely pathogenic	2149132078	P00558	rs2149132078	C50W	0.946		P00558	Phosphoglycerate kinase 1	Homo sapiens	Encontrado	https://alphafold.ebi.ac.uk/entry/P00558
PGK1	missense_variant	likely pathogenic	2149132078	P00558	rs2149132078	C50W	0.0		P00558	Phosphoglycerate kinase 1	Homo sapiens	Encontrado	https://alphafold.ebi.ac.uk/entry/P00558
PGK1	missense_variant	uncertain significance	2149132085	P00558	rs2149132085	A55S	0.255		P00558	Phosphoglycerate kinase 1	Homo sapiens	Encontrado	https://alphafold.ebi.ac.uk/entry/P00558
PGK1	missense_variant	uncertain significance	2149132085	P00558	rs2149132085	A55S	0.02		P00558	Phosphoglycerate kinase 1	Homo sapiens	Encontrado	https://alphafold.ebi.ac.uk/entry/P00558
PGK1	missense_variant	uncertain significance	2149132087	P00558	rs2149132087	A55D	0.889		P00558	Phosphoglycerate kinase 1	Homo sapiens	Encontrado	https://alphafold.ebi.ac.uk/entry/P00558
PGK1	missense_variant	uncertain significance	2149132087	P00558	rs2149132087	A55D	0.0		P00558	Phosphoglycerate kinase 1	Homo sapiens	Encontrado	https://alphafold.ebi.ac.uk/entry/P00558
PGK1	missense_variant		2149132227						P00558	Phosphoglycerate kinase 1	Homo sapiens	Encontrado	https://alphafold.ebi.ac.uk/entry/P00558
PGK1	missense_variant	uncertain significance	2149132255	P00558	rs2149132255	E120D	0.989		P00558	Phosphoglycerate kinase 1	Homo sapiens	Encontrado	https://alphafold.ebi.ac.uk/entry/P00558
PGK1	missense_variant	uncertain significance	2149132255	P00558	rs2149132255	E120D	0.0		P00558	Phosphoglycerate kinase 1	Homo sapiens	Encontrado	https://alphafold.ebi.ac.uk/entry/P00558
PGK1	missense_variant		2149135995						P00558	Phosphoglycerate kinase 1	Homo sapiens	Encontrado	https://alphafold.ebi.ac.uk/entry/P00558
PGK1	missense_variant	uncertain significance	2149136202						P00558	Phosphoglycerate kinase 1	Homo sapiens	Encontrado	https://alphafold.ebi.ac.uk/entry/P00558
PGK1	missense_variant		2149136212						P00558	Phosphoglycerate kinase 1	Homo sapiens	Encontrado	https://alphafold.ebi.ac.uk/entry/P00558
PGK1	missense_variant	likely pathogenic	2149136994						P00558	Phosphoglycerate kinase 1	Homo sapiens	Encontrado	https://alphafold.ebi.ac.uk/entry/P00558
PGK1	missense_variant		2149137013						P00558	Phosphoglycerate kinase 1	Homo sapiens	Encontrado	https://alphafold.ebi.ac.uk/entry/P00558
PGK1	missense_variant		2149137027						P00558	Phosphoglycerate kinase 1	Homo sapiens	Encontrado	https://alphafold.ebi.ac.uk/entry/P00558
PGK1	missense_variant	uncertain significance	2149137029	P00558	rs2149137029	F348C	1.0		P00558	Phosphoglycerate kinase 1	Homo sapiens	Encontrado	https://alphafold.ebi.ac.uk/entry/P00558
PGK1	missense_variant	uncertain significance	2149137029	P00558	rs2149137029	F348C	0.0		P00558	Phosphoglycerate kinase 1	Homo sapiens	Encontrado	https://alphafold.ebi.ac.uk/entry/P00558
PGK1	missense_variant	uncertain significance	2149137043	P00558	rs2149137043	K353R	0.115		P00558	Phosphoglycerate kinase 1	Homo sapiens	Encontrado	https://alphafold.ebi.ac.uk/entry/P00558
PGK1	missense_variant	uncertain significance	2149137043	P00558	rs2149137043	K353R	0.04		P00558	Phosphoglycerate kinase 1	Homo sapiens	Encontrado	https://alphafold.ebi.ac.uk/entry/P00558
PGK1	missense_variant	uncertain significance, likely pathogenic	2149137048	P00558	rs2149137048	A354P	0.166		P00558	Phosphoglycerate kinase 1	Homo sapiens	Encontrado	https://alphafold.ebi.ac.uk/entry/P00558
PGK1	missense_variant	uncertain significance, likely pathogenic	2149137048	P00558	rs2149137048	A354P	0.0		P00558	Phosphoglycerate kinase 1	Homo sapiens	Encontrado	https://alphafold.ebi.ac.uk/entry/P00558
PGK1	missense_variant	uncertain significance, likely pathogenic	2149137048	P00558	rs2149137048	A354T	0.003		P00558	Phosphoglycerate kinase 1	Homo sapiens	Encontrado	https://alphafold.ebi.ac.uk/entry/P00558
PGK1	missense_variant	uncertain significance, likely pathogenic	2149137048	P00558	rs2149137048	A354T	0.06		P00558	Phosphoglycerate kinase 1	Homo sapiens	Encontrado	https://alphafold.ebi.ac.uk/entry/P00558
PGK1	missense_variant	uncertain significance	2149137063	P00558	rs2149137063	T363S	0.47		P00558	Phosphoglycerate kinase 1	Homo sapiens	Encontrado	https://alphafold.ebi.ac.uk/entry/P00558
PGK1	missense_variant	uncertain significance	2149137063	P00558	rs2149137063	T363S	0.02		P00558	Phosphoglycerate kinase 1	Homo sapiens	Encontrado	https://alphafold.ebi.ac.uk/entry/P00558
PGK1	missense_variant		2149137065						P00558	Phosphoglycerate kinase 1	Homo sapiens	Encontrado	https://alphafold.ebi.ac.uk/entry/P00558
PGK1	missense_variant		2149139899						P00558	Phosphoglycerate kinase 1	Homo sapiens	Encontrado	https://alphafold.ebi.ac.uk/entry/P00558
PGK1	missense_variant	benign	2227291						P00558	Phosphoglycerate kinase 1	Homo sapiens	Encontrado	https://alphafold.ebi.ac.uk/entry/P00558
PGK1	missense_variant	benign, likely benign	2228447						P00558	Phosphoglycerate kinase 1	Homo sapiens	Encontrado	https://alphafold.ebi.ac.uk/entry/P00558
PGK1	missense_variant	benign	2234935						P00558	Phosphoglycerate kinase 1	Homo sapiens	Encontrado	https://alphafold.ebi.ac.uk/entry/P00558
PGK1	missense_variant	uncertain significance, likely benign	2234936						P00558	Phosphoglycerate kinase 1	Homo sapiens	Encontrado	https://alphafold.ebi.ac.uk/entry/P00558
PGK1	missense_variant	benign	2234938						P00558	Phosphoglycerate kinase 1	Homo sapiens	Encontrado	https://alphafold.ebi.ac.uk/entry/P00558
PGK1	missense_variant	uncertain significance	2522241592						P00558	Phosphoglycerate kinase 1	Homo sapiens	Encontrado	https://alphafold.ebi.ac.uk/entry/P00558
PGK1	missense_variant	uncertain significance	2522244260						P00558	Phosphoglycerate kinase 1	Homo sapiens	Encontrado	https://alphafold.ebi.ac.uk/entry/P00558
PGK1	missense_variant	uncertain significance	2522252226						P00558	Phosphoglycerate kinase 1	Homo sapiens	Encontrado	https://alphafold.ebi.ac.uk/entry/P00558
PGK1	missense_variant	uncertain significance	2522252235						P00558	Phosphoglycerate kinase 1	Homo sapiens	Encontrado	https://alphafold.ebi.ac.uk/entry/P00558
PGK1	missense_variant	uncertain significance	2522252247						P00558	Phosphoglycerate kinase 1	Homo sapiens	Encontrado	https://alphafold.ebi.ac.uk/entry/P00558
PGK1	missense_variant	uncertain significance	2522252303						P00558	Phosphoglycerate kinase 1	Homo sapiens	Encontrado	https://alphafold.ebi.ac.uk/entry/P00558
PGK1	missense_variant	uncertain significance	2522252336						P00558	Phosphoglycerate kinase 1	Homo sapiens	Encontrado	https://alphafold.ebi.ac.uk/entry/P00558
PGK1	missense_variant	likely benign	2522252572						P00558	Phosphoglycerate kinase 1	Homo sapiens	Encontrado	https://alphafold.ebi.ac.uk/entry/P00558
PGK1	missense_variant	uncertain significance	2522288721						P00558	Phosphoglycerate kinase 1	Homo sapiens	Encontrado	https://alphafold.ebi.ac.uk/entry/P00558
PGK1	missense_variant	uncertain significance	2522288810						P00558	Phosphoglycerate kinase 1	Homo sapiens	Encontrado	https://alphafold.ebi.ac.uk/entry/P00558
PGK1	missense_variant	uncertain significance	2522288819						P00558	Phosphoglycerate kinase 1	Homo sapiens	Encontrado	https://alphafold.ebi.ac.uk/entry/P00558
PGK1	missense_variant	uncertain significance	2522288840						P00558	Phosphoglycerate kinase 1	Homo sapiens	Encontrado	https://alphafold.ebi.ac.uk/entry/P00558
PGK1	missense_variant	uncertain significance	2522289170						P00558	Phosphoglycerate kinase 1	Homo sapiens	Encontrado	https://alphafold.ebi.ac.uk/entry/P00558
PGK1	missense_variant	uncertain significance	2522289247						P00558	Phosphoglycerate kinase 1	Homo sapiens	Encontrado	https://alphafold.ebi.ac.uk/entry/P00558
PGK1	missense_variant	uncertain significance	2522289591						P00558	Phosphoglycerate kinase 1	Homo sapiens	Encontrado	https://alphafold.ebi.ac.uk/entry/P00558
PGK1	missense_variant	uncertain significance	2522289690						P00558	Phosphoglycerate kinase 1	Homo sapiens	Encontrado	https://alphafold.ebi.ac.uk/entry/P00558
PGK1	missense_variant	uncertain significance	2522289697						P00558	Phosphoglycerate kinase 1	Homo sapiens	Encontrado	https://alphafold.ebi.ac.uk/entry/P00558
PGK1	missense_variant	uncertain significance	2522289909						P00558	Phosphoglycerate kinase 1	Homo sapiens	Encontrado	https://alphafold.ebi.ac.uk/entry/P00558
PGK1	missense_variant	uncertain significance	2522289917						P00558	Phosphoglycerate kinase 1	Homo sapiens	Encontrado	https://alphafold.ebi.ac.uk/entry/P00558
PGK1	missense_variant	uncertain significance	2522290160						P00558	Phosphoglycerate kinase 1	Homo sapiens	Encontrado	https://alphafold.ebi.ac.uk/entry/P00558
PGK1	missense_variant	uncertain significance	2522290285						P00558	Phosphoglycerate kinase 1	Homo sapiens	Encontrado	https://alphafold.ebi.ac.uk/entry/P00558
PGK1	missense_variant	uncertain significance	2522290310						P00558	Phosphoglycerate kinase 1	Homo sapiens	Encontrado	https://alphafold.ebi.ac.uk/entry/P00558
PGK1	missense_variant	uncertain significance	2522290528						P00558	Phosphoglycerate kinase 1	Homo sapiens	Encontrado	https://alphafold.ebi.ac.uk/entry/P00558
PGK1	missense_variant	uncertain significance, likely benign	2522292530						P00558	Phosphoglycerate kinase 1	Homo sapiens	Encontrado	https://alphafold.ebi.ac.uk/entry/P00558
PGK1	missense_variant	uncertain significance	2522292707						P00558	Phosphoglycerate kinase 1	Homo sapiens	Encontrado	https://alphafold.ebi.ac.uk/entry/P00558
PGK1	missense_variant	uncertain significance	2522292719						P00558	Phosphoglycerate kinase 1	Homo sapiens	Encontrado	https://alphafold.ebi.ac.uk/entry/P00558
PGK1	missense_variant	uncertain significance	2522292725						P00558	Phosphoglycerate kinase 1	Homo sapiens	Encontrado	https://alphafold.ebi.ac.uk/entry/P00558
PGK1	missense_variant	uncertain significance	2522292797						P00558	Phosphoglycerate kinase 1	Homo sapiens	Encontrado	https://alphafold.ebi.ac.uk/entry/P00558
PGK1	missense_variant	uncertain significance	2522292959						P00558	Phosphoglycerate kinase 1	Homo sapiens	Encontrado	https://alphafold.ebi.ac.uk/entry/P00558
PGK1	missense_variant	uncertain significance	2522293013						P00558	Phosphoglycerate kinase 1	Homo sapiens	Encontrado	https://alphafold.ebi.ac.uk/entry/P00558
PGK1	missense_variant	uncertain significance	2522293129						P00558	Phosphoglycerate kinase 1	Homo sapiens	Encontrado	https://alphafold.ebi.ac.uk/entry/P00558
PGK1	missense_variant	uncertain significance	2522293279						P00558	Phosphoglycerate kinase 1	Homo sapiens	Encontrado	https://alphafold.ebi.ac.uk/entry/P00558
PGK1	missense_variant	uncertain significance	2522293296						P00558	Phosphoglycerate kinase 1	Homo sapiens	Encontrado	https://alphafold.ebi.ac.uk/entry/P00558
PGK1	missense_variant	uncertain significance	2522293391						P00558	Phosphoglycerate kinase 1	Homo sapiens	Encontrado	https://alphafold.ebi.ac.uk/entry/P00558
PGK1	missense_variant	uncertain significance	2522293429						P00558	Phosphoglycerate kinase 1	Homo sapiens	Encontrado	https://alphafold.ebi.ac.uk/entry/P00558
PGK1	missense_variant	uncertain significance	2522293555						P00558	Phosphoglycerate kinase 1	Homo sapiens	Encontrado	https://alphafold.ebi.ac.uk/entry/P00558
PGK1	missense_variant	uncertain significance	2522293729						P00558	Phosphoglycerate kinase 1	Homo sapiens	Encontrado	https://alphafold.ebi.ac.uk/entry/P00558
PGK1	missense_variant	uncertain significance	2522293842						P00558	Phosphoglycerate kinase 1	Homo sapiens	Encontrado	https://alphafold.ebi.ac.uk/entry/P00558
PGK1	missense_variant	uncertain significance	2522293888						P00558	Phosphoglycerate kinase 1	Homo sapiens	Encontrado	https://alphafold.ebi.ac.uk/entry/P00558
PGK1	missense_variant	uncertain significance	2522294418						P00558	Phosphoglycerate kinase 1	Homo sapiens	Encontrado	https://alphafold.ebi.ac.uk/entry/P00558
PGK1	missense_variant	uncertain significance	2522294474						P00558	Phosphoglycerate kinase 1	Homo sapiens	Encontrado	https://alphafold.ebi.ac.uk/entry/P00558
PGK1	missense_variant	uncertain significance	2522294486						P00558	Phosphoglycerate kinase 1	Homo sapiens	Encontrado	https://alphafold.ebi.ac.uk/entry/P00558
PGK1	missense_variant	uncertain significance	2522294528						P00558	Phosphoglycerate kinase 1	Homo sapiens	Encontrado	https://alphafold.ebi.ac.uk/entry/P00558
PGK1	missense_variant	uncertain significance	2522294811						P00558	Phosphoglycerate kinase 1	Homo sapiens	Encontrado	https://alphafold.ebi.ac.uk/entry/P00558
PGK1	missense_variant	uncertain significance	2522294879						P00558	Phosphoglycerate kinase 1	Homo sapiens	Encontrado	https://alphafold.ebi.ac.uk/entry/P00558
PGK1	missense_variant	uncertain significance	2522294916						P00558	Phosphoglycerate kinase 1	Homo sapiens	Encontrado	https://alphafold.ebi.ac.uk/entry/P00558
PGK1	missense_variant	uncertain significance	2522295027						P00558	Phosphoglycerate kinase 1	Homo sapiens	Encontrado	https://alphafold.ebi.ac.uk/entry/P00558
PGK1	missense_variant	uncertain significance	2522295083						P00558	Phosphoglycerate kinase 1	Homo sapiens	Encontrado	https://alphafold.ebi.ac.uk/entry/P00558
PGK1	missense_variant	uncertain significance	2522295187						P00558	Phosphoglycerate kinase 1	Homo sapiens	Encontrado	https://alphafold.ebi.ac.uk/entry/P00558
PGK1	missense_variant	uncertain significance	2522295430						P00558	Phosphoglycerate kinase 1	Homo sapiens	Encontrado	https://alphafold.ebi.ac.uk/entry/P00558
PGK1	missense_variant	uncertain significance	2522295527						P00558	Phosphoglycerate kinase 1	Homo sapiens	Encontrado	https://alphafold.ebi.ac.uk/entry/P00558
PGK1	missense_variant	likely benign	2522295551						P00558	Phosphoglycerate kinase 1	Homo sapiens	Encontrado	https://alphafold.ebi.ac.uk/entry/P00558
PGK1	missense_variant	likely benign	2522295559						P00558	Phosphoglycerate kinase 1	Homo sapiens	Encontrado	https://alphafold.ebi.ac.uk/entry/P00558
PGK1	missense_variant	uncertain significance	2522314127						P00558	Phosphoglycerate kinase 1	Homo sapiens	Encontrado	https://alphafold.ebi.ac.uk/entry/P00558
PGK1	missense_variant	uncertain significance	2522314154						P00558	Phosphoglycerate kinase 1	Homo sapiens	Encontrado	https://alphafold.ebi.ac.uk/entry/P00558
PGK1	missense_variant	uncertain significance	2522314358						P00558	Phosphoglycerate kinase 1	Homo sapiens	Encontrado	https://alphafold.ebi.ac.uk/entry/P00558
PGK1	missense_variant	uncertain significance	2522314646						P00558	Phosphoglycerate kinase 1	Homo sapiens	Encontrado	https://alphafold.ebi.ac.uk/entry/P00558
PGK1	missense_variant	uncertain significance	2522314669						P00558	Phosphoglycerate kinase 1	Homo sapiens	Encontrado	https://alphafold.ebi.ac.uk/entry/P00558
PGK1	missense_variant	uncertain significance	2522314763						P00558	Phosphoglycerate kinase 1	Homo sapiens	Encontrado	https://alphafold.ebi.ac.uk/entry/P00558
PGK1	missense_variant	uncertain significance	2522314807						P00558	Phosphoglycerate kinase 1	Homo sapiens	Encontrado	https://alphafold.ebi.ac.uk/entry/P00558
PGK1	missense_variant	uncertain significance	2522325542						P00558	Phosphoglycerate kinase 1	Homo sapiens	Encontrado	https://alphafold.ebi.ac.uk/entry/P00558
PGK1	missense_variant	uncertain significance	2522325563						P00558	Phosphoglycerate kinase 1	Homo sapiens	Encontrado	https://alphafold.ebi.ac.uk/entry/P00558
PGK1	missense_variant	uncertain significance	2522325581						P00558	Phosphoglycerate kinase 1	Homo sapiens	Encontrado	https://alphafold.ebi.ac.uk/entry/P00558
PGK1	missense_variant	uncertain significance	2522325710						P00558	Phosphoglycerate kinase 1	Homo sapiens	Encontrado	https://alphafold.ebi.ac.uk/entry/P00558
PGK1	missense_variant	uncertain significance	2522325720						P00558	Phosphoglycerate kinase 1	Homo sapiens	Encontrado	https://alphafold.ebi.ac.uk/entry/P00558
PGK1	missense_variant	uncertain significance	2522325762						P00558	Phosphoglycerate kinase 1	Homo sapiens	Encontrado	https://alphafold.ebi.ac.uk/entry/P00558
PGK1	missense_variant	uncertain significance	2522325822						P00558	Phosphoglycerate kinase 1	Homo sapiens	Encontrado	https://alphafold.ebi.ac.uk/entry/P00558
PGK1	missense_variant	uncertain significance	2522325927						P00558	Phosphoglycerate kinase 1	Homo sapiens	Encontrado	https://alphafold.ebi.ac.uk/entry/P00558
PGK1	missense_variant	uncertain significance	2522325937						P00558	Phosphoglycerate kinase 1	Homo sapiens	Encontrado	https://alphafold.ebi.ac.uk/entry/P00558
PGK1	missense_variant	likely benign	2522325997						P00558	Phosphoglycerate kinase 1	Homo sapiens	Encontrado	https://alphafold.ebi.ac.uk/entry/P00558
PGK1	missense_variant	likely benign	2522326021						P00558	Phosphoglycerate kinase 1	Homo sapiens	Encontrado	https://alphafold.ebi.ac.uk/entry/P00558
PGK1	missense_variant	likely benign	2522326032						P00558	Phosphoglycerate kinase 1	Homo sapiens	Encontrado	https://alphafold.ebi.ac.uk/entry/P00558
PGK1	missense_variant	uncertain significance	2522340980						P00558	Phosphoglycerate kinase 1	Homo sapiens	Encontrado	https://alphafold.ebi.ac.uk/entry/P00558
PGK1	missense_variant	uncertain significance	2522341085						P00558	Phosphoglycerate kinase 1	Homo sapiens	Encontrado	https://alphafold.ebi.ac.uk/entry/P00558
PGK1	missense_variant	uncertain significance	2522341102						P00558	Phosphoglycerate kinase 1	Homo sapiens	Encontrado	https://alphafold.ebi.ac.uk/entry/P00558
PGK1	missense_variant	uncertain significance	2522341172						P00558	Phosphoglycerate kinase 1	Homo sapiens	Encontrado	https://alphafold.ebi.ac.uk/entry/P00558
PGK1	missense_variant	uncertain significance	2522341226						P00558	Phosphoglycerate kinase 1	Homo sapiens	Encontrado	https://alphafold.ebi.ac.uk/entry/P00558
PGK1	missense_variant	uncertain significance	2522341282						P00558	Phosphoglycerate kinase 1	Homo sapiens	Encontrado	https://alphafold.ebi.ac.uk/entry/P00558
PGK1	missense_variant	uncertain significance	2522341379						P00558	Phosphoglycerate kinase 1	Homo sapiens	Encontrado	https://alphafold.ebi.ac.uk/entry/P00558
PGK1	missense_variant	uncertain significance	2522347954						P00558	Phosphoglycerate kinase 1	Homo sapiens	Encontrado	https://alphafold.ebi.ac.uk/entry/P00558
PGK1	missense_variant	uncertain significance	2522348043						P00558	Phosphoglycerate kinase 1	Homo sapiens	Encontrado	https://alphafold.ebi.ac.uk/entry/P00558
PGK1	missense_variant	uncertain significance	2522348072						P00558	Phosphoglycerate kinase 1	Homo sapiens	Encontrado	https://alphafold.ebi.ac.uk/entry/P00558
PGK1	missense_variant	uncertain significance	2522348126						P00558	Phosphoglycerate kinase 1	Homo sapiens	Encontrado	https://alphafold.ebi.ac.uk/entry/P00558
PGK1	missense_variant	uncertain significance	2522348340						P00558	Phosphoglycerate kinase 1	Homo sapiens	Encontrado	https://alphafold.ebi.ac.uk/entry/P00558
PGK1	missense_variant	uncertain significance	2522349596						P00558	Phosphoglycerate kinase 1	Homo sapiens	Encontrado	https://alphafold.ebi.ac.uk/entry/P00558
PGK1	missense_variant	uncertain significance	2522349651						P00558	Phosphoglycerate kinase 1	Homo sapiens	Encontrado	https://alphafold.ebi.ac.uk/entry/P00558
PGK1	missense_variant	uncertain significance	2522349735						P00558	Phosphoglycerate kinase 1	Homo sapiens	Encontrado	https://alphafold.ebi.ac.uk/entry/P00558
PGK1	missense_variant	uncertain significance	2522349752						P00558	Phosphoglycerate kinase 1	Homo sapiens	Encontrado	https://alphafold.ebi.ac.uk/entry/P00558
PGK1	missense_variant	uncertain significance	2522350026						P00558	Phosphoglycerate kinase 1	Homo sapiens	Encontrado	https://alphafold.ebi.ac.uk/entry/P00558
PGK1	missense_variant	uncertain significance	2522350046						P00558	Phosphoglycerate kinase 1	Homo sapiens	Encontrado	https://alphafold.ebi.ac.uk/entry/P00558
PGK1	missense_variant	uncertain significance	2522350113						P00558	Phosphoglycerate kinase 1	Homo sapiens	Encontrado	https://alphafold.ebi.ac.uk/entry/P00558
PGK1	missense_variant	uncertain significance	2522350177						P00558	Phosphoglycerate kinase 1	Homo sapiens	Encontrado	https://alphafold.ebi.ac.uk/entry/P00558
PGK1	missense_variant	uncertain significance	2522350731						P00558	Phosphoglycerate kinase 1	Homo sapiens	Encontrado	https://alphafold.ebi.ac.uk/entry/P00558
PGK1	missense_variant	uncertain significance	2522354556						P00558	Phosphoglycerate kinase 1	Homo sapiens	Encontrado	https://alphafold.ebi.ac.uk/entry/P00558
PGK1	missense_variant	uncertain significance	2522354656						P00558	Phosphoglycerate kinase 1	Homo sapiens	Encontrado	https://alphafold.ebi.ac.uk/entry/P00558
PGK1	missense_variant	uncertain significance	2522354701						P00558	Phosphoglycerate kinase 1	Homo sapiens	Encontrado	https://alphafold.ebi.ac.uk/entry/P00558
PGK1	missense_variant	uncertain significance	2522354750						P00558	Phosphoglycerate kinase 1	Homo sapiens	Encontrado	https://alphafold.ebi.ac.uk/entry/P00558
PGK1	missense_variant	uncertain significance	2522354995						P00558	Phosphoglycerate kinase 1	Homo sapiens	Encontrado	https://alphafold.ebi.ac.uk/entry/P00558
PGK1	missense_variant	likely pathogenic	2522355124						P00558	Phosphoglycerate kinase 1	Homo sapiens	Encontrado	https://alphafold.ebi.ac.uk/entry/P00558
PGK1	missense_variant	uncertain significance	2522355214						P00558	Phosphoglycerate kinase 1	Homo sapiens	Encontrado	https://alphafold.ebi.ac.uk/entry/P00558
PGK1	missense_variant	uncertain significance	2522358780						P00558	Phosphoglycerate kinase 1	Homo sapiens	Encontrado	https://alphafold.ebi.ac.uk/entry/P00558
PGK1	missense_variant	uncertain significance	2522358839						P00558	Phosphoglycerate kinase 1	Homo sapiens	Encontrado	https://alphafold.ebi.ac.uk/entry/P00558
PGK1	missense_variant	uncertain significance	2522358901						P00558	Phosphoglycerate kinase 1	Homo sapiens	Encontrado	https://alphafold.ebi.ac.uk/entry/P00558
PGK1	missense_variant	uncertain significance	2522358917						P00558	Phosphoglycerate kinase 1	Homo sapiens	Encontrado	https://alphafold.ebi.ac.uk/entry/P00558
PGK1	missense_variant	uncertain significance	2522358992						P00558	Phosphoglycerate kinase 1	Homo sapiens	Encontrado	https://alphafold.ebi.ac.uk/entry/P00558
PGK1	missense_variant	uncertain significance	2522359081						P00558	Phosphoglycerate kinase 1	Homo sapiens	Encontrado	https://alphafold.ebi.ac.uk/entry/P00558
PGK1	missense_variant	uncertain significance	2522361855						P00558	Phosphoglycerate kinase 1	Homo sapiens	Encontrado	https://alphafold.ebi.ac.uk/entry/P00558
PGK1	missense_variant	uncertain significance	2522362143						P00558	Phosphoglycerate kinase 1	Homo sapiens	Encontrado	https://alphafold.ebi.ac.uk/entry/P00558
PGK1	missense_variant	uncertain significance	2522362273						P00558	Phosphoglycerate kinase 1	Homo sapiens	Encontrado	https://alphafold.ebi.ac.uk/entry/P00558
PGK1	missense_variant	uncertain significance	2522362314						P00558	Phosphoglycerate kinase 1	Homo sapiens	Encontrado	https://alphafold.ebi.ac.uk/entry/P00558
PGK1	missense_variant	uncertain significance	2522362325						P00558	Phosphoglycerate kinase 1	Homo sapiens	Encontrado	https://alphafold.ebi.ac.uk/entry/P00558
PGK1	missense_variant	uncertain significance	2522372362						P00558	Phosphoglycerate kinase 1	Homo sapiens	Encontrado	https://alphafold.ebi.ac.uk/entry/P00558
PGK1	missense_variant	uncertain significance	2522372420						P00558	Phosphoglycerate kinase 1	Homo sapiens	Encontrado	https://alphafold.ebi.ac.uk/entry/P00558
PGK1	missense_variant	uncertain significance	2522372520						P00558	Phosphoglycerate kinase 1	Homo sapiens	Encontrado	https://alphafold.ebi.ac.uk/entry/P00558
PGK1	missense_variant	uncertain significance	2522372548						P00558	Phosphoglycerate kinase 1	Homo sapiens	Encontrado	https://alphafold.ebi.ac.uk/entry/P00558
PGK1	missense_variant	uncertain significance	2522372741						P00558	Phosphoglycerate kinase 1	Homo sapiens	Encontrado	https://alphafold.ebi.ac.uk/entry/P00558
PGK1	missense_variant	uncertain significance	2522372898						P00558	Phosphoglycerate kinase 1	Homo sapiens	Encontrado	https://alphafold.ebi.ac.uk/entry/P00558
PGK1	missense_variant	uncertain significance	2522372990						P00558	Phosphoglycerate kinase 1	Homo sapiens	Encontrado	https://alphafold.ebi.ac.uk/entry/P00558
PGK1	missense_variant	uncertain significance	2522392138						P00558	Phosphoglycerate kinase 1	Homo sapiens	Encontrado	https://alphafold.ebi.ac.uk/entry/P00558
PGK1	missense_variant	uncertain significance	2522392203						P00558	Phosphoglycerate kinase 1	Homo sapiens	Encontrado	https://alphafold.ebi.ac.uk/entry/P00558
PGK1	missense_variant	uncertain significance	2522392425						P00558	Phosphoglycerate kinase 1	Homo sapiens	Encontrado	https://alphafold.ebi.ac.uk/entry/P00558
PGK1	missense_variant	uncertain significance	2522392434						P00558	Phosphoglycerate kinase 1	Homo sapiens	Encontrado	https://alphafold.ebi.ac.uk/entry/P00558
PGK1	missense_variant	uncertain significance	2522392563						P00558	Phosphoglycerate kinase 1	Homo sapiens	Encontrado	https://alphafold.ebi.ac.uk/entry/P00558
PGK1	missense_variant	likely benign	2522392629						P00558	Phosphoglycerate kinase 1	Homo sapiens	Encontrado	https://alphafold.ebi.ac.uk/entry/P00558
PGK1	missense_variant	uncertain significance	2522392682						P00558	Phosphoglycerate kinase 1	Homo sapiens	Encontrado	https://alphafold.ebi.ac.uk/entry/P00558
PGK1	missense_variant	uncertain significance	2522392697						P00558	Phosphoglycerate kinase 1	Homo sapiens	Encontrado	https://alphafold.ebi.ac.uk/entry/P00558
PGK1	missense_variant	uncertain significance, pathogenic	2522392716						P00558	Phosphoglycerate kinase 1	Homo sapiens	Encontrado	https://alphafold.ebi.ac.uk/entry/P00558
PGK1	missense_variant	uncertain significance	2522396968						P00558	Phosphoglycerate kinase 1	Homo sapiens	Encontrado	https://alphafold.ebi.ac.uk/entry/P00558
PGK1	missense_variant	uncertain significance	2522397012						P00558	Phosphoglycerate kinase 1	Homo sapiens	Encontrado	https://alphafold.ebi.ac.uk/entry/P00558
PGK1	missense_variant	uncertain significance	2522397044						P00558	Phosphoglycerate kinase 1	Homo sapiens	Encontrado	https://alphafold.ebi.ac.uk/entry/P00558
PGK1	missense_variant	uncertain significance	2522397316						P00558	Phosphoglycerate kinase 1	Homo sapiens	Encontrado	https://alphafold.ebi.ac.uk/entry/P00558
PGK1	missense_variant	uncertain significance	2522397337						P00558	Phosphoglycerate kinase 1	Homo sapiens	Encontrado	https://alphafold.ebi.ac.uk/entry/P00558
PGK1	missense_variant	uncertain significance	2522397414						P00558	Phosphoglycerate kinase 1	Homo sapiens	Encontrado	https://alphafold.ebi.ac.uk/entry/P00558
PGK1	missense_variant	uncertain significance	2522397464						P00558	Phosphoglycerate kinase 1	Homo sapiens	Encontrado	https://alphafold.ebi.ac.uk/entry/P00558
PGK1	missense_variant	uncertain significance	2522397473						P00558	Phosphoglycerate kinase 1	Homo sapiens	Encontrado	https://alphafold.ebi.ac.uk/entry/P00558
PGK1	missense_variant	uncertain significance	2522397486						P00558	Phosphoglycerate kinase 1	Homo sapiens	Encontrado	https://alphafold.ebi.ac.uk/entry/P00558
PGK1	missense_variant	uncertain significance	2522397517						P00558	Phosphoglycerate kinase 1	Homo sapiens	Encontrado	https://alphafold.ebi.ac.uk/entry/P00558
PGK1	missense_variant	uncertain significance	2522401037						P00558	Phosphoglycerate kinase 1	Homo sapiens	Encontrado	https://alphafold.ebi.ac.uk/entry/P00558
PGK1	missense_variant	uncertain significance	2522401043						P00558	Phosphoglycerate kinase 1	Homo sapiens	Encontrado	https://alphafold.ebi.ac.uk/entry/P00558
PGK1	missense_variant	uncertain significance	2522401120						P00558	Phosphoglycerate kinase 1	Homo sapiens	Encontrado	https://alphafold.ebi.ac.uk/entry/P00558
PGK1	missense_variant	uncertain significance	2522401361						P00558	Phosphoglycerate kinase 1	Homo sapiens	Encontrado	https://alphafold.ebi.ac.uk/entry/P00558
PGK1	missense_variant	uncertain significance	2522401593						P00558	Phosphoglycerate kinase 1	Homo sapiens	Encontrado	https://alphafold.ebi.ac.uk/entry/P00558
PGK1	missense_variant	uncertain significance	2522410642						P00558	Phosphoglycerate kinase 1	Homo sapiens	Encontrado	https://alphafold.ebi.ac.uk/entry/P00558
PGK1	missense_variant	uncertain significance	2522410772						P00558	Phosphoglycerate kinase 1	Homo sapiens	Encontrado	https://alphafold.ebi.ac.uk/entry/P00558
PGK1	missense_variant	uncertain significance	2522410779						P00558	Phosphoglycerate kinase 1	Homo sapiens	Encontrado	https://alphafold.ebi.ac.uk/entry/P00558
PGK1	missense_variant	uncertain significance	2522410856						P00558	Phosphoglycerate kinase 1	Homo sapiens	Encontrado	https://alphafold.ebi.ac.uk/entry/P00558
PGK1	missense_variant	uncertain significance	2522414446						P00558	Phosphoglycerate kinase 1	Homo sapiens	Encontrado	https://alphafold.ebi.ac.uk/entry/P00558
PGK1	missense_variant	uncertain significance	2522414458						P00558	Phosphoglycerate kinase 1	Homo sapiens	Encontrado	https://alphafold.ebi.ac.uk/entry/P00558
PGK1	missense_variant	uncertain significance	2522414600						P00558	Phosphoglycerate kinase 1	Homo sapiens	Encontrado	https://alphafold.ebi.ac.uk/entry/P00558
PGK1	missense_variant	uncertain significance	2522414619						P00558	Phosphoglycerate kinase 1	Homo sapiens	Encontrado	https://alphafold.ebi.ac.uk/entry/P00558
PGK1	missense_variant	uncertain significance	2522418902						P00558	Phosphoglycerate kinase 1	Homo sapiens	Encontrado	https://alphafold.ebi.ac.uk/entry/P00558
PGK1	missense_variant	uncertain significance	2522418920						P00558	Phosphoglycerate kinase 1	Homo sapiens	Encontrado	https://alphafold.ebi.ac.uk/entry/P00558
PGK1	missense_variant	uncertain significance	2522419168						P00558	Phosphoglycerate kinase 1	Homo sapiens	Encontrado	https://alphafold.ebi.ac.uk/entry/P00558
PGK1	missense_variant	uncertain significance	2522419203						P00558	Phosphoglycerate kinase 1	Homo sapiens	Encontrado	https://alphafold.ebi.ac.uk/entry/P00558
PGK1	missense_variant	uncertain significance	2522419223						P00558	Phosphoglycerate kinase 1	Homo sapiens	Encontrado	https://alphafold.ebi.ac.uk/entry/P00558
PGK1	missense_variant	uncertain significance	2522419236						P00558	Phosphoglycerate kinase 1	Homo sapiens	Encontrado	https://alphafold.ebi.ac.uk/entry/P00558
PGK1	missense_variant	uncertain significance	2522419287						P00558	Phosphoglycerate kinase 1	Homo sapiens	Encontrado	https://alphafold.ebi.ac.uk/entry/P00558
PGK1	missense_variant	uncertain significance	2522419371						P00558	Phosphoglycerate kinase 1	Homo sapiens	Encontrado	https://alphafold.ebi.ac.uk/entry/P00558
PGK1	missense_variant	uncertain significance	2522419458						P00558	Phosphoglycerate kinase 1	Homo sapiens	Encontrado	https://alphafold.ebi.ac.uk/entry/P00558
PGK1	missense_variant	uncertain significance	2522420921						P00558	Phosphoglycerate kinase 1	Homo sapiens	Encontrado	https://alphafold.ebi.ac.uk/entry/P00558
PGK1	missense_variant	uncertain significance	2522421063						P00558	Phosphoglycerate kinase 1	Homo sapiens	Encontrado	https://alphafold.ebi.ac.uk/entry/P00558
PGK1	missense_variant	uncertain significance	2522421079						P00558	Phosphoglycerate kinase 1	Homo sapiens	Encontrado	https://alphafold.ebi.ac.uk/entry/P00558
PGK1	missense_variant	uncertain significance	2522421271						P00558	Phosphoglycerate kinase 1	Homo sapiens	Encontrado	https://alphafold.ebi.ac.uk/entry/P00558
PGK1	missense_variant	uncertain significance	2522421311						P00558	Phosphoglycerate kinase 1	Homo sapiens	Encontrado	https://alphafold.ebi.ac.uk/entry/P00558
PGK1	missense_variant	uncertain significance	2522425454						P00558	Phosphoglycerate kinase 1	Homo sapiens	Encontrado	https://alphafold.ebi.ac.uk/entry/P00558
PGK1	missense_variant	uncertain significance	2522425499						P00558	Phosphoglycerate kinase 1	Homo sapiens	Encontrado	https://alphafold.ebi.ac.uk/entry/P00558
PGK1	missense_variant	likely pathogenic	2522425533						P00558	Phosphoglycerate kinase 1	Homo sapiens	Encontrado	https://alphafold.ebi.ac.uk/entry/P00558
PGK1	missense_variant	uncertain significance	2522425562						P00558	Phosphoglycerate kinase 1	Homo sapiens	Encontrado	https://alphafold.ebi.ac.uk/entry/P00558
PGK1	missense_variant	uncertain significance	2522425570						P00558	Phosphoglycerate kinase 1	Homo sapiens	Encontrado	https://alphafold.ebi.ac.uk/entry/P00558
PGK1	missense_variant	uncertain significance	2522425631						P00558	Phosphoglycerate kinase 1	Homo sapiens	Encontrado	https://alphafold.ebi.ac.uk/entry/P00558
PGK1	missense_variant	uncertain significance	2522425660						P00558	Phosphoglycerate kinase 1	Homo sapiens	Encontrado	https://alphafold.ebi.ac.uk/entry/P00558
PGK1	missense_variant	uncertain significance	2522425721						P00558	Phosphoglycerate kinase 1	Homo sapiens	Encontrado	https://alphafold.ebi.ac.uk/entry/P00558
PGK1	missense_variant	uncertain significance	2522427210						P00558	Phosphoglycerate kinase 1	Homo sapiens	Encontrado	https://alphafold.ebi.ac.uk/entry/P00558
PGK1	missense_variant	uncertain significance	2522427475						P00558	Phosphoglycerate kinase 1	Homo sapiens	Encontrado	https://alphafold.ebi.ac.uk/entry/P00558
PGK1	missense_variant	uncertain significance	2522427557						P00558	Phosphoglycerate kinase 1	Homo sapiens	Encontrado	https://alphafold.ebi.ac.uk/entry/P00558
PGK1	missense_variant	uncertain significance	2522427561						P00558	Phosphoglycerate kinase 1	Homo sapiens	Encontrado	https://alphafold.ebi.ac.uk/entry/P00558
PGK1	missense_variant	uncertain significance	2522427606						P00558	Phosphoglycerate kinase 1	Homo sapiens	Encontrado	https://alphafold.ebi.ac.uk/entry/P00558
PGK1	missense_variant	uncertain significance	2522427748						P00558	Phosphoglycerate kinase 1	Homo sapiens	Encontrado	https://alphafold.ebi.ac.uk/entry/P00558
PGK1	missense_variant	uncertain significance	2522427873						P00558	Phosphoglycerate kinase 1	Homo sapiens	Encontrado	https://alphafold.ebi.ac.uk/entry/P00558
PGK1	missense_variant	uncertain significance	2522427886						P00558	Phosphoglycerate kinase 1	Homo sapiens	Encontrado	https://alphafold.ebi.ac.uk/entry/P00558
PGK1	missense_variant	uncertain significance	2522427956						P00558	Phosphoglycerate kinase 1	Homo sapiens	Encontrado	https://alphafold.ebi.ac.uk/entry/P00558
PGK1	missense_variant	uncertain significance	2522427989						P00558	Phosphoglycerate kinase 1	Homo sapiens	Encontrado	https://alphafold.ebi.ac.uk/entry/P00558
PGK1	missense_variant	uncertain significance	2522470537						P00558	Phosphoglycerate kinase 1	Homo sapiens	Encontrado	https://alphafold.ebi.ac.uk/entry/P00558
PGK1	missense_variant	uncertain significance	2522480007						P00558	Phosphoglycerate kinase 1	Homo sapiens	Encontrado	https://alphafold.ebi.ac.uk/entry/P00558
PGK1	missense_variant	uncertain significance	2522486633						P00558	Phosphoglycerate kinase 1	Homo sapiens	Encontrado	https://alphafold.ebi.ac.uk/entry/P00558
PGK1	missense_variant	uncertain significance	2522486680						P00558	Phosphoglycerate kinase 1	Homo sapiens	Encontrado	https://alphafold.ebi.ac.uk/entry/P00558
PGK1	missense_variant	uncertain significance	2522486721						P00558	Phosphoglycerate kinase 1	Homo sapiens	Encontrado	https://alphafold.ebi.ac.uk/entry/P00558
PGK1	missense_variant	uncertain significance	2522487380						P00558	Phosphoglycerate kinase 1	Homo sapiens	Encontrado	https://alphafold.ebi.ac.uk/entry/P00558
PGK1	missense_variant	uncertain significance	2522493053						P00558	Phosphoglycerate kinase 1	Homo sapiens	Encontrado	https://alphafold.ebi.ac.uk/entry/P00558
PGK1	missense_variant	uncertain significance	2522493109						P00558	Phosphoglycerate kinase 1	Homo sapiens	Encontrado	https://alphafold.ebi.ac.uk/entry/P00558
PGK1	missense_variant	uncertain significance	2522493224						P00558	Phosphoglycerate kinase 1	Homo sapiens	Encontrado	https://alphafold.ebi.ac.uk/entry/P00558
PGK1	missense_variant	uncertain significance	2522494351						P00558	Phosphoglycerate kinase 1	Homo sapiens	Encontrado	https://alphafold.ebi.ac.uk/entry/P00558
PGK1	missense_variant	uncertain significance	2522494377						P00558	Phosphoglycerate kinase 1	Homo sapiens	Encontrado	https://alphafold.ebi.ac.uk/entry/P00558
PGK1	missense_variant	uncertain significance	2522501949						P00558	Phosphoglycerate kinase 1	Homo sapiens	Encontrado	https://alphafold.ebi.ac.uk/entry/P00558
PGK1	missense_variant	uncertain significance	2522502101						P00558	Phosphoglycerate kinase 1	Homo sapiens	Encontrado	https://alphafold.ebi.ac.uk/entry/P00558
PGK1	missense_variant	uncertain significance	2522502109						P00558	Phosphoglycerate kinase 1	Homo sapiens	Encontrado	https://alphafold.ebi.ac.uk/entry/P00558
PGK1	missense_variant	uncertain significance	2522502121						P00558	Phosphoglycerate kinase 1	Homo sapiens	Encontrado	https://alphafold.ebi.ac.uk/entry/P00558
PGK1	missense_variant	uncertain significance	2522502829						P00558	Phosphoglycerate kinase 1	Homo sapiens	Encontrado	https://alphafold.ebi.ac.uk/entry/P00558
PGK1	missense_variant	uncertain significance	2522502857						P00558	Phosphoglycerate kinase 1	Homo sapiens	Encontrado	https://alphafold.ebi.ac.uk/entry/P00558
PGK1	missense_variant	likely benign	2522503150						P00558	Phosphoglycerate kinase 1	Homo sapiens	Encontrado	https://alphafold.ebi.ac.uk/entry/P00558
PGK1	missense_variant	uncertain significance	2522505647						P00558	Phosphoglycerate kinase 1	Homo sapiens	Encontrado	https://alphafold.ebi.ac.uk/entry/P00558
PGK1	missense_variant	uncertain significance	2522506007						P00558	Phosphoglycerate kinase 1	Homo sapiens	Encontrado	https://alphafold.ebi.ac.uk/entry/P00558
PGK1	missense_variant	uncertain significance	2522506819						P00558	Phosphoglycerate kinase 1	Homo sapiens	Encontrado	https://alphafold.ebi.ac.uk/entry/P00558
PGK1	missense_variant	uncertain significance	2522506966						P00558	Phosphoglycerate kinase 1	Homo sapiens	Encontrado	https://alphafold.ebi.ac.uk/entry/P00558
PGK1	missense_variant	uncertain significance	2522506986						P00558	Phosphoglycerate kinase 1	Homo sapiens	Encontrado	https://alphafold.ebi.ac.uk/entry/P00558
PGK1	missense_variant	uncertain significance	2522507005						P00558	Phosphoglycerate kinase 1	Homo sapiens	Encontrado	https://alphafold.ebi.ac.uk/entry/P00558
PGK1	missense_variant	uncertain significance	2522517098						P00558	Phosphoglycerate kinase 1	Homo sapiens	Encontrado	https://alphafold.ebi.ac.uk/entry/P00558
PGK1	missense_variant	uncertain significance, not provided, pathogenic	267606672						P00558	Phosphoglycerate kinase 1	Homo sapiens	Encontrado	https://alphafold.ebi.ac.uk/entry/P00558
PGK1	missense_variant	uncertain significance, not provided, pathogenic	267606673						P00558	Phosphoglycerate kinase 1	Homo sapiens	Encontrado	https://alphafold.ebi.ac.uk/entry/P00558
PGK1	missense_variant	uncertain significance, benign	367775730						P00558	Phosphoglycerate kinase 1	Homo sapiens	Encontrado	https://alphafold.ebi.ac.uk/entry/P00558
PGK1	missense_variant		367978370						P00558	Phosphoglycerate kinase 1	Homo sapiens	Encontrado	https://alphafold.ebi.ac.uk/entry/P00558
PGK1	missense_variant		367986510						P00558	Phosphoglycerate kinase 1	Homo sapiens	Encontrado	https://alphafold.ebi.ac.uk/entry/P00558
PGK1	missense_variant	uncertain significance, benign	368091927						P00558	Phosphoglycerate kinase 1	Homo sapiens	Encontrado	https://alphafold.ebi.ac.uk/entry/P00558
PGK1	missense_variant	uncertain significance, benign, likely benign	368147403						P00558	Phosphoglycerate kinase 1	Homo sapiens	Encontrado	https://alphafold.ebi.ac.uk/entry/P00558
PGK1	missense_variant	uncertain significance, likely benign	368355216						P00558	Phosphoglycerate kinase 1	Homo sapiens	Encontrado	https://alphafold.ebi.ac.uk/entry/P00558
PGK1	missense_variant	uncertain significance, benign, likely benign	368622356						P00558	Phosphoglycerate kinase 1	Homo sapiens	Encontrado	https://alphafold.ebi.ac.uk/entry/P00558
PGK1	missense_variant	uncertain significance, benign	368917354						P00558	Phosphoglycerate kinase 1	Homo sapiens	Encontrado	https://alphafold.ebi.ac.uk/entry/P00558
PGK1	missense_variant	uncertain significance, likely benign	368982547						P00558	Phosphoglycerate kinase 1	Homo sapiens	Encontrado	https://alphafold.ebi.ac.uk/entry/P00558
PGK1	missense_variant		369086578						P00558	Phosphoglycerate kinase 1	Homo sapiens	Encontrado	https://alphafold.ebi.ac.uk/entry/P00558
PGK1	missense_variant	uncertain significance, likely benign	369114635						P00558	Phosphoglycerate kinase 1	Homo sapiens	Encontrado	https://alphafold.ebi.ac.uk/entry/P00558
PGK1	missense_variant		369320831						P00558	Phosphoglycerate kinase 1	Homo sapiens	Encontrado	https://alphafold.ebi.ac.uk/entry/P00558
PGK1	missense_variant	uncertain significance, likely benign	369335432						P00558	Phosphoglycerate kinase 1	Homo sapiens	Encontrado	https://alphafold.ebi.ac.uk/entry/P00558
PGK1	missense_variant	uncertain significance, likely benign	369419911						P00558	Phosphoglycerate kinase 1	Homo sapiens	Encontrado	https://alphafold.ebi.ac.uk/entry/P00558
PGK1	missense_variant		369648803						P00558	Phosphoglycerate kinase 1	Homo sapiens	Encontrado	https://alphafold.ebi.ac.uk/entry/P00558
PGK1	missense_variant	uncertain significance	369832937						P00558	Phosphoglycerate kinase 1	Homo sapiens	Encontrado	https://alphafold.ebi.ac.uk/entry/P00558
PGK1	missense_variant	uncertain significance, benign, likely benign	370736173						P00558	Phosphoglycerate kinase 1	Homo sapiens	Encontrado	https://alphafold.ebi.ac.uk/entry/P00558
PGK1	missense_variant	uncertain significance, likely benign	371215281						P00558	Phosphoglycerate kinase 1	Homo sapiens	Encontrado	https://alphafold.ebi.ac.uk/entry/P00558
PGK1	missense_variant	uncertain significance, likely benign	371409820						P00558	Phosphoglycerate kinase 1	Homo sapiens	Encontrado	https://alphafold.ebi.ac.uk/entry/P00558
PGK1	missense_variant	uncertain significance, likely benign	371441365						P00558	Phosphoglycerate kinase 1	Homo sapiens	Encontrado	https://alphafold.ebi.ac.uk/entry/P00558
PGK1	missense_variant		371577354						P00558	Phosphoglycerate kinase 1	Homo sapiens	Encontrado	https://alphafold.ebi.ac.uk/entry/P00558
PGK1	missense_variant		371589063						P00558	Phosphoglycerate kinase 1	Homo sapiens	Encontrado	https://alphafold.ebi.ac.uk/entry/P00558
PGK1	missense_variant	uncertain significance, likely benign	371777895						P00558	Phosphoglycerate kinase 1	Homo sapiens	Encontrado	https://alphafold.ebi.ac.uk/entry/P00558
PGK1	missense_variant	uncertain significance	372066609						P00558	Phosphoglycerate kinase 1	Homo sapiens	Encontrado	https://alphafold.ebi.ac.uk/entry/P00558
PGK1	missense_variant	benign	372116692						P00558	Phosphoglycerate kinase 1	Homo sapiens	Encontrado	https://alphafold.ebi.ac.uk/entry/P00558
PGK1	missense_variant	uncertain significance	372149463						P00558	Phosphoglycerate kinase 1	Homo sapiens	Encontrado	https://alphafold.ebi.ac.uk/entry/P00558
PGK1	missense_variant		372215717						P00558	Phosphoglycerate kinase 1	Homo sapiens	Encontrado	https://alphafold.ebi.ac.uk/entry/P00558
PGK1	missense_variant	uncertain significance, benign	372318616						P00558	Phosphoglycerate kinase 1	Homo sapiens	Encontrado	https://alphafold.ebi.ac.uk/entry/P00558
PGK1	missense_variant	uncertain significance, benign, likely benign	372489000						P00558	Phosphoglycerate kinase 1	Homo sapiens	Encontrado	https://alphafold.ebi.ac.uk/entry/P00558
PGK1	missense_variant		372683182						P00558	Phosphoglycerate kinase 1	Homo sapiens	Encontrado	https://alphafold.ebi.ac.uk/entry/P00558
PGK1	missense_variant	likely benign	372780635						P00558	Phosphoglycerate kinase 1	Homo sapiens	Encontrado	https://alphafold.ebi.ac.uk/entry/P00558
PGK1	missense_variant	uncertain significance, likely benign	372898963						P00558	Phosphoglycerate kinase 1	Homo sapiens	Encontrado	https://alphafold.ebi.ac.uk/entry/P00558
PGK1	missense_variant	uncertain significance, benign	373634671						P00558	Phosphoglycerate kinase 1	Homo sapiens	Encontrado	https://alphafold.ebi.ac.uk/entry/P00558
PGK1	missense_variant		373783936						P00558	Phosphoglycerate kinase 1	Homo sapiens	Encontrado	https://alphafold.ebi.ac.uk/entry/P00558
PGK1	missense_variant	uncertain significance	374043566						P00558	Phosphoglycerate kinase 1	Homo sapiens	Encontrado	https://alphafold.ebi.ac.uk/entry/P00558
PGK1	missense_variant		374068404						P00558	Phosphoglycerate kinase 1	Homo sapiens	Encontrado	https://alphafold.ebi.ac.uk/entry/P00558
PGK1	missense_variant	uncertain significance, benign, likely benign	374154862						P00558	Phosphoglycerate kinase 1	Homo sapiens	Encontrado	https://alphafold.ebi.ac.uk/entry/P00558
PGK1	missense_variant	benign, likely benign	374162669						P00558	Phosphoglycerate kinase 1	Homo sapiens	Encontrado	https://alphafold.ebi.ac.uk/entry/P00558
PGK1	missense_variant	uncertain significance	374169747	P00558	rs374169747	L118M	1.0		P00558	Phosphoglycerate kinase 1	Homo sapiens	Encontrado	https://alphafold.ebi.ac.uk/entry/P00558
PGK1	missense_variant	uncertain significance	374169747	P00558	rs374169747	L118M	0.0		P00558	Phosphoglycerate kinase 1	Homo sapiens	Encontrado	https://alphafold.ebi.ac.uk/entry/P00558
PGK1	missense_variant	uncertain significance, benign	374530062						P00558	Phosphoglycerate kinase 1	Homo sapiens	Encontrado	https://alphafold.ebi.ac.uk/entry/P00558
PGK1	missense_variant	likely benign	374672270						P00558	Phosphoglycerate kinase 1	Homo sapiens	Encontrado	https://alphafold.ebi.ac.uk/entry/P00558
PGK1	missense_variant	uncertain significance, likely benign	374855698						P00558	Phosphoglycerate kinase 1	Homo sapiens	Encontrado	https://alphafold.ebi.ac.uk/entry/P00558
PGK1	missense_variant	likely benign	375103934						P00558	Phosphoglycerate kinase 1	Homo sapiens	Encontrado	https://alphafold.ebi.ac.uk/entry/P00558
PGK1	missense_variant		375438789						P00558	Phosphoglycerate kinase 1	Homo sapiens	Encontrado	https://alphafold.ebi.ac.uk/entry/P00558
PGK1	missense_variant	uncertain significance	375563909						P00558	Phosphoglycerate kinase 1	Homo sapiens	Encontrado	https://alphafold.ebi.ac.uk/entry/P00558
PGK1	missense_variant		375671783						P00558	Phosphoglycerate kinase 1	Homo sapiens	Encontrado	https://alphafold.ebi.ac.uk/entry/P00558
PGK1	missense_variant	uncertain significance, likely benign	375709681						P00558	Phosphoglycerate kinase 1	Homo sapiens	Encontrado	https://alphafold.ebi.ac.uk/entry/P00558
PGK1	missense_variant	uncertain significance, likely benign	375788705						P00558	Phosphoglycerate kinase 1	Homo sapiens	Encontrado	https://alphafold.ebi.ac.uk/entry/P00558
PGK1	missense_variant	likely benign	375819425						P00558	Phosphoglycerate kinase 1	Homo sapiens	Encontrado	https://alphafold.ebi.ac.uk/entry/P00558
PGK1	missense_variant	uncertain significance	375971289	P00558	rs375971289	I147M	0.365		P00558	Phosphoglycerate kinase 1	Homo sapiens	Encontrado	https://alphafold.ebi.ac.uk/entry/P00558
PGK1	missense_variant	uncertain significance	375971289	P00558	rs375971289	I147M	0.02		P00558	Phosphoglycerate kinase 1	Homo sapiens	Encontrado	https://alphafold.ebi.ac.uk/entry/P00558
PGK1	missense_variant	uncertain significance	376084606						P00558	Phosphoglycerate kinase 1	Homo sapiens	Encontrado	https://alphafold.ebi.ac.uk/entry/P00558
PGK1	missense_variant	uncertain significance, benign	376654190						P00558	Phosphoglycerate kinase 1	Homo sapiens	Encontrado	https://alphafold.ebi.ac.uk/entry/P00558
PGK1	missense_variant		376675574						P00558	Phosphoglycerate kinase 1	Homo sapiens	Encontrado	https://alphafold.ebi.ac.uk/entry/P00558
PGK1	missense_variant	likely benign	376895016						P00558	Phosphoglycerate kinase 1	Homo sapiens	Encontrado	https://alphafold.ebi.ac.uk/entry/P00558
PGK1	missense_variant	uncertain significance	377001714	P00558	rs377001714	P182L	0.688		P00558	Phosphoglycerate kinase 1	Homo sapiens	Encontrado	https://alphafold.ebi.ac.uk/entry/P00558
PGK1	missense_variant	uncertain significance	377001714	P00558	rs377001714	P182L	0.0		P00558	Phosphoglycerate kinase 1	Homo sapiens	Encontrado	https://alphafold.ebi.ac.uk/entry/P00558
PGK1	missense_variant		377351700						P00558	Phosphoglycerate kinase 1	Homo sapiens	Encontrado	https://alphafold.ebi.ac.uk/entry/P00558
PGK1	missense_variant	uncertain significance, benign	377651753						P00558	Phosphoglycerate kinase 1	Homo sapiens	Encontrado	https://alphafold.ebi.ac.uk/entry/P00558
PGK1	missense_variant	uncertain significance, likely benign	377714939						P00558	Phosphoglycerate kinase 1	Homo sapiens	Encontrado	https://alphafold.ebi.ac.uk/entry/P00558
PGK1	missense_variant	uncertain significance	398123134						P00558	Phosphoglycerate kinase 1	Homo sapiens	Encontrado	https://alphafold.ebi.ac.uk/entry/P00558
PGK1	missense_variant	pathogenic	431905501						P00558	Phosphoglycerate kinase 1	Homo sapiens	Encontrado	https://alphafold.ebi.ac.uk/entry/P00558
PGK1	missense_variant	uncertain significance, benign, likely benign	539177302						P00558	Phosphoglycerate kinase 1	Homo sapiens	Encontrado	https://alphafold.ebi.ac.uk/entry/P00558
PGK1	missense_variant		545396408						P00558	Phosphoglycerate kinase 1	Homo sapiens	Encontrado	https://alphafold.ebi.ac.uk/entry/P00558
PGK1	missense_variant		549203673						P00558	Phosphoglycerate kinase 1	Homo sapiens	Encontrado	https://alphafold.ebi.ac.uk/entry/P00558
PGK1	missense_variant		5913638						P00558	Phosphoglycerate kinase 1	Homo sapiens	Encontrado	https://alphafold.ebi.ac.uk/entry/P00558
PGK1	missense_variant		5959129						P00558	Phosphoglycerate kinase 1	Homo sapiens	Encontrado	https://alphafold.ebi.ac.uk/entry/P00558
PGK1	missense_variant	benign, likely benign	5959130						P00558	Phosphoglycerate kinase 1	Homo sapiens	Encontrado	https://alphafold.ebi.ac.uk/entry/P00558
PGK1	missense_variant	benign, likely benign	61742278						P00558	Phosphoglycerate kinase 1	Homo sapiens	Encontrado	https://alphafold.ebi.ac.uk/entry/P00558
PGK1	missense_variant		61743418						P00558	Phosphoglycerate kinase 1	Homo sapiens	Encontrado	https://alphafold.ebi.ac.uk/entry/P00558
PGK1	missense_variant	benign	62621209						P00558	Phosphoglycerate kinase 1	Homo sapiens	Encontrado	https://alphafold.ebi.ac.uk/entry/P00558
PGK1	missense_variant		6622613						P00558	Phosphoglycerate kinase 1	Homo sapiens	Encontrado	https://alphafold.ebi.ac.uk/entry/P00558
PGK1	missense_variant	uncertain significance, likely pathogenic	72554639						P00558	Phosphoglycerate kinase 1	Homo sapiens	Encontrado	https://alphafold.ebi.ac.uk/entry/P00558
PGK1	missense_variant	uncertain significance	72554642						P00558	Phosphoglycerate kinase 1	Homo sapiens	Encontrado	https://alphafold.ebi.ac.uk/entry/P00558
PGK1	missense_variant	uncertain significance	72554646						P00558	Phosphoglycerate kinase 1	Homo sapiens	Encontrado	https://alphafold.ebi.ac.uk/entry/P00558
PGK1	missense_variant	uncertain significance	72554651						P00558	Phosphoglycerate kinase 1	Homo sapiens	Encontrado	https://alphafold.ebi.ac.uk/entry/P00558
PGK1	missense_variant	pathogenic	72554652						P00558	Phosphoglycerate kinase 1	Homo sapiens	Encontrado	https://alphafold.ebi.ac.uk/entry/P00558
PGK1	missense_variant	uncertain significance	72554654						P00558	Phosphoglycerate kinase 1	Homo sapiens	Encontrado	https://alphafold.ebi.ac.uk/entry/P00558
PGK1	missense_variant	uncertain significance	72554655						P00558	Phosphoglycerate kinase 1	Homo sapiens	Encontrado	https://alphafold.ebi.ac.uk/entry/P00558
PGK1	missense_variant	uncertain significance	72554657						P00558	Phosphoglycerate kinase 1	Homo sapiens	Encontrado	https://alphafold.ebi.ac.uk/entry/P00558
PGK1	missense_variant	uncertain significance, likely pathogenic	727504084	P00558	rs727504084	G372C	1.0		P00558	Phosphoglycerate kinase 1	Homo sapiens	Encontrado	https://alphafold.ebi.ac.uk/entry/P00558
PGK1	missense_variant	uncertain significance, likely pathogenic	727504084	P00558	rs727504084	G372C	0.0		P00558	Phosphoglycerate kinase 1	Homo sapiens	Encontrado	https://alphafold.ebi.ac.uk/entry/P00558
PGK1	missense_variant	uncertain significance, likely pathogenic	727504084	P00558	rs727504084	G372S	1.0		P00558	Phosphoglycerate kinase 1	Homo sapiens	Encontrado	https://alphafold.ebi.ac.uk/entry/P00558
PGK1	missense_variant	uncertain significance, likely pathogenic	727504084	P00558	rs727504084	G372S	0.01		P00558	Phosphoglycerate kinase 1	Homo sapiens	Encontrado	https://alphafold.ebi.ac.uk/entry/P00558
PGK1	missense_variant	uncertain significance	77671794						P00558	Phosphoglycerate kinase 1	Homo sapiens	Encontrado	https://alphafold.ebi.ac.uk/entry/P00558
PGK1	missense_variant	uncertain significance, likely benign	781786942						P00558	Phosphoglycerate kinase 1	Homo sapiens	Encontrado	https://alphafold.ebi.ac.uk/entry/P00558
PGK1	missense_variant	uncertain significance	781787236	P00558	rs781787236	S271T	0.0		P00558	Phosphoglycerate kinase 1	Homo sapiens	Encontrado	https://alphafold.ebi.ac.uk/entry/P00558
PGK1	missense_variant	uncertain significance	781787236	P00558	rs781787236	S271T	0.25		P00558	Phosphoglycerate kinase 1	Homo sapiens	Encontrado	https://alphafold.ebi.ac.uk/entry/P00558
PGK1	missense_variant		781788336						P00558	Phosphoglycerate kinase 1	Homo sapiens	Encontrado	https://alphafold.ebi.ac.uk/entry/P00558
PGK1	missense_variant		781790080						P00558	Phosphoglycerate kinase 1	Homo sapiens	Encontrado	https://alphafold.ebi.ac.uk/entry/P00558
PGK1	missense_variant	likely benign	781792854						P00558	Phosphoglycerate kinase 1	Homo sapiens	Encontrado	https://alphafold.ebi.ac.uk/entry/P00558
PGK1	missense_variant		781794466						P00558	Phosphoglycerate kinase 1	Homo sapiens	Encontrado	https://alphafold.ebi.ac.uk/entry/P00558
PGK1	missense_variant		781794508						P00558	Phosphoglycerate kinase 1	Homo sapiens	Encontrado	https://alphafold.ebi.ac.uk/entry/P00558
PGK1	missense_variant		781795389						P00558	Phosphoglycerate kinase 1	Homo sapiens	Encontrado	https://alphafold.ebi.ac.uk/entry/P00558
PGK1	missense_variant		781797487						P00558	Phosphoglycerate kinase 1	Homo sapiens	Encontrado	https://alphafold.ebi.ac.uk/entry/P00558
PGK1	missense_variant		781797530						P00558	Phosphoglycerate kinase 1	Homo sapiens	Encontrado	https://alphafold.ebi.ac.uk/entry/P00558
PGK1	missense_variant	likely benign	781802888						P00558	Phosphoglycerate kinase 1	Homo sapiens	Encontrado	https://alphafold.ebi.ac.uk/entry/P00558
PGK1	missense_variant		781808615						P00558	Phosphoglycerate kinase 1	Homo sapiens	Encontrado	https://alphafold.ebi.ac.uk/entry/P00558
PGK1	missense_variant		781810913						P00558	Phosphoglycerate kinase 1	Homo sapiens	Encontrado	https://alphafold.ebi.ac.uk/entry/P00558
PGK1	missense_variant	benign, likely benign	781817601						P00558	Phosphoglycerate kinase 1	Homo sapiens	Encontrado	https://alphafold.ebi.ac.uk/entry/P00558
PGK1	missense_variant		781818513						P00558	Phosphoglycerate kinase 1	Homo sapiens	Encontrado	https://alphafold.ebi.ac.uk/entry/P00558
PGK1	missense_variant		781828489						P00558	Phosphoglycerate kinase 1	Homo sapiens	Encontrado	https://alphafold.ebi.ac.uk/entry/P00558
PGK1	missense_variant	uncertain significance, likely benign	781834607						P00558	Phosphoglycerate kinase 1	Homo sapiens	Encontrado	https://alphafold.ebi.ac.uk/entry/P00558
PGK1	missense_variant	uncertain significance	781834675						P00558	Phosphoglycerate kinase 1	Homo sapiens	Encontrado	https://alphafold.ebi.ac.uk/entry/P00558
PGK1	missense_variant		781835582						P00558	Phosphoglycerate kinase 1	Homo sapiens	Encontrado	https://alphafold.ebi.ac.uk/entry/P00558
PGK1	missense_variant		781836676						P00558	Phosphoglycerate kinase 1	Homo sapiens	Encontrado	https://alphafold.ebi.ac.uk/entry/P00558
PGK1	missense_variant	likely benign	781837620						P00558	Phosphoglycerate kinase 1	Homo sapiens	Encontrado	https://alphafold.ebi.ac.uk/entry/P00558
PGK1	missense_variant	likely benign	781838499						P00558	Phosphoglycerate kinase 1	Homo sapiens	Encontrado	https://alphafold.ebi.ac.uk/entry/P00558
PGK1	missense_variant	uncertain significance, benign, likely benign	781839243	P00558	rs781839243	N180S	0.006		P00558	Phosphoglycerate kinase 1	Homo sapiens	Encontrado	https://alphafold.ebi.ac.uk/entry/P00558
PGK1	missense_variant	uncertain significance, benign, likely benign	781839243	P00558	rs781839243	N180S	0.08		P00558	Phosphoglycerate kinase 1	Homo sapiens	Encontrado	https://alphafold.ebi.ac.uk/entry/P00558
PGK1	missense_variant	likely benign	781842416						P00558	Phosphoglycerate kinase 1	Homo sapiens	Encontrado	https://alphafold.ebi.ac.uk/entry/P00558
PGK1	missense_variant	benign	781844108						P00558	Phosphoglycerate kinase 1	Homo sapiens	Encontrado	https://alphafold.ebi.ac.uk/entry/P00558
PGK1	missense_variant	uncertain significance, likely benign	781845619	P00558	rs781845619	T385M	0.498		P00558	Phosphoglycerate kinase 1	Homo sapiens	Encontrado	https://alphafold.ebi.ac.uk/entry/P00558
PGK1	missense_variant	uncertain significance, likely benign	781845619	P00558	rs781845619	T385M	0.04		P00558	Phosphoglycerate kinase 1	Homo sapiens	Encontrado	https://alphafold.ebi.ac.uk/entry/P00558
PGK1	missense_variant		781845906						P00558	Phosphoglycerate kinase 1	Homo sapiens	Encontrado	https://alphafold.ebi.ac.uk/entry/P00558
PGK1	missense_variant		781853820						P00558	Phosphoglycerate kinase 1	Homo sapiens	Encontrado	https://alphafold.ebi.ac.uk/entry/P00558
PGK1	missense_variant		781856100						P00558	Phosphoglycerate kinase 1	Homo sapiens	Encontrado	https://alphafold.ebi.ac.uk/entry/P00558
PGK1	missense_variant	likely benign	781866452						P00558	Phosphoglycerate kinase 1	Homo sapiens	Encontrado	https://alphafold.ebi.ac.uk/entry/P00558
PGK1	missense_variant		781868061						P00558	Phosphoglycerate kinase 1	Homo sapiens	Encontrado	https://alphafold.ebi.ac.uk/entry/P00558
PGK1	missense_variant		781868456						P00558	Phosphoglycerate kinase 1	Homo sapiens	Encontrado	https://alphafold.ebi.ac.uk/entry/P00558
PGK1	missense_variant	uncertain significance	781868948						P00558	Phosphoglycerate kinase 1	Homo sapiens	Encontrado	https://alphafold.ebi.ac.uk/entry/P00558
PGK1	missense_variant		781869384						P00558	Phosphoglycerate kinase 1	Homo sapiens	Encontrado	https://alphafold.ebi.ac.uk/entry/P00558
PGK1	missense_variant	uncertain significance, likely benign	781872960						P00558	Phosphoglycerate kinase 1	Homo sapiens	Encontrado	https://alphafold.ebi.ac.uk/entry/P00558
PGK1	missense_variant	benign	781873881						P00558	Phosphoglycerate kinase 1	Homo sapiens	Encontrado	https://alphafold.ebi.ac.uk/entry/P00558
PGK1	missense_variant	uncertain significance, benign	781874593						P00558	Phosphoglycerate kinase 1	Homo sapiens	Encontrado	https://alphafold.ebi.ac.uk/entry/P00558
PGK1	missense_variant	uncertain significance, benign	781875982	P00558	rs781875982	F49Y	0.0		P00558	Phosphoglycerate kinase 1	Homo sapiens	Encontrado	https://alphafold.ebi.ac.uk/entry/P00558
PGK1	missense_variant	uncertain significance, benign	781875982	P00558	rs781875982	F49Y	1.0		P00558	Phosphoglycerate kinase 1	Homo sapiens	Encontrado	https://alphafold.ebi.ac.uk/entry/P00558
PGK1	missense_variant		781876137						P00558	Phosphoglycerate kinase 1	Homo sapiens	Encontrado	https://alphafold.ebi.ac.uk/entry/P00558
PGK1	missense_variant		781876284						P00558	Phosphoglycerate kinase 1	Homo sapiens	Encontrado	https://alphafold.ebi.ac.uk/entry/P00558
PGK1	missense_variant	uncertain significance	781879594						P00558	Phosphoglycerate kinase 1	Homo sapiens	Encontrado	https://alphafold.ebi.ac.uk/entry/P00558
PGK1	missense_variant		781882355						P00558	Phosphoglycerate kinase 1	Homo sapiens	Encontrado	https://alphafold.ebi.ac.uk/entry/P00558
PGK1	missense_variant		781884744						P00558	Phosphoglycerate kinase 1	Homo sapiens	Encontrado	https://alphafold.ebi.ac.uk/entry/P00558
PGK1	missense_variant		781886587						P00558	Phosphoglycerate kinase 1	Homo sapiens	Encontrado	https://alphafold.ebi.ac.uk/entry/P00558
PGK1	missense_variant		781888700						P00558	Phosphoglycerate kinase 1	Homo sapiens	Encontrado	https://alphafold.ebi.ac.uk/entry/P00558
PGK1	missense_variant	likely benign	781892236						P00558	Phosphoglycerate kinase 1	Homo sapiens	Encontrado	https://alphafold.ebi.ac.uk/entry/P00558
PGK1	missense_variant		781897274						P00558	Phosphoglycerate kinase 1	Homo sapiens	Encontrado	https://alphafold.ebi.ac.uk/entry/P00558
PGK1	missense_variant	uncertain significance, likely benign	781899954	P00558	rs781899954	C99R	0.996		P00558	Phosphoglycerate kinase 1	Homo sapiens	Encontrado	https://alphafold.ebi.ac.uk/entry/P00558
PGK1	missense_variant	uncertain significance, likely benign	781899954	P00558	rs781899954	C99R	0.0		P00558	Phosphoglycerate kinase 1	Homo sapiens	Encontrado	https://alphafold.ebi.ac.uk/entry/P00558
PGK1	missense_variant	benign, likely benign	781900997						P00558	Phosphoglycerate kinase 1	Homo sapiens	Encontrado	https://alphafold.ebi.ac.uk/entry/P00558
PGK1	missense_variant		781901568						P00558	Phosphoglycerate kinase 1	Homo sapiens	Encontrado	https://alphafold.ebi.ac.uk/entry/P00558
PGK1	missense_variant		781904609						P00558	Phosphoglycerate kinase 1	Homo sapiens	Encontrado	https://alphafold.ebi.ac.uk/entry/P00558
PGK1	missense_variant		781905991						P00558	Phosphoglycerate kinase 1	Homo sapiens	Encontrado	https://alphafold.ebi.ac.uk/entry/P00558
PGK1	missense_variant	uncertain significance	781907456						P00558	Phosphoglycerate kinase 1	Homo sapiens	Encontrado	https://alphafold.ebi.ac.uk/entry/P00558
PGK1	missense_variant	uncertain significance	781910954						P00558	Phosphoglycerate kinase 1	Homo sapiens	Encontrado	https://alphafold.ebi.ac.uk/entry/P00558
PGK1	missense_variant	uncertain significance	781911123	P00558	rs781911123	E84K	0.795		P00558	Phosphoglycerate kinase 1	Homo sapiens	Encontrado	https://alphafold.ebi.ac.uk/entry/P00558
PGK1	missense_variant	uncertain significance	781911123	P00558	rs781911123	E84K	0.02		P00558	Phosphoglycerate kinase 1	Homo sapiens	Encontrado	https://alphafold.ebi.ac.uk/entry/P00558
PGK1	missense_variant	uncertain significance, likely benign	781912153						P00558	Phosphoglycerate kinase 1	Homo sapiens	Encontrado	https://alphafold.ebi.ac.uk/entry/P00558
PGK1	missense_variant	uncertain significance, likely benign	781912401						P00558	Phosphoglycerate kinase 1	Homo sapiens	Encontrado	https://alphafold.ebi.ac.uk/entry/P00558
PGK1	missense_variant	uncertain significance, benign, likely benign	781914030						P00558	Phosphoglycerate kinase 1	Homo sapiens	Encontrado	https://alphafold.ebi.ac.uk/entry/P00558
PGK1	missense_variant		781920156						P00558	Phosphoglycerate kinase 1	Homo sapiens	Encontrado	https://alphafold.ebi.ac.uk/entry/P00558
PGK1	missense_variant		781920202						P00558	Phosphoglycerate kinase 1	Homo sapiens	Encontrado	https://alphafold.ebi.ac.uk/entry/P00558
PGK1	missense_variant		781921341						P00558	Phosphoglycerate kinase 1	Homo sapiens	Encontrado	https://alphafold.ebi.ac.uk/entry/P00558
PGK1	missense_variant	uncertain significance	781922067						P00558	Phosphoglycerate kinase 1	Homo sapiens	Encontrado	https://alphafold.ebi.ac.uk/entry/P00558
PGK1	missense_variant		781922586						P00558	Phosphoglycerate kinase 1	Homo sapiens	Encontrado	https://alphafold.ebi.ac.uk/entry/P00558
PGK1	missense_variant	likely benign	781927920						P00558	Phosphoglycerate kinase 1	Homo sapiens	Encontrado	https://alphafold.ebi.ac.uk/entry/P00558
PGK1	missense_variant	likely benign	781932382						P00558	Phosphoglycerate kinase 1	Homo sapiens	Encontrado	https://alphafold.ebi.ac.uk/entry/P00558
PGK1	missense_variant	uncertain significance	781934451						P00558	Phosphoglycerate kinase 1	Homo sapiens	Encontrado	https://alphafold.ebi.ac.uk/entry/P00558
PGK1	missense_variant		781935299						P00558	Phosphoglycerate kinase 1	Homo sapiens	Encontrado	https://alphafold.ebi.ac.uk/entry/P00558
PGK1	missense_variant		781941647						P00558	Phosphoglycerate kinase 1	Homo sapiens	Encontrado	https://alphafold.ebi.ac.uk/entry/P00558
PGK1	missense_variant		781945763						P00558	Phosphoglycerate kinase 1	Homo sapiens	Encontrado	https://alphafold.ebi.ac.uk/entry/P00558
PGK1	missense_variant		781946148						P00558	Phosphoglycerate kinase 1	Homo sapiens	Encontrado	https://alphafold.ebi.ac.uk/entry/P00558
PGK1	missense_variant		781947045						P00558	Phosphoglycerate kinase 1	Homo sapiens	Encontrado	https://alphafold.ebi.ac.uk/entry/P00558
PGK1	missense_variant	uncertain significance	781951786						P00558	Phosphoglycerate kinase 1	Homo sapiens	Encontrado	https://alphafold.ebi.ac.uk/entry/P00558
PGK1	missense_variant	uncertain significance, likely benign	781952393						P00558	Phosphoglycerate kinase 1	Homo sapiens	Encontrado	https://alphafold.ebi.ac.uk/entry/P00558
PGK1	missense_variant	uncertain significance, likely benign	781959472						P00558	Phosphoglycerate kinase 1	Homo sapiens	Encontrado	https://alphafold.ebi.ac.uk/entry/P00558
PGK1	missense_variant	likely benign	781961626						P00558	Phosphoglycerate kinase 1	Homo sapiens	Encontrado	https://alphafold.ebi.ac.uk/entry/P00558
PGK1	missense_variant	uncertain significance, likely benign	781964005						P00558	Phosphoglycerate kinase 1	Homo sapiens	Encontrado	https://alphafold.ebi.ac.uk/entry/P00558
PGK1	missense_variant		781967907						P00558	Phosphoglycerate kinase 1	Homo sapiens	Encontrado	https://alphafold.ebi.ac.uk/entry/P00558
PGK1	missense_variant	uncertain significance, benign	781968399						P00558	Phosphoglycerate kinase 1	Homo sapiens	Encontrado	https://alphafold.ebi.ac.uk/entry/P00558
PGK1	missense_variant	uncertain significance, likely benign	781970260						P00558	Phosphoglycerate kinase 1	Homo sapiens	Encontrado	https://alphafold.ebi.ac.uk/entry/P00558
PGK1	missense_variant		781971363						P00558	Phosphoglycerate kinase 1	Homo sapiens	Encontrado	https://alphafold.ebi.ac.uk/entry/P00558
PGK1	missense_variant		781978578						P00558	Phosphoglycerate kinase 1	Homo sapiens	Encontrado	https://alphafold.ebi.ac.uk/entry/P00558
PGK1	missense_variant		781988009						P00558	Phosphoglycerate kinase 1	Homo sapiens	Encontrado	https://alphafold.ebi.ac.uk/entry/P00558
PGK1	missense_variant	likely benign	781988033						P00558	Phosphoglycerate kinase 1	Homo sapiens	Encontrado	https://alphafold.ebi.ac.uk/entry/P00558
PGK1	missense_variant		781994934						P00558	Phosphoglycerate kinase 1	Homo sapiens	Encontrado	https://alphafold.ebi.ac.uk/entry/P00558
PGK1	missense_variant	uncertain significance	781995242						P00558	Phosphoglycerate kinase 1	Homo sapiens	Encontrado	https://alphafold.ebi.ac.uk/entry/P00558
PGK1	missense_variant	uncertain significance	782000271						P00558	Phosphoglycerate kinase 1	Homo sapiens	Encontrado	https://alphafold.ebi.ac.uk/entry/P00558
PGK1	missense_variant	uncertain significance	782002197						P00558	Phosphoglycerate kinase 1	Homo sapiens	Encontrado	https://alphafold.ebi.ac.uk/entry/P00558
PGK1	missense_variant	uncertain significance, benign, likely benign, likely pathogenic	782006661						P00558	Phosphoglycerate kinase 1	Homo sapiens	Encontrado	https://alphafold.ebi.ac.uk/entry/P00558
PGK1	missense_variant	uncertain significance, likely benign	782012781						P00558	Phosphoglycerate kinase 1	Homo sapiens	Encontrado	https://alphafold.ebi.ac.uk/entry/P00558
PGK1	missense_variant	likely benign	782018636						P00558	Phosphoglycerate kinase 1	Homo sapiens	Encontrado	https://alphafold.ebi.ac.uk/entry/P00558
PGK1	missense_variant	uncertain significance	782021386						P00558	Phosphoglycerate kinase 1	Homo sapiens	Encontrado	https://alphafold.ebi.ac.uk/entry/P00558
PGK1	missense_variant	uncertain significance, likely benign	782026169						P00558	Phosphoglycerate kinase 1	Homo sapiens	Encontrado	https://alphafold.ebi.ac.uk/entry/P00558
PGK1	missense_variant		782029133						P00558	Phosphoglycerate kinase 1	Homo sapiens	Encontrado	https://alphafold.ebi.ac.uk/entry/P00558
PGK1	missense_variant	likely benign	782029320						P00558	Phosphoglycerate kinase 1	Homo sapiens	Encontrado	https://alphafold.ebi.ac.uk/entry/P00558
PGK1	missense_variant	likely benign	782037158						P00558	Phosphoglycerate kinase 1	Homo sapiens	Encontrado	https://alphafold.ebi.ac.uk/entry/P00558
PGK1	missense_variant		782038048						P00558	Phosphoglycerate kinase 1	Homo sapiens	Encontrado	https://alphafold.ebi.ac.uk/entry/P00558
PGK1	missense_variant	uncertain significance, likely benign	782040677	P00558	rs782040677	E143K	0.0		P00558	Phosphoglycerate kinase 1	Homo sapiens	Encontrado	https://alphafold.ebi.ac.uk/entry/P00558
PGK1	missense_variant	uncertain significance, likely benign	782040677	P00558	rs782040677	E143K	0.2		P00558	Phosphoglycerate kinase 1	Homo sapiens	Encontrado	https://alphafold.ebi.ac.uk/entry/P00558
PGK1	missense_variant	uncertain significance, likely benign	782040677	P00558	rs782040677	E143Q	0.027		P00558	Phosphoglycerate kinase 1	Homo sapiens	Encontrado	https://alphafold.ebi.ac.uk/entry/P00558
PGK1	missense_variant	uncertain significance, likely benign	782040677	P00558	rs782040677	E143Q	0.01		P00558	Phosphoglycerate kinase 1	Homo sapiens	Encontrado	https://alphafold.ebi.ac.uk/entry/P00558
PGK1	missense_variant	uncertain significance, likely benign	782048861						P00558	Phosphoglycerate kinase 1	Homo sapiens	Encontrado	https://alphafold.ebi.ac.uk/entry/P00558
PGK1	missense_variant	benign	782051101						P00558	Phosphoglycerate kinase 1	Homo sapiens	Encontrado	https://alphafold.ebi.ac.uk/entry/P00558
PGK1	missense_variant		782052358						P00558	Phosphoglycerate kinase 1	Homo sapiens	Encontrado	https://alphafold.ebi.ac.uk/entry/P00558
PGK1	missense_variant		782054374						P00558	Phosphoglycerate kinase 1	Homo sapiens	Encontrado	https://alphafold.ebi.ac.uk/entry/P00558
PGK1	missense_variant	benign	782058395						P00558	Phosphoglycerate kinase 1	Homo sapiens	Encontrado	https://alphafold.ebi.ac.uk/entry/P00558
PGK1	missense_variant	uncertain significance	782062633						P00558	Phosphoglycerate kinase 1	Homo sapiens	Encontrado	https://alphafold.ebi.ac.uk/entry/P00558
PGK1	missense_variant	likely benign	782066060						P00558	Phosphoglycerate kinase 1	Homo sapiens	Encontrado	https://alphafold.ebi.ac.uk/entry/P00558
PGK1	missense_variant		782067179						P00558	Phosphoglycerate kinase 1	Homo sapiens	Encontrado	https://alphafold.ebi.ac.uk/entry/P00558
PGK1	missense_variant	likely benign	782067710						P00558	Phosphoglycerate kinase 1	Homo sapiens	Encontrado	https://alphafold.ebi.ac.uk/entry/P00558
PGK1	missense_variant		782071468						P00558	Phosphoglycerate kinase 1	Homo sapiens	Encontrado	https://alphafold.ebi.ac.uk/entry/P00558
PGK1	missense_variant	uncertain significance, likely benign	782076879						P00558	Phosphoglycerate kinase 1	Homo sapiens	Encontrado	https://alphafold.ebi.ac.uk/entry/P00558
PGK1	missense_variant	likely benign	782077921						P00558	Phosphoglycerate kinase 1	Homo sapiens	Encontrado	https://alphafold.ebi.ac.uk/entry/P00558
PGK1	missense_variant	likely benign	782083382						P00558	Phosphoglycerate kinase 1	Homo sapiens	Encontrado	https://alphafold.ebi.ac.uk/entry/P00558
PGK1	missense_variant		782083489						P00558	Phosphoglycerate kinase 1	Homo sapiens	Encontrado	https://alphafold.ebi.ac.uk/entry/P00558
PGK1	missense_variant	likely benign	782084984	P00558	rs782084984	P80S	0.861		P00558	Phosphoglycerate kinase 1	Homo sapiens	Encontrado	https://alphafold.ebi.ac.uk/entry/P00558
PGK1	missense_variant	likely benign	782084984	P00558	rs782084984	P80S	0.02		P00558	Phosphoglycerate kinase 1	Homo sapiens	Encontrado	https://alphafold.ebi.ac.uk/entry/P00558
PGK1	missense_variant		782085897						P00558	Phosphoglycerate kinase 1	Homo sapiens	Encontrado	https://alphafold.ebi.ac.uk/entry/P00558
PGK1	missense_variant		782089301						P00558	Phosphoglycerate kinase 1	Homo sapiens	Encontrado	https://alphafold.ebi.ac.uk/entry/P00558
PGK1	missense_variant		782089964						P00558	Phosphoglycerate kinase 1	Homo sapiens	Encontrado	https://alphafold.ebi.ac.uk/entry/P00558
PGK1	missense_variant	uncertain significance, likely benign	782094358						P00558	Phosphoglycerate kinase 1	Homo sapiens	Encontrado	https://alphafold.ebi.ac.uk/entry/P00558
PGK1	missense_variant	uncertain significance	782094714						P00558	Phosphoglycerate kinase 1	Homo sapiens	Encontrado	https://alphafold.ebi.ac.uk/entry/P00558
PGK1	missense_variant		782095073						P00558	Phosphoglycerate kinase 1	Homo sapiens	Encontrado	https://alphafold.ebi.ac.uk/entry/P00558
PGK1	missense_variant	benign	782097214						P00558	Phosphoglycerate kinase 1	Homo sapiens	Encontrado	https://alphafold.ebi.ac.uk/entry/P00558
PGK1	missense_variant	uncertain significance, likely benign	782104015						P00558	Phosphoglycerate kinase 1	Homo sapiens	Encontrado	https://alphafold.ebi.ac.uk/entry/P00558
PGK1	missense_variant		782104134						P00558	Phosphoglycerate kinase 1	Homo sapiens	Encontrado	https://alphafold.ebi.ac.uk/entry/P00558
PGK1	missense_variant		782104223						P00558	Phosphoglycerate kinase 1	Homo sapiens	Encontrado	https://alphafold.ebi.ac.uk/entry/P00558
PGK1	missense_variant		782104969						P00558	Phosphoglycerate kinase 1	Homo sapiens	Encontrado	https://alphafold.ebi.ac.uk/entry/P00558
PGK1	missense_variant		782106364						P00558	Phosphoglycerate kinase 1	Homo sapiens	Encontrado	https://alphafold.ebi.ac.uk/entry/P00558
PGK1	missense_variant		782110264						P00558	Phosphoglycerate kinase 1	Homo sapiens	Encontrado	https://alphafold.ebi.ac.uk/entry/P00558
PGK1	missense_variant		782115351						P00558	Phosphoglycerate kinase 1	Homo sapiens	Encontrado	https://alphafold.ebi.ac.uk/entry/P00558
PGK1	missense_variant	likely benign	782116062						P00558	Phosphoglycerate kinase 1	Homo sapiens	Encontrado	https://alphafold.ebi.ac.uk/entry/P00558
PGK1	missense_variant	uncertain significance	782119990	P00558	rs782119990	T298A	0.003		P00558	Phosphoglycerate kinase 1	Homo sapiens	Encontrado	https://alphafold.ebi.ac.uk/entry/P00558
PGK1	missense_variant	uncertain significance	782119990	P00558	rs782119990	T298A	0.06		P00558	Phosphoglycerate kinase 1	Homo sapiens	Encontrado	https://alphafold.ebi.ac.uk/entry/P00558
PGK1	missense_variant	uncertain significance, likely benign	782127182						P00558	Phosphoglycerate kinase 1	Homo sapiens	Encontrado	https://alphafold.ebi.ac.uk/entry/P00558
PGK1	missense_variant	likely benign	782129043						P00558	Phosphoglycerate kinase 1	Homo sapiens	Encontrado	https://alphafold.ebi.ac.uk/entry/P00558
PGK1	missense_variant		782131565						P00558	Phosphoglycerate kinase 1	Homo sapiens	Encontrado	https://alphafold.ebi.ac.uk/entry/P00558
PGK1	missense_variant		782137149						P00558	Phosphoglycerate kinase 1	Homo sapiens	Encontrado	https://alphafold.ebi.ac.uk/entry/P00558
PGK1	missense_variant		782138975						P00558	Phosphoglycerate kinase 1	Homo sapiens	Encontrado	https://alphafold.ebi.ac.uk/entry/P00558
PGK1	missense_variant		782142478						P00558	Phosphoglycerate kinase 1	Homo sapiens	Encontrado	https://alphafold.ebi.ac.uk/entry/P00558
PGK1	missense_variant	benign	782143115						P00558	Phosphoglycerate kinase 1	Homo sapiens	Encontrado	https://alphafold.ebi.ac.uk/entry/P00558
PGK1	missense_variant		782144480						P00558	Phosphoglycerate kinase 1	Homo sapiens	Encontrado	https://alphafold.ebi.ac.uk/entry/P00558
PGK1	missense_variant	uncertain significance	782144704						P00558	Phosphoglycerate kinase 1	Homo sapiens	Encontrado	https://alphafold.ebi.ac.uk/entry/P00558
PGK1	missense_variant		782145728						P00558	Phosphoglycerate kinase 1	Homo sapiens	Encontrado	https://alphafold.ebi.ac.uk/entry/P00558
PGK1	missense_variant	uncertain significance, likely benign	782146244						P00558	Phosphoglycerate kinase 1	Homo sapiens	Encontrado	https://alphafold.ebi.ac.uk/entry/P00558
PGK1	missense_variant	uncertain significance	782148626						P00558	Phosphoglycerate kinase 1	Homo sapiens	Encontrado	https://alphafold.ebi.ac.uk/entry/P00558
PGK1	missense_variant		782149312						P00558	Phosphoglycerate kinase 1	Homo sapiens	Encontrado	https://alphafold.ebi.ac.uk/entry/P00558
PGK1	missense_variant		782149614						P00558	Phosphoglycerate kinase 1	Homo sapiens	Encontrado	https://alphafold.ebi.ac.uk/entry/P00558
PGK1	missense_variant	benign	782154314						P00558	Phosphoglycerate kinase 1	Homo sapiens	Encontrado	https://alphafold.ebi.ac.uk/entry/P00558
PGK1	missense_variant	likely benign	782159651						P00558	Phosphoglycerate kinase 1	Homo sapiens	Encontrado	https://alphafold.ebi.ac.uk/entry/P00558
PGK1	missense_variant	uncertain significance, likely benign	782161783						P00558	Phosphoglycerate kinase 1	Homo sapiens	Encontrado	https://alphafold.ebi.ac.uk/entry/P00558
PGK1	missense_variant		782165573						P00558	Phosphoglycerate kinase 1	Homo sapiens	Encontrado	https://alphafold.ebi.ac.uk/entry/P00558
PGK1	missense_variant	uncertain significance, benign, likely benign	782165735	P00558	rs782165735	D412N	0.001		P00558	Phosphoglycerate kinase 1	Homo sapiens	Encontrado	https://alphafold.ebi.ac.uk/entry/P00558
PGK1	missense_variant	uncertain significance, benign, likely benign	782165735	P00558	rs782165735	D412N	0.47		P00558	Phosphoglycerate kinase 1	Homo sapiens	Encontrado	https://alphafold.ebi.ac.uk/entry/P00558
PGK1	missense_variant	uncertain significance, likely benign	782166627						P00558	Phosphoglycerate kinase 1	Homo sapiens	Encontrado	https://alphafold.ebi.ac.uk/entry/P00558
PGK1	missense_variant		782169704						P00558	Phosphoglycerate kinase 1	Homo sapiens	Encontrado	https://alphafold.ebi.ac.uk/entry/P00558
PGK1	missense_variant	likely benign	782173894						P00558	Phosphoglycerate kinase 1	Homo sapiens	Encontrado	https://alphafold.ebi.ac.uk/entry/P00558
PGK1	missense_variant	uncertain significance, likely benign	782174967						P00558	Phosphoglycerate kinase 1	Homo sapiens	Encontrado	https://alphafold.ebi.ac.uk/entry/P00558
PGK1	missense_variant		782176254						P00558	Phosphoglycerate kinase 1	Homo sapiens	Encontrado	https://alphafold.ebi.ac.uk/entry/P00558
PGK1	missense_variant		782183016						P00558	Phosphoglycerate kinase 1	Homo sapiens	Encontrado	https://alphafold.ebi.ac.uk/entry/P00558
PGK1	missense_variant	uncertain significance	782188052						P00558	Phosphoglycerate kinase 1	Homo sapiens	Encontrado	https://alphafold.ebi.ac.uk/entry/P00558
PGK1	missense_variant		782190796						P00558	Phosphoglycerate kinase 1	Homo sapiens	Encontrado	https://alphafold.ebi.ac.uk/entry/P00558
PGK1	missense_variant	uncertain significance, benign	782196306						P00558	Phosphoglycerate kinase 1	Homo sapiens	Encontrado	https://alphafold.ebi.ac.uk/entry/P00558
PGK1	missense_variant		782197930						P00558	Phosphoglycerate kinase 1	Homo sapiens	Encontrado	https://alphafold.ebi.ac.uk/entry/P00558
PGK1	missense_variant	benign, likely benign	782198884						P00558	Phosphoglycerate kinase 1	Homo sapiens	Encontrado	https://alphafold.ebi.ac.uk/entry/P00558
PGK1	missense_variant		782201994						P00558	Phosphoglycerate kinase 1	Homo sapiens	Encontrado	https://alphafold.ebi.ac.uk/entry/P00558
PGK1	missense_variant	uncertain significance	782204187	P00558	rs782204187	K192M	1.0		P00558	Phosphoglycerate kinase 1	Homo sapiens	Encontrado	https://alphafold.ebi.ac.uk/entry/P00558
PGK1	missense_variant	uncertain significance	782204187	P00558	rs782204187	K192M	0.0		P00558	Phosphoglycerate kinase 1	Homo sapiens	Encontrado	https://alphafold.ebi.ac.uk/entry/P00558
PGK1	missense_variant	uncertain significance	782205068						P00558	Phosphoglycerate kinase 1	Homo sapiens	Encontrado	https://alphafold.ebi.ac.uk/entry/P00558
PGK1	missense_variant	likely benign	782206307						P00558	Phosphoglycerate kinase 1	Homo sapiens	Encontrado	https://alphafold.ebi.ac.uk/entry/P00558
PGK1	missense_variant		782209930						P00558	Phosphoglycerate kinase 1	Homo sapiens	Encontrado	https://alphafold.ebi.ac.uk/entry/P00558
PGK1	missense_variant		782214275						P00558	Phosphoglycerate kinase 1	Homo sapiens	Encontrado	https://alphafold.ebi.ac.uk/entry/P00558
PGK1	missense_variant		782216899						P00558	Phosphoglycerate kinase 1	Homo sapiens	Encontrado	https://alphafold.ebi.ac.uk/entry/P00558
PGK1	missense_variant	likely benign	782225818						P00558	Phosphoglycerate kinase 1	Homo sapiens	Encontrado	https://alphafold.ebi.ac.uk/entry/P00558
PGK1	missense_variant		782226702						P00558	Phosphoglycerate kinase 1	Homo sapiens	Encontrado	https://alphafold.ebi.ac.uk/entry/P00558
PGK1	missense_variant	likely benign	782231801						P00558	Phosphoglycerate kinase 1	Homo sapiens	Encontrado	https://alphafold.ebi.ac.uk/entry/P00558
PGK1	missense_variant	uncertain significance, likely benign	782232632						P00558	Phosphoglycerate kinase 1	Homo sapiens	Encontrado	https://alphafold.ebi.ac.uk/entry/P00558
PGK1	missense_variant	uncertain significance, likely benign	782237314						P00558	Phosphoglycerate kinase 1	Homo sapiens	Encontrado	https://alphafold.ebi.ac.uk/entry/P00558
PGK1	missense_variant		782238001						P00558	Phosphoglycerate kinase 1	Homo sapiens	Encontrado	https://alphafold.ebi.ac.uk/entry/P00558
PGK1	missense_variant		782239889						P00558	Phosphoglycerate kinase 1	Homo sapiens	Encontrado	https://alphafold.ebi.ac.uk/entry/P00558
PGK1	missense_variant	likely benign	782240491						P00558	Phosphoglycerate kinase 1	Homo sapiens	Encontrado	https://alphafold.ebi.ac.uk/entry/P00558
PGK1	missense_variant		782241459						P00558	Phosphoglycerate kinase 1	Homo sapiens	Encontrado	https://alphafold.ebi.ac.uk/entry/P00558
PGK1	missense_variant		782247462						P00558	Phosphoglycerate kinase 1	Homo sapiens	Encontrado	https://alphafold.ebi.ac.uk/entry/P00558
PGK1	missense_variant	uncertain significance, likely benign	782248978						P00558	Phosphoglycerate kinase 1	Homo sapiens	Encontrado	https://alphafold.ebi.ac.uk/entry/P00558
PGK1	missense_variant	benign, likely benign	782250966						P00558	Phosphoglycerate kinase 1	Homo sapiens	Encontrado	https://alphafold.ebi.ac.uk/entry/P00558
PGK1	missense_variant		782260593						P00558	Phosphoglycerate kinase 1	Homo sapiens	Encontrado	https://alphafold.ebi.ac.uk/entry/P00558
PGK1	missense_variant	benign	782260602						P00558	Phosphoglycerate kinase 1	Homo sapiens	Encontrado	https://alphafold.ebi.ac.uk/entry/P00558
PGK1	missense_variant	uncertain significance, benign, likely benign	782268170						P00558	Phosphoglycerate kinase 1	Homo sapiens	Encontrado	https://alphafold.ebi.ac.uk/entry/P00558
PGK1	missense_variant	likely benign	782269377						P00558	Phosphoglycerate kinase 1	Homo sapiens	Encontrado	https://alphafold.ebi.ac.uk/entry/P00558
PGK1	missense_variant	likely benign	782272603						P00558	Phosphoglycerate kinase 1	Homo sapiens	Encontrado	https://alphafold.ebi.ac.uk/entry/P00558
PGK1	missense_variant		782273833						P00558	Phosphoglycerate kinase 1	Homo sapiens	Encontrado	https://alphafold.ebi.ac.uk/entry/P00558
PGK1	missense_variant	uncertain significance, likely benign	782283944						P00558	Phosphoglycerate kinase 1	Homo sapiens	Encontrado	https://alphafold.ebi.ac.uk/entry/P00558
PGK1	missense_variant		782286209						P00558	Phosphoglycerate kinase 1	Homo sapiens	Encontrado	https://alphafold.ebi.ac.uk/entry/P00558
PGK1	missense_variant		782290135						P00558	Phosphoglycerate kinase 1	Homo sapiens	Encontrado	https://alphafold.ebi.ac.uk/entry/P00558
PGK1	missense_variant	uncertain significance, likely benign	782290331						P00558	Phosphoglycerate kinase 1	Homo sapiens	Encontrado	https://alphafold.ebi.ac.uk/entry/P00558
PGK1	missense_variant		782291603						P00558	Phosphoglycerate kinase 1	Homo sapiens	Encontrado	https://alphafold.ebi.ac.uk/entry/P00558
PGK1	missense_variant	likely benign	782293297						P00558	Phosphoglycerate kinase 1	Homo sapiens	Encontrado	https://alphafold.ebi.ac.uk/entry/P00558
PGK1	missense_variant		782301078						P00558	Phosphoglycerate kinase 1	Homo sapiens	Encontrado	https://alphafold.ebi.ac.uk/entry/P00558
PGK1	missense_variant		782301570						P00558	Phosphoglycerate kinase 1	Homo sapiens	Encontrado	https://alphafold.ebi.ac.uk/entry/P00558
PGK1	missense_variant		782305797						P00558	Phosphoglycerate kinase 1	Homo sapiens	Encontrado	https://alphafold.ebi.ac.uk/entry/P00558
PGK1	missense_variant	uncertain significance	782311030						P00558	Phosphoglycerate kinase 1	Homo sapiens	Encontrado	https://alphafold.ebi.ac.uk/entry/P00558
PGK1	missense_variant	benign	782317638	P00558	rs782317638	V284I	0.015		P00558	Phosphoglycerate kinase 1	Homo sapiens	Encontrado	https://alphafold.ebi.ac.uk/entry/P00558
PGK1	missense_variant	benign	782317638	P00558	rs782317638	V284I	0.1		P00558	Phosphoglycerate kinase 1	Homo sapiens	Encontrado	https://alphafold.ebi.ac.uk/entry/P00558
PGK1	missense_variant	benign	782317638	P00558	rs782317638	V284I	0.01		P00558	Phosphoglycerate kinase 1	Homo sapiens	Encontrado	https://alphafold.ebi.ac.uk/entry/P00558
PGK1	missense_variant	benign	782317638	P00558	rs782317638	V284I	0.05		P00558	Phosphoglycerate kinase 1	Homo sapiens	Encontrado	https://alphafold.ebi.ac.uk/entry/P00558
PGK1	missense_variant	uncertain significance	782323741						P00558	Phosphoglycerate kinase 1	Homo sapiens	Encontrado	https://alphafold.ebi.ac.uk/entry/P00558
PGK1	missense_variant	uncertain significance, likely benign	782326318						P00558	Phosphoglycerate kinase 1	Homo sapiens	Encontrado	https://alphafold.ebi.ac.uk/entry/P00558
PGK1	missense_variant		782342480						P00558	Phosphoglycerate kinase 1	Homo sapiens	Encontrado	https://alphafold.ebi.ac.uk/entry/P00558
PGK1	missense_variant	benign, likely benign	782349186						P00558	Phosphoglycerate kinase 1	Homo sapiens	Encontrado	https://alphafold.ebi.ac.uk/entry/P00558
PGK1	missense_variant		782349618						P00558	Phosphoglycerate kinase 1	Homo sapiens	Encontrado	https://alphafold.ebi.ac.uk/entry/P00558
PGK1	missense_variant	likely benign	782351352						P00558	Phosphoglycerate kinase 1	Homo sapiens	Encontrado	https://alphafold.ebi.ac.uk/entry/P00558
PGK1	missense_variant	likely benign	782354908						P00558	Phosphoglycerate kinase 1	Homo sapiens	Encontrado	https://alphafold.ebi.ac.uk/entry/P00558
PGK1	missense_variant	uncertain significance, likely benign	782355906						P00558	Phosphoglycerate kinase 1	Homo sapiens	Encontrado	https://alphafold.ebi.ac.uk/entry/P00558
PGK1	missense_variant		782358866						P00558	Phosphoglycerate kinase 1	Homo sapiens	Encontrado	https://alphafold.ebi.ac.uk/entry/P00558
PGK1	missense_variant		782358944						P00558	Phosphoglycerate kinase 1	Homo sapiens	Encontrado	https://alphafold.ebi.ac.uk/entry/P00558
PGK1	missense_variant	benign	782363166						P00558	Phosphoglycerate kinase 1	Homo sapiens	Encontrado	https://alphafold.ebi.ac.uk/entry/P00558
PGK1	missense_variant	benign	782363269						P00558	Phosphoglycerate kinase 1	Homo sapiens	Encontrado	https://alphafold.ebi.ac.uk/entry/P00558
PGK1	missense_variant	uncertain significance, likely benign	782364202						P00558	Phosphoglycerate kinase 1	Homo sapiens	Encontrado	https://alphafold.ebi.ac.uk/entry/P00558
PGK1	missense_variant		782366691						P00558	Phosphoglycerate kinase 1	Homo sapiens	Encontrado	https://alphafold.ebi.ac.uk/entry/P00558
PGK1	missense_variant	uncertain significance	782378406	P00558	rs782378406	P71A	0.0		P00558	Phosphoglycerate kinase 1	Homo sapiens	Encontrado	https://alphafold.ebi.ac.uk/entry/P00558
PGK1	missense_variant	uncertain significance	782378406	P00558	rs782378406	P71A	0.3		P00558	Phosphoglycerate kinase 1	Homo sapiens	Encontrado	https://alphafold.ebi.ac.uk/entry/P00558
PGK1	missense_variant	uncertain significance	782378406	P00558	rs782378406	P71A	0.031		P00558	Phosphoglycerate kinase 1	Homo sapiens	Encontrado	https://alphafold.ebi.ac.uk/entry/P00558
PGK1	missense_variant	uncertain significance	782378406	P00558	rs782378406	P71A	0.1		P00558	Phosphoglycerate kinase 1	Homo sapiens	Encontrado	https://alphafold.ebi.ac.uk/entry/P00558
PGK1	missense_variant		782382445						P00558	Phosphoglycerate kinase 1	Homo sapiens	Encontrado	https://alphafold.ebi.ac.uk/entry/P00558
PGK1	missense_variant		782385944						P00558	Phosphoglycerate kinase 1	Homo sapiens	Encontrado	https://alphafold.ebi.ac.uk/entry/P00558
PGK1	missense_variant	uncertain significance	782386693						P00558	Phosphoglycerate kinase 1	Homo sapiens	Encontrado	https://alphafold.ebi.ac.uk/entry/P00558
PGK1	missense_variant	likely benign	782389012						P00558	Phosphoglycerate kinase 1	Homo sapiens	Encontrado	https://alphafold.ebi.ac.uk/entry/P00558
PGK1	missense_variant	uncertain significance	782396059						P00558	Phosphoglycerate kinase 1	Homo sapiens	Encontrado	https://alphafold.ebi.ac.uk/entry/P00558
PGK1	missense_variant		782396230						P00558	Phosphoglycerate kinase 1	Homo sapiens	Encontrado	https://alphafold.ebi.ac.uk/entry/P00558
PGK1	missense_variant		782397774						P00558	Phosphoglycerate kinase 1	Homo sapiens	Encontrado	https://alphafold.ebi.ac.uk/entry/P00558
PGK1	missense_variant		782398079						P00558	Phosphoglycerate kinase 1	Homo sapiens	Encontrado	https://alphafold.ebi.ac.uk/entry/P00558
PGK1	missense_variant		782404875						P00558	Phosphoglycerate kinase 1	Homo sapiens	Encontrado	https://alphafold.ebi.ac.uk/entry/P00558
PGK1	missense_variant		782408548						P00558	Phosphoglycerate kinase 1	Homo sapiens	Encontrado	https://alphafold.ebi.ac.uk/entry/P00558
PGK1	missense_variant	uncertain significance, benign	782415705						P00558	Phosphoglycerate kinase 1	Homo sapiens	Encontrado	https://alphafold.ebi.ac.uk/entry/P00558
PGK1	missense_variant	uncertain significance, likely benign	782415977	P00558	rs782415977	L89V	0.153		P00558	Phosphoglycerate kinase 1	Homo sapiens	Encontrado	https://alphafold.ebi.ac.uk/entry/P00558
PGK1	missense_variant	uncertain significance, likely benign	782415977	P00558	rs782415977	L89V	0.0		P00558	Phosphoglycerate kinase 1	Homo sapiens	Encontrado	https://alphafold.ebi.ac.uk/entry/P00558
PGK1	missense_variant	likely benign	782416233						P00558	Phosphoglycerate kinase 1	Homo sapiens	Encontrado	https://alphafold.ebi.ac.uk/entry/P00558
PGK1	missense_variant	uncertain significance, likely benign	782416661						P00558	Phosphoglycerate kinase 1	Homo sapiens	Encontrado	https://alphafold.ebi.ac.uk/entry/P00558
PGK1	missense_variant		782424899						P00558	Phosphoglycerate kinase 1	Homo sapiens	Encontrado	https://alphafold.ebi.ac.uk/entry/P00558
PGK1	missense_variant	uncertain significance, likely benign	782428979						P00558	Phosphoglycerate kinase 1	Homo sapiens	Encontrado	https://alphafold.ebi.ac.uk/entry/P00558
PGK1	missense_variant	uncertain significance, likely benign	782429511						P00558	Phosphoglycerate kinase 1	Homo sapiens	Encontrado	https://alphafold.ebi.ac.uk/entry/P00558
PGK1	missense_variant	likely benign	782430502						P00558	Phosphoglycerate kinase 1	Homo sapiens	Encontrado	https://alphafold.ebi.ac.uk/entry/P00558
PGK1	missense_variant	likely benign	782435305						P00558	Phosphoglycerate kinase 1	Homo sapiens	Encontrado	https://alphafold.ebi.ac.uk/entry/P00558
PGK1	missense_variant	uncertain significance, likely benign	782444523						P00558	Phosphoglycerate kinase 1	Homo sapiens	Encontrado	https://alphafold.ebi.ac.uk/entry/P00558
PGK1	missense_variant		782446225						P00558	Phosphoglycerate kinase 1	Homo sapiens	Encontrado	https://alphafold.ebi.ac.uk/entry/P00558
PGK1	missense_variant		782447630						P00558	Phosphoglycerate kinase 1	Homo sapiens	Encontrado	https://alphafold.ebi.ac.uk/entry/P00558
PGK1	missense_variant		782449143						P00558	Phosphoglycerate kinase 1	Homo sapiens	Encontrado	https://alphafold.ebi.ac.uk/entry/P00558
PGK1	missense_variant	likely benign	782449900						P00558	Phosphoglycerate kinase 1	Homo sapiens	Encontrado	https://alphafold.ebi.ac.uk/entry/P00558
PGK1	missense_variant	uncertain significance, likely benign	782451569						P00558	Phosphoglycerate kinase 1	Homo sapiens	Encontrado	https://alphafold.ebi.ac.uk/entry/P00558
PGK1	missense_variant		782451625						P00558	Phosphoglycerate kinase 1	Homo sapiens	Encontrado	https://alphafold.ebi.ac.uk/entry/P00558
PGK1	missense_variant	benign	782455017	P00558	rs782455017	N232S	0.042		P00558	Phosphoglycerate kinase 1	Homo sapiens	Encontrado	https://alphafold.ebi.ac.uk/entry/P00558
PGK1	missense_variant	benign	782455017	P00558	rs782455017	N232S	0.05		P00558	Phosphoglycerate kinase 1	Homo sapiens	Encontrado	https://alphafold.ebi.ac.uk/entry/P00558
PGK1	missense_variant	uncertain significance, likely benign	782455461						P00558	Phosphoglycerate kinase 1	Homo sapiens	Encontrado	https://alphafold.ebi.ac.uk/entry/P00558
PGK1	missense_variant		782458722						P00558	Phosphoglycerate kinase 1	Homo sapiens	Encontrado	https://alphafold.ebi.ac.uk/entry/P00558
PGK1	missense_variant		782463231						P00558	Phosphoglycerate kinase 1	Homo sapiens	Encontrado	https://alphafold.ebi.ac.uk/entry/P00558
PGK1	missense_variant	likely benign	782463394						P00558	Phosphoglycerate kinase 1	Homo sapiens	Encontrado	https://alphafold.ebi.ac.uk/entry/P00558
PGK1	missense_variant	likely benign	782465028						P00558	Phosphoglycerate kinase 1	Homo sapiens	Encontrado	https://alphafold.ebi.ac.uk/entry/P00558
PGK1	missense_variant		782469327						P00558	Phosphoglycerate kinase 1	Homo sapiens	Encontrado	https://alphafold.ebi.ac.uk/entry/P00558
PGK1	missense_variant		782471311						P00558	Phosphoglycerate kinase 1	Homo sapiens	Encontrado	https://alphafold.ebi.ac.uk/entry/P00558
PGK1	missense_variant	uncertain significance	782474469						P00558	Phosphoglycerate kinase 1	Homo sapiens	Encontrado	https://alphafold.ebi.ac.uk/entry/P00558
PGK1	missense_variant	uncertain significance, likely benign	782475540						P00558	Phosphoglycerate kinase 1	Homo sapiens	Encontrado	https://alphafold.ebi.ac.uk/entry/P00558
PGK1	missense_variant	uncertain significance	782479456						P00558	Phosphoglycerate kinase 1	Homo sapiens	Encontrado	https://alphafold.ebi.ac.uk/entry/P00558
PGK1	missense_variant	uncertain significance, likely benign	782480109						P00558	Phosphoglycerate kinase 1	Homo sapiens	Encontrado	https://alphafold.ebi.ac.uk/entry/P00558
PGK1	missense_variant	uncertain significance, likely benign	782482837						P00558	Phosphoglycerate kinase 1	Homo sapiens	Encontrado	https://alphafold.ebi.ac.uk/entry/P00558
PGK1	missense_variant	uncertain significance	782483019						P00558	Phosphoglycerate kinase 1	Homo sapiens	Encontrado	https://alphafold.ebi.ac.uk/entry/P00558
PGK1	missense_variant	uncertain significance, benign	782483245	P00558	rs782483245	V14L	0.0		P00558	Phosphoglycerate kinase 1	Homo sapiens	Encontrado	https://alphafold.ebi.ac.uk/entry/P00558
PGK1	missense_variant	uncertain significance, benign	782483245	P00558	rs782483245	V14L	0.73		P00558	Phosphoglycerate kinase 1	Homo sapiens	Encontrado	https://alphafold.ebi.ac.uk/entry/P00558
PGK1	missense_variant	likely benign	782485590						P00558	Phosphoglycerate kinase 1	Homo sapiens	Encontrado	https://alphafold.ebi.ac.uk/entry/P00558
PGK1	missense_variant	uncertain significance	782486797						P00558	Phosphoglycerate kinase 1	Homo sapiens	Encontrado	https://alphafold.ebi.ac.uk/entry/P00558
PGK1	missense_variant		782488141						P00558	Phosphoglycerate kinase 1	Homo sapiens	Encontrado	https://alphafold.ebi.ac.uk/entry/P00558
PGK1	missense_variant	uncertain significance, likely benign	782491733						P00558	Phosphoglycerate kinase 1	Homo sapiens	Encontrado	https://alphafold.ebi.ac.uk/entry/P00558
PGK1	missense_variant		782492567						P00558	Phosphoglycerate kinase 1	Homo sapiens	Encontrado	https://alphafold.ebi.ac.uk/entry/P00558
PGK1	missense_variant		782496391						P00558	Phosphoglycerate kinase 1	Homo sapiens	Encontrado	https://alphafold.ebi.ac.uk/entry/P00558
PGK1	missense_variant		782497893						P00558	Phosphoglycerate kinase 1	Homo sapiens	Encontrado	https://alphafold.ebi.ac.uk/entry/P00558
PGK1	missense_variant	uncertain significance	782499160						P00558	Phosphoglycerate kinase 1	Homo sapiens	Encontrado	https://alphafold.ebi.ac.uk/entry/P00558
PGK1	missense_variant	likely benign	782505393						P00558	Phosphoglycerate kinase 1	Homo sapiens	Encontrado	https://alphafold.ebi.ac.uk/entry/P00558
PGK1	missense_variant		782506165						P00558	Phosphoglycerate kinase 1	Homo sapiens	Encontrado	https://alphafold.ebi.ac.uk/entry/P00558
PGK1	missense_variant		782507121						P00558	Phosphoglycerate kinase 1	Homo sapiens	Encontrado	https://alphafold.ebi.ac.uk/entry/P00558
PGK1	missense_variant	likely benign	782509229						P00558	Phosphoglycerate kinase 1	Homo sapiens	Encontrado	https://alphafold.ebi.ac.uk/entry/P00558
PGK1	missense_variant		782509249						P00558	Phosphoglycerate kinase 1	Homo sapiens	Encontrado	https://alphafold.ebi.ac.uk/entry/P00558
PGK1	missense_variant	uncertain significance	782512699	P00558	rs782512699	R350Q	0.0		P00558	Phosphoglycerate kinase 1	Homo sapiens	Encontrado	https://alphafold.ebi.ac.uk/entry/P00558
PGK1	missense_variant	uncertain significance	782512699	P00558	rs782512699	R350Q	0.28		P00558	Phosphoglycerate kinase 1	Homo sapiens	Encontrado	https://alphafold.ebi.ac.uk/entry/P00558
PGK1	missense_variant	likely benign	782513950						P00558	Phosphoglycerate kinase 1	Homo sapiens	Encontrado	https://alphafold.ebi.ac.uk/entry/P00558
PGK1	missense_variant		782518190	P00558	rs782518190	Q33E	0.0		P00558	Phosphoglycerate kinase 1	Homo sapiens	Encontrado	https://alphafold.ebi.ac.uk/entry/P00558
PGK1	missense_variant		782518190	P00558	rs782518190	Q33E	0.31		P00558	Phosphoglycerate kinase 1	Homo sapiens	Encontrado	https://alphafold.ebi.ac.uk/entry/P00558
PGK1	missense_variant		782518190	P00558	rs782518190	Q33E	0.0		P00558	Phosphoglycerate kinase 1	Homo sapiens	Encontrado	https://alphafold.ebi.ac.uk/entry/P00558
PGK1	missense_variant		782518190	P00558	rs782518190	Q33E	0.28		P00558	Phosphoglycerate kinase 1	Homo sapiens	Encontrado	https://alphafold.ebi.ac.uk/entry/P00558
PGK1	missense_variant		782523149						P00558	Phosphoglycerate kinase 1	Homo sapiens	Encontrado	https://alphafold.ebi.ac.uk/entry/P00558
PGK1	missense_variant	uncertain significance	782528311						P00558	Phosphoglycerate kinase 1	Homo sapiens	Encontrado	https://alphafold.ebi.ac.uk/entry/P00558
PGK1	missense_variant	likely benign	782530774						P00558	Phosphoglycerate kinase 1	Homo sapiens	Encontrado	https://alphafold.ebi.ac.uk/entry/P00558
PGK1	missense_variant		782533317						P00558	Phosphoglycerate kinase 1	Homo sapiens	Encontrado	https://alphafold.ebi.ac.uk/entry/P00558
PGK1	missense_variant	likely benign	782536975						P00558	Phosphoglycerate kinase 1	Homo sapiens	Encontrado	https://alphafold.ebi.ac.uk/entry/P00558
PGK1	missense_variant		782543312						P00558	Phosphoglycerate kinase 1	Homo sapiens	Encontrado	https://alphafold.ebi.ac.uk/entry/P00558
PGK1	missense_variant	likely benign	782548907						P00558	Phosphoglycerate kinase 1	Homo sapiens	Encontrado	https://alphafold.ebi.ac.uk/entry/P00558
PGK1	missense_variant	uncertain significance	782554141						P00558	Phosphoglycerate kinase 1	Homo sapiens	Encontrado	https://alphafold.ebi.ac.uk/entry/P00558
PGK1	missense_variant	likely benign	782555092						P00558	Phosphoglycerate kinase 1	Homo sapiens	Encontrado	https://alphafold.ebi.ac.uk/entry/P00558
PGK1	missense_variant	likely benign	782556796						P00558	Phosphoglycerate kinase 1	Homo sapiens	Encontrado	https://alphafold.ebi.ac.uk/entry/P00558
PGK1	missense_variant	likely benign	782557016						P00558	Phosphoglycerate kinase 1	Homo sapiens	Encontrado	https://alphafold.ebi.ac.uk/entry/P00558
PGK1	missense_variant	likely benign	782561107						P00558	Phosphoglycerate kinase 1	Homo sapiens	Encontrado	https://alphafold.ebi.ac.uk/entry/P00558
PGK1	missense_variant	likely benign	782566688						P00558	Phosphoglycerate kinase 1	Homo sapiens	Encontrado	https://alphafold.ebi.ac.uk/entry/P00558
PGK1	missense_variant		782575694						P00558	Phosphoglycerate kinase 1	Homo sapiens	Encontrado	https://alphafold.ebi.ac.uk/entry/P00558
PGK1	missense_variant		782575738						P00558	Phosphoglycerate kinase 1	Homo sapiens	Encontrado	https://alphafold.ebi.ac.uk/entry/P00558
PGK1	missense_variant	benign, likely benign	782577253						P00558	Phosphoglycerate kinase 1	Homo sapiens	Encontrado	https://alphafold.ebi.ac.uk/entry/P00558
PGK1	missense_variant		782578298						P00558	Phosphoglycerate kinase 1	Homo sapiens	Encontrado	https://alphafold.ebi.ac.uk/entry/P00558
PGK1	missense_variant	uncertain significance	782588862						P00558	Phosphoglycerate kinase 1	Homo sapiens	Encontrado	https://alphafold.ebi.ac.uk/entry/P00558
PGK1	missense_variant	likely benign	782589583						P00558	Phosphoglycerate kinase 1	Homo sapiens	Encontrado	https://alphafold.ebi.ac.uk/entry/P00558
PGK1	missense_variant	likely benign	782591033						P00558	Phosphoglycerate kinase 1	Homo sapiens	Encontrado	https://alphafold.ebi.ac.uk/entry/P00558
PGK1	missense_variant		782598227						P00558	Phosphoglycerate kinase 1	Homo sapiens	Encontrado	https://alphafold.ebi.ac.uk/entry/P00558
PGK1	missense_variant	benign, likely benign	782602356						P00558	Phosphoglycerate kinase 1	Homo sapiens	Encontrado	https://alphafold.ebi.ac.uk/entry/P00558
PGK1	missense_variant	uncertain significance, benign	782603364						P00558	Phosphoglycerate kinase 1	Homo sapiens	Encontrado	https://alphafold.ebi.ac.uk/entry/P00558
PGK1	missense_variant		782604824						P00558	Phosphoglycerate kinase 1	Homo sapiens	Encontrado	https://alphafold.ebi.ac.uk/entry/P00558
PGK1	missense_variant		782609296						P00558	Phosphoglycerate kinase 1	Homo sapiens	Encontrado	https://alphafold.ebi.ac.uk/entry/P00558
PGK1	missense_variant		782610228						P00558	Phosphoglycerate kinase 1	Homo sapiens	Encontrado	https://alphafold.ebi.ac.uk/entry/P00558
PGK1	missense_variant		782611692						P00558	Phosphoglycerate kinase 1	Homo sapiens	Encontrado	https://alphafold.ebi.ac.uk/entry/P00558
PGK1	missense_variant		782613430						P00558	Phosphoglycerate kinase 1	Homo sapiens	Encontrado	https://alphafold.ebi.ac.uk/entry/P00558
PGK1	missense_variant	uncertain significance	782616685						P00558	Phosphoglycerate kinase 1	Homo sapiens	Encontrado	https://alphafold.ebi.ac.uk/entry/P00558
PGK1	missense_variant	likely benign	782618624						P00558	Phosphoglycerate kinase 1	Homo sapiens	Encontrado	https://alphafold.ebi.ac.uk/entry/P00558
PGK1	missense_variant		782619353						P00558	Phosphoglycerate kinase 1	Homo sapiens	Encontrado	https://alphafold.ebi.ac.uk/entry/P00558
PGK1	missense_variant	uncertain significance, likely benign	782619990						P00558	Phosphoglycerate kinase 1	Homo sapiens	Encontrado	https://alphafold.ebi.ac.uk/entry/P00558
PGK1	missense_variant	uncertain significance	782620101						P00558	Phosphoglycerate kinase 1	Homo sapiens	Encontrado	https://alphafold.ebi.ac.uk/entry/P00558
PGK1	missense_variant	likely benign	782625441						P00558	Phosphoglycerate kinase 1	Homo sapiens	Encontrado	https://alphafold.ebi.ac.uk/entry/P00558
PGK1	missense_variant		782627883						P00558	Phosphoglycerate kinase 1	Homo sapiens	Encontrado	https://alphafold.ebi.ac.uk/entry/P00558
PGK1	missense_variant	uncertain significance, likely benign	782628250						P00558	Phosphoglycerate kinase 1	Homo sapiens	Encontrado	https://alphafold.ebi.ac.uk/entry/P00558
PGK1	missense_variant		782629001						P00558	Phosphoglycerate kinase 1	Homo sapiens	Encontrado	https://alphafold.ebi.ac.uk/entry/P00558
PGK1	missense_variant	likely benign	782629239						P00558	Phosphoglycerate kinase 1	Homo sapiens	Encontrado	https://alphafold.ebi.ac.uk/entry/P00558
PGK1	missense_variant	uncertain significance, likely benign	782629836						P00558	Phosphoglycerate kinase 1	Homo sapiens	Encontrado	https://alphafold.ebi.ac.uk/entry/P00558
PGK1	missense_variant	likely benign	782635238						P00558	Phosphoglycerate kinase 1	Homo sapiens	Encontrado	https://alphafold.ebi.ac.uk/entry/P00558
PGK1	missense_variant		782637731						P00558	Phosphoglycerate kinase 1	Homo sapiens	Encontrado	https://alphafold.ebi.ac.uk/entry/P00558
PGK1	missense_variant	uncertain significance	782639483	P00558	rs782639483	R18P	0.836		P00558	Phosphoglycerate kinase 1	Homo sapiens	Encontrado	https://alphafold.ebi.ac.uk/entry/P00558
PGK1	missense_variant	uncertain significance	782639483	P00558	rs782639483	R18P	0.03		P00558	Phosphoglycerate kinase 1	Homo sapiens	Encontrado	https://alphafold.ebi.ac.uk/entry/P00558
PGK1	missense_variant		782643568						P00558	Phosphoglycerate kinase 1	Homo sapiens	Encontrado	https://alphafold.ebi.ac.uk/entry/P00558
PGK1	missense_variant	likely benign	782647620						P00558	Phosphoglycerate kinase 1	Homo sapiens	Encontrado	https://alphafold.ebi.ac.uk/entry/P00558
PGK1	missense_variant	uncertain significance, likely benign	782651571						P00558	Phosphoglycerate kinase 1	Homo sapiens	Encontrado	https://alphafold.ebi.ac.uk/entry/P00558
PGK1	missense_variant	uncertain significance	782655041						P00558	Phosphoglycerate kinase 1	Homo sapiens	Encontrado	https://alphafold.ebi.ac.uk/entry/P00558
PGK1	missense_variant		782660341						P00558	Phosphoglycerate kinase 1	Homo sapiens	Encontrado	https://alphafold.ebi.ac.uk/entry/P00558
PGK1	missense_variant	uncertain significance, likely benign	782664014						P00558	Phosphoglycerate kinase 1	Homo sapiens	Encontrado	https://alphafold.ebi.ac.uk/entry/P00558
PGK1	missense_variant	uncertain significance	782664232						P00558	Phosphoglycerate kinase 1	Homo sapiens	Encontrado	https://alphafold.ebi.ac.uk/entry/P00558
PGK1	missense_variant		782665277						P00558	Phosphoglycerate kinase 1	Homo sapiens	Encontrado	https://alphafold.ebi.ac.uk/entry/P00558
PGK1	missense_variant	uncertain significance	782667972						P00558	Phosphoglycerate kinase 1	Homo sapiens	Encontrado	https://alphafold.ebi.ac.uk/entry/P00558
PGK1	missense_variant	uncertain significance, benign, likely benign	782668224	P00558	rs782668224	L282F	0.047		P00558	Phosphoglycerate kinase 1	Homo sapiens	Encontrado	https://alphafold.ebi.ac.uk/entry/P00558
PGK1	missense_variant	uncertain significance, benign, likely benign	782668224	P00558	rs782668224	L282F	0.18		P00558	Phosphoglycerate kinase 1	Homo sapiens	Encontrado	https://alphafold.ebi.ac.uk/entry/P00558
PGK1	missense_variant		782670221						P00558	Phosphoglycerate kinase 1	Homo sapiens	Encontrado	https://alphafold.ebi.ac.uk/entry/P00558
PGK1	missense_variant		782671104						P00558	Phosphoglycerate kinase 1	Homo sapiens	Encontrado	https://alphafold.ebi.ac.uk/entry/P00558
PGK1	missense_variant	uncertain significance, likely benign	782675275						P00558	Phosphoglycerate kinase 1	Homo sapiens	Encontrado	https://alphafold.ebi.ac.uk/entry/P00558
PGK1	missense_variant		782678046						P00558	Phosphoglycerate kinase 1	Homo sapiens	Encontrado	https://alphafold.ebi.ac.uk/entry/P00558
PGK1	missense_variant		782681728						P00558	Phosphoglycerate kinase 1	Homo sapiens	Encontrado	https://alphafold.ebi.ac.uk/entry/P00558
PGK1	missense_variant	likely benign	782681856						P00558	Phosphoglycerate kinase 1	Homo sapiens	Encontrado	https://alphafold.ebi.ac.uk/entry/P00558
PGK1	missense_variant		782682275						P00558	Phosphoglycerate kinase 1	Homo sapiens	Encontrado	https://alphafold.ebi.ac.uk/entry/P00558
PGK1	missense_variant	uncertain significance, likely benign	782682493						P00558	Phosphoglycerate kinase 1	Homo sapiens	Encontrado	https://alphafold.ebi.ac.uk/entry/P00558
PGK1	missense_variant	uncertain significance, benign, likely benign	782688596						P00558	Phosphoglycerate kinase 1	Homo sapiens	Encontrado	https://alphafold.ebi.ac.uk/entry/P00558
PGK1	missense_variant	uncertain significance	782692001						P00558	Phosphoglycerate kinase 1	Homo sapiens	Encontrado	https://alphafold.ebi.ac.uk/entry/P00558
PGK1	missense_variant	uncertain significance	782696409						P00558	Phosphoglycerate kinase 1	Homo sapiens	Encontrado	https://alphafold.ebi.ac.uk/entry/P00558
PGK1	missense_variant	uncertain significance	782697926						P00558	Phosphoglycerate kinase 1	Homo sapiens	Encontrado	https://alphafold.ebi.ac.uk/entry/P00558
PGK1	missense_variant	uncertain significance, likely benign	782702847						P00558	Phosphoglycerate kinase 1	Homo sapiens	Encontrado	https://alphafold.ebi.ac.uk/entry/P00558
PGK1	missense_variant		782708002						P00558	Phosphoglycerate kinase 1	Homo sapiens	Encontrado	https://alphafold.ebi.ac.uk/entry/P00558
PGK1	missense_variant	benign	782711429						P00558	Phosphoglycerate kinase 1	Homo sapiens	Encontrado	https://alphafold.ebi.ac.uk/entry/P00558
PGK1	missense_variant	uncertain significance	782713498						P00558	Phosphoglycerate kinase 1	Homo sapiens	Encontrado	https://alphafold.ebi.ac.uk/entry/P00558
PGK1	missense_variant	uncertain significance	782714332	P00558	rs782714332	M176V	0.858		P00558	Phosphoglycerate kinase 1	Homo sapiens	Encontrado	https://alphafold.ebi.ac.uk/entry/P00558
PGK1	missense_variant	uncertain significance	782714332	P00558	rs782714332	M176V	0.01		P00558	Phosphoglycerate kinase 1	Homo sapiens	Encontrado	https://alphafold.ebi.ac.uk/entry/P00558
PGK1	missense_variant	uncertain significance	782715366						P00558	Phosphoglycerate kinase 1	Homo sapiens	Encontrado	https://alphafold.ebi.ac.uk/entry/P00558
PGK1	missense_variant	likely benign	782716555						P00558	Phosphoglycerate kinase 1	Homo sapiens	Encontrado	https://alphafold.ebi.ac.uk/entry/P00558
PGK1	missense_variant	uncertain significance	782717793						P00558	Phosphoglycerate kinase 1	Homo sapiens	Encontrado	https://alphafold.ebi.ac.uk/entry/P00558
PGK1	missense_variant	likely benign	782719184						P00558	Phosphoglycerate kinase 1	Homo sapiens	Encontrado	https://alphafold.ebi.ac.uk/entry/P00558
PGK1	missense_variant	likely benign	782719789						P00558	Phosphoglycerate kinase 1	Homo sapiens	Encontrado	https://alphafold.ebi.ac.uk/entry/P00558
PGK1	missense_variant	likely benign	782724203						P00558	Phosphoglycerate kinase 1	Homo sapiens	Encontrado	https://alphafold.ebi.ac.uk/entry/P00558
PGK1	missense_variant	likely benign	782724900						P00558	Phosphoglycerate kinase 1	Homo sapiens	Encontrado	https://alphafold.ebi.ac.uk/entry/P00558
PGK1	missense_variant		782728536						P00558	Phosphoglycerate kinase 1	Homo sapiens	Encontrado	https://alphafold.ebi.ac.uk/entry/P00558
PGK1	missense_variant	uncertain significance, likely benign	782729361						P00558	Phosphoglycerate kinase 1	Homo sapiens	Encontrado	https://alphafold.ebi.ac.uk/entry/P00558
PGK1	missense_variant	likely benign	782729433						P00558	Phosphoglycerate kinase 1	Homo sapiens	Encontrado	https://alphafold.ebi.ac.uk/entry/P00558
PGK1	missense_variant	uncertain significance	782729792						P00558	Phosphoglycerate kinase 1	Homo sapiens	Encontrado	https://alphafold.ebi.ac.uk/entry/P00558
PGK1	missense_variant	uncertain significance	782731050						P00558	Phosphoglycerate kinase 1	Homo sapiens	Encontrado	https://alphafold.ebi.ac.uk/entry/P00558
PGK1	missense_variant		782733187						P00558	Phosphoglycerate kinase 1	Homo sapiens	Encontrado	https://alphafold.ebi.ac.uk/entry/P00558
PGK1	missense_variant		782736254						P00558	Phosphoglycerate kinase 1	Homo sapiens	Encontrado	https://alphafold.ebi.ac.uk/entry/P00558
PGK1	missense_variant	uncertain significance	782739117	P00558	rs782739117	G237A	0.271		P00558	Phosphoglycerate kinase 1	Homo sapiens	Encontrado	https://alphafold.ebi.ac.uk/entry/P00558
PGK1	missense_variant	uncertain significance	782739117	P00558	rs782739117	G237A	0.05		P00558	Phosphoglycerate kinase 1	Homo sapiens	Encontrado	https://alphafold.ebi.ac.uk/entry/P00558
PGK1	missense_variant		782743076						P00558	Phosphoglycerate kinase 1	Homo sapiens	Encontrado	https://alphafold.ebi.ac.uk/entry/P00558
PGK1	missense_variant		782743818						P00558	Phosphoglycerate kinase 1	Homo sapiens	Encontrado	https://alphafold.ebi.ac.uk/entry/P00558
PGK1	missense_variant	uncertain significance	782746249						P00558	Phosphoglycerate kinase 1	Homo sapiens	Encontrado	https://alphafold.ebi.ac.uk/entry/P00558
PGK1	missense_variant		782747270						P00558	Phosphoglycerate kinase 1	Homo sapiens	Encontrado	https://alphafold.ebi.ac.uk/entry/P00558
PGK1	missense_variant		782759305						P00558	Phosphoglycerate kinase 1	Homo sapiens	Encontrado	https://alphafold.ebi.ac.uk/entry/P00558
PGK1	missense_variant	uncertain significance, likely benign	782761381						P00558	Phosphoglycerate kinase 1	Homo sapiens	Encontrado	https://alphafold.ebi.ac.uk/entry/P00558
PGK1	missense_variant	likely benign	782764064						P00558	Phosphoglycerate kinase 1	Homo sapiens	Encontrado	https://alphafold.ebi.ac.uk/entry/P00558
PGK1	missense_variant	likely benign	782764596						P00558	Phosphoglycerate kinase 1	Homo sapiens	Encontrado	https://alphafold.ebi.ac.uk/entry/P00558
PGK1	missense_variant		782765869						P00558	Phosphoglycerate kinase 1	Homo sapiens	Encontrado	https://alphafold.ebi.ac.uk/entry/P00558
PGK1	missense_variant		782767287						P00558	Phosphoglycerate kinase 1	Homo sapiens	Encontrado	https://alphafold.ebi.ac.uk/entry/P00558
PGK1	missense_variant	benign	782768766						P00558	Phosphoglycerate kinase 1	Homo sapiens	Encontrado	https://alphafold.ebi.ac.uk/entry/P00558
PGK1	missense_variant	likely benign	782769542						P00558	Phosphoglycerate kinase 1	Homo sapiens	Encontrado	https://alphafold.ebi.ac.uk/entry/P00558
PGK1	missense_variant	uncertain significance, likely benign	782770209						P00558	Phosphoglycerate kinase 1	Homo sapiens	Encontrado	https://alphafold.ebi.ac.uk/entry/P00558
PGK1	missense_variant	uncertain significance, benign, likely benign	782774219						P00558	Phosphoglycerate kinase 1	Homo sapiens	Encontrado	https://alphafold.ebi.ac.uk/entry/P00558
PGK1	missense_variant	uncertain significance	782777820						P00558	Phosphoglycerate kinase 1	Homo sapiens	Encontrado	https://alphafold.ebi.ac.uk/entry/P00558
PGK1	missense_variant		782781031						P00558	Phosphoglycerate kinase 1	Homo sapiens	Encontrado	https://alphafold.ebi.ac.uk/entry/P00558
PGK1	missense_variant	likely benign	782783435						P00558	Phosphoglycerate kinase 1	Homo sapiens	Encontrado	https://alphafold.ebi.ac.uk/entry/P00558
PGK1	missense_variant		782785808						P00558	Phosphoglycerate kinase 1	Homo sapiens	Encontrado	https://alphafold.ebi.ac.uk/entry/P00558
PGK1	missense_variant	likely benign	782786661						P00558	Phosphoglycerate kinase 1	Homo sapiens	Encontrado	https://alphafold.ebi.ac.uk/entry/P00558
PGK1	missense_variant		782788315						P00558	Phosphoglycerate kinase 1	Homo sapiens	Encontrado	https://alphafold.ebi.ac.uk/entry/P00558
PGK1	missense_variant	uncertain significance	782791423						P00558	Phosphoglycerate kinase 1	Homo sapiens	Encontrado	https://alphafold.ebi.ac.uk/entry/P00558
PGK1	missense_variant	uncertain significance, benign, likely benign	782795716	P00558	rs782795716	K184N	0.319		P00558	Phosphoglycerate kinase 1	Homo sapiens	Encontrado	https://alphafold.ebi.ac.uk/entry/P00558
PGK1	missense_variant	uncertain significance, benign, likely benign	782795716	P00558	rs782795716	K184N	0.0		P00558	Phosphoglycerate kinase 1	Homo sapiens	Encontrado	https://alphafold.ebi.ac.uk/entry/P00558
PGK1	missense_variant	uncertain significance, benign, likely benign	782795716	P00558	rs782795716	K184N	0.528		P00558	Phosphoglycerate kinase 1	Homo sapiens	Encontrado	https://alphafold.ebi.ac.uk/entry/P00558
PGK1	missense_variant	uncertain significance, benign, likely benign	782795716	P00558	rs782795716	K184N	0.02		P00558	Phosphoglycerate kinase 1	Homo sapiens	Encontrado	https://alphafold.ebi.ac.uk/entry/P00558
PGK1	missense_variant	uncertain significance	782797917	P00558	rs782797917	T369P	0.995		P00558	Phosphoglycerate kinase 1	Homo sapiens	Encontrado	https://alphafold.ebi.ac.uk/entry/P00558
PGK1	missense_variant	uncertain significance	782797917	P00558	rs782797917	T369P	0.0		P00558	Phosphoglycerate kinase 1	Homo sapiens	Encontrado	https://alphafold.ebi.ac.uk/entry/P00558
PGK1	missense_variant	uncertain significance, likely benign	782799150						P00558	Phosphoglycerate kinase 1	Homo sapiens	Encontrado	https://alphafold.ebi.ac.uk/entry/P00558
PGK1	missense_variant	uncertain significance	782804673	P00558	rs782804673	I34V	0.078		P00558	Phosphoglycerate kinase 1	Homo sapiens	Encontrado	https://alphafold.ebi.ac.uk/entry/P00558
PGK1	missense_variant	uncertain significance	782804673	P00558	rs782804673	I34V	0.08		P00558	Phosphoglycerate kinase 1	Homo sapiens	Encontrado	https://alphafold.ebi.ac.uk/entry/P00558
PGK1	missense_variant		782806700						P00558	Phosphoglycerate kinase 1	Homo sapiens	Encontrado	https://alphafold.ebi.ac.uk/entry/P00558
PGK1	missense_variant	uncertain significance	782807093	P00558	rs782807093	V93A	0.988		P00558	Phosphoglycerate kinase 1	Homo sapiens	Encontrado	https://alphafold.ebi.ac.uk/entry/P00558
PGK1	missense_variant	uncertain significance	782807093	P00558	rs782807093	V93A	0.01		P00558	Phosphoglycerate kinase 1	Homo sapiens	Encontrado	https://alphafold.ebi.ac.uk/entry/P00558
PGK1	missense_variant		782807489						P00558	Phosphoglycerate kinase 1	Homo sapiens	Encontrado	https://alphafold.ebi.ac.uk/entry/P00558
PGK1	missense_variant	uncertain significance	782807828						P00558	Phosphoglycerate kinase 1	Homo sapiens	Encontrado	https://alphafold.ebi.ac.uk/entry/P00558
PGK1	missense_variant		782810188						P00558	Phosphoglycerate kinase 1	Homo sapiens	Encontrado	https://alphafold.ebi.ac.uk/entry/P00558
PGK1	missense_variant	likely benign	782815622						P00558	Phosphoglycerate kinase 1	Homo sapiens	Encontrado	https://alphafold.ebi.ac.uk/entry/P00558
PGK1	missense_variant	likely benign	782818596						P00558	Phosphoglycerate kinase 1	Homo sapiens	Encontrado	https://alphafold.ebi.ac.uk/entry/P00558
PGK1	missense_variant	uncertain significance, likely benign	782818837						P00558	Phosphoglycerate kinase 1	Homo sapiens	Encontrado	https://alphafold.ebi.ac.uk/entry/P00558
PGK1	missense_variant	uncertain significance	782819714	P00558	rs782819714	R330W	0.003		P00558	Phosphoglycerate kinase 1	Homo sapiens	Encontrado	https://alphafold.ebi.ac.uk/entry/P00558
PGK1	missense_variant	uncertain significance	782819714	P00558	rs782819714	R330W	0.06		P00558	Phosphoglycerate kinase 1	Homo sapiens	Encontrado	https://alphafold.ebi.ac.uk/entry/P00558
PGK1	missense_variant		782820983						P00558	Phosphoglycerate kinase 1	Homo sapiens	Encontrado	https://alphafold.ebi.ac.uk/entry/P00558
PGK1	missense_variant	likely pathogenic	797027905						P00558	Phosphoglycerate kinase 1	Homo sapiens	Encontrado	https://alphafold.ebi.ac.uk/entry/P00558
PGK1	missense_variant	uncertain significance	797044648						P00558	Phosphoglycerate kinase 1	Homo sapiens	Encontrado	https://alphafold.ebi.ac.uk/entry/P00558
PGK1	missense_variant	benign	797045326						P00558	Phosphoglycerate kinase 1	Homo sapiens	Encontrado	https://alphafold.ebi.ac.uk/entry/P00558
PGK1	missense_variant	uncertain significance, pathogenic	797045334						P00558	Phosphoglycerate kinase 1	Homo sapiens	Encontrado	https://alphafold.ebi.ac.uk/entry/P00558
PGK1	missense_variant	likely pathogenic, pathogenic	797045344						P00558	Phosphoglycerate kinase 1	Homo sapiens	Encontrado	https://alphafold.ebi.ac.uk/entry/P00558
PGK1	missense_variant	uncertain significance	797045345						P00558	Phosphoglycerate kinase 1	Homo sapiens	Encontrado	https://alphafold.ebi.ac.uk/entry/P00558
PGK1	missense_variant	likely pathogenic	797045348						P00558	Phosphoglycerate kinase 1	Homo sapiens	Encontrado	https://alphafold.ebi.ac.uk/entry/P00558
PGK1	missense_variant	uncertain significance	797045350						P00558	Phosphoglycerate kinase 1	Homo sapiens	Encontrado	https://alphafold.ebi.ac.uk/entry/P00558
PGK1	missense_variant	pathogenic	797045354						P00558	Phosphoglycerate kinase 1	Homo sapiens	Encontrado	https://alphafold.ebi.ac.uk/entry/P00558
PGK1	missense_variant	pathogenic	797045360						P00558	Phosphoglycerate kinase 1	Homo sapiens	Encontrado	https://alphafold.ebi.ac.uk/entry/P00558
PGK1	missense_variant	likely pathogenic	797045362						P00558	Phosphoglycerate kinase 1	Homo sapiens	Encontrado	https://alphafold.ebi.ac.uk/entry/P00558
PGK1	missense_variant	uncertain significance, likely pathogenic	797045363						P00558	Phosphoglycerate kinase 1	Homo sapiens	Encontrado	https://alphafold.ebi.ac.uk/entry/P00558
PGK1	missense_variant	likely pathogenic	797045365						P00558	Phosphoglycerate kinase 1	Homo sapiens	Encontrado	https://alphafold.ebi.ac.uk/entry/P00558
PGK1	missense_variant	likely benign, pathogenic	797045370						P00558	Phosphoglycerate kinase 1	Homo sapiens	Encontrado	https://alphafold.ebi.ac.uk/entry/P00558
PGK1	missense_variant	uncertain significance, likely pathogenic	797045376						P00558	Phosphoglycerate kinase 1	Homo sapiens	Encontrado	https://alphafold.ebi.ac.uk/entry/P00558
PGK1	missense_variant	pathogenic	797045382						P00558	Phosphoglycerate kinase 1	Homo sapiens	Encontrado	https://alphafold.ebi.ac.uk/entry/P00558
PGK1	missense_variant	likely pathogenic	797045385						P00558	Phosphoglycerate kinase 1	Homo sapiens	Encontrado	https://alphafold.ebi.ac.uk/entry/P00558
PGK1	missense_variant	pathogenic	797045388						P00558	Phosphoglycerate kinase 1	Homo sapiens	Encontrado	https://alphafold.ebi.ac.uk/entry/P00558
PGK1	missense_variant	pathogenic	797045390						P00558	Phosphoglycerate kinase 1	Homo sapiens	Encontrado	https://alphafold.ebi.ac.uk/entry/P00558
PGK1	missense_variant	likely pathogenic	797045394						P00558	Phosphoglycerate kinase 1	Homo sapiens	Encontrado	https://alphafold.ebi.ac.uk/entry/P00558
PGK1	missense_variant	likely pathogenic	797045396						P00558	Phosphoglycerate kinase 1	Homo sapiens	Encontrado	https://alphafold.ebi.ac.uk/entry/P00558
PGK1	missense_variant	uncertain significance	868913949						P00558	Phosphoglycerate kinase 1	Homo sapiens	Encontrado	https://alphafold.ebi.ac.uk/entry/P00558
PGK1	missense_variant		868921196						P00558	Phosphoglycerate kinase 1	Homo sapiens	Encontrado	https://alphafold.ebi.ac.uk/entry/P00558
PGK1	missense_variant	uncertain significance	868923506						P00558	Phosphoglycerate kinase 1	Homo sapiens	Encontrado	https://alphafold.ebi.ac.uk/entry/P00558
PGK1	missense_variant	uncertain significance	868928182						P00558	Phosphoglycerate kinase 1	Homo sapiens	Encontrado	https://alphafold.ebi.ac.uk/entry/P00558
PGK1	missense_variant		868939595						P00558	Phosphoglycerate kinase 1	Homo sapiens	Encontrado	https://alphafold.ebi.ac.uk/entry/P00558
PGK1	missense_variant	uncertain significance	868944171						P00558	Phosphoglycerate kinase 1	Homo sapiens	Encontrado	https://alphafold.ebi.ac.uk/entry/P00558
PGK1	missense_variant	uncertain significance, likely benign	868946047						P00558	Phosphoglycerate kinase 1	Homo sapiens	Encontrado	https://alphafold.ebi.ac.uk/entry/P00558
PGK1	missense_variant		868949846	P00558	rs868949846	A301D	0.969		P00558	Phosphoglycerate kinase 1	Homo sapiens	Encontrado	https://alphafold.ebi.ac.uk/entry/P00558
PGK1	missense_variant		868949846	P00558	rs868949846	A301D	0.03		P00558	Phosphoglycerate kinase 1	Homo sapiens	Encontrado	https://alphafold.ebi.ac.uk/entry/P00558
PGK1	missense_variant		868949846	P00558	rs868949846	A301D	0.842		P00558	Phosphoglycerate kinase 1	Homo sapiens	Encontrado	https://alphafold.ebi.ac.uk/entry/P00558
PGK1	missense_variant		868949846	P00558	rs868949846	A301D	0.03		P00558	Phosphoglycerate kinase 1	Homo sapiens	Encontrado	https://alphafold.ebi.ac.uk/entry/P00558
PGK1	missense_variant		868951575						P00558	Phosphoglycerate kinase 1	Homo sapiens	Encontrado	https://alphafold.ebi.ac.uk/entry/P00558
PGK1	missense_variant		868955953						P00558	Phosphoglycerate kinase 1	Homo sapiens	Encontrado	https://alphafold.ebi.ac.uk/entry/P00558
PGK1	missense_variant		868962247						P00558	Phosphoglycerate kinase 1	Homo sapiens	Encontrado	https://alphafold.ebi.ac.uk/entry/P00558
PGK1	missense_variant		868967711						P00558	Phosphoglycerate kinase 1	Homo sapiens	Encontrado	https://alphafold.ebi.ac.uk/entry/P00558
PGK1	missense_variant		868973855						P00558	Phosphoglycerate kinase 1	Homo sapiens	Encontrado	https://alphafold.ebi.ac.uk/entry/P00558
PGK1	missense_variant		868987365						P00558	Phosphoglycerate kinase 1	Homo sapiens	Encontrado	https://alphafold.ebi.ac.uk/entry/P00558
PGK1	missense_variant	uncertain significance	876661235						P00558	Phosphoglycerate kinase 1	Homo sapiens	Encontrado	https://alphafold.ebi.ac.uk/entry/P00558
PGK1	missense_variant	uncertain significance	876661241						P00558	Phosphoglycerate kinase 1	Homo sapiens	Encontrado	https://alphafold.ebi.ac.uk/entry/P00558
PGK1	missense_variant	uncertain significance	879254006						P00558	Phosphoglycerate kinase 1	Homo sapiens	Encontrado	https://alphafold.ebi.ac.uk/entry/P00558
PGK1	missense_variant	uncertain significance, benign	879254156						P00558	Phosphoglycerate kinase 1	Homo sapiens	Encontrado	https://alphafold.ebi.ac.uk/entry/P00558
PGK1	missense_variant	uncertain significance	879254312						P00558	Phosphoglycerate kinase 1	Homo sapiens	Encontrado	https://alphafold.ebi.ac.uk/entry/P00558
PGK1	missense_variant		879954632						P00558	Phosphoglycerate kinase 1	Homo sapiens	Encontrado	https://alphafold.ebi.ac.uk/entry/P00558
PGK1	missense_variant	likely benign	879981699						P00558	Phosphoglycerate kinase 1	Homo sapiens	Encontrado	https://alphafold.ebi.ac.uk/entry/P00558
PGK1	missense_variant		879983824						P00558	Phosphoglycerate kinase 1	Homo sapiens	Encontrado	https://alphafold.ebi.ac.uk/entry/P00558
PGK1	missense_variant	uncertain significance	886044908						P00558	Phosphoglycerate kinase 1	Homo sapiens	Encontrado	https://alphafold.ebi.ac.uk/entry/P00558
PGK1	missense_variant		888759195						P00558	Phosphoglycerate kinase 1	Homo sapiens	Encontrado	https://alphafold.ebi.ac.uk/entry/P00558
PGK1	missense_variant	uncertain significance, likely benign	896151271						P00558	Phosphoglycerate kinase 1	Homo sapiens	Encontrado	https://alphafold.ebi.ac.uk/entry/P00558
PGK1	missense_variant	uncertain significance	897502448						P00558	Phosphoglycerate kinase 1	Homo sapiens	Encontrado	https://alphafold.ebi.ac.uk/entry/P00558
PGK1	missense_variant	uncertain significance	897698502						P00558	Phosphoglycerate kinase 1	Homo sapiens	Encontrado	https://alphafold.ebi.ac.uk/entry/P00558
PGK1	missense_variant		915956435						P00558	Phosphoglycerate kinase 1	Homo sapiens	Encontrado	https://alphafold.ebi.ac.uk/entry/P00558
PGK1	missense_variant	uncertain significance	920452357						P00558	Phosphoglycerate kinase 1	Homo sapiens	Encontrado	https://alphafold.ebi.ac.uk/entry/P00558
PGK1	missense_variant	uncertain significance, not provided, likely benign	928516350						P00558	Phosphoglycerate kinase 1	Homo sapiens	Encontrado	https://alphafold.ebi.ac.uk/entry/P00558
PGK1	missense_variant	uncertain significance	929302665	P00558	rs929302665	S415G	0.571		P00558	Phosphoglycerate kinase 1	Homo sapiens	Encontrado	https://alphafold.ebi.ac.uk/entry/P00558
PGK1	missense_variant	uncertain significance	929302665	P00558	rs929302665	S415G	0.04		P00558	Phosphoglycerate kinase 1	Homo sapiens	Encontrado	https://alphafold.ebi.ac.uk/entry/P00558
PGK1	missense_variant	uncertain significance	932523090						P00558	Phosphoglycerate kinase 1	Homo sapiens	Encontrado	https://alphafold.ebi.ac.uk/entry/P00558
PGK1	missense_variant		934280694						P00558	Phosphoglycerate kinase 1	Homo sapiens	Encontrado	https://alphafold.ebi.ac.uk/entry/P00558
PGK1	missense_variant	uncertain significance, likely benign	936157944						P00558	Phosphoglycerate kinase 1	Homo sapiens	Encontrado	https://alphafold.ebi.ac.uk/entry/P00558
PGK1	missense_variant	uncertain significance	936589739						P00558	Phosphoglycerate kinase 1	Homo sapiens	Encontrado	https://alphafold.ebi.ac.uk/entry/P00558
PGK1	missense_variant	uncertain significance	937211536						P00558	Phosphoglycerate kinase 1	Homo sapiens	Encontrado	https://alphafold.ebi.ac.uk/entry/P00558
PGK1	missense_variant		941842078						P00558	Phosphoglycerate kinase 1	Homo sapiens	Encontrado	https://alphafold.ebi.ac.uk/entry/P00558
PGK1	missense_variant	uncertain significance, likely benign	944415019						P00558	Phosphoglycerate kinase 1	Homo sapiens	Encontrado	https://alphafold.ebi.ac.uk/entry/P00558
PGK1	missense_variant		948601943						P00558	Phosphoglycerate kinase 1	Homo sapiens	Encontrado	https://alphafold.ebi.ac.uk/entry/P00558
PGK1	missense_variant		948792612	P00558	rs948792612	A381T	0.037		P00558	Phosphoglycerate kinase 1	Homo sapiens	Encontrado	https://alphafold.ebi.ac.uk/entry/P00558
PGK1	missense_variant		948792612	P00558	rs948792612	A381T	0.06		P00558	Phosphoglycerate kinase 1	Homo sapiens	Encontrado	https://alphafold.ebi.ac.uk/entry/P00558
PGK1	missense_variant		948792612	P00558	rs948792612	A381T	0.05		P00558	Phosphoglycerate kinase 1	Homo sapiens	Encontrado	https://alphafold.ebi.ac.uk/entry/P00558
PGK1	missense_variant		948792612	P00558	rs948792612	A381T	0.04		P00558	Phosphoglycerate kinase 1	Homo sapiens	Encontrado	https://alphafold.ebi.ac.uk/entry/P00558
PGK1	missense_variant	uncertain significance	962646396						P00558	Phosphoglycerate kinase 1	Homo sapiens	Encontrado	https://alphafold.ebi.ac.uk/entry/P00558
PGK1	missense_variant	likely benign	981999886						P00558	Phosphoglycerate kinase 1	Homo sapiens	Encontrado	https://alphafold.ebi.ac.uk/entry/P00558
PGK1	missense_variant	uncertain significance	983662243						P00558	Phosphoglycerate kinase 1	Homo sapiens	Encontrado	https://alphafold.ebi.ac.uk/entry/P00558
PGK1	missense_variant	uncertain significance	996808810						P00558	Phosphoglycerate kinase 1	Homo sapiens	Encontrado	https://alphafold.ebi.ac.uk/entry/P00558
PGK1	missense_variant		997327455						P00558	Phosphoglycerate kinase 1	Homo sapiens	Encontrado	https://alphafold.ebi.ac.uk/entry/P00558
PGK1	missense_variant	uncertain significance	999014839						P00558	Phosphoglycerate kinase 1	Homo sapiens	Encontrado	https://alphafold.ebi.ac.uk/entry/P00558
