Gene	Consequencia	Significancia_Clinica	rs_key	UniProt_ID	rsID_dbSNP	Proteina_Mudanca	AlphaMissense_Score	AlphaMissense_Classificacao	ID_UniProt	Nome_Proteina	Organismo	Status	Link_AlphaFold
HLA-C	missense_variant		1030782964						P10321	HLA class I histocompatibility antigen, C alpha chain	Homo sapiens	Encontrado	https://alphafold.ebi.ac.uk/entry/P10321
HLA-C	missense_variant		1050105						P10321	HLA class I histocompatibility antigen, C alpha chain	Homo sapiens	Encontrado	https://alphafold.ebi.ac.uk/entry/P10321
HLA-C	missense_variant		1050118						P10321	HLA class I histocompatibility antigen, C alpha chain	Homo sapiens	Encontrado	https://alphafold.ebi.ac.uk/entry/P10321
HLA-C	missense_variant		1050147						P10321	HLA class I histocompatibility antigen, C alpha chain	Homo sapiens	Encontrado	https://alphafold.ebi.ac.uk/entry/P10321
HLA-C	missense_variant		1050180						P10321	HLA class I histocompatibility antigen, C alpha chain	Homo sapiens	Encontrado	https://alphafold.ebi.ac.uk/entry/P10321
HLA-C	missense_variant		1050276						P10321	HLA class I histocompatibility antigen, C alpha chain	Homo sapiens	Encontrado	https://alphafold.ebi.ac.uk/entry/P10321
HLA-C	missense_variant		1050320						P10321	HLA class I histocompatibility antigen, C alpha chain	Homo sapiens	Encontrado	https://alphafold.ebi.ac.uk/entry/P10321
HLA-C	missense_variant		1050328						P10321	HLA class I histocompatibility antigen, C alpha chain	Homo sapiens	Encontrado	https://alphafold.ebi.ac.uk/entry/P10321
HLA-C	missense_variant		1050343						P10321	HLA class I histocompatibility antigen, C alpha chain	Homo sapiens	Encontrado	https://alphafold.ebi.ac.uk/entry/P10321
HLA-C	missense_variant		1050344						P10321	HLA class I histocompatibility antigen, C alpha chain	Homo sapiens	Encontrado	https://alphafold.ebi.ac.uk/entry/P10321
HLA-C	missense_variant		1050357						P10321	HLA class I histocompatibility antigen, C alpha chain	Homo sapiens	Encontrado	https://alphafold.ebi.ac.uk/entry/P10321
HLA-C	missense_variant		1050373						P10321	HLA class I histocompatibility antigen, C alpha chain	Homo sapiens	Encontrado	https://alphafold.ebi.ac.uk/entry/P10321
HLA-C	missense_variant		1050409						P10321	HLA class I histocompatibility antigen, C alpha chain	Homo sapiens	Encontrado	https://alphafold.ebi.ac.uk/entry/P10321
HLA-C	missense_variant		1050428						P10321	HLA class I histocompatibility antigen, C alpha chain	Homo sapiens	Encontrado	https://alphafold.ebi.ac.uk/entry/P10321
HLA-C	missense_variant		1050437						P10321	HLA class I histocompatibility antigen, C alpha chain	Homo sapiens	Encontrado	https://alphafold.ebi.ac.uk/entry/P10321
HLA-C	missense_variant		1050445						P10321	HLA class I histocompatibility antigen, C alpha chain	Homo sapiens	Encontrado	https://alphafold.ebi.ac.uk/entry/P10321
HLA-C	missense_variant		1050451						P10321	HLA class I histocompatibility antigen, C alpha chain	Homo sapiens	Encontrado	https://alphafold.ebi.ac.uk/entry/P10321
HLA-C	missense_variant		1050685						P10321	HLA class I histocompatibility antigen, C alpha chain	Homo sapiens	Encontrado	https://alphafold.ebi.ac.uk/entry/P10321
HLA-C	missense_variant		1050686						P10321	HLA class I histocompatibility antigen, C alpha chain	Homo sapiens	Encontrado	https://alphafold.ebi.ac.uk/entry/P10321
HLA-C	missense_variant		1050716						P10321	HLA class I histocompatibility antigen, C alpha chain	Homo sapiens	Encontrado	https://alphafold.ebi.ac.uk/entry/P10321
HLA-C	missense_variant		1065382						P10321	HLA class I histocompatibility antigen, C alpha chain	Homo sapiens	Encontrado	https://alphafold.ebi.ac.uk/entry/P10321
HLA-C	missense_variant		1065385						P10321	HLA class I histocompatibility antigen, C alpha chain	Homo sapiens	Encontrado	https://alphafold.ebi.ac.uk/entry/P10321
HLA-C	missense_variant		1065600						P10321	HLA class I histocompatibility antigen, C alpha chain	Homo sapiens	Encontrado	https://alphafold.ebi.ac.uk/entry/P10321
HLA-C	missense_variant		1071649						P10321	HLA class I histocompatibility antigen, C alpha chain	Homo sapiens	Encontrado	https://alphafold.ebi.ac.uk/entry/P10321
HLA-C	missense_variant		1071650						P10321	HLA class I histocompatibility antigen, C alpha chain	Homo sapiens	Encontrado	https://alphafold.ebi.ac.uk/entry/P10321
HLA-C	missense_variant		1130838						P10321	HLA class I histocompatibility antigen, C alpha chain	Homo sapiens	Encontrado	https://alphafold.ebi.ac.uk/entry/P10321
HLA-C	missense_variant		1130935						P10321	HLA class I histocompatibility antigen, C alpha chain	Homo sapiens	Encontrado	https://alphafold.ebi.ac.uk/entry/P10321
HLA-C	missense_variant		1130947						P10321	HLA class I histocompatibility antigen, C alpha chain	Homo sapiens	Encontrado	https://alphafold.ebi.ac.uk/entry/P10321
HLA-C	missense_variant		1131014						P10321	HLA class I histocompatibility antigen, C alpha chain	Homo sapiens	Encontrado	https://alphafold.ebi.ac.uk/entry/P10321
HLA-C	missense_variant		1131015						P10321	HLA class I histocompatibility antigen, C alpha chain	Homo sapiens	Encontrado	https://alphafold.ebi.ac.uk/entry/P10321
HLA-C	missense_variant		1131096						P10321	HLA class I histocompatibility antigen, C alpha chain	Homo sapiens	Encontrado	https://alphafold.ebi.ac.uk/entry/P10321
HLA-C	missense_variant		1131104						P10321	HLA class I histocompatibility antigen, C alpha chain	Homo sapiens	Encontrado	https://alphafold.ebi.ac.uk/entry/P10321
HLA-C	missense_variant		1131115						P10321	HLA class I histocompatibility antigen, C alpha chain	Homo sapiens	Encontrado	https://alphafold.ebi.ac.uk/entry/P10321
HLA-C	missense_variant		1131118						P10321	HLA class I histocompatibility antigen, C alpha chain	Homo sapiens	Encontrado	https://alphafold.ebi.ac.uk/entry/P10321
HLA-C	missense_variant		1131119						P10321	HLA class I histocompatibility antigen, C alpha chain	Homo sapiens	Encontrado	https://alphafold.ebi.ac.uk/entry/P10321
HLA-C	missense_variant		1131122						P10321	HLA class I histocompatibility antigen, C alpha chain	Homo sapiens	Encontrado	https://alphafold.ebi.ac.uk/entry/P10321
HLA-C	missense_variant		1131123						P10321	HLA class I histocompatibility antigen, C alpha chain	Homo sapiens	Encontrado	https://alphafold.ebi.ac.uk/entry/P10321
HLA-C	missense_variant		1131151						P10321	HLA class I histocompatibility antigen, C alpha chain	Homo sapiens	Encontrado	https://alphafold.ebi.ac.uk/entry/P10321
HLA-C	missense_variant		1143551						P10321	HLA class I histocompatibility antigen, C alpha chain	Homo sapiens	Encontrado	https://alphafold.ebi.ac.uk/entry/P10321
HLA-C	missense_variant		11547351	P10321	rs11547351	R99P	0.98		P10321	HLA class I histocompatibility antigen, C alpha chain	Homo sapiens	Encontrado	https://alphafold.ebi.ac.uk/entry/P10321
HLA-C	missense_variant		11547351	P10321	rs11547351	R99P	0.02		P10321	HLA class I histocompatibility antigen, C alpha chain	Homo sapiens	Encontrado	https://alphafold.ebi.ac.uk/entry/P10321
HLA-C	missense_variant		11547351	P10321	rs11547351	R99P	0.998		P10321	HLA class I histocompatibility antigen, C alpha chain	Homo sapiens	Encontrado	https://alphafold.ebi.ac.uk/entry/P10321
HLA-C	missense_variant		11547351	P10321	rs11547351	R99P	0.03		P10321	HLA class I histocompatibility antigen, C alpha chain	Homo sapiens	Encontrado	https://alphafold.ebi.ac.uk/entry/P10321
HLA-C	missense_variant		11547351	P10321	rs11547351	R99Q	0.101		P10321	HLA class I histocompatibility antigen, C alpha chain	Homo sapiens	Encontrado	https://alphafold.ebi.ac.uk/entry/P10321
HLA-C	missense_variant		11547351	P10321	rs11547351	R99Q	0.05		P10321	HLA class I histocompatibility antigen, C alpha chain	Homo sapiens	Encontrado	https://alphafold.ebi.ac.uk/entry/P10321
HLA-C	missense_variant		11547351	P10321	rs11547351	R99Q	0.201		P10321	HLA class I histocompatibility antigen, C alpha chain	Homo sapiens	Encontrado	https://alphafold.ebi.ac.uk/entry/P10321
HLA-C	missense_variant		11547351	P10321	rs11547351	R99Q	0.03		P10321	HLA class I histocompatibility antigen, C alpha chain	Homo sapiens	Encontrado	https://alphafold.ebi.ac.uk/entry/P10321
HLA-C	missense_variant		11547360						P10321	HLA class I histocompatibility antigen, C alpha chain	Homo sapiens	Encontrado	https://alphafold.ebi.ac.uk/entry/P10321
HLA-C	missense_variant		1157292832						P10321	HLA class I histocompatibility antigen, C alpha chain	Homo sapiens	Encontrado	https://alphafold.ebi.ac.uk/entry/P10321
HLA-C	missense_variant		1157876765						P10321	HLA class I histocompatibility antigen, C alpha chain	Homo sapiens	Encontrado	https://alphafold.ebi.ac.uk/entry/P10321
HLA-C	missense_variant		1165733814						P10321	HLA class I histocompatibility antigen, C alpha chain	Homo sapiens	Encontrado	https://alphafold.ebi.ac.uk/entry/P10321
HLA-C	missense_variant		1166235395						P10321	HLA class I histocompatibility antigen, C alpha chain	Homo sapiens	Encontrado	https://alphafold.ebi.ac.uk/entry/P10321
HLA-C	missense_variant		1176484439						P10321	HLA class I histocompatibility antigen, C alpha chain	Homo sapiens	Encontrado	https://alphafold.ebi.ac.uk/entry/P10321
HLA-C	missense_variant		1176545881						P10321	HLA class I histocompatibility antigen, C alpha chain	Homo sapiens	Encontrado	https://alphafold.ebi.ac.uk/entry/P10321
HLA-C	missense_variant		1181702895						P10321	HLA class I histocompatibility antigen, C alpha chain	Homo sapiens	Encontrado	https://alphafold.ebi.ac.uk/entry/P10321
HLA-C	missense_variant		1191929713						P10321	HLA class I histocompatibility antigen, C alpha chain	Homo sapiens	Encontrado	https://alphafold.ebi.ac.uk/entry/P10321
HLA-C	missense_variant		1195405141						P10321	HLA class I histocompatibility antigen, C alpha chain	Homo sapiens	Encontrado	https://alphafold.ebi.ac.uk/entry/P10321
HLA-C	missense_variant		1206082893						P10321	HLA class I histocompatibility antigen, C alpha chain	Homo sapiens	Encontrado	https://alphafold.ebi.ac.uk/entry/P10321
HLA-C	missense_variant		1209623361						P10321	HLA class I histocompatibility antigen, C alpha chain	Homo sapiens	Encontrado	https://alphafold.ebi.ac.uk/entry/P10321
HLA-C	missense_variant		1211800658						P10321	HLA class I histocompatibility antigen, C alpha chain	Homo sapiens	Encontrado	https://alphafold.ebi.ac.uk/entry/P10321
HLA-C	missense_variant		1212934779						P10321	HLA class I histocompatibility antigen, C alpha chain	Homo sapiens	Encontrado	https://alphafold.ebi.ac.uk/entry/P10321
HLA-C	missense_variant		1215008117						P10321	HLA class I histocompatibility antigen, C alpha chain	Homo sapiens	Encontrado	https://alphafold.ebi.ac.uk/entry/P10321
HLA-C	missense_variant		12209550	P10321	rs12209550	V312I	0.086		P10321	HLA class I histocompatibility antigen, C alpha chain	Homo sapiens	Encontrado	https://alphafold.ebi.ac.uk/entry/P10321
HLA-C	missense_variant		12209550	P10321	rs12209550	V312I	0.8		P10321	HLA class I histocompatibility antigen, C alpha chain	Homo sapiens	Encontrado	https://alphafold.ebi.ac.uk/entry/P10321
HLA-C	missense_variant		12209550	P10321	rs12209550	V312I	0.084		P10321	HLA class I histocompatibility antigen, C alpha chain	Homo sapiens	Encontrado	https://alphafold.ebi.ac.uk/entry/P10321
HLA-C	missense_variant		12209550	P10321	rs12209550	V312I	0.48		P10321	HLA class I histocompatibility antigen, C alpha chain	Homo sapiens	Encontrado	https://alphafold.ebi.ac.uk/entry/P10321
HLA-C	missense_variant		1237889046						P10321	HLA class I histocompatibility antigen, C alpha chain	Homo sapiens	Encontrado	https://alphafold.ebi.ac.uk/entry/P10321
HLA-C	missense_variant		1245383721						P10321	HLA class I histocompatibility antigen, C alpha chain	Homo sapiens	Encontrado	https://alphafold.ebi.ac.uk/entry/P10321
HLA-C	missense_variant		1247917344						P10321	HLA class I histocompatibility antigen, C alpha chain	Homo sapiens	Encontrado	https://alphafold.ebi.ac.uk/entry/P10321
HLA-C	missense_variant		1252301746						P10321	HLA class I histocompatibility antigen, C alpha chain	Homo sapiens	Encontrado	https://alphafold.ebi.ac.uk/entry/P10321
HLA-C	missense_variant		1253425446						P10321	HLA class I histocompatibility antigen, C alpha chain	Homo sapiens	Encontrado	https://alphafold.ebi.ac.uk/entry/P10321
HLA-C	missense_variant		1253884586						P10321	HLA class I histocompatibility antigen, C alpha chain	Homo sapiens	Encontrado	https://alphafold.ebi.ac.uk/entry/P10321
HLA-C	missense_variant		1254596316						P10321	HLA class I histocompatibility antigen, C alpha chain	Homo sapiens	Encontrado	https://alphafold.ebi.ac.uk/entry/P10321
HLA-C	missense_variant		1255775232						P10321	HLA class I histocompatibility antigen, C alpha chain	Homo sapiens	Encontrado	https://alphafold.ebi.ac.uk/entry/P10321
HLA-C	missense_variant		1266296765						P10321	HLA class I histocompatibility antigen, C alpha chain	Homo sapiens	Encontrado	https://alphafold.ebi.ac.uk/entry/P10321
HLA-C	missense_variant		1266889735						P10321	HLA class I histocompatibility antigen, C alpha chain	Homo sapiens	Encontrado	https://alphafold.ebi.ac.uk/entry/P10321
HLA-C	missense_variant		1268574220						P10321	HLA class I histocompatibility antigen, C alpha chain	Homo sapiens	Encontrado	https://alphafold.ebi.ac.uk/entry/P10321
HLA-C	missense_variant		12721931						P10321	HLA class I histocompatibility antigen, C alpha chain	Homo sapiens	Encontrado	https://alphafold.ebi.ac.uk/entry/P10321
HLA-C	missense_variant		1285070874						P10321	HLA class I histocompatibility antigen, C alpha chain	Homo sapiens	Encontrado	https://alphafold.ebi.ac.uk/entry/P10321
HLA-C	missense_variant		1289588842	P10321	rs1289588842	V317G	0.988		P10321	HLA class I histocompatibility antigen, C alpha chain	Homo sapiens	Encontrado	https://alphafold.ebi.ac.uk/entry/P10321
HLA-C	missense_variant		1289588842	P10321	rs1289588842	V317G	0.02		P10321	HLA class I histocompatibility antigen, C alpha chain	Homo sapiens	Encontrado	https://alphafold.ebi.ac.uk/entry/P10321
HLA-C	missense_variant		1289588842	P10321	rs1289588842	V317G	0.988		P10321	HLA class I histocompatibility antigen, C alpha chain	Homo sapiens	Encontrado	https://alphafold.ebi.ac.uk/entry/P10321
HLA-C	missense_variant		1289588842	P10321	rs1289588842	V317G	0.01		P10321	HLA class I histocompatibility antigen, C alpha chain	Homo sapiens	Encontrado	https://alphafold.ebi.ac.uk/entry/P10321
HLA-C	missense_variant		1319692846						P10321	HLA class I histocompatibility antigen, C alpha chain	Homo sapiens	Encontrado	https://alphafold.ebi.ac.uk/entry/P10321
HLA-C	missense_variant		1322954525						P10321	HLA class I histocompatibility antigen, C alpha chain	Homo sapiens	Encontrado	https://alphafold.ebi.ac.uk/entry/P10321
HLA-C	missense_variant		1328223211						P10321	HLA class I histocompatibility antigen, C alpha chain	Homo sapiens	Encontrado	https://alphafold.ebi.ac.uk/entry/P10321
HLA-C	missense_variant		1341796579						P10321	HLA class I histocompatibility antigen, C alpha chain	Homo sapiens	Encontrado	https://alphafold.ebi.ac.uk/entry/P10321
HLA-C	missense_variant		1342930529						P10321	HLA class I histocompatibility antigen, C alpha chain	Homo sapiens	Encontrado	https://alphafold.ebi.ac.uk/entry/P10321
HLA-C	missense_variant		1348016183						P10321	HLA class I histocompatibility antigen, C alpha chain	Homo sapiens	Encontrado	https://alphafold.ebi.ac.uk/entry/P10321
HLA-C	missense_variant		1348813203						P10321	HLA class I histocompatibility antigen, C alpha chain	Homo sapiens	Encontrado	https://alphafold.ebi.ac.uk/entry/P10321
HLA-C	missense_variant		1351306423						P10321	HLA class I histocompatibility antigen, C alpha chain	Homo sapiens	Encontrado	https://alphafold.ebi.ac.uk/entry/P10321
HLA-C	missense_variant		1353067879						P10321	HLA class I histocompatibility antigen, C alpha chain	Homo sapiens	Encontrado	https://alphafold.ebi.ac.uk/entry/P10321
HLA-C	missense_variant		1357388290						P10321	HLA class I histocompatibility antigen, C alpha chain	Homo sapiens	Encontrado	https://alphafold.ebi.ac.uk/entry/P10321
HLA-C	missense_variant		1364389206						P10321	HLA class I histocompatibility antigen, C alpha chain	Homo sapiens	Encontrado	https://alphafold.ebi.ac.uk/entry/P10321
HLA-C	missense_variant		1384097655						P10321	HLA class I histocompatibility antigen, C alpha chain	Homo sapiens	Encontrado	https://alphafold.ebi.ac.uk/entry/P10321
HLA-C	missense_variant		1385667458	P10321	rs1385667458	A354V	0.997		P10321	HLA class I histocompatibility antigen, C alpha chain	Homo sapiens	Encontrado	https://alphafold.ebi.ac.uk/entry/P10321
HLA-C	missense_variant		1385667458	P10321	rs1385667458	A354V	0.03		P10321	HLA class I histocompatibility antigen, C alpha chain	Homo sapiens	Encontrado	https://alphafold.ebi.ac.uk/entry/P10321
HLA-C	missense_variant		1385667458	P10321	rs1385667458	A354V	0.997		P10321	HLA class I histocompatibility antigen, C alpha chain	Homo sapiens	Encontrado	https://alphafold.ebi.ac.uk/entry/P10321
HLA-C	missense_variant		1385667458	P10321	rs1385667458	A354V	0.01		P10321	HLA class I histocompatibility antigen, C alpha chain	Homo sapiens	Encontrado	https://alphafold.ebi.ac.uk/entry/P10321
HLA-C	missense_variant		138584390						P10321	HLA class I histocompatibility antigen, C alpha chain	Homo sapiens	Encontrado	https://alphafold.ebi.ac.uk/entry/P10321
HLA-C	missense_variant		1389264721						P10321	HLA class I histocompatibility antigen, C alpha chain	Homo sapiens	Encontrado	https://alphafold.ebi.ac.uk/entry/P10321
HLA-C	missense_variant		1396213802						P10321	HLA class I histocompatibility antigen, C alpha chain	Homo sapiens	Encontrado	https://alphafold.ebi.ac.uk/entry/P10321
HLA-C	missense_variant		139702282						P10321	HLA class I histocompatibility antigen, C alpha chain	Homo sapiens	Encontrado	https://alphafold.ebi.ac.uk/entry/P10321
HLA-C	missense_variant		1402352289						P10321	HLA class I histocompatibility antigen, C alpha chain	Homo sapiens	Encontrado	https://alphafold.ebi.ac.uk/entry/P10321
HLA-C	missense_variant		141142418						P10321	HLA class I histocompatibility antigen, C alpha chain	Homo sapiens	Encontrado	https://alphafold.ebi.ac.uk/entry/P10321
HLA-C	missense_variant		1417817898						P10321	HLA class I histocompatibility antigen, C alpha chain	Homo sapiens	Encontrado	https://alphafold.ebi.ac.uk/entry/P10321
HLA-C	missense_variant		1421337981						P10321	HLA class I histocompatibility antigen, C alpha chain	Homo sapiens	Encontrado	https://alphafold.ebi.ac.uk/entry/P10321
HLA-C	missense_variant		1425295005						P10321	HLA class I histocompatibility antigen, C alpha chain	Homo sapiens	Encontrado	https://alphafold.ebi.ac.uk/entry/P10321
HLA-C	missense_variant	likely benign	142570222						P10321	HLA class I histocompatibility antigen, C alpha chain	Homo sapiens	Encontrado	https://alphafold.ebi.ac.uk/entry/P10321
HLA-C	missense_variant		1431241977						P10321	HLA class I histocompatibility antigen, C alpha chain	Homo sapiens	Encontrado	https://alphafold.ebi.ac.uk/entry/P10321
HLA-C	missense_variant		1432631845						P10321	HLA class I histocompatibility antigen, C alpha chain	Homo sapiens	Encontrado	https://alphafold.ebi.ac.uk/entry/P10321
HLA-C	missense_variant		1438291895						P10321	HLA class I histocompatibility antigen, C alpha chain	Homo sapiens	Encontrado	https://alphafold.ebi.ac.uk/entry/P10321
HLA-C	missense_variant		1456721433						P10321	HLA class I histocompatibility antigen, C alpha chain	Homo sapiens	Encontrado	https://alphafold.ebi.ac.uk/entry/P10321
HLA-C	missense_variant		146215372						P10321	HLA class I histocompatibility antigen, C alpha chain	Homo sapiens	Encontrado	https://alphafold.ebi.ac.uk/entry/P10321
HLA-C	missense_variant		146911342						P10321	HLA class I histocompatibility antigen, C alpha chain	Homo sapiens	Encontrado	https://alphafold.ebi.ac.uk/entry/P10321
HLA-C	missense_variant		1482720568	P10321	rs1482720568	E359V	0.998		P10321	HLA class I histocompatibility antigen, C alpha chain	Homo sapiens	Encontrado	https://alphafold.ebi.ac.uk/entry/P10321
HLA-C	missense_variant		1482720568	P10321	rs1482720568	E359V	1.0		P10321	HLA class I histocompatibility antigen, C alpha chain	Homo sapiens	Encontrado	https://alphafold.ebi.ac.uk/entry/P10321
HLA-C	missense_variant		1482720568	P10321	rs1482720568	E359V	0.998		P10321	HLA class I histocompatibility antigen, C alpha chain	Homo sapiens	Encontrado	https://alphafold.ebi.ac.uk/entry/P10321
HLA-C	missense_variant		1482720568	P10321	rs1482720568	E359V	1.0		P10321	HLA class I histocompatibility antigen, C alpha chain	Homo sapiens	Encontrado	https://alphafold.ebi.ac.uk/entry/P10321
HLA-C	missense_variant		148650077						P10321	HLA class I histocompatibility antigen, C alpha chain	Homo sapiens	Encontrado	https://alphafold.ebi.ac.uk/entry/P10321
HLA-C	missense_variant		1486964262						P10321	HLA class I histocompatibility antigen, C alpha chain	Homo sapiens	Encontrado	https://alphafold.ebi.ac.uk/entry/P10321
HLA-C	missense_variant		150127748						P10321	HLA class I histocompatibility antigen, C alpha chain	Homo sapiens	Encontrado	https://alphafold.ebi.ac.uk/entry/P10321
HLA-C	missense_variant		151341100						P10321	HLA class I histocompatibility antigen, C alpha chain	Homo sapiens	Encontrado	https://alphafold.ebi.ac.uk/entry/P10321
HLA-C	missense_variant		1562029239						P10321	HLA class I histocompatibility antigen, C alpha chain	Homo sapiens	Encontrado	https://alphafold.ebi.ac.uk/entry/P10321
HLA-C	missense_variant		1582314232						P10321	HLA class I histocompatibility antigen, C alpha chain	Homo sapiens	Encontrado	https://alphafold.ebi.ac.uk/entry/P10321
HLA-C	missense_variant		17408553						P10321	HLA class I histocompatibility antigen, C alpha chain	Homo sapiens	Encontrado	https://alphafold.ebi.ac.uk/entry/P10321
HLA-C	missense_variant		17413678						P10321	HLA class I histocompatibility antigen, C alpha chain	Homo sapiens	Encontrado	https://alphafold.ebi.ac.uk/entry/P10321
HLA-C	missense_variant		17413685						P10321	HLA class I histocompatibility antigen, C alpha chain	Homo sapiens	Encontrado	https://alphafold.ebi.ac.uk/entry/P10321
HLA-C	missense_variant		1761106648						P10321	HLA class I histocompatibility antigen, C alpha chain	Homo sapiens	Encontrado	https://alphafold.ebi.ac.uk/entry/P10321
HLA-C	missense_variant		1761118074						P10321	HLA class I histocompatibility antigen, C alpha chain	Homo sapiens	Encontrado	https://alphafold.ebi.ac.uk/entry/P10321
HLA-C	missense_variant		1761118972						P10321	HLA class I histocompatibility antigen, C alpha chain	Homo sapiens	Encontrado	https://alphafold.ebi.ac.uk/entry/P10321
HLA-C	missense_variant		1761119082						P10321	HLA class I histocompatibility antigen, C alpha chain	Homo sapiens	Encontrado	https://alphafold.ebi.ac.uk/entry/P10321
HLA-C	missense_variant		1761129595						P10321	HLA class I histocompatibility antigen, C alpha chain	Homo sapiens	Encontrado	https://alphafold.ebi.ac.uk/entry/P10321
HLA-C	missense_variant		1761130760						P10321	HLA class I histocompatibility antigen, C alpha chain	Homo sapiens	Encontrado	https://alphafold.ebi.ac.uk/entry/P10321
HLA-C	missense_variant		1761131021						P10321	HLA class I histocompatibility antigen, C alpha chain	Homo sapiens	Encontrado	https://alphafold.ebi.ac.uk/entry/P10321
HLA-C	missense_variant		1761160687						P10321	HLA class I histocompatibility antigen, C alpha chain	Homo sapiens	Encontrado	https://alphafold.ebi.ac.uk/entry/P10321
HLA-C	missense_variant		1761160824						P10321	HLA class I histocompatibility antigen, C alpha chain	Homo sapiens	Encontrado	https://alphafold.ebi.ac.uk/entry/P10321
HLA-C	missense_variant		1761160954						P10321	HLA class I histocompatibility antigen, C alpha chain	Homo sapiens	Encontrado	https://alphafold.ebi.ac.uk/entry/P10321
HLA-C	missense_variant		1761170168						P10321	HLA class I histocompatibility antigen, C alpha chain	Homo sapiens	Encontrado	https://alphafold.ebi.ac.uk/entry/P10321
HLA-C	missense_variant		1761211414						P10321	HLA class I histocompatibility antigen, C alpha chain	Homo sapiens	Encontrado	https://alphafold.ebi.ac.uk/entry/P10321
HLA-C	missense_variant		1761211566						P10321	HLA class I histocompatibility antigen, C alpha chain	Homo sapiens	Encontrado	https://alphafold.ebi.ac.uk/entry/P10321
HLA-C	missense_variant		1761213841						P10321	HLA class I histocompatibility antigen, C alpha chain	Homo sapiens	Encontrado	https://alphafold.ebi.ac.uk/entry/P10321
HLA-C	missense_variant		1761215073						P10321	HLA class I histocompatibility antigen, C alpha chain	Homo sapiens	Encontrado	https://alphafold.ebi.ac.uk/entry/P10321
HLA-C	missense_variant		1761215205						P10321	HLA class I histocompatibility antigen, C alpha chain	Homo sapiens	Encontrado	https://alphafold.ebi.ac.uk/entry/P10321
HLA-C	missense_variant		1761215526						P10321	HLA class I histocompatibility antigen, C alpha chain	Homo sapiens	Encontrado	https://alphafold.ebi.ac.uk/entry/P10321
HLA-C	missense_variant		1761216188						P10321	HLA class I histocompatibility antigen, C alpha chain	Homo sapiens	Encontrado	https://alphafold.ebi.ac.uk/entry/P10321
HLA-C	missense_variant		1761218000						P10321	HLA class I histocompatibility antigen, C alpha chain	Homo sapiens	Encontrado	https://alphafold.ebi.ac.uk/entry/P10321
HLA-C	missense_variant		1761218520						P10321	HLA class I histocompatibility antigen, C alpha chain	Homo sapiens	Encontrado	https://alphafold.ebi.ac.uk/entry/P10321
HLA-C	missense_variant		1761219943						P10321	HLA class I histocompatibility antigen, C alpha chain	Homo sapiens	Encontrado	https://alphafold.ebi.ac.uk/entry/P10321
HLA-C	missense_variant		1761220374						P10321	HLA class I histocompatibility antigen, C alpha chain	Homo sapiens	Encontrado	https://alphafold.ebi.ac.uk/entry/P10321
HLA-C	missense_variant		1761220680						P10321	HLA class I histocompatibility antigen, C alpha chain	Homo sapiens	Encontrado	https://alphafold.ebi.ac.uk/entry/P10321
HLA-C	missense_variant		1761220873						P10321	HLA class I histocompatibility antigen, C alpha chain	Homo sapiens	Encontrado	https://alphafold.ebi.ac.uk/entry/P10321
HLA-C	missense_variant		1761221999						P10321	HLA class I histocompatibility antigen, C alpha chain	Homo sapiens	Encontrado	https://alphafold.ebi.ac.uk/entry/P10321
HLA-C	missense_variant		1761227323						P10321	HLA class I histocompatibility antigen, C alpha chain	Homo sapiens	Encontrado	https://alphafold.ebi.ac.uk/entry/P10321
HLA-C	missense_variant		1761285381						P10321	HLA class I histocompatibility antigen, C alpha chain	Homo sapiens	Encontrado	https://alphafold.ebi.ac.uk/entry/P10321
HLA-C	missense_variant		1761291977						P10321	HLA class I histocompatibility antigen, C alpha chain	Homo sapiens	Encontrado	https://alphafold.ebi.ac.uk/entry/P10321
HLA-C	missense_variant		1761318671						P10321	HLA class I histocompatibility antigen, C alpha chain	Homo sapiens	Encontrado	https://alphafold.ebi.ac.uk/entry/P10321
HLA-C	missense_variant		1761326383						P10321	HLA class I histocompatibility antigen, C alpha chain	Homo sapiens	Encontrado	https://alphafold.ebi.ac.uk/entry/P10321
HLA-C	missense_variant		1761364538						P10321	HLA class I histocompatibility antigen, C alpha chain	Homo sapiens	Encontrado	https://alphafold.ebi.ac.uk/entry/P10321
HLA-C	missense_variant		1761365405						P10321	HLA class I histocompatibility antigen, C alpha chain	Homo sapiens	Encontrado	https://alphafold.ebi.ac.uk/entry/P10321
HLA-C	missense_variant		1761381308						P10321	HLA class I histocompatibility antigen, C alpha chain	Homo sapiens	Encontrado	https://alphafold.ebi.ac.uk/entry/P10321
HLA-C	missense_variant		1761385663						P10321	HLA class I histocompatibility antigen, C alpha chain	Homo sapiens	Encontrado	https://alphafold.ebi.ac.uk/entry/P10321
HLA-C	missense_variant		1761386005						P10321	HLA class I histocompatibility antigen, C alpha chain	Homo sapiens	Encontrado	https://alphafold.ebi.ac.uk/entry/P10321
HLA-C	missense_variant		1761386119						P10321	HLA class I histocompatibility antigen, C alpha chain	Homo sapiens	Encontrado	https://alphafold.ebi.ac.uk/entry/P10321
HLA-C	missense_variant		1761386245						P10321	HLA class I histocompatibility antigen, C alpha chain	Homo sapiens	Encontrado	https://alphafold.ebi.ac.uk/entry/P10321
HLA-C	missense_variant		1761392016						P10321	HLA class I histocompatibility antigen, C alpha chain	Homo sapiens	Encontrado	https://alphafold.ebi.ac.uk/entry/P10321
HLA-C	missense_variant		1761393053						P10321	HLA class I histocompatibility antigen, C alpha chain	Homo sapiens	Encontrado	https://alphafold.ebi.ac.uk/entry/P10321
HLA-C	missense_variant		1761398721						P10321	HLA class I histocompatibility antigen, C alpha chain	Homo sapiens	Encontrado	https://alphafold.ebi.ac.uk/entry/P10321
HLA-C	missense_variant		1761426602						P10321	HLA class I histocompatibility antigen, C alpha chain	Homo sapiens	Encontrado	https://alphafold.ebi.ac.uk/entry/P10321
HLA-C	missense_variant		1761427731						P10321	HLA class I histocompatibility antigen, C alpha chain	Homo sapiens	Encontrado	https://alphafold.ebi.ac.uk/entry/P10321
HLA-C	missense_variant		1761430961						P10321	HLA class I histocompatibility antigen, C alpha chain	Homo sapiens	Encontrado	https://alphafold.ebi.ac.uk/entry/P10321
HLA-C	missense_variant		1761433363						P10321	HLA class I histocompatibility antigen, C alpha chain	Homo sapiens	Encontrado	https://alphafold.ebi.ac.uk/entry/P10321
HLA-C	missense_variant		17849598						P10321	HLA class I histocompatibility antigen, C alpha chain	Homo sapiens	Encontrado	https://alphafold.ebi.ac.uk/entry/P10321
HLA-C	missense_variant		17850337						P10321	HLA class I histocompatibility antigen, C alpha chain	Homo sapiens	Encontrado	https://alphafold.ebi.ac.uk/entry/P10321
HLA-C	missense_variant		181100963						P10321	HLA class I histocompatibility antigen, C alpha chain	Homo sapiens	Encontrado	https://alphafold.ebi.ac.uk/entry/P10321
HLA-C	missense_variant		182798226						P10321	HLA class I histocompatibility antigen, C alpha chain	Homo sapiens	Encontrado	https://alphafold.ebi.ac.uk/entry/P10321
HLA-C	missense_variant		199559204						P10321	HLA class I histocompatibility antigen, C alpha chain	Homo sapiens	Encontrado	https://alphafold.ebi.ac.uk/entry/P10321
HLA-C	missense_variant		199783871						P10321	HLA class I histocompatibility antigen, C alpha chain	Homo sapiens	Encontrado	https://alphafold.ebi.ac.uk/entry/P10321
HLA-C	missense_variant		200200386						P10321	HLA class I histocompatibility antigen, C alpha chain	Homo sapiens	Encontrado	https://alphafold.ebi.ac.uk/entry/P10321
HLA-C	missense_variant		200704360						P10321	HLA class I histocompatibility antigen, C alpha chain	Homo sapiens	Encontrado	https://alphafold.ebi.ac.uk/entry/P10321
HLA-C	missense_variant		200892438						P10321	HLA class I histocompatibility antigen, C alpha chain	Homo sapiens	Encontrado	https://alphafold.ebi.ac.uk/entry/P10321
HLA-C	missense_variant		201232509						P10321	HLA class I histocompatibility antigen, C alpha chain	Homo sapiens	Encontrado	https://alphafold.ebi.ac.uk/entry/P10321
HLA-C	missense_variant		201434209						P10321	HLA class I histocompatibility antigen, C alpha chain	Homo sapiens	Encontrado	https://alphafold.ebi.ac.uk/entry/P10321
HLA-C	missense_variant		201563781						P10321	HLA class I histocompatibility antigen, C alpha chain	Homo sapiens	Encontrado	https://alphafold.ebi.ac.uk/entry/P10321
HLA-C	missense_variant		201707949						P10321	HLA class I histocompatibility antigen, C alpha chain	Homo sapiens	Encontrado	https://alphafold.ebi.ac.uk/entry/P10321
HLA-C	missense_variant		2074493						P10321	HLA class I histocompatibility antigen, C alpha chain	Homo sapiens	Encontrado	https://alphafold.ebi.ac.uk/entry/P10321
HLA-C	missense_variant		2113901770						P10321	HLA class I histocompatibility antigen, C alpha chain	Homo sapiens	Encontrado	https://alphafold.ebi.ac.uk/entry/P10321
HLA-C	missense_variant		2113901937						P10321	HLA class I histocompatibility antigen, C alpha chain	Homo sapiens	Encontrado	https://alphafold.ebi.ac.uk/entry/P10321
HLA-C	missense_variant		2113904485						P10321	HLA class I histocompatibility antigen, C alpha chain	Homo sapiens	Encontrado	https://alphafold.ebi.ac.uk/entry/P10321
HLA-C	missense_variant		2113904806						P10321	HLA class I histocompatibility antigen, C alpha chain	Homo sapiens	Encontrado	https://alphafold.ebi.ac.uk/entry/P10321
HLA-C	missense_variant		2113906185						P10321	HLA class I histocompatibility antigen, C alpha chain	Homo sapiens	Encontrado	https://alphafold.ebi.ac.uk/entry/P10321
HLA-C	missense_variant		2113906221						P10321	HLA class I histocompatibility antigen, C alpha chain	Homo sapiens	Encontrado	https://alphafold.ebi.ac.uk/entry/P10321
HLA-C	missense_variant		2113906359						P10321	HLA class I histocompatibility antigen, C alpha chain	Homo sapiens	Encontrado	https://alphafold.ebi.ac.uk/entry/P10321
HLA-C	missense_variant		2113906622						P10321	HLA class I histocompatibility antigen, C alpha chain	Homo sapiens	Encontrado	https://alphafold.ebi.ac.uk/entry/P10321
HLA-C	missense_variant		2113906787						P10321	HLA class I histocompatibility antigen, C alpha chain	Homo sapiens	Encontrado	https://alphafold.ebi.ac.uk/entry/P10321
HLA-C	missense_variant		2113906812						P10321	HLA class I histocompatibility antigen, C alpha chain	Homo sapiens	Encontrado	https://alphafold.ebi.ac.uk/entry/P10321
HLA-C	missense_variant		2113906877						P10321	HLA class I histocompatibility antigen, C alpha chain	Homo sapiens	Encontrado	https://alphafold.ebi.ac.uk/entry/P10321
HLA-C	missense_variant		2113906910						P10321	HLA class I histocompatibility antigen, C alpha chain	Homo sapiens	Encontrado	https://alphafold.ebi.ac.uk/entry/P10321
HLA-C	missense_variant		2113906936						P10321	HLA class I histocompatibility antigen, C alpha chain	Homo sapiens	Encontrado	https://alphafold.ebi.ac.uk/entry/P10321
HLA-C	missense_variant		2113909228						P10321	HLA class I histocompatibility antigen, C alpha chain	Homo sapiens	Encontrado	https://alphafold.ebi.ac.uk/entry/P10321
HLA-C	missense_variant		2113909961						P10321	HLA class I histocompatibility antigen, C alpha chain	Homo sapiens	Encontrado	https://alphafold.ebi.ac.uk/entry/P10321
HLA-C	missense_variant		2113911251						P10321	HLA class I histocompatibility antigen, C alpha chain	Homo sapiens	Encontrado	https://alphafold.ebi.ac.uk/entry/P10321
HLA-C	missense_variant		2113911353						P10321	HLA class I histocompatibility antigen, C alpha chain	Homo sapiens	Encontrado	https://alphafold.ebi.ac.uk/entry/P10321
HLA-C	missense_variant		2113913199						P10321	HLA class I histocompatibility antigen, C alpha chain	Homo sapiens	Encontrado	https://alphafold.ebi.ac.uk/entry/P10321
HLA-C	missense_variant		2113913247						P10321	HLA class I histocompatibility antigen, C alpha chain	Homo sapiens	Encontrado	https://alphafold.ebi.ac.uk/entry/P10321
HLA-C	missense_variant		2113913571						P10321	HLA class I histocompatibility antigen, C alpha chain	Homo sapiens	Encontrado	https://alphafold.ebi.ac.uk/entry/P10321
HLA-C	missense_variant		2113914029						P10321	HLA class I histocompatibility antigen, C alpha chain	Homo sapiens	Encontrado	https://alphafold.ebi.ac.uk/entry/P10321
HLA-C	missense_variant		2113914158						P10321	HLA class I histocompatibility antigen, C alpha chain	Homo sapiens	Encontrado	https://alphafold.ebi.ac.uk/entry/P10321
HLA-C	missense_variant		2113914636						P10321	HLA class I histocompatibility antigen, C alpha chain	Homo sapiens	Encontrado	https://alphafold.ebi.ac.uk/entry/P10321
HLA-C	missense_variant		2113914816						P10321	HLA class I histocompatibility antigen, C alpha chain	Homo sapiens	Encontrado	https://alphafold.ebi.ac.uk/entry/P10321
HLA-C	missense_variant		2113914860						P10321	HLA class I histocompatibility antigen, C alpha chain	Homo sapiens	Encontrado	https://alphafold.ebi.ac.uk/entry/P10321
HLA-C	missense_variant		2113914917						P10321	HLA class I histocompatibility antigen, C alpha chain	Homo sapiens	Encontrado	https://alphafold.ebi.ac.uk/entry/P10321
HLA-C	missense_variant		2113914967						P10321	HLA class I histocompatibility antigen, C alpha chain	Homo sapiens	Encontrado	https://alphafold.ebi.ac.uk/entry/P10321
HLA-C	missense_variant		2113915019						P10321	HLA class I histocompatibility antigen, C alpha chain	Homo sapiens	Encontrado	https://alphafold.ebi.ac.uk/entry/P10321
HLA-C	missense_variant		2113915096						P10321	HLA class I histocompatibility antigen, C alpha chain	Homo sapiens	Encontrado	https://alphafold.ebi.ac.uk/entry/P10321
HLA-C	missense_variant		2113916516						P10321	HLA class I histocompatibility antigen, C alpha chain	Homo sapiens	Encontrado	https://alphafold.ebi.ac.uk/entry/P10321
HLA-C	missense_variant		2113916648						P10321	HLA class I histocompatibility antigen, C alpha chain	Homo sapiens	Encontrado	https://alphafold.ebi.ac.uk/entry/P10321
HLA-C	missense_variant		2113916858						P10321	HLA class I histocompatibility antigen, C alpha chain	Homo sapiens	Encontrado	https://alphafold.ebi.ac.uk/entry/P10321
HLA-C	missense_variant		2113916885						P10321	HLA class I histocompatibility antigen, C alpha chain	Homo sapiens	Encontrado	https://alphafold.ebi.ac.uk/entry/P10321
HLA-C	missense_variant		2308525						P10321	HLA class I histocompatibility antigen, C alpha chain	Homo sapiens	Encontrado	https://alphafold.ebi.ac.uk/entry/P10321
HLA-C	missense_variant		2308527						P10321	HLA class I histocompatibility antigen, C alpha chain	Homo sapiens	Encontrado	https://alphafold.ebi.ac.uk/entry/P10321
HLA-C	missense_variant		2308538						P10321	HLA class I histocompatibility antigen, C alpha chain	Homo sapiens	Encontrado	https://alphafold.ebi.ac.uk/entry/P10321
HLA-C	missense_variant		2308557						P10321	HLA class I histocompatibility antigen, C alpha chain	Homo sapiens	Encontrado	https://alphafold.ebi.ac.uk/entry/P10321
HLA-C	missense_variant		2308567						P10321	HLA class I histocompatibility antigen, C alpha chain	Homo sapiens	Encontrado	https://alphafold.ebi.ac.uk/entry/P10321
HLA-C	missense_variant		2308574						P10321	HLA class I histocompatibility antigen, C alpha chain	Homo sapiens	Encontrado	https://alphafold.ebi.ac.uk/entry/P10321
HLA-C	missense_variant		2308575						P10321	HLA class I histocompatibility antigen, C alpha chain	Homo sapiens	Encontrado	https://alphafold.ebi.ac.uk/entry/P10321
HLA-C	missense_variant		2308584						P10321	HLA class I histocompatibility antigen, C alpha chain	Homo sapiens	Encontrado	https://alphafold.ebi.ac.uk/entry/P10321
HLA-C	missense_variant		2308590						P10321	HLA class I histocompatibility antigen, C alpha chain	Homo sapiens	Encontrado	https://alphafold.ebi.ac.uk/entry/P10321
HLA-C	missense_variant		2308592						P10321	HLA class I histocompatibility antigen, C alpha chain	Homo sapiens	Encontrado	https://alphafold.ebi.ac.uk/entry/P10321
HLA-C	missense_variant		2308598						P10321	HLA class I histocompatibility antigen, C alpha chain	Homo sapiens	Encontrado	https://alphafold.ebi.ac.uk/entry/P10321
HLA-C	missense_variant		2308622						P10321	HLA class I histocompatibility antigen, C alpha chain	Homo sapiens	Encontrado	https://alphafold.ebi.ac.uk/entry/P10321
HLA-C	missense_variant		2308628	P10321	rs2308628	S297R	0.0		P10321	HLA class I histocompatibility antigen, C alpha chain	Homo sapiens	Encontrado	https://alphafold.ebi.ac.uk/entry/P10321
HLA-C	missense_variant		2308628	P10321	rs2308628	S297R	1.0		P10321	HLA class I histocompatibility antigen, C alpha chain	Homo sapiens	Encontrado	https://alphafold.ebi.ac.uk/entry/P10321
HLA-C	missense_variant		2308650						P10321	HLA class I histocompatibility antigen, C alpha chain	Homo sapiens	Encontrado	https://alphafold.ebi.ac.uk/entry/P10321
HLA-C	missense_variant		281860316						P10321	HLA class I histocompatibility antigen, C alpha chain	Homo sapiens	Encontrado	https://alphafold.ebi.ac.uk/entry/P10321
HLA-C	missense_variant		281860318						P10321	HLA class I histocompatibility antigen, C alpha chain	Homo sapiens	Encontrado	https://alphafold.ebi.ac.uk/entry/P10321
HLA-C	missense_variant		281860319						P10321	HLA class I histocompatibility antigen, C alpha chain	Homo sapiens	Encontrado	https://alphafold.ebi.ac.uk/entry/P10321
HLA-C	missense_variant		281860320						P10321	HLA class I histocompatibility antigen, C alpha chain	Homo sapiens	Encontrado	https://alphafold.ebi.ac.uk/entry/P10321
HLA-C	missense_variant		281860322						P10321	HLA class I histocompatibility antigen, C alpha chain	Homo sapiens	Encontrado	https://alphafold.ebi.ac.uk/entry/P10321
HLA-C	missense_variant		281860323						P10321	HLA class I histocompatibility antigen, C alpha chain	Homo sapiens	Encontrado	https://alphafold.ebi.ac.uk/entry/P10321
HLA-C	missense_variant		281860324	P10321	rs281860324	Y31H	1.0		P10321	HLA class I histocompatibility antigen, C alpha chain	Homo sapiens	Encontrado	https://alphafold.ebi.ac.uk/entry/P10321
HLA-C	missense_variant		281860324	P10321	rs281860324	Y31H	0.0		P10321	HLA class I histocompatibility antigen, C alpha chain	Homo sapiens	Encontrado	https://alphafold.ebi.ac.uk/entry/P10321
HLA-C	missense_variant		281860324	P10321	rs281860324	Y31H	1.0		P10321	HLA class I histocompatibility antigen, C alpha chain	Homo sapiens	Encontrado	https://alphafold.ebi.ac.uk/entry/P10321
HLA-C	missense_variant		281860324	P10321	rs281860324	Y31H	0.0		P10321	HLA class I histocompatibility antigen, C alpha chain	Homo sapiens	Encontrado	https://alphafold.ebi.ac.uk/entry/P10321
HLA-C	missense_variant		281860326						P10321	HLA class I histocompatibility antigen, C alpha chain	Homo sapiens	Encontrado	https://alphafold.ebi.ac.uk/entry/P10321
HLA-C	missense_variant		281860328						P10321	HLA class I histocompatibility antigen, C alpha chain	Homo sapiens	Encontrado	https://alphafold.ebi.ac.uk/entry/P10321
HLA-C	missense_variant		281860329						P10321	HLA class I histocompatibility antigen, C alpha chain	Homo sapiens	Encontrado	https://alphafold.ebi.ac.uk/entry/P10321
HLA-C	missense_variant		281860330						P10321	HLA class I histocompatibility antigen, C alpha chain	Homo sapiens	Encontrado	https://alphafold.ebi.ac.uk/entry/P10321
HLA-C	missense_variant		281860331						P10321	HLA class I histocompatibility antigen, C alpha chain	Homo sapiens	Encontrado	https://alphafold.ebi.ac.uk/entry/P10321
HLA-C	missense_variant		281860332						P10321	HLA class I histocompatibility antigen, C alpha chain	Homo sapiens	Encontrado	https://alphafold.ebi.ac.uk/entry/P10321
HLA-C	missense_variant		281860335						P10321	HLA class I histocompatibility antigen, C alpha chain	Homo sapiens	Encontrado	https://alphafold.ebi.ac.uk/entry/P10321
HLA-C	missense_variant		281860339						P10321	HLA class I histocompatibility antigen, C alpha chain	Homo sapiens	Encontrado	https://alphafold.ebi.ac.uk/entry/P10321
HLA-C	missense_variant		281860340						P10321	HLA class I histocompatibility antigen, C alpha chain	Homo sapiens	Encontrado	https://alphafold.ebi.ac.uk/entry/P10321
HLA-C	missense_variant		281860341						P10321	HLA class I histocompatibility antigen, C alpha chain	Homo sapiens	Encontrado	https://alphafold.ebi.ac.uk/entry/P10321
HLA-C	missense_variant		281860343						P10321	HLA class I histocompatibility antigen, C alpha chain	Homo sapiens	Encontrado	https://alphafold.ebi.ac.uk/entry/P10321
HLA-C	missense_variant		281860344						P10321	HLA class I histocompatibility antigen, C alpha chain	Homo sapiens	Encontrado	https://alphafold.ebi.ac.uk/entry/P10321
HLA-C	missense_variant		281860346	P10321	rs281860346	Y51H	1.0		P10321	HLA class I histocompatibility antigen, C alpha chain	Homo sapiens	Encontrado	https://alphafold.ebi.ac.uk/entry/P10321
HLA-C	missense_variant		281860346	P10321	rs281860346	Y51H	0.0		P10321	HLA class I histocompatibility antigen, C alpha chain	Homo sapiens	Encontrado	https://alphafold.ebi.ac.uk/entry/P10321
HLA-C	missense_variant		281860346	P10321	rs281860346	Y51H	1.0		P10321	HLA class I histocompatibility antigen, C alpha chain	Homo sapiens	Encontrado	https://alphafold.ebi.ac.uk/entry/P10321
HLA-C	missense_variant		281860346	P10321	rs281860346	Y51H	0.0		P10321	HLA class I histocompatibility antigen, C alpha chain	Homo sapiens	Encontrado	https://alphafold.ebi.ac.uk/entry/P10321
HLA-C	missense_variant		281860348						P10321	HLA class I histocompatibility antigen, C alpha chain	Homo sapiens	Encontrado	https://alphafold.ebi.ac.uk/entry/P10321
HLA-C	missense_variant		281860349						P10321	HLA class I histocompatibility antigen, C alpha chain	Homo sapiens	Encontrado	https://alphafold.ebi.ac.uk/entry/P10321
HLA-C	missense_variant		281860351						P10321	HLA class I histocompatibility antigen, C alpha chain	Homo sapiens	Encontrado	https://alphafold.ebi.ac.uk/entry/P10321
HLA-C	missense_variant		281860353						P10321	HLA class I histocompatibility antigen, C alpha chain	Homo sapiens	Encontrado	https://alphafold.ebi.ac.uk/entry/P10321
HLA-C	missense_variant		281860354						P10321	HLA class I histocompatibility antigen, C alpha chain	Homo sapiens	Encontrado	https://alphafold.ebi.ac.uk/entry/P10321
HLA-C	missense_variant		281860356						P10321	HLA class I histocompatibility antigen, C alpha chain	Homo sapiens	Encontrado	https://alphafold.ebi.ac.uk/entry/P10321
HLA-C	missense_variant		281860358						P10321	HLA class I histocompatibility antigen, C alpha chain	Homo sapiens	Encontrado	https://alphafold.ebi.ac.uk/entry/P10321
HLA-C	missense_variant		281860359						P10321	HLA class I histocompatibility antigen, C alpha chain	Homo sapiens	Encontrado	https://alphafold.ebi.ac.uk/entry/P10321
HLA-C	missense_variant		281860360						P10321	HLA class I histocompatibility antigen, C alpha chain	Homo sapiens	Encontrado	https://alphafold.ebi.ac.uk/entry/P10321
HLA-C	missense_variant		281860361						P10321	HLA class I histocompatibility antigen, C alpha chain	Homo sapiens	Encontrado	https://alphafold.ebi.ac.uk/entry/P10321
HLA-C	missense_variant		281860362						P10321	HLA class I histocompatibility antigen, C alpha chain	Homo sapiens	Encontrado	https://alphafold.ebi.ac.uk/entry/P10321
HLA-C	missense_variant		281860363						P10321	HLA class I histocompatibility antigen, C alpha chain	Homo sapiens	Encontrado	https://alphafold.ebi.ac.uk/entry/P10321
HLA-C	missense_variant		281860364	P10321	rs281860364	D63N	0.998		P10321	HLA class I histocompatibility antigen, C alpha chain	Homo sapiens	Encontrado	https://alphafold.ebi.ac.uk/entry/P10321
HLA-C	missense_variant		281860364	P10321	rs281860364	D63N	0.01		P10321	HLA class I histocompatibility antigen, C alpha chain	Homo sapiens	Encontrado	https://alphafold.ebi.ac.uk/entry/P10321
HLA-C	missense_variant		281860364	P10321	rs281860364	D63N	0.998		P10321	HLA class I histocompatibility antigen, C alpha chain	Homo sapiens	Encontrado	https://alphafold.ebi.ac.uk/entry/P10321
HLA-C	missense_variant		281860364	P10321	rs281860364	D63N	0.02		P10321	HLA class I histocompatibility antigen, C alpha chain	Homo sapiens	Encontrado	https://alphafold.ebi.ac.uk/entry/P10321
HLA-C	missense_variant		281860365	P10321	rs281860365	D63E	0.992		P10321	HLA class I histocompatibility antigen, C alpha chain	Homo sapiens	Encontrado	https://alphafold.ebi.ac.uk/entry/P10321
HLA-C	missense_variant		281860365	P10321	rs281860365	D63E	0.0		P10321	HLA class I histocompatibility antigen, C alpha chain	Homo sapiens	Encontrado	https://alphafold.ebi.ac.uk/entry/P10321
HLA-C	missense_variant		281860365	P10321	rs281860365	D63E	0.989		P10321	HLA class I histocompatibility antigen, C alpha chain	Homo sapiens	Encontrado	https://alphafold.ebi.ac.uk/entry/P10321
HLA-C	missense_variant		281860365	P10321	rs281860365	D63E	0.0		P10321	HLA class I histocompatibility antigen, C alpha chain	Homo sapiens	Encontrado	https://alphafold.ebi.ac.uk/entry/P10321
HLA-C	missense_variant		281860366						P10321	HLA class I histocompatibility antigen, C alpha chain	Homo sapiens	Encontrado	https://alphafold.ebi.ac.uk/entry/P10321
HLA-C	missense_variant		281860368						P10321	HLA class I histocompatibility antigen, C alpha chain	Homo sapiens	Encontrado	https://alphafold.ebi.ac.uk/entry/P10321
HLA-C	missense_variant		281860369						P10321	HLA class I histocompatibility antigen, C alpha chain	Homo sapiens	Encontrado	https://alphafold.ebi.ac.uk/entry/P10321
HLA-C	missense_variant		281860371						P10321	HLA class I histocompatibility antigen, C alpha chain	Homo sapiens	Encontrado	https://alphafold.ebi.ac.uk/entry/P10321
HLA-C	missense_variant		281860373						P10321	HLA class I histocompatibility antigen, C alpha chain	Homo sapiens	Encontrado	https://alphafold.ebi.ac.uk/entry/P10321
HLA-C	missense_variant		281860374						P10321	HLA class I histocompatibility antigen, C alpha chain	Homo sapiens	Encontrado	https://alphafold.ebi.ac.uk/entry/P10321
HLA-C	missense_variant		281860375						P10321	HLA class I histocompatibility antigen, C alpha chain	Homo sapiens	Encontrado	https://alphafold.ebi.ac.uk/entry/P10321
HLA-C	missense_variant		281860379						P10321	HLA class I histocompatibility antigen, C alpha chain	Homo sapiens	Encontrado	https://alphafold.ebi.ac.uk/entry/P10321
HLA-C	missense_variant		281860381						P10321	HLA class I histocompatibility antigen, C alpha chain	Homo sapiens	Encontrado	https://alphafold.ebi.ac.uk/entry/P10321
HLA-C	missense_variant		281860383						P10321	HLA class I histocompatibility antigen, C alpha chain	Homo sapiens	Encontrado	https://alphafold.ebi.ac.uk/entry/P10321
HLA-C	missense_variant		281860385						P10321	HLA class I histocompatibility antigen, C alpha chain	Homo sapiens	Encontrado	https://alphafold.ebi.ac.uk/entry/P10321
HLA-C	missense_variant		281860386						P10321	HLA class I histocompatibility antigen, C alpha chain	Homo sapiens	Encontrado	https://alphafold.ebi.ac.uk/entry/P10321
HLA-C	missense_variant		281860387						P10321	HLA class I histocompatibility antigen, C alpha chain	Homo sapiens	Encontrado	https://alphafold.ebi.ac.uk/entry/P10321
HLA-C	missense_variant		281860388						P10321	HLA class I histocompatibility antigen, C alpha chain	Homo sapiens	Encontrado	https://alphafold.ebi.ac.uk/entry/P10321
HLA-C	missense_variant		281860392						P10321	HLA class I histocompatibility antigen, C alpha chain	Homo sapiens	Encontrado	https://alphafold.ebi.ac.uk/entry/P10321
HLA-C	missense_variant		281860393						P10321	HLA class I histocompatibility antigen, C alpha chain	Homo sapiens	Encontrado	https://alphafold.ebi.ac.uk/entry/P10321
HLA-C	missense_variant		281860395						P10321	HLA class I histocompatibility antigen, C alpha chain	Homo sapiens	Encontrado	https://alphafold.ebi.ac.uk/entry/P10321
HLA-C	missense_variant		281860396						P10321	HLA class I histocompatibility antigen, C alpha chain	Homo sapiens	Encontrado	https://alphafold.ebi.ac.uk/entry/P10321
HLA-C	missense_variant		281860397						P10321	HLA class I histocompatibility antigen, C alpha chain	Homo sapiens	Encontrado	https://alphafold.ebi.ac.uk/entry/P10321
HLA-C	missense_variant		281860398						P10321	HLA class I histocompatibility antigen, C alpha chain	Homo sapiens	Encontrado	https://alphafold.ebi.ac.uk/entry/P10321
HLA-C	missense_variant		281860399						P10321	HLA class I histocompatibility antigen, C alpha chain	Homo sapiens	Encontrado	https://alphafold.ebi.ac.uk/entry/P10321
HLA-C	missense_variant		281860400						P10321	HLA class I histocompatibility antigen, C alpha chain	Homo sapiens	Encontrado	https://alphafold.ebi.ac.uk/entry/P10321
HLA-C	missense_variant		281860402						P10321	HLA class I histocompatibility antigen, C alpha chain	Homo sapiens	Encontrado	https://alphafold.ebi.ac.uk/entry/P10321
HLA-C	missense_variant		281860403						P10321	HLA class I histocompatibility antigen, C alpha chain	Homo sapiens	Encontrado	https://alphafold.ebi.ac.uk/entry/P10321
HLA-C	missense_variant		281860404						P10321	HLA class I histocompatibility antigen, C alpha chain	Homo sapiens	Encontrado	https://alphafold.ebi.ac.uk/entry/P10321
HLA-C	missense_variant		281860405						P10321	HLA class I histocompatibility antigen, C alpha chain	Homo sapiens	Encontrado	https://alphafold.ebi.ac.uk/entry/P10321
HLA-C	missense_variant		281860406						P10321	HLA class I histocompatibility antigen, C alpha chain	Homo sapiens	Encontrado	https://alphafold.ebi.ac.uk/entry/P10321
HLA-C	missense_variant		281860407						P10321	HLA class I histocompatibility antigen, C alpha chain	Homo sapiens	Encontrado	https://alphafold.ebi.ac.uk/entry/P10321
HLA-C	missense_variant		281860409						P10321	HLA class I histocompatibility antigen, C alpha chain	Homo sapiens	Encontrado	https://alphafold.ebi.ac.uk/entry/P10321
HLA-C	missense_variant		281860412						P10321	HLA class I histocompatibility antigen, C alpha chain	Homo sapiens	Encontrado	https://alphafold.ebi.ac.uk/entry/P10321
HLA-C	missense_variant		281860414						P10321	HLA class I histocompatibility antigen, C alpha chain	Homo sapiens	Encontrado	https://alphafold.ebi.ac.uk/entry/P10321
HLA-C	missense_variant		281860415						P10321	HLA class I histocompatibility antigen, C alpha chain	Homo sapiens	Encontrado	https://alphafold.ebi.ac.uk/entry/P10321
HLA-C	missense_variant		281860416						P10321	HLA class I histocompatibility antigen, C alpha chain	Homo sapiens	Encontrado	https://alphafold.ebi.ac.uk/entry/P10321
HLA-C	missense_variant		281860418						P10321	HLA class I histocompatibility antigen, C alpha chain	Homo sapiens	Encontrado	https://alphafold.ebi.ac.uk/entry/P10321
HLA-C	missense_variant		281860419						P10321	HLA class I histocompatibility antigen, C alpha chain	Homo sapiens	Encontrado	https://alphafold.ebi.ac.uk/entry/P10321
HLA-C	missense_variant		281860420						P10321	HLA class I histocompatibility antigen, C alpha chain	Homo sapiens	Encontrado	https://alphafold.ebi.ac.uk/entry/P10321
HLA-C	missense_variant		281860421						P10321	HLA class I histocompatibility antigen, C alpha chain	Homo sapiens	Encontrado	https://alphafold.ebi.ac.uk/entry/P10321
HLA-C	missense_variant		281860423						P10321	HLA class I histocompatibility antigen, C alpha chain	Homo sapiens	Encontrado	https://alphafold.ebi.ac.uk/entry/P10321
HLA-C	missense_variant		281860425						P10321	HLA class I histocompatibility antigen, C alpha chain	Homo sapiens	Encontrado	https://alphafold.ebi.ac.uk/entry/P10321
HLA-C	missense_variant		281860426						P10321	HLA class I histocompatibility antigen, C alpha chain	Homo sapiens	Encontrado	https://alphafold.ebi.ac.uk/entry/P10321
HLA-C	missense_variant		281860427						P10321	HLA class I histocompatibility antigen, C alpha chain	Homo sapiens	Encontrado	https://alphafold.ebi.ac.uk/entry/P10321
HLA-C	missense_variant		281860429						P10321	HLA class I histocompatibility antigen, C alpha chain	Homo sapiens	Encontrado	https://alphafold.ebi.ac.uk/entry/P10321
HLA-C	missense_variant		281860430						P10321	HLA class I histocompatibility antigen, C alpha chain	Homo sapiens	Encontrado	https://alphafold.ebi.ac.uk/entry/P10321
HLA-C	missense_variant		281860431						P10321	HLA class I histocompatibility antigen, C alpha chain	Homo sapiens	Encontrado	https://alphafold.ebi.ac.uk/entry/P10321
HLA-C	missense_variant		281860432						P10321	HLA class I histocompatibility antigen, C alpha chain	Homo sapiens	Encontrado	https://alphafold.ebi.ac.uk/entry/P10321
HLA-C	missense_variant		281860433						P10321	HLA class I histocompatibility antigen, C alpha chain	Homo sapiens	Encontrado	https://alphafold.ebi.ac.uk/entry/P10321
HLA-C	missense_variant		281860434						P10321	HLA class I histocompatibility antigen, C alpha chain	Homo sapiens	Encontrado	https://alphafold.ebi.ac.uk/entry/P10321
HLA-C	missense_variant		281860435						P10321	HLA class I histocompatibility antigen, C alpha chain	Homo sapiens	Encontrado	https://alphafold.ebi.ac.uk/entry/P10321
HLA-C	missense_variant		281860436						P10321	HLA class I histocompatibility antigen, C alpha chain	Homo sapiens	Encontrado	https://alphafold.ebi.ac.uk/entry/P10321
HLA-C	missense_variant		281860442						P10321	HLA class I histocompatibility antigen, C alpha chain	Homo sapiens	Encontrado	https://alphafold.ebi.ac.uk/entry/P10321
HLA-C	missense_variant		281860443						P10321	HLA class I histocompatibility antigen, C alpha chain	Homo sapiens	Encontrado	https://alphafold.ebi.ac.uk/entry/P10321
HLA-C	missense_variant		281860444						P10321	HLA class I histocompatibility antigen, C alpha chain	Homo sapiens	Encontrado	https://alphafold.ebi.ac.uk/entry/P10321
HLA-C	missense_variant		281860446						P10321	HLA class I histocompatibility antigen, C alpha chain	Homo sapiens	Encontrado	https://alphafold.ebi.ac.uk/entry/P10321
HLA-C	missense_variant		281860447						P10321	HLA class I histocompatibility antigen, C alpha chain	Homo sapiens	Encontrado	https://alphafold.ebi.ac.uk/entry/P10321
HLA-C	missense_variant		281860448						P10321	HLA class I histocompatibility antigen, C alpha chain	Homo sapiens	Encontrado	https://alphafold.ebi.ac.uk/entry/P10321
HLA-C	missense_variant		281860449	P10321	rs281860449	S123P	0.174		P10321	HLA class I histocompatibility antigen, C alpha chain	Homo sapiens	Encontrado	https://alphafold.ebi.ac.uk/entry/P10321
HLA-C	missense_variant		281860449	P10321	rs281860449	S123P	0.01		P10321	HLA class I histocompatibility antigen, C alpha chain	Homo sapiens	Encontrado	https://alphafold.ebi.ac.uk/entry/P10321
HLA-C	missense_variant		281860449	P10321	rs281860449	S123P	0.181		P10321	HLA class I histocompatibility antigen, C alpha chain	Homo sapiens	Encontrado	https://alphafold.ebi.ac.uk/entry/P10321
HLA-C	missense_variant		281860449	P10321	rs281860449	S123P	0.0		P10321	HLA class I histocompatibility antigen, C alpha chain	Homo sapiens	Encontrado	https://alphafold.ebi.ac.uk/entry/P10321
HLA-C	missense_variant		281860450						P10321	HLA class I histocompatibility antigen, C alpha chain	Homo sapiens	Encontrado	https://alphafold.ebi.ac.uk/entry/P10321
HLA-C	missense_variant		281860451						P10321	HLA class I histocompatibility antigen, C alpha chain	Homo sapiens	Encontrado	https://alphafold.ebi.ac.uk/entry/P10321
HLA-C	missense_variant		281860453						P10321	HLA class I histocompatibility antigen, C alpha chain	Homo sapiens	Encontrado	https://alphafold.ebi.ac.uk/entry/P10321
HLA-C	missense_variant		281860455						P10321	HLA class I histocompatibility antigen, C alpha chain	Homo sapiens	Encontrado	https://alphafold.ebi.ac.uk/entry/P10321
HLA-C	missense_variant		281860456						P10321	HLA class I histocompatibility antigen, C alpha chain	Homo sapiens	Encontrado	https://alphafold.ebi.ac.uk/entry/P10321
HLA-C	missense_variant		281860457						P10321	HLA class I histocompatibility antigen, C alpha chain	Homo sapiens	Encontrado	https://alphafold.ebi.ac.uk/entry/P10321
HLA-C	missense_variant		281860458						P10321	HLA class I histocompatibility antigen, C alpha chain	Homo sapiens	Encontrado	https://alphafold.ebi.ac.uk/entry/P10321
HLA-C	missense_variant		281860460						P10321	HLA class I histocompatibility antigen, C alpha chain	Homo sapiens	Encontrado	https://alphafold.ebi.ac.uk/entry/P10321
HLA-C	missense_variant		281860461						P10321	HLA class I histocompatibility antigen, C alpha chain	Homo sapiens	Encontrado	https://alphafold.ebi.ac.uk/entry/P10321
HLA-C	missense_variant		281860462						P10321	HLA class I histocompatibility antigen, C alpha chain	Homo sapiens	Encontrado	https://alphafold.ebi.ac.uk/entry/P10321
HLA-C	missense_variant		281860464						P10321	HLA class I histocompatibility antigen, C alpha chain	Homo sapiens	Encontrado	https://alphafold.ebi.ac.uk/entry/P10321
HLA-C	missense_variant		281860465						P10321	HLA class I histocompatibility antigen, C alpha chain	Homo sapiens	Encontrado	https://alphafold.ebi.ac.uk/entry/P10321
HLA-C	missense_variant		281860467						P10321	HLA class I histocompatibility antigen, C alpha chain	Homo sapiens	Encontrado	https://alphafold.ebi.ac.uk/entry/P10321
HLA-C	missense_variant		281860469						P10321	HLA class I histocompatibility antigen, C alpha chain	Homo sapiens	Encontrado	https://alphafold.ebi.ac.uk/entry/P10321
HLA-C	missense_variant		281860470	P10321	rs281860470	A141V	0.601		P10321	HLA class I histocompatibility antigen, C alpha chain	Homo sapiens	Encontrado	https://alphafold.ebi.ac.uk/entry/P10321
HLA-C	missense_variant		281860470	P10321	rs281860470	A141V	0.0		P10321	HLA class I histocompatibility antigen, C alpha chain	Homo sapiens	Encontrado	https://alphafold.ebi.ac.uk/entry/P10321
HLA-C	missense_variant		281860470	P10321	rs281860470	A141V	0.345		P10321	HLA class I histocompatibility antigen, C alpha chain	Homo sapiens	Encontrado	https://alphafold.ebi.ac.uk/entry/P10321
HLA-C	missense_variant		281860470	P10321	rs281860470	A141V	0.0		P10321	HLA class I histocompatibility antigen, C alpha chain	Homo sapiens	Encontrado	https://alphafold.ebi.ac.uk/entry/P10321
HLA-C	missense_variant		281860471						P10321	HLA class I histocompatibility antigen, C alpha chain	Homo sapiens	Encontrado	https://alphafold.ebi.ac.uk/entry/P10321
HLA-C	missense_variant		281860472						P10321	HLA class I histocompatibility antigen, C alpha chain	Homo sapiens	Encontrado	https://alphafold.ebi.ac.uk/entry/P10321
HLA-C	missense_variant		281860474						P10321	HLA class I histocompatibility antigen, C alpha chain	Homo sapiens	Encontrado	https://alphafold.ebi.ac.uk/entry/P10321
HLA-C	missense_variant		281860475						P10321	HLA class I histocompatibility antigen, C alpha chain	Homo sapiens	Encontrado	https://alphafold.ebi.ac.uk/entry/P10321
HLA-C	missense_variant		281860476						P10321	HLA class I histocompatibility antigen, C alpha chain	Homo sapiens	Encontrado	https://alphafold.ebi.ac.uk/entry/P10321
HLA-C	missense_variant		281860477						P10321	HLA class I histocompatibility antigen, C alpha chain	Homo sapiens	Encontrado	https://alphafold.ebi.ac.uk/entry/P10321
HLA-C	missense_variant		281860478						P10321	HLA class I histocompatibility antigen, C alpha chain	Homo sapiens	Encontrado	https://alphafold.ebi.ac.uk/entry/P10321
HLA-C	missense_variant		281860480						P10321	HLA class I histocompatibility antigen, C alpha chain	Homo sapiens	Encontrado	https://alphafold.ebi.ac.uk/entry/P10321
HLA-C	missense_variant		281860481						P10321	HLA class I histocompatibility antigen, C alpha chain	Homo sapiens	Encontrado	https://alphafold.ebi.ac.uk/entry/P10321
HLA-C	missense_variant		281860485						P10321	HLA class I histocompatibility antigen, C alpha chain	Homo sapiens	Encontrado	https://alphafold.ebi.ac.uk/entry/P10321
HLA-C	missense_variant		281860487						P10321	HLA class I histocompatibility antigen, C alpha chain	Homo sapiens	Encontrado	https://alphafold.ebi.ac.uk/entry/P10321
HLA-C	missense_variant		281860488						P10321	HLA class I histocompatibility antigen, C alpha chain	Homo sapiens	Encontrado	https://alphafold.ebi.ac.uk/entry/P10321
HLA-C	missense_variant		281860489						P10321	HLA class I histocompatibility antigen, C alpha chain	Homo sapiens	Encontrado	https://alphafold.ebi.ac.uk/entry/P10321
HLA-C	missense_variant		281860492						P10321	HLA class I histocompatibility antigen, C alpha chain	Homo sapiens	Encontrado	https://alphafold.ebi.ac.uk/entry/P10321
HLA-C	missense_variant		281860493						P10321	HLA class I histocompatibility antigen, C alpha chain	Homo sapiens	Encontrado	https://alphafold.ebi.ac.uk/entry/P10321
HLA-C	missense_variant		281860495						P10321	HLA class I histocompatibility antigen, C alpha chain	Homo sapiens	Encontrado	https://alphafold.ebi.ac.uk/entry/P10321
HLA-C	missense_variant		281860498						P10321	HLA class I histocompatibility antigen, C alpha chain	Homo sapiens	Encontrado	https://alphafold.ebi.ac.uk/entry/P10321
HLA-C	missense_variant		281860501						P10321	HLA class I histocompatibility antigen, C alpha chain	Homo sapiens	Encontrado	https://alphafold.ebi.ac.uk/entry/P10321
HLA-C	missense_variant		281860502						P10321	HLA class I histocompatibility antigen, C alpha chain	Homo sapiens	Encontrado	https://alphafold.ebi.ac.uk/entry/P10321
HLA-C	missense_variant		281860503						P10321	HLA class I histocompatibility antigen, C alpha chain	Homo sapiens	Encontrado	https://alphafold.ebi.ac.uk/entry/P10321
HLA-C	missense_variant		281860505						P10321	HLA class I histocompatibility antigen, C alpha chain	Homo sapiens	Encontrado	https://alphafold.ebi.ac.uk/entry/P10321
HLA-C	missense_variant		281860506						P10321	HLA class I histocompatibility antigen, C alpha chain	Homo sapiens	Encontrado	https://alphafold.ebi.ac.uk/entry/P10321
HLA-C	missense_variant		281860507						P10321	HLA class I histocompatibility antigen, C alpha chain	Homo sapiens	Encontrado	https://alphafold.ebi.ac.uk/entry/P10321
HLA-C	missense_variant		281860508						P10321	HLA class I histocompatibility antigen, C alpha chain	Homo sapiens	Encontrado	https://alphafold.ebi.ac.uk/entry/P10321
HLA-C	missense_variant		281860509						P10321	HLA class I histocompatibility antigen, C alpha chain	Homo sapiens	Encontrado	https://alphafold.ebi.ac.uk/entry/P10321
HLA-C	missense_variant		281860511						P10321	HLA class I histocompatibility antigen, C alpha chain	Homo sapiens	Encontrado	https://alphafold.ebi.ac.uk/entry/P10321
HLA-C	missense_variant		281860513						P10321	HLA class I histocompatibility antigen, C alpha chain	Homo sapiens	Encontrado	https://alphafold.ebi.ac.uk/entry/P10321
HLA-C	missense_variant		281860514						P10321	HLA class I histocompatibility antigen, C alpha chain	Homo sapiens	Encontrado	https://alphafold.ebi.ac.uk/entry/P10321
HLA-C	missense_variant		281860515						P10321	HLA class I histocompatibility antigen, C alpha chain	Homo sapiens	Encontrado	https://alphafold.ebi.ac.uk/entry/P10321
HLA-C	missense_variant		281860517						P10321	HLA class I histocompatibility antigen, C alpha chain	Homo sapiens	Encontrado	https://alphafold.ebi.ac.uk/entry/P10321
HLA-C	missense_variant		281860519						P10321	HLA class I histocompatibility antigen, C alpha chain	Homo sapiens	Encontrado	https://alphafold.ebi.ac.uk/entry/P10321
HLA-C	missense_variant		281860521						P10321	HLA class I histocompatibility antigen, C alpha chain	Homo sapiens	Encontrado	https://alphafold.ebi.ac.uk/entry/P10321
HLA-C	missense_variant		281860522						P10321	HLA class I histocompatibility antigen, C alpha chain	Homo sapiens	Encontrado	https://alphafold.ebi.ac.uk/entry/P10321
HLA-C	missense_variant		281860523						P10321	HLA class I histocompatibility antigen, C alpha chain	Homo sapiens	Encontrado	https://alphafold.ebi.ac.uk/entry/P10321
HLA-C	missense_variant		281860525						P10321	HLA class I histocompatibility antigen, C alpha chain	Homo sapiens	Encontrado	https://alphafold.ebi.ac.uk/entry/P10321
HLA-C	missense_variant		281860529						P10321	HLA class I histocompatibility antigen, C alpha chain	Homo sapiens	Encontrado	https://alphafold.ebi.ac.uk/entry/P10321
HLA-C	missense_variant		281860531						P10321	HLA class I histocompatibility antigen, C alpha chain	Homo sapiens	Encontrado	https://alphafold.ebi.ac.uk/entry/P10321
HLA-C	missense_variant		281860532						P10321	HLA class I histocompatibility antigen, C alpha chain	Homo sapiens	Encontrado	https://alphafold.ebi.ac.uk/entry/P10321
HLA-C	missense_variant		281860534						P10321	HLA class I histocompatibility antigen, C alpha chain	Homo sapiens	Encontrado	https://alphafold.ebi.ac.uk/entry/P10321
HLA-C	missense_variant		281860535						P10321	HLA class I histocompatibility antigen, C alpha chain	Homo sapiens	Encontrado	https://alphafold.ebi.ac.uk/entry/P10321
HLA-C	missense_variant		281860537						P10321	HLA class I histocompatibility antigen, C alpha chain	Homo sapiens	Encontrado	https://alphafold.ebi.ac.uk/entry/P10321
HLA-C	missense_variant		281860539						P10321	HLA class I histocompatibility antigen, C alpha chain	Homo sapiens	Encontrado	https://alphafold.ebi.ac.uk/entry/P10321
HLA-C	missense_variant		281860540						P10321	HLA class I histocompatibility antigen, C alpha chain	Homo sapiens	Encontrado	https://alphafold.ebi.ac.uk/entry/P10321
HLA-C	missense_variant		281860541						P10321	HLA class I histocompatibility antigen, C alpha chain	Homo sapiens	Encontrado	https://alphafold.ebi.ac.uk/entry/P10321
HLA-C	missense_variant		281860546						P10321	HLA class I histocompatibility antigen, C alpha chain	Homo sapiens	Encontrado	https://alphafold.ebi.ac.uk/entry/P10321
HLA-C	missense_variant		281860547						P10321	HLA class I histocompatibility antigen, C alpha chain	Homo sapiens	Encontrado	https://alphafold.ebi.ac.uk/entry/P10321
HLA-C	missense_variant		281860549	P10321	rs281860549	A206V	0.12		P10321	HLA class I histocompatibility antigen, C alpha chain	Homo sapiens	Encontrado	https://alphafold.ebi.ac.uk/entry/P10321
HLA-C	missense_variant		281860549	P10321	rs281860549	A206V	0.05		P10321	HLA class I histocompatibility antigen, C alpha chain	Homo sapiens	Encontrado	https://alphafold.ebi.ac.uk/entry/P10321
HLA-C	missense_variant		281860549	P10321	rs281860549	A206V	0.077		P10321	HLA class I histocompatibility antigen, C alpha chain	Homo sapiens	Encontrado	https://alphafold.ebi.ac.uk/entry/P10321
HLA-C	missense_variant		281860549	P10321	rs281860549	A206V	0.03		P10321	HLA class I histocompatibility antigen, C alpha chain	Homo sapiens	Encontrado	https://alphafold.ebi.ac.uk/entry/P10321
HLA-C	missense_variant		281860550						P10321	HLA class I histocompatibility antigen, C alpha chain	Homo sapiens	Encontrado	https://alphafold.ebi.ac.uk/entry/P10321
HLA-C	missense_variant		281860552						P10321	HLA class I histocompatibility antigen, C alpha chain	Homo sapiens	Encontrado	https://alphafold.ebi.ac.uk/entry/P10321
HLA-C	missense_variant		281860553						P10321	HLA class I histocompatibility antigen, C alpha chain	Homo sapiens	Encontrado	https://alphafold.ebi.ac.uk/entry/P10321
HLA-C	missense_variant		281860554						P10321	HLA class I histocompatibility antigen, C alpha chain	Homo sapiens	Encontrado	https://alphafold.ebi.ac.uk/entry/P10321
HLA-C	missense_variant		281860556						P10321	HLA class I histocompatibility antigen, C alpha chain	Homo sapiens	Encontrado	https://alphafold.ebi.ac.uk/entry/P10321
HLA-C	missense_variant		281860557						P10321	HLA class I histocompatibility antigen, C alpha chain	Homo sapiens	Encontrado	https://alphafold.ebi.ac.uk/entry/P10321
HLA-C	missense_variant		281860558						P10321	HLA class I histocompatibility antigen, C alpha chain	Homo sapiens	Encontrado	https://alphafold.ebi.ac.uk/entry/P10321
HLA-C	missense_variant		281860559						P10321	HLA class I histocompatibility antigen, C alpha chain	Homo sapiens	Encontrado	https://alphafold.ebi.ac.uk/entry/P10321
HLA-C	missense_variant		281860561						P10321	HLA class I histocompatibility antigen, C alpha chain	Homo sapiens	Encontrado	https://alphafold.ebi.ac.uk/entry/P10321
HLA-C	missense_variant		281860564						P10321	HLA class I histocompatibility antigen, C alpha chain	Homo sapiens	Encontrado	https://alphafold.ebi.ac.uk/entry/P10321
HLA-C	missense_variant		281860567						P10321	HLA class I histocompatibility antigen, C alpha chain	Homo sapiens	Encontrado	https://alphafold.ebi.ac.uk/entry/P10321
HLA-C	missense_variant		281860568						P10321	HLA class I histocompatibility antigen, C alpha chain	Homo sapiens	Encontrado	https://alphafold.ebi.ac.uk/entry/P10321
HLA-C	missense_variant		281860569						P10321	HLA class I histocompatibility antigen, C alpha chain	Homo sapiens	Encontrado	https://alphafold.ebi.ac.uk/entry/P10321
HLA-C	missense_variant		281860570						P10321	HLA class I histocompatibility antigen, C alpha chain	Homo sapiens	Encontrado	https://alphafold.ebi.ac.uk/entry/P10321
HLA-C	missense_variant		281860571						P10321	HLA class I histocompatibility antigen, C alpha chain	Homo sapiens	Encontrado	https://alphafold.ebi.ac.uk/entry/P10321
HLA-C	missense_variant		281860572						P10321	HLA class I histocompatibility antigen, C alpha chain	Homo sapiens	Encontrado	https://alphafold.ebi.ac.uk/entry/P10321
HLA-C	missense_variant		281860579						P10321	HLA class I histocompatibility antigen, C alpha chain	Homo sapiens	Encontrado	https://alphafold.ebi.ac.uk/entry/P10321
HLA-C	missense_variant		281860580						P10321	HLA class I histocompatibility antigen, C alpha chain	Homo sapiens	Encontrado	https://alphafold.ebi.ac.uk/entry/P10321
HLA-C	missense_variant		281860581						P10321	HLA class I histocompatibility antigen, C alpha chain	Homo sapiens	Encontrado	https://alphafold.ebi.ac.uk/entry/P10321
HLA-C	missense_variant		281860582						P10321	HLA class I histocompatibility antigen, C alpha chain	Homo sapiens	Encontrado	https://alphafold.ebi.ac.uk/entry/P10321
HLA-C	missense_variant		28626310	P10321	rs28626310	K90N	0.023		P10321	HLA class I histocompatibility antigen, C alpha chain	Homo sapiens	Encontrado	https://alphafold.ebi.ac.uk/entry/P10321
HLA-C	missense_variant		28626310	P10321	rs28626310	K90N	0.37		P10321	HLA class I histocompatibility antigen, C alpha chain	Homo sapiens	Encontrado	https://alphafold.ebi.ac.uk/entry/P10321
HLA-C	missense_variant		28636630						P10321	HLA class I histocompatibility antigen, C alpha chain	Homo sapiens	Encontrado	https://alphafold.ebi.ac.uk/entry/P10321
HLA-C	missense_variant		34592426						P10321	HLA class I histocompatibility antigen, C alpha chain	Homo sapiens	Encontrado	https://alphafold.ebi.ac.uk/entry/P10321
HLA-C	missense_variant		35708511						P10321	HLA class I histocompatibility antigen, C alpha chain	Homo sapiens	Encontrado	https://alphafold.ebi.ac.uk/entry/P10321
HLA-C	missense_variant		386698960						P10321	HLA class I histocompatibility antigen, C alpha chain	Homo sapiens	Encontrado	https://alphafold.ebi.ac.uk/entry/P10321
HLA-C	missense_variant		41540014						P10321	HLA class I histocompatibility antigen, C alpha chain	Homo sapiens	Encontrado	https://alphafold.ebi.ac.uk/entry/P10321
HLA-C	missense_variant		41540117						P10321	HLA class I histocompatibility antigen, C alpha chain	Homo sapiens	Encontrado	https://alphafold.ebi.ac.uk/entry/P10321
HLA-C	missense_variant		41540214						P10321	HLA class I histocompatibility antigen, C alpha chain	Homo sapiens	Encontrado	https://alphafold.ebi.ac.uk/entry/P10321
HLA-C	missense_variant		41540416						P10321	HLA class I histocompatibility antigen, C alpha chain	Homo sapiens	Encontrado	https://alphafold.ebi.ac.uk/entry/P10321
HLA-C	missense_variant		41541114						P10321	HLA class I histocompatibility antigen, C alpha chain	Homo sapiens	Encontrado	https://alphafold.ebi.ac.uk/entry/P10321
HLA-C	missense_variant		41541219						P10321	HLA class I histocompatibility antigen, C alpha chain	Homo sapiens	Encontrado	https://alphafold.ebi.ac.uk/entry/P10321
HLA-C	missense_variant		41541817						P10321	HLA class I histocompatibility antigen, C alpha chain	Homo sapiens	Encontrado	https://alphafold.ebi.ac.uk/entry/P10321
HLA-C	missense_variant		41542414						P10321	HLA class I histocompatibility antigen, C alpha chain	Homo sapiens	Encontrado	https://alphafold.ebi.ac.uk/entry/P10321
HLA-C	missense_variant		41542423						P10321	HLA class I histocompatibility antigen, C alpha chain	Homo sapiens	Encontrado	https://alphafold.ebi.ac.uk/entry/P10321
HLA-C	missense_variant		41542424						P10321	HLA class I histocompatibility antigen, C alpha chain	Homo sapiens	Encontrado	https://alphafold.ebi.ac.uk/entry/P10321
HLA-C	missense_variant		41542612						P10321	HLA class I histocompatibility antigen, C alpha chain	Homo sapiens	Encontrado	https://alphafold.ebi.ac.uk/entry/P10321
HLA-C	missense_variant		41543517						P10321	HLA class I histocompatibility antigen, C alpha chain	Homo sapiens	Encontrado	https://alphafold.ebi.ac.uk/entry/P10321
HLA-C	missense_variant		41543518	P10321	rs41543518	T158I	0.027		P10321	HLA class I histocompatibility antigen, C alpha chain	Homo sapiens	Encontrado	https://alphafold.ebi.ac.uk/entry/P10321
HLA-C	missense_variant		41543518	P10321	rs41543518	T158I	0.01		P10321	HLA class I histocompatibility antigen, C alpha chain	Homo sapiens	Encontrado	https://alphafold.ebi.ac.uk/entry/P10321
HLA-C	missense_variant		41543518	P10321	rs41543518	T158I	0.036		P10321	HLA class I histocompatibility antigen, C alpha chain	Homo sapiens	Encontrado	https://alphafold.ebi.ac.uk/entry/P10321
HLA-C	missense_variant		41543518	P10321	rs41543518	T158I	0.02		P10321	HLA class I histocompatibility antigen, C alpha chain	Homo sapiens	Encontrado	https://alphafold.ebi.ac.uk/entry/P10321
HLA-C	missense_variant		41543523						P10321	HLA class I histocompatibility antigen, C alpha chain	Homo sapiens	Encontrado	https://alphafold.ebi.ac.uk/entry/P10321
HLA-C	missense_variant		41543814						P10321	HLA class I histocompatibility antigen, C alpha chain	Homo sapiens	Encontrado	https://alphafold.ebi.ac.uk/entry/P10321
HLA-C	missense_variant		41543915						P10321	HLA class I histocompatibility antigen, C alpha chain	Homo sapiens	Encontrado	https://alphafold.ebi.ac.uk/entry/P10321
HLA-C	missense_variant		41544015	P10321	rs41544015	D130N	0.038		P10321	HLA class I histocompatibility antigen, C alpha chain	Homo sapiens	Encontrado	https://alphafold.ebi.ac.uk/entry/P10321
HLA-C	missense_variant		41544015	P10321	rs41544015	D130N	0.02		P10321	HLA class I histocompatibility antigen, C alpha chain	Homo sapiens	Encontrado	https://alphafold.ebi.ac.uk/entry/P10321
HLA-C	missense_variant		41544015	P10321	rs41544015	D130N	0.024		P10321	HLA class I histocompatibility antigen, C alpha chain	Homo sapiens	Encontrado	https://alphafold.ebi.ac.uk/entry/P10321
HLA-C	missense_variant		41544015	P10321	rs41544015	D130N	0.01		P10321	HLA class I histocompatibility antigen, C alpha chain	Homo sapiens	Encontrado	https://alphafold.ebi.ac.uk/entry/P10321
HLA-C	missense_variant		41545014						P10321	HLA class I histocompatibility antigen, C alpha chain	Homo sapiens	Encontrado	https://alphafold.ebi.ac.uk/entry/P10321
HLA-C	missense_variant		41545521						P10321	HLA class I histocompatibility antigen, C alpha chain	Homo sapiens	Encontrado	https://alphafold.ebi.ac.uk/entry/P10321
HLA-C	missense_variant		41545712						P10321	HLA class I histocompatibility antigen, C alpha chain	Homo sapiens	Encontrado	https://alphafold.ebi.ac.uk/entry/P10321
HLA-C	missense_variant		41546215						P10321	HLA class I histocompatibility antigen, C alpha chain	Homo sapiens	Encontrado	https://alphafold.ebi.ac.uk/entry/P10321
HLA-C	missense_variant		41546415						P10321	HLA class I histocompatibility antigen, C alpha chain	Homo sapiens	Encontrado	https://alphafold.ebi.ac.uk/entry/P10321
HLA-C	missense_variant		41546713						P10321	HLA class I histocompatibility antigen, C alpha chain	Homo sapiens	Encontrado	https://alphafold.ebi.ac.uk/entry/P10321
HLA-C	missense_variant		41546817						P10321	HLA class I histocompatibility antigen, C alpha chain	Homo sapiens	Encontrado	https://alphafold.ebi.ac.uk/entry/P10321
HLA-C	missense_variant		41546913						P10321	HLA class I histocompatibility antigen, C alpha chain	Homo sapiens	Encontrado	https://alphafold.ebi.ac.uk/entry/P10321
HLA-C	missense_variant		41547620						P10321	HLA class I histocompatibility antigen, C alpha chain	Homo sapiens	Encontrado	https://alphafold.ebi.ac.uk/entry/P10321
HLA-C	missense_variant		41547622						P10321	HLA class I histocompatibility antigen, C alpha chain	Homo sapiens	Encontrado	https://alphafold.ebi.ac.uk/entry/P10321
HLA-C	missense_variant		41548017						P10321	HLA class I histocompatibility antigen, C alpha chain	Homo sapiens	Encontrado	https://alphafold.ebi.ac.uk/entry/P10321
HLA-C	missense_variant		41548123						P10321	HLA class I histocompatibility antigen, C alpha chain	Homo sapiens	Encontrado	https://alphafold.ebi.ac.uk/entry/P10321
HLA-C	missense_variant		41548520						P10321	HLA class I histocompatibility antigen, C alpha chain	Homo sapiens	Encontrado	https://alphafold.ebi.ac.uk/entry/P10321
HLA-C	missense_variant		41548913						P10321	HLA class I histocompatibility antigen, C alpha chain	Homo sapiens	Encontrado	https://alphafold.ebi.ac.uk/entry/P10321
HLA-C	missense_variant		41549413						P10321	HLA class I histocompatibility antigen, C alpha chain	Homo sapiens	Encontrado	https://alphafold.ebi.ac.uk/entry/P10321
HLA-C	missense_variant		41550023						P10321	HLA class I histocompatibility antigen, C alpha chain	Homo sapiens	Encontrado	https://alphafold.ebi.ac.uk/entry/P10321
HLA-C	missense_variant		41550118						P10321	HLA class I histocompatibility antigen, C alpha chain	Homo sapiens	Encontrado	https://alphafold.ebi.ac.uk/entry/P10321
HLA-C	missense_variant		41550619						P10321	HLA class I histocompatibility antigen, C alpha chain	Homo sapiens	Encontrado	https://alphafold.ebi.ac.uk/entry/P10321
HLA-C	missense_variant		41550816						P10321	HLA class I histocompatibility antigen, C alpha chain	Homo sapiens	Encontrado	https://alphafold.ebi.ac.uk/entry/P10321
HLA-C	missense_variant		41551015						P10321	HLA class I histocompatibility antigen, C alpha chain	Homo sapiens	Encontrado	https://alphafold.ebi.ac.uk/entry/P10321
HLA-C	missense_variant		41551016						P10321	HLA class I histocompatibility antigen, C alpha chain	Homo sapiens	Encontrado	https://alphafold.ebi.ac.uk/entry/P10321
HLA-C	missense_variant		41551019						P10321	HLA class I histocompatibility antigen, C alpha chain	Homo sapiens	Encontrado	https://alphafold.ebi.ac.uk/entry/P10321
HLA-C	missense_variant		41551916						P10321	HLA class I histocompatibility antigen, C alpha chain	Homo sapiens	Encontrado	https://alphafold.ebi.ac.uk/entry/P10321
HLA-C	missense_variant		41552115						P10321	HLA class I histocompatibility antigen, C alpha chain	Homo sapiens	Encontrado	https://alphafold.ebi.ac.uk/entry/P10321
HLA-C	missense_variant		41552417						P10321	HLA class I histocompatibility antigen, C alpha chain	Homo sapiens	Encontrado	https://alphafold.ebi.ac.uk/entry/P10321
HLA-C	missense_variant		41552817						P10321	HLA class I histocompatibility antigen, C alpha chain	Homo sapiens	Encontrado	https://alphafold.ebi.ac.uk/entry/P10321
HLA-C	missense_variant	likely benign	41553415	P10321	rs41553415	A24T	0.996		P10321	HLA class I histocompatibility antigen, C alpha chain	Homo sapiens	Encontrado	https://alphafold.ebi.ac.uk/entry/P10321
HLA-C	missense_variant	likely benign	41553415	P10321	rs41553415	A24T	0.02		P10321	HLA class I histocompatibility antigen, C alpha chain	Homo sapiens	Encontrado	https://alphafold.ebi.ac.uk/entry/P10321
HLA-C	missense_variant		41553719						P10321	HLA class I histocompatibility antigen, C alpha chain	Homo sapiens	Encontrado	https://alphafold.ebi.ac.uk/entry/P10321
HLA-C	missense_variant		41555122						P10321	HLA class I histocompatibility antigen, C alpha chain	Homo sapiens	Encontrado	https://alphafold.ebi.ac.uk/entry/P10321
HLA-C	missense_variant		41555420						P10321	HLA class I histocompatibility antigen, C alpha chain	Homo sapiens	Encontrado	https://alphafold.ebi.ac.uk/entry/P10321
HLA-C	missense_variant		41555616						P10321	HLA class I histocompatibility antigen, C alpha chain	Homo sapiens	Encontrado	https://alphafold.ebi.ac.uk/entry/P10321
HLA-C	missense_variant		41556316						P10321	HLA class I histocompatibility antigen, C alpha chain	Homo sapiens	Encontrado	https://alphafold.ebi.ac.uk/entry/P10321
HLA-C	missense_variant		41557114						P10321	HLA class I histocompatibility antigen, C alpha chain	Homo sapiens	Encontrado	https://alphafold.ebi.ac.uk/entry/P10321
HLA-C	missense_variant		41557119						P10321	HLA class I histocompatibility antigen, C alpha chain	Homo sapiens	Encontrado	https://alphafold.ebi.ac.uk/entry/P10321
HLA-C	missense_variant		41558512						P10321	HLA class I histocompatibility antigen, C alpha chain	Homo sapiens	Encontrado	https://alphafold.ebi.ac.uk/entry/P10321
HLA-C	missense_variant		41558713						P10321	HLA class I histocompatibility antigen, C alpha chain	Homo sapiens	Encontrado	https://alphafold.ebi.ac.uk/entry/P10321
HLA-C	missense_variant		41559013						P10321	HLA class I histocompatibility antigen, C alpha chain	Homo sapiens	Encontrado	https://alphafold.ebi.ac.uk/entry/P10321
HLA-C	missense_variant		41559418						P10321	HLA class I histocompatibility antigen, C alpha chain	Homo sapiens	Encontrado	https://alphafold.ebi.ac.uk/entry/P10321
HLA-C	missense_variant		41559713						P10321	HLA class I histocompatibility antigen, C alpha chain	Homo sapiens	Encontrado	https://alphafold.ebi.ac.uk/entry/P10321
HLA-C	missense_variant		41559915						P10321	HLA class I histocompatibility antigen, C alpha chain	Homo sapiens	Encontrado	https://alphafold.ebi.ac.uk/entry/P10321
HLA-C	missense_variant		41560617						P10321	HLA class I histocompatibility antigen, C alpha chain	Homo sapiens	Encontrado	https://alphafold.ebi.ac.uk/entry/P10321
HLA-C	missense_variant		41560716						P10321	HLA class I histocompatibility antigen, C alpha chain	Homo sapiens	Encontrado	https://alphafold.ebi.ac.uk/entry/P10321
HLA-C	missense_variant		41560916						P10321	HLA class I histocompatibility antigen, C alpha chain	Homo sapiens	Encontrado	https://alphafold.ebi.ac.uk/entry/P10321
HLA-C	missense_variant		41561213						P10321	HLA class I histocompatibility antigen, C alpha chain	Homo sapiens	Encontrado	https://alphafold.ebi.ac.uk/entry/P10321
HLA-C	missense_variant		41561612						P10321	HLA class I histocompatibility antigen, C alpha chain	Homo sapiens	Encontrado	https://alphafold.ebi.ac.uk/entry/P10321
HLA-C	missense_variant		41561720						P10321	HLA class I histocompatibility antigen, C alpha chain	Homo sapiens	Encontrado	https://alphafold.ebi.ac.uk/entry/P10321
HLA-C	missense_variant		41562012						P10321	HLA class I histocompatibility antigen, C alpha chain	Homo sapiens	Encontrado	https://alphafold.ebi.ac.uk/entry/P10321
HLA-C	missense_variant		41562218						P10321	HLA class I histocompatibility antigen, C alpha chain	Homo sapiens	Encontrado	https://alphafold.ebi.ac.uk/entry/P10321
HLA-C	missense_variant		41562320						P10321	HLA class I histocompatibility antigen, C alpha chain	Homo sapiens	Encontrado	https://alphafold.ebi.ac.uk/entry/P10321
HLA-C	missense_variant		41562518						P10321	HLA class I histocompatibility antigen, C alpha chain	Homo sapiens	Encontrado	https://alphafold.ebi.ac.uk/entry/P10321
HLA-C	missense_variant		41562916						P10321	HLA class I histocompatibility antigen, C alpha chain	Homo sapiens	Encontrado	https://alphafold.ebi.ac.uk/entry/P10321
HLA-C	missense_variant		41563413						P10321	HLA class I histocompatibility antigen, C alpha chain	Homo sapiens	Encontrado	https://alphafold.ebi.ac.uk/entry/P10321
HLA-C	missense_variant		41564314						P10321	HLA class I histocompatibility antigen, C alpha chain	Homo sapiens	Encontrado	https://alphafold.ebi.ac.uk/entry/P10321
HLA-C	missense_variant		45438695						P10321	HLA class I histocompatibility antigen, C alpha chain	Homo sapiens	Encontrado	https://alphafold.ebi.ac.uk/entry/P10321
HLA-C	missense_variant		45443998						P10321	HLA class I histocompatibility antigen, C alpha chain	Homo sapiens	Encontrado	https://alphafold.ebi.ac.uk/entry/P10321
HLA-C	missense_variant		45465598						P10321	HLA class I histocompatibility antigen, C alpha chain	Homo sapiens	Encontrado	https://alphafold.ebi.ac.uk/entry/P10321
HLA-C	missense_variant		45485294						P10321	HLA class I histocompatibility antigen, C alpha chain	Homo sapiens	Encontrado	https://alphafold.ebi.ac.uk/entry/P10321
HLA-C	missense_variant		45500292						P10321	HLA class I histocompatibility antigen, C alpha chain	Homo sapiens	Encontrado	https://alphafold.ebi.ac.uk/entry/P10321
HLA-C	missense_variant		45501796						P10321	HLA class I histocompatibility antigen, C alpha chain	Homo sapiens	Encontrado	https://alphafold.ebi.ac.uk/entry/P10321
HLA-C	missense_variant		45505091						P10321	HLA class I histocompatibility antigen, C alpha chain	Homo sapiens	Encontrado	https://alphafold.ebi.ac.uk/entry/P10321
HLA-C	missense_variant		45558335						P10321	HLA class I histocompatibility antigen, C alpha chain	Homo sapiens	Encontrado	https://alphafold.ebi.ac.uk/entry/P10321
HLA-C	missense_variant		45574634						P10321	HLA class I histocompatibility antigen, C alpha chain	Homo sapiens	Encontrado	https://alphafold.ebi.ac.uk/entry/P10321
HLA-C	missense_variant		45578735						P10321	HLA class I histocompatibility antigen, C alpha chain	Homo sapiens	Encontrado	https://alphafold.ebi.ac.uk/entry/P10321
HLA-C	missense_variant		45580333						P10321	HLA class I histocompatibility antigen, C alpha chain	Homo sapiens	Encontrado	https://alphafold.ebi.ac.uk/entry/P10321
HLA-C	missense_variant		45597335						P10321	HLA class I histocompatibility antigen, C alpha chain	Homo sapiens	Encontrado	https://alphafold.ebi.ac.uk/entry/P10321
HLA-C	missense_variant		45609431						P10321	HLA class I histocompatibility antigen, C alpha chain	Homo sapiens	Encontrado	https://alphafold.ebi.ac.uk/entry/P10321
HLA-C	missense_variant		45619135						P10321	HLA class I histocompatibility antigen, C alpha chain	Homo sapiens	Encontrado	https://alphafold.ebi.ac.uk/entry/P10321
HLA-C	missense_variant		45622747						P10321	HLA class I histocompatibility antigen, C alpha chain	Homo sapiens	Encontrado	https://alphafold.ebi.ac.uk/entry/P10321
HLA-C	missense_variant		530888210						P10321	HLA class I histocompatibility antigen, C alpha chain	Homo sapiens	Encontrado	https://alphafold.ebi.ac.uk/entry/P10321
HLA-C	missense_variant		539016289						P10321	HLA class I histocompatibility antigen, C alpha chain	Homo sapiens	Encontrado	https://alphafold.ebi.ac.uk/entry/P10321
HLA-C	missense_variant		55730145						P10321	HLA class I histocompatibility antigen, C alpha chain	Homo sapiens	Encontrado	https://alphafold.ebi.ac.uk/entry/P10321
HLA-C	missense_variant		560618122						P10321	HLA class I histocompatibility antigen, C alpha chain	Homo sapiens	Encontrado	https://alphafold.ebi.ac.uk/entry/P10321
HLA-C	missense_variant		61759936						P10321	HLA class I histocompatibility antigen, C alpha chain	Homo sapiens	Encontrado	https://alphafold.ebi.ac.uk/entry/P10321
HLA-C	missense_variant		61759941						P10321	HLA class I histocompatibility antigen, C alpha chain	Homo sapiens	Encontrado	https://alphafold.ebi.ac.uk/entry/P10321
HLA-C	missense_variant		61759942						P10321	HLA class I histocompatibility antigen, C alpha chain	Homo sapiens	Encontrado	https://alphafold.ebi.ac.uk/entry/P10321
HLA-C	missense_variant		61759943						P10321	HLA class I histocompatibility antigen, C alpha chain	Homo sapiens	Encontrado	https://alphafold.ebi.ac.uk/entry/P10321
HLA-C	missense_variant		61759944						P10321	HLA class I histocompatibility antigen, C alpha chain	Homo sapiens	Encontrado	https://alphafold.ebi.ac.uk/entry/P10321
HLA-C	missense_variant		61759945						P10321	HLA class I histocompatibility antigen, C alpha chain	Homo sapiens	Encontrado	https://alphafold.ebi.ac.uk/entry/P10321
HLA-C	missense_variant		61759946						P10321	HLA class I histocompatibility antigen, C alpha chain	Homo sapiens	Encontrado	https://alphafold.ebi.ac.uk/entry/P10321
HLA-C	missense_variant		697743						P10321	HLA class I histocompatibility antigen, C alpha chain	Homo sapiens	Encontrado	https://alphafold.ebi.ac.uk/entry/P10321
HLA-C	missense_variant		707911						P10321	HLA class I histocompatibility antigen, C alpha chain	Homo sapiens	Encontrado	https://alphafold.ebi.ac.uk/entry/P10321
HLA-C	missense_variant		713032						P10321	HLA class I histocompatibility antigen, C alpha chain	Homo sapiens	Encontrado	https://alphafold.ebi.ac.uk/entry/P10321
HLA-C	missense_variant		72558124						P10321	HLA class I histocompatibility antigen, C alpha chain	Homo sapiens	Encontrado	https://alphafold.ebi.ac.uk/entry/P10321
HLA-C	missense_variant		72558126						P10321	HLA class I histocompatibility antigen, C alpha chain	Homo sapiens	Encontrado	https://alphafold.ebi.ac.uk/entry/P10321
HLA-C	missense_variant		72558130						P10321	HLA class I histocompatibility antigen, C alpha chain	Homo sapiens	Encontrado	https://alphafold.ebi.ac.uk/entry/P10321
HLA-C	missense_variant		72558132						P10321	HLA class I histocompatibility antigen, C alpha chain	Homo sapiens	Encontrado	https://alphafold.ebi.ac.uk/entry/P10321
HLA-C	missense_variant		72558134						P10321	HLA class I histocompatibility antigen, C alpha chain	Homo sapiens	Encontrado	https://alphafold.ebi.ac.uk/entry/P10321
HLA-C	missense_variant		72558135						P10321	HLA class I histocompatibility antigen, C alpha chain	Homo sapiens	Encontrado	https://alphafold.ebi.ac.uk/entry/P10321
HLA-C	missense_variant		72558136						P10321	HLA class I histocompatibility antigen, C alpha chain	Homo sapiens	Encontrado	https://alphafold.ebi.ac.uk/entry/P10321
HLA-C	missense_variant		72558147	P10321	rs72558147	D143N	0.999		P10321	HLA class I histocompatibility antigen, C alpha chain	Homo sapiens	Encontrado	https://alphafold.ebi.ac.uk/entry/P10321
HLA-C	missense_variant		72558147	P10321	rs72558147	D143N	0.01		P10321	HLA class I histocompatibility antigen, C alpha chain	Homo sapiens	Encontrado	https://alphafold.ebi.ac.uk/entry/P10321
HLA-C	missense_variant		72558147	P10321	rs72558147	D143N	0.996		P10321	HLA class I histocompatibility antigen, C alpha chain	Homo sapiens	Encontrado	https://alphafold.ebi.ac.uk/entry/P10321
HLA-C	missense_variant		72558147	P10321	rs72558147	D143N	0.0		P10321	HLA class I histocompatibility antigen, C alpha chain	Homo sapiens	Encontrado	https://alphafold.ebi.ac.uk/entry/P10321
HLA-C	missense_variant		72558148						P10321	HLA class I histocompatibility antigen, C alpha chain	Homo sapiens	Encontrado	https://alphafold.ebi.ac.uk/entry/P10321
HLA-C	missense_variant		74500356						P10321	HLA class I histocompatibility antigen, C alpha chain	Homo sapiens	Encontrado	https://alphafold.ebi.ac.uk/entry/P10321
HLA-C	missense_variant		746059014						P10321	HLA class I histocompatibility antigen, C alpha chain	Homo sapiens	Encontrado	https://alphafold.ebi.ac.uk/entry/P10321
HLA-C	missense_variant		746351359						P10321	HLA class I histocompatibility antigen, C alpha chain	Homo sapiens	Encontrado	https://alphafold.ebi.ac.uk/entry/P10321
HLA-C	missense_variant		747310853						P10321	HLA class I histocompatibility antigen, C alpha chain	Homo sapiens	Encontrado	https://alphafold.ebi.ac.uk/entry/P10321
HLA-C	missense_variant		747398768						P10321	HLA class I histocompatibility antigen, C alpha chain	Homo sapiens	Encontrado	https://alphafold.ebi.ac.uk/entry/P10321
HLA-C	missense_variant		747530395						P10321	HLA class I histocompatibility antigen, C alpha chain	Homo sapiens	Encontrado	https://alphafold.ebi.ac.uk/entry/P10321
HLA-C	missense_variant		747536207						P10321	HLA class I histocompatibility antigen, C alpha chain	Homo sapiens	Encontrado	https://alphafold.ebi.ac.uk/entry/P10321
HLA-C	missense_variant		748401710						P10321	HLA class I histocompatibility antigen, C alpha chain	Homo sapiens	Encontrado	https://alphafold.ebi.ac.uk/entry/P10321
HLA-C	missense_variant		748822620						P10321	HLA class I histocompatibility antigen, C alpha chain	Homo sapiens	Encontrado	https://alphafold.ebi.ac.uk/entry/P10321
HLA-C	missense_variant		749335588						P10321	HLA class I histocompatibility antigen, C alpha chain	Homo sapiens	Encontrado	https://alphafold.ebi.ac.uk/entry/P10321
HLA-C	missense_variant		74972087						P10321	HLA class I histocompatibility antigen, C alpha chain	Homo sapiens	Encontrado	https://alphafold.ebi.ac.uk/entry/P10321
HLA-C	missense_variant		75032224						P10321	HLA class I histocompatibility antigen, C alpha chain	Homo sapiens	Encontrado	https://alphafold.ebi.ac.uk/entry/P10321
HLA-C	missense_variant		750433169						P10321	HLA class I histocompatibility antigen, C alpha chain	Homo sapiens	Encontrado	https://alphafold.ebi.ac.uk/entry/P10321
HLA-C	missense_variant		750476831						P10321	HLA class I histocompatibility antigen, C alpha chain	Homo sapiens	Encontrado	https://alphafold.ebi.ac.uk/entry/P10321
HLA-C	missense_variant		751209811						P10321	HLA class I histocompatibility antigen, C alpha chain	Homo sapiens	Encontrado	https://alphafold.ebi.ac.uk/entry/P10321
HLA-C	missense_variant		751484302						P10321	HLA class I histocompatibility antigen, C alpha chain	Homo sapiens	Encontrado	https://alphafold.ebi.ac.uk/entry/P10321
HLA-C	missense_variant		751611903						P10321	HLA class I histocompatibility antigen, C alpha chain	Homo sapiens	Encontrado	https://alphafold.ebi.ac.uk/entry/P10321
HLA-C	missense_variant		752209897						P10321	HLA class I histocompatibility antigen, C alpha chain	Homo sapiens	Encontrado	https://alphafold.ebi.ac.uk/entry/P10321
HLA-C	missense_variant		752359489						P10321	HLA class I histocompatibility antigen, C alpha chain	Homo sapiens	Encontrado	https://alphafold.ebi.ac.uk/entry/P10321
HLA-C	missense_variant		752664590	P10321	rs752664590	T295S	0.982		P10321	HLA class I histocompatibility antigen, C alpha chain	Homo sapiens	Encontrado	https://alphafold.ebi.ac.uk/entry/P10321
HLA-C	missense_variant		752664590	P10321	rs752664590	T295S	0.04		P10321	HLA class I histocompatibility antigen, C alpha chain	Homo sapiens	Encontrado	https://alphafold.ebi.ac.uk/entry/P10321
HLA-C	missense_variant		752664590	P10321	rs752664590	T295S	0.999		P10321	HLA class I histocompatibility antigen, C alpha chain	Homo sapiens	Encontrado	https://alphafold.ebi.ac.uk/entry/P10321
HLA-C	missense_variant		752664590	P10321	rs752664590	T295S	0.04		P10321	HLA class I histocompatibility antigen, C alpha chain	Homo sapiens	Encontrado	https://alphafold.ebi.ac.uk/entry/P10321
HLA-C	missense_variant		75272234						P10321	HLA class I histocompatibility antigen, C alpha chain	Homo sapiens	Encontrado	https://alphafold.ebi.ac.uk/entry/P10321
HLA-C	missense_variant		754009857						P10321	HLA class I histocompatibility antigen, C alpha chain	Homo sapiens	Encontrado	https://alphafold.ebi.ac.uk/entry/P10321
HLA-C	missense_variant		754478879						P10321	HLA class I histocompatibility antigen, C alpha chain	Homo sapiens	Encontrado	https://alphafold.ebi.ac.uk/entry/P10321
HLA-C	missense_variant		754494629						P10321	HLA class I histocompatibility antigen, C alpha chain	Homo sapiens	Encontrado	https://alphafold.ebi.ac.uk/entry/P10321
HLA-C	missense_variant		75512631	P10321	rs75512631	D53N	0.999		P10321	HLA class I histocompatibility antigen, C alpha chain	Homo sapiens	Encontrado	https://alphafold.ebi.ac.uk/entry/P10321
HLA-C	missense_variant		75512631	P10321	rs75512631	D53N	0.0		P10321	HLA class I histocompatibility antigen, C alpha chain	Homo sapiens	Encontrado	https://alphafold.ebi.ac.uk/entry/P10321
HLA-C	missense_variant		75512631	P10321	rs75512631	D53N	0.998		P10321	HLA class I histocompatibility antigen, C alpha chain	Homo sapiens	Encontrado	https://alphafold.ebi.ac.uk/entry/P10321
HLA-C	missense_variant		75512631	P10321	rs75512631	D53N	0.0		P10321	HLA class I histocompatibility antigen, C alpha chain	Homo sapiens	Encontrado	https://alphafold.ebi.ac.uk/entry/P10321
HLA-C	missense_variant		755610458						P10321	HLA class I histocompatibility antigen, C alpha chain	Homo sapiens	Encontrado	https://alphafold.ebi.ac.uk/entry/P10321
HLA-C	missense_variant		755718131						P10321	HLA class I histocompatibility antigen, C alpha chain	Homo sapiens	Encontrado	https://alphafold.ebi.ac.uk/entry/P10321
HLA-C	missense_variant		756565144						P10321	HLA class I histocompatibility antigen, C alpha chain	Homo sapiens	Encontrado	https://alphafold.ebi.ac.uk/entry/P10321
HLA-C	missense_variant		758864867						P10321	HLA class I histocompatibility antigen, C alpha chain	Homo sapiens	Encontrado	https://alphafold.ebi.ac.uk/entry/P10321
HLA-C	missense_variant		758988637						P10321	HLA class I histocompatibility antigen, C alpha chain	Homo sapiens	Encontrado	https://alphafold.ebi.ac.uk/entry/P10321
HLA-C	missense_variant		75912596						P10321	HLA class I histocompatibility antigen, C alpha chain	Homo sapiens	Encontrado	https://alphafold.ebi.ac.uk/entry/P10321
HLA-C	missense_variant		759718165						P10321	HLA class I histocompatibility antigen, C alpha chain	Homo sapiens	Encontrado	https://alphafold.ebi.ac.uk/entry/P10321
HLA-C	missense_variant		760627621						P10321	HLA class I histocompatibility antigen, C alpha chain	Homo sapiens	Encontrado	https://alphafold.ebi.ac.uk/entry/P10321
HLA-C	missense_variant		760838701						P10321	HLA class I histocompatibility antigen, C alpha chain	Homo sapiens	Encontrado	https://alphafold.ebi.ac.uk/entry/P10321
HLA-C	missense_variant		760860472						P10321	HLA class I histocompatibility antigen, C alpha chain	Homo sapiens	Encontrado	https://alphafold.ebi.ac.uk/entry/P10321
HLA-C	missense_variant		761723651						P10321	HLA class I histocompatibility antigen, C alpha chain	Homo sapiens	Encontrado	https://alphafold.ebi.ac.uk/entry/P10321
HLA-C	missense_variant		761922220						P10321	HLA class I histocompatibility antigen, C alpha chain	Homo sapiens	Encontrado	https://alphafold.ebi.ac.uk/entry/P10321
HLA-C	missense_variant		76294545						P10321	HLA class I histocompatibility antigen, C alpha chain	Homo sapiens	Encontrado	https://alphafold.ebi.ac.uk/entry/P10321
HLA-C	missense_variant		763124905						P10321	HLA class I histocompatibility antigen, C alpha chain	Homo sapiens	Encontrado	https://alphafold.ebi.ac.uk/entry/P10321
HLA-C	missense_variant		763576150						P10321	HLA class I histocompatibility antigen, C alpha chain	Homo sapiens	Encontrado	https://alphafold.ebi.ac.uk/entry/P10321
HLA-C	missense_variant		765733803						P10321	HLA class I histocompatibility antigen, C alpha chain	Homo sapiens	Encontrado	https://alphafold.ebi.ac.uk/entry/P10321
HLA-C	missense_variant		766349491						P10321	HLA class I histocompatibility antigen, C alpha chain	Homo sapiens	Encontrado	https://alphafold.ebi.ac.uk/entry/P10321
HLA-C	missense_variant		76907552						P10321	HLA class I histocompatibility antigen, C alpha chain	Homo sapiens	Encontrado	https://alphafold.ebi.ac.uk/entry/P10321
HLA-C	missense_variant		769594453						P10321	HLA class I histocompatibility antigen, C alpha chain	Homo sapiens	Encontrado	https://alphafold.ebi.ac.uk/entry/P10321
HLA-C	missense_variant		769913093						P10321	HLA class I histocompatibility antigen, C alpha chain	Homo sapiens	Encontrado	https://alphafold.ebi.ac.uk/entry/P10321
HLA-C	missense_variant		770133431						P10321	HLA class I histocompatibility antigen, C alpha chain	Homo sapiens	Encontrado	https://alphafold.ebi.ac.uk/entry/P10321
HLA-C	missense_variant		770460734						P10321	HLA class I histocompatibility antigen, C alpha chain	Homo sapiens	Encontrado	https://alphafold.ebi.ac.uk/entry/P10321
HLA-C	missense_variant		770657043						P10321	HLA class I histocompatibility antigen, C alpha chain	Homo sapiens	Encontrado	https://alphafold.ebi.ac.uk/entry/P10321
HLA-C	missense_variant		77244469						P10321	HLA class I histocompatibility antigen, C alpha chain	Homo sapiens	Encontrado	https://alphafold.ebi.ac.uk/entry/P10321
HLA-C	missense_variant		772484756						P10321	HLA class I histocompatibility antigen, C alpha chain	Homo sapiens	Encontrado	https://alphafold.ebi.ac.uk/entry/P10321
HLA-C	missense_variant		773494915						P10321	HLA class I histocompatibility antigen, C alpha chain	Homo sapiens	Encontrado	https://alphafold.ebi.ac.uk/entry/P10321
HLA-C	missense_variant		773512808						P10321	HLA class I histocompatibility antigen, C alpha chain	Homo sapiens	Encontrado	https://alphafold.ebi.ac.uk/entry/P10321
HLA-C	missense_variant		773587386						P10321	HLA class I histocompatibility antigen, C alpha chain	Homo sapiens	Encontrado	https://alphafold.ebi.ac.uk/entry/P10321
HLA-C	missense_variant		77376497						P10321	HLA class I histocompatibility antigen, C alpha chain	Homo sapiens	Encontrado	https://alphafold.ebi.ac.uk/entry/P10321
HLA-C	missense_variant		77429690	P10321	rs77429690	E79K	0.141		P10321	HLA class I histocompatibility antigen, C alpha chain	Homo sapiens	Encontrado	https://alphafold.ebi.ac.uk/entry/P10321
HLA-C	missense_variant		77429690	P10321	rs77429690	E79K	0.01		P10321	HLA class I histocompatibility antigen, C alpha chain	Homo sapiens	Encontrado	https://alphafold.ebi.ac.uk/entry/P10321
HLA-C	missense_variant		77429690	P10321	rs77429690	E79K	0.047		P10321	HLA class I histocompatibility antigen, C alpha chain	Homo sapiens	Encontrado	https://alphafold.ebi.ac.uk/entry/P10321
HLA-C	missense_variant		77429690	P10321	rs77429690	E79K	0.0		P10321	HLA class I histocompatibility antigen, C alpha chain	Homo sapiens	Encontrado	https://alphafold.ebi.ac.uk/entry/P10321
HLA-C	missense_variant		774363497						P10321	HLA class I histocompatibility antigen, C alpha chain	Homo sapiens	Encontrado	https://alphafold.ebi.ac.uk/entry/P10321
HLA-C	missense_variant		774464615						P10321	HLA class I histocompatibility antigen, C alpha chain	Homo sapiens	Encontrado	https://alphafold.ebi.ac.uk/entry/P10321
HLA-C	missense_variant		774915913						P10321	HLA class I histocompatibility antigen, C alpha chain	Homo sapiens	Encontrado	https://alphafold.ebi.ac.uk/entry/P10321
HLA-C	missense_variant		775663281						P10321	HLA class I histocompatibility antigen, C alpha chain	Homo sapiens	Encontrado	https://alphafold.ebi.ac.uk/entry/P10321
HLA-C	missense_variant		775991103						P10321	HLA class I histocompatibility antigen, C alpha chain	Homo sapiens	Encontrado	https://alphafold.ebi.ac.uk/entry/P10321
HLA-C	missense_variant		776358281						P10321	HLA class I histocompatibility antigen, C alpha chain	Homo sapiens	Encontrado	https://alphafold.ebi.ac.uk/entry/P10321
HLA-C	missense_variant		776448653						P10321	HLA class I histocompatibility antigen, C alpha chain	Homo sapiens	Encontrado	https://alphafold.ebi.ac.uk/entry/P10321
HLA-C	missense_variant		77670405						P10321	HLA class I histocompatibility antigen, C alpha chain	Homo sapiens	Encontrado	https://alphafold.ebi.ac.uk/entry/P10321
HLA-C	missense_variant		777483601						P10321	HLA class I histocompatibility antigen, C alpha chain	Homo sapiens	Encontrado	https://alphafold.ebi.ac.uk/entry/P10321
HLA-C	missense_variant		778342450						P10321	HLA class I histocompatibility antigen, C alpha chain	Homo sapiens	Encontrado	https://alphafold.ebi.ac.uk/entry/P10321
HLA-C	missense_variant		77850534						P10321	HLA class I histocompatibility antigen, C alpha chain	Homo sapiens	Encontrado	https://alphafold.ebi.ac.uk/entry/P10321
HLA-C	missense_variant		77935220						P10321	HLA class I histocompatibility antigen, C alpha chain	Homo sapiens	Encontrado	https://alphafold.ebi.ac.uk/entry/P10321
HLA-C	missense_variant		780748676						P10321	HLA class I histocompatibility antigen, C alpha chain	Homo sapiens	Encontrado	https://alphafold.ebi.ac.uk/entry/P10321
HLA-C	missense_variant		780909240						P10321	HLA class I histocompatibility antigen, C alpha chain	Homo sapiens	Encontrado	https://alphafold.ebi.ac.uk/entry/P10321
HLA-C	missense_variant		781416483						P10321	HLA class I histocompatibility antigen, C alpha chain	Homo sapiens	Encontrado	https://alphafold.ebi.ac.uk/entry/P10321
HLA-C	missense_variant		781732593						P10321	HLA class I histocompatibility antigen, C alpha chain	Homo sapiens	Encontrado	https://alphafold.ebi.ac.uk/entry/P10321
HLA-C	missense_variant		78176797						P10321	HLA class I histocompatibility antigen, C alpha chain	Homo sapiens	Encontrado	https://alphafold.ebi.ac.uk/entry/P10321
HLA-C	missense_variant		78897778						P10321	HLA class I histocompatibility antigen, C alpha chain	Homo sapiens	Encontrado	https://alphafold.ebi.ac.uk/entry/P10321
HLA-C	missense_variant		79057049						P10321	HLA class I histocompatibility antigen, C alpha chain	Homo sapiens	Encontrado	https://alphafold.ebi.ac.uk/entry/P10321
HLA-C	missense_variant		796075923						P10321	HLA class I histocompatibility antigen, C alpha chain	Homo sapiens	Encontrado	https://alphafold.ebi.ac.uk/entry/P10321
HLA-C	missense_variant		796156244						P10321	HLA class I histocompatibility antigen, C alpha chain	Homo sapiens	Encontrado	https://alphafold.ebi.ac.uk/entry/P10321
HLA-C	missense_variant		796411012						P10321	HLA class I histocompatibility antigen, C alpha chain	Homo sapiens	Encontrado	https://alphafold.ebi.ac.uk/entry/P10321
HLA-C	missense_variant		796887986						P10321	HLA class I histocompatibility antigen, C alpha chain	Homo sapiens	Encontrado	https://alphafold.ebi.ac.uk/entry/P10321
HLA-C	missense_variant		796925732						P10321	HLA class I histocompatibility antigen, C alpha chain	Homo sapiens	Encontrado	https://alphafold.ebi.ac.uk/entry/P10321
HLA-C	missense_variant		797005942						P10321	HLA class I histocompatibility antigen, C alpha chain	Homo sapiens	Encontrado	https://alphafold.ebi.ac.uk/entry/P10321
HLA-C	missense_variant		79767529						P10321	HLA class I histocompatibility antigen, C alpha chain	Homo sapiens	Encontrado	https://alphafold.ebi.ac.uk/entry/P10321
HLA-C	missense_variant		79777994						P10321	HLA class I histocompatibility antigen, C alpha chain	Homo sapiens	Encontrado	https://alphafold.ebi.ac.uk/entry/P10321
HLA-C	missense_variant		878913492						P10321	HLA class I histocompatibility antigen, C alpha chain	Homo sapiens	Encontrado	https://alphafold.ebi.ac.uk/entry/P10321
HLA-C	missense_variant		888048450						P10321	HLA class I histocompatibility antigen, C alpha chain	Homo sapiens	Encontrado	https://alphafold.ebi.ac.uk/entry/P10321
HLA-C	missense_variant		891772751						P10321	HLA class I histocompatibility antigen, C alpha chain	Homo sapiens	Encontrado	https://alphafold.ebi.ac.uk/entry/P10321
HLA-C	missense_variant		923042571						P10321	HLA class I histocompatibility antigen, C alpha chain	Homo sapiens	Encontrado	https://alphafold.ebi.ac.uk/entry/P10321
HLA-C	missense_variant		9264621						P10321	HLA class I histocompatibility antigen, C alpha chain	Homo sapiens	Encontrado	https://alphafold.ebi.ac.uk/entry/P10321
HLA-C	missense_variant	benign	9264668						P10321	HLA class I histocompatibility antigen, C alpha chain	Homo sapiens	Encontrado	https://alphafold.ebi.ac.uk/entry/P10321
HLA-C	missense_variant		988161108						P10321	HLA class I histocompatibility antigen, C alpha chain	Homo sapiens	Encontrado	https://alphafold.ebi.ac.uk/entry/P10321
HLA-C	missense_variant		999710500						P10321	HLA class I histocompatibility antigen, C alpha chain	Homo sapiens	Encontrado	https://alphafold.ebi.ac.uk/entry/P10321
